Num_Acc,date,time_of_day,max_severity,weather,collision_type,lighting,urban_area,department
202400000001,2024-03-25,Morning,3,5,1.0,2,1,70
202400000002,2024-03-20,Afternoon,3,7,6.0,1,2,21
202400000003,2024-03-22,Evening,4,1,6.0,2,1,15
202400000004,2024-03-24,Afternoon,4,7,3.0,1,2,14
202400000005,2024-03-25,Evening,4,2,5.0,5,1,13
202400000006,2024-03-25,Night,4,1,3.0,5,2,13
202400000007,2024-03-24,Night,3,1,3.0,5,2,13
202400000008,2024-03-24,Afternoon,4,1,2.0,1,2,07
202400000009,2024-03-24,Night,4,1,6.0,3,2,07
202400000010,2024-03-25,Evening,3,1,7.0,5,2,06
202400000011,2024-03-24,Evening,4,1,2.0,2,2,75
202400000012,2024-03-24,Night,4,1,7.0,3,2,75
202400000013,2024-03-25,Afternoon,4,1,6.0,1,2,75
202400000014,2024-03-25,Afternoon,4,1,3.0,1,2,75
202400000015,2024-03-25,Morning,4,1,1.0,1,2,75
202400000016,2024-03-25,Afternoon,4,1,3.0,1,2,75
202400000017,2024-03-25,Morning,4,1,6.0,1,2,75
202400000018,2024-03-25,Morning,4,1,3.0,1,2,75
202400000019,2024-03-24,Afternoon,4,1,6.0,1,2,75
202400000020,2024-03-25,Evening,4,1,1.0,5,2,94
202400000021,2024-03-25,Afternoon,4,1,6.0,1,2,94
202400000022,2024-09-19,Afternoon,4,1,6.0,1,1,51
202400000023,2024-09-18,Evening,4,1,3.0,1,2,51
202400000024,2024-09-19,Night,3,1,6.0,3,2,47
202400000025,2024-09-19,Evening,4,1,4.0,1,2,45
202400000026,2024-09-19,Afternoon,4,1,6.0,1,2,45
202400000027,2024-09-19,Afternoon,4,1,6.0,1,2,44
202400000028,2024-09-19,Morning,4,7,6.0,1,2,44
202400000029,2024-09-19,Afternoon,3,1,6.0,1,2,42
202400000030,2024-09-18,Morning,4,1,3.0,1,2,37
202400000031,2024-09-19,Evening,4,1,3.0,5,2,35
202400000032,2024-09-19,Morning,4,1,2.0,1,1,34
202400000033,2024-09-19,Morning,4,1,6.0,1,2,34
202400000034,2024-09-19,Evening,4,1,6.0,5,2,33
202400000035,2024-09-19,Afternoon,4,1,3.0,1,2,33
202400000036,2024-09-18,Afternoon,4,1,1.0,1,2,33
202400000037,2024-09-19,Afternoon,4,1,7.0,1,2,29
202400000038,2024-09-19,Morning,4,1,5.0,1,1,29
202400000039,2024-09-18,Afternoon,4,1,3.0,1,2,28
202400000040,2024-09-19,Afternoon,4,1,5.0,1,2,27
202400000041,2024-05-03,Night,4,1,6.0,3,2,76
202400000042,2024-05-03,Afternoon,4,1,3.0,1,1,59
202400000043,2024-03-25,Morning,4,1,6.0,1,2,94
202400000044,2024-05-02,Morning,3,2,3.0,1,1,13
202400000045,2024-03-25,Evening,4,1,1.0,1,2,92
202400000046,2024-05-01,Evening,4,1,6.0,1,1,83
202400000047,2024-03-25,Morning,4,1,6.0,1,2,92
202400000048,2024-05-02,Afternoon,4,1,4.0,1,1,33
202400000049,2024-03-25,Night,3,1,6.0,3,1,35
202400000050,2024-05-02,Evening,4,2,6.0,2,1,91
202400000052,2024-05-02,Afternoon,4,1,3.0,1,1,94
202400000053,2024-03-24,Morning,4,1,6.0,1,1,22
202400000054,2024-05-02,Morning,4,1,5.0,1,1,94
202400000055,2024-05-02,Afternoon,4,2,5.0,1,1,92
202400000056,2024-05-02,Morning,4,8,3.0,1,1,78
202400000057,2024-03-26,Evening,4,1,3.0,1,2,62
202400000058,2024-05-02,Evening,4,2,2.0,1,1,95
202400000059,2024-03-22,Afternoon,4,1,3.0,1,1,83
202400000060,2024-05-01,Evening,4,1,1.0,1,1,95
202400000061,2024-03-25,Morning,4,1,2.0,2,1,35
202400000062,2024-03-25,Evening,3,1,6.0,5,2,51
202400000063,2024-05-02,Afternoon,4,1,2.0,1,1,94
202400000064,2024-03-25,Afternoon,4,1,3.0,1,2,67
202400000065,2024-05-01,Night,4,1,7.0,3,1,77
202400000066,2024-03-24,Night,4,1,6.0,4,2,61
202400000067,2024-03-25,Night,3,2,6.0,3,1,47
202400000068,2024-02-17,Evening,4,1,3.0,5,2,54
202400000069,2024-03-26,Afternoon,4,3,6.0,1,1,34
202400000070,2024-03-25,Evening,4,2,6.0,1,1,22
202400000072,2024-03-25,Evening,4,1,3.0,2,2,54
202400000075,2024-03-04,Afternoon,3,1,3.0,1,2,72
202400000077,2024-03-25,Afternoon,3,1,5.0,1,1,40
202400000078,2024-05-01,Evening,4,3,3.0,2,2,69
202400000079,2024-03-26,Afternoon,3,1,6.0,1,2,85
202400000080,2024-03-23,Afternoon,4,1,3.0,1,2,85
202400000081,2024-05-01,Evening,4,1,6.0,1,2,69
202400000082,2024-03-22,Afternoon,3,1,6.0,1,2,37
202400000083,2024-05-01,Night,4,1,6.0,3,2,2B
202400000084,2024-03-24,Morning,4,1,7.0,2,1,10
202400000085,2024-03-26,Morning,4,2,1.0,1,1,31
202400000086,2024-03-24,Night,4,1,6.0,3,1,43
202400000089,2024-03-26,Morning,2,1,7.0,1,1,42
202400000090,2024-03-25,Morning,3,1,2.0,1,1,28
202400000091,2024-03-25,Afternoon,3,1,6.0,1,2,2B
202400000092,2024-03-26,Night,4,3,7.0,3,1,34
202400000093,2024-03-26,Morning,4,1,2.0,1,1,57
202400000094,2024-03-14,Afternoon,3,1,6.0,1,2,01
202400000095,2024-03-26,Afternoon,4,2,3.0,1,2,60
202400000096,2024-03-25,Afternoon,4,1,2.0,1,1,91
202400000097,2024-03-25,Afternoon,4,1,3.0,1,1,91
202400000098,2024-03-25,Morning,4,1,2.0,1,1,91
202400000099,2024-03-25,Morning,4,1,2.0,1,1,91
202400000100,2024-03-25,Morning,4,1,6.0,3,1,78
202400000101,2024-03-24,Afternoon,4,1,4.0,1,1,92
202400000102,2024-03-24,Night,4,1,2.0,3,1,78
202400000103,2024-03-25,Morning,4,1,3.0,1,1,94
202400000104,2024-03-25,Morning,4,1,3.0,2,2,93
202400000105,2024-03-25,Afternoon,4,1,2.0,1,2,93
202400000106,2024-03-25,Afternoon,4,1,3.0,1,2,93
202400000107,2024-03-25,Morning,4,1,3.0,1,2,93
202400000108,2024-01-20,Afternoon,4,1,3.0,1,2,74
202400000110,2024-03-24,Evening,4,1,3.0,5,2,69
202400000111,2024-03-24,Afternoon,4,1,3.0,1,2,69
202400000114,2024-03-24,Evening,4,1,3.0,1,2,69
202400000115,2024-03-20,Night,2,1,7.0,5,2,95
202400000116,2024-03-23,Afternoon,3,1,6.0,1,2,84
202400000117,2024-03-23,Afternoon,3,7,3.0,1,2,83
202400000118,2024-03-24,Morning,2,1,6.0,1,1,83
202400000119,2024-03-24,Afternoon,4,8,3.0,1,1,77
202400000120,2024-03-23,Afternoon,4,1,2.0,1,2,64
202400000121,2024-03-24,Evening,4,1,3.0,1,2,64
202400000122,2024-03-22,Afternoon,4,1,1.0,1,2,62
202400000123,2024-03-24,Afternoon,4,1,2.0,1,2,59
202400000124,2024-03-24,Afternoon,4,1,3.0,1,2,59
202400000125,2024-03-23,Morning,3,7,3.0,1,2,59
202400000126,2024-03-22,Morning,3,1,6.0,1,2,54
202400000127,2024-03-24,Afternoon,4,1,3.0,1,2,51
202400000128,2024-03-24,Night,3,1,6.0,5,1,45
202400000129,2024-03-24,Evening,3,1,6.0,1,1,38
202400000130,2024-03-25,Night,4,1,3.0,5,2,38
202400000131,2024-03-23,Afternoon,4,1,3.0,1,2,38
202400000132,2024-03-24,Evening,4,7,6.0,1,2,37
202400000133,2024-03-24,Evening,3,1,6.0,1,2,35
202400000134,2024-03-23,Afternoon,4,1,3.0,1,2,33
202400000135,2024-03-22,Morning,4,1,1.0,1,2,13
202400000136,2024-03-23,Afternoon,4,1,1.0,1,2,06
202400000137,2024-03-24,Evening,4,1,3.0,5,2,06
202400000138,2024-03-24,Morning,4,1,3.0,1,2,06
202400000139,2024-03-24,Morning,4,1,2.0,1,1,05
202400000140,2024-03-24,Night,4,1,6.0,5,2,05
202400000141,2024-03-19,Afternoon,4,1,3.0,1,2,04
202400000142,2024-03-23,Evening,4,1,4.0,2,2,01
202400000143,2024-03-24,Afternoon,4,1,4.0,1,2,75
202400000144,2024-03-24,Afternoon,4,1,3.0,1,2,75
202400000145,2024-03-23,Evening,4,2,2.0,5,2,75
202400000146,2024-03-24,Afternoon,4,1,3.0,1,2,75
202400000147,2024-03-24,Afternoon,4,1,6.0,1,2,75
202400000148,2024-03-24,Afternoon,4,1,6.0,1,2,75
202400000149,2024-03-24,Afternoon,4,1,7.0,1,2,75
202400000150,2024-03-24,Night,4,1,3.0,5,2,75
202400000151,2024-03-24,Night,4,1,3.0,5,2,94
202400000152,2024-03-23,Evening,4,1,4.0,1,2,94
202400000153,2024-03-24,Afternoon,4,1,3.0,1,2,94
202400000154,2024-03-24,Evening,4,1,2.0,5,2,93
202400000155,2024-03-24,Morning,4,1,2.0,1,2,93
202400000156,2024-03-24,Morning,4,1,6.0,1,2,92
202400000157,2024-03-24,Afternoon,4,1,6.0,1,2,92
202400000158,2024-03-21,Afternoon,3,1,1.0,1,1,72
202400000159,2024-03-24,Afternoon,4,1,6.0,1,1,35
202400000161,2024-08-08,Night,3,1,6.0,3,1,69
202400000162,2024-03-24,Morning,3,1,6.0,1,1,35
202400000163,2024-07-17,Evening,4,1,1.0,1,1,69
202400000164,2024-03-24,Night,3,1,2.0,3,1,26
202400000165,2024-08-15,Afternoon,4,1,6.0,2,1,87
202400000166,2024-03-24,Night,2,1,6.0,3,1,86
202400000167,2024-03-24,Night,3,1,6.0,3,1,60
202400000168,2024-08-14,Morning,4,1,3.0,1,1,17
202400000169,2024-03-24,Afternoon,4,1,3.0,1,1,85
202400000170,2024-08-15,Evening,4,1,1.0,1,2,02
202400000171,2024-03-24,Afternoon,4,1,3.0,1,1,41
202400000172,2024-08-13,Morning,3,1,2.0,1,1,57
202400000173,2024-08-11,Night,3,1,7.0,3,1,62
202400000174,2024-03-24,Afternoon,4,1,1.0,1,1,83
202400000175,2024-08-10,Evening,4,1,2.0,1,1,62
202400000176,2024-03-25,Morning,4,1,1.0,1,1,57
202400000177,2024-08-14,Morning,4,1,2.0,1,1,93
202400000178,2024-03-10,Evening,4,2,3.0,2,1,56
202400000179,2024-07-21,Night,3,2,6.0,3,1,95
202400000181,2024-03-23,Afternoon,4,1,3.0,1,2,56
202400000183,2024-03-24,Afternoon,3,7,1.0,1,1,76
202400000185,2024-03-24,Evening,3,1,7.0,3,1,80
202400000186,2024-03-23,Evening,3,1,6.0,5,2,65
202400000188,2024-03-23,Afternoon,3,1,3.0,1,1,69
202400000190,2024-03-24,Morning,3,1,6.0,2,2,49
202400000191,2024-08-13,Night,4,1,6.0,5,2,69
202400000192,2024-03-23,Afternoon,3,1,1.0,1,1,12
202400000193,2024-08-07,Afternoon,4,1,2.0,1,1,2B
202400000194,2024-03-22,Night,4,1,3.0,3,2,47
202400000196,2024-03-23,Afternoon,4,1,3.0,1,1,47
202400000198,2024-03-22,Evening,3,1,6.0,3,1,47
202400000199,2024-08-07,Evening,4,1,3.0,1,2,2A
202400000200,2024-03-21,Afternoon,3,1,7.0,1,2,34
202400000201,2024-03-24,Afternoon,2,1,7.0,1,2,29
202400000202,2024-08-13,Afternoon,4,1,6.0,1,2,95
202400000203,2024-03-25,Night,4,1,7.0,3,1,01
202400000204,2024-08-13,Afternoon,4,1,3.0,1,2,95
202400000205,2024-03-22,Morning,3,1,1.0,1,1,14
202400000206,2024-03-25,Morning,4,1,7.0,2,1,64
202400000207,2024-03-25,Morning,2,1,1.0,1,1,18
202400000208,2024-03-24,Afternoon,4,1,2.0,1,1,10
202400000209,2024-03-24,Afternoon,4,1,7.0,1,1,07
202400000210,2024-03-25,Afternoon,2,1,6.0,1,1,21
202400000211,2024-03-24,Afternoon,3,1,7.0,1,1,85
202400000212,2024-03-23,Afternoon,4,1,6.0,1,1,85
202400000213,2024-03-23,Evening,4,1,1.0,2,1,27
202400000214,2024-03-24,Afternoon,2,1,1.0,1,1,28
202400000215,2024-03-21,Night,3,1,3.0,5,1,68
202400000216,2024-03-22,Afternoon,3,1,6.0,1,1,71
202400000217,2024-03-25,Morning,4,1,1.0,1,2,38
202400000218,2024-03-23,Afternoon,4,1,3.0,1,2,81
202400000219,2024-03-24,Night,3,1,7.0,3,2,49
202400000220,2024-03-23,Afternoon,4,3,3.0,1,2,27
202400000221,2024-03-24,Morning,3,1,3.0,1,1,27
202400000222,2024-03-25,Morning,3,1,1.0,1,1,60
202400000223,2024-03-23,Night,4,1,7.0,5,2,13
202400000224,2024-03-23,Evening,4,1,2.0,3,1,13
202400000225,2024-03-24,Evening,4,1,2.0,1,1,33
202400000226,2024-03-24,Night,4,8,2.0,3,1,93
202400000227,2024-03-24,Morning,4,1,2.0,1,1,95
202400000228,2024-03-23,Afternoon,3,2,2.0,1,1,95
202400000229,2024-03-23,Night,4,3,6.0,3,1,94
202400000230,2024-03-16,Afternoon,4,1,6.0,1,2,44
202400000231,2024-03-15,Afternoon,4,8,3.0,1,2,44
202400000232,2024-03-14,Morning,4,8,6.0,5,2,44
202400000233,2024-03-14,Morning,4,8,3.0,5,2,44
202400000234,2024-03-13,Evening,4,8,3.0,1,2,44
202400000235,2024-03-12,Night,4,8,3.0,5,2,44
202400000236,2024-03-11,Morning,4,8,6.0,1,2,44
202400000237,2024-03-22,Evening,4,1,2.0,5,2,75
202400000244,2024-03-23,Evening,4,2,6.0,5,2,95
202400000245,2024-03-23,Afternoon,4,2,7.0,1,2,95
202400000246,2024-03-23,Afternoon,4,1,6.0,1,2,95
202400000247,2024-03-24,Night,4,1,2.0,5,2,95
202400000248,2024-03-23,Afternoon,4,1,2.0,1,1,91
202400000249,2024-03-23,Morning,4,1,3.0,1,2,91
202400000250,2024-03-23,Night,4,1,6.0,5,2,91
202400000251,2024-03-23,Evening,4,1,3.0,2,2,84
202400000252,2024-03-23,Evening,4,1,3.0,5,2,83
202400000253,2024-03-23,Afternoon,4,1,7.0,1,1,82
202400000254,2024-03-23,Night,4,1,7.0,3,1,79
202400000255,2024-03-23,Evening,3,2,6.0,5,2,77
202400000256,2024-03-22,Afternoon,3,1,7.0,1,1,77
202400000257,2024-03-22,Evening,4,1,3.0,2,2,74
202400000258,2024-03-22,Afternoon,4,1,2.0,1,2,74
202400000259,2024-03-23,Afternoon,4,1,3.0,1,2,69
202400000260,2024-03-23,Evening,4,2,6.0,5,2,69
202400000261,2024-03-23,Afternoon,4,8,6.0,1,2,67
202400000262,2024-03-24,Night,4,1,6.0,3,1,64
202400000263,2024-03-23,Evening,4,1,3.0,5,2,64
202400000264,2024-03-23,Evening,4,1,2.0,1,2,64
202400000265,2024-03-23,Afternoon,3,1,6.0,1,2,64
202400000266,2024-03-23,Morning,4,1,6.0,1,2,59
202400000267,2024-03-23,Night,4,1,6.0,5,2,59
202400000268,2024-03-23,Night,4,1,6.0,5,2,59
202400000269,2024-03-23,Afternoon,4,1,2.0,1,2,56
202400000270,2024-03-23,Morning,4,1,3.0,1,2,56
202400000271,2024-03-23,Evening,3,1,6.0,1,2,49
202400000272,2024-03-22,Afternoon,4,1,3.0,1,2,45
202400000273,2024-03-23,Afternoon,3,8,3.0,1,2,45
202400000274,2024-03-23,Afternoon,4,1,2.0,1,2,43
202400000275,2024-09-19,Morning,4,1,6.0,1,2,27
202400000276,2024-09-18,Night,4,1,1.0,5,2,26
202400000277,2024-09-19,Morning,4,1,3.0,1,1,25
202400000278,2024-09-19,Afternoon,4,1,4.0,1,2,25
202400000279,2024-09-19,Afternoon,4,1,6.0,1,2,25
202400000280,2024-09-19,Morning,3,1,6.0,1,2,25
202400000281,2024-09-19,Evening,4,1,3.0,2,2,13
202400000282,2024-09-19,Evening,3,1,3.0,2,2,13
202400000283,2024-09-18,Night,3,1,2.0,5,2,13
202400000284,2024-09-18,Morning,4,1,3.0,1,2,11
202400000285,2024-09-18,Afternoon,4,1,1.0,1,2,10
202400000286,2024-09-18,Afternoon,4,1,6.0,1,2,10
202400000287,2024-09-18,Afternoon,4,1,6.0,1,2,10
202400000288,2024-09-18,Morning,4,1,6.0,1,2,10
202400000289,2024-09-18,Afternoon,4,1,1.0,1,2,06
202400000290,2024-09-19,Morning,3,1,3.0,1,2,01
202400000291,2024-09-19,Morning,4,1,5.0,1,2,01
202400000292,2024-09-18,Evening,4,1,3.0,2,2,01
202400000293,2024-09-19,Afternoon,4,1,2.0,1,2,75
202400000294,2024-09-18,Evening,4,1,3.0,1,2,75
202400000295,2024-09-18,Afternoon,4,1,5.0,1,2,75
202400000296,2024-09-18,Afternoon,4,1,2.0,1,2,75
202400000297,2024-09-19,Evening,4,1,7.0,2,2,75
202400000298,2024-02-13,Morning,4,5,4.0,2,1,33
202400000299,2024-09-19,Afternoon,4,1,3.0,1,2,75
202400000300,2024-02-12,Morning,4,2,3.0,1,1,33
202400000301,2024-09-18,Afternoon,4,1,6.0,1,2,75
202400000302,2024-09-19,Afternoon,4,1,3.0,1,2,75
202400000303,2024-02-13,Morning,2,1,5.0,1,1,91
202400000304,2024-09-19,Morning,4,1,2.0,5,2,75
202400000305,2024-02-13,Morning,4,1,2.0,1,1,92
202400000306,2024-02-11,Night,3,1,3.0,3,1,95
202400000307,2024-09-18,Night,4,1,3.0,5,2,75
202400000308,2024-02-10,Morning,4,1,2.0,3,1,95
202400000309,2024-09-19,Evening,4,1,3.0,5,2,75
202400000310,2024-02-13,Evening,4,2,4.0,3,1,94
202400000311,2024-09-19,Evening,4,1,1.0,1,2,75
202400000312,2024-02-13,Afternoon,4,1,6.0,1,1,94
202400000313,2024-09-19,Morning,4,1,2.0,1,2,75
202400000314,2024-09-19,Evening,4,1,6.0,1,2,75
202400000316,2024-09-19,Morning,4,1,3.0,1,2,75
202400000318,2024-09-19,Afternoon,4,1,7.0,1,2,75
202400000320,2024-09-19,Morning,3,7,3.0,1,2,75
202400000321,2024-09-19,Evening,4,1,3.0,2,2,75
202400000322,2024-02-12,Evening,4,1,3.0,3,2,69
202400000323,2024-02-12,Evening,4,1,6.0,1,2,69
202400000324,2024-09-19,Morning,4,1,6.0,1,2,75
202400000326,2024-09-17,Afternoon,4,1,3.0,1,2,94
202400000327,2024-02-12,Morning,3,1,7.0,1,2,69
202400000328,2024-09-19,Afternoon,4,1,3.0,1,2,94
202400000329,2024-02-12,Morning,4,1,6.0,1,2,69
202400000330,2024-09-19,Evening,4,1,6.0,1,2,94
202400000331,2024-02-12,Afternoon,4,1,6.0,1,1,95
202400000332,2024-09-19,Afternoon,4,1,3.0,1,2,94
202400000333,2024-02-12,Morning,4,1,3.0,1,2,95
202400000334,2024-09-19,Morning,4,1,3.0,1,2,94
202400000335,2024-02-12,Morning,4,1,3.0,1,2,95
202400000336,2024-09-18,Afternoon,4,1,4.0,1,2,94
202400000337,2024-02-12,Morning,4,2,1.0,1,2,91
202400000338,2024-09-18,Afternoon,4,7,3.0,1,2,94
202400000339,2024-02-12,Afternoon,4,2,4.0,5,1,91
202400000340,2024-09-18,Evening,3,1,3.0,2,2,94
202400000341,2024-09-18,Morning,4,1,1.0,1,2,94
202400000342,2024-09-19,Afternoon,4,1,2.0,1,2,93
202400000343,2024-09-19,Night,4,1,3.0,5,2,93
202400000344,2024-09-19,Afternoon,4,1,3.0,1,2,93
202400000345,2024-09-19,Afternoon,4,1,3.0,1,2,93
202400000346,2024-09-19,Morning,4,1,6.0,1,2,93
202400000347,2024-09-19,Morning,4,1,3.0,1,2,93
202400000348,2024-09-19,Afternoon,3,1,6.0,1,2,93
202400000349,2024-09-19,Afternoon,4,1,4.0,1,2,93
202400000350,2024-09-19,Afternoon,4,1,6.0,1,2,93
202400000351,2024-09-19,Morning,4,1,3.0,1,2,93
202400000352,2024-09-19,Afternoon,4,1,6.0,1,2,92
202400000353,2024-09-18,Afternoon,4,1,6.0,1,2,92
202400000354,2024-09-19,Night,4,1,6.0,5,2,92
202400000355,2024-09-19,Morning,4,1,3.0,1,2,92
202400000356,2024-09-19,Morning,4,1,6.0,1,1,39
202400000357,2024-09-20,Morning,3,1,1.0,1,1,01
202400000358,2024-09-20,Afternoon,3,1,7.0,1,2,06
202400000359,2024-09-19,Morning,3,1,5.0,1,2,18
202400000360,2024-09-19,Morning,3,1,5.0,1,1,71
202400000361,2024-09-19,Afternoon,3,1,1.0,1,1,68
202400000363,2024-09-19,Night,3,1,6.0,3,1,63
202400000364,2024-09-18,Night,4,1,7.0,5,1,30
202400000365,2024-09-18,Afternoon,4,2,1.0,1,1,2A
202400000366,2024-09-20,Morning,4,1,3.0,1,1,63
202400000367,2024-09-19,Morning,4,7,6.0,1,2,12
202400000368,2024-09-17,Afternoon,3,1,6.0,1,2,47
202400000369,2024-09-19,Afternoon,4,1,7.0,1,1,25
202400000370,2024-09-20,Morning,3,1,1.0,1,1,44
202400000371,2024-09-20,Morning,4,2,1.0,1,1,31
202400000372,2024-09-18,Afternoon,3,1,3.0,1,1,38
202400000373,2024-09-20,Afternoon,4,1,3.0,1,2,15
202400000374,2024-09-20,Night,3,1,1.0,3,2,01
202400000375,2024-09-14,Evening,4,1,6.0,1,1,14
202400000376,2024-09-20,Morning,4,1,1.0,1,2,10
202400000377,2024-09-19,Evening,4,1,3.0,3,2,36
202400000378,2024-09-19,Morning,3,5,1.0,2,1,07
202400000379,2024-09-20,Afternoon,3,1,3.0,1,1,53
202400000380,2024-09-20,Afternoon,4,1,3.0,1,2,27
202400000381,2024-09-09,Morning,3,1,6.0,1,1,27
202400000382,2024-09-19,Afternoon,4,1,1.0,1,1,28
202400000383,2024-09-20,Morning,4,1,7.0,4,1,30
202400000384,2024-09-19,Afternoon,4,1,7.0,1,1,08
202400000385,2024-09-18,Evening,3,1,1.0,5,1,06
202400000386,2024-09-19,Afternoon,4,1,7.0,1,1,89
202400000387,2024-09-19,Morning,4,1,6.0,1,1,38
202400000388,2024-09-18,Afternoon,4,1,3.0,1,2,77
202400000389,2024-09-20,Morning,3,1,1.0,1,2,77
202400000390,2024-09-19,Evening,3,1,6.0,1,1,95
202400000391,2024-09-18,Evening,3,7,2.0,1,1,34
202400000392,2024-09-20,Afternoon,3,1,3.0,1,1,83
202400000393,2024-09-19,Night,3,1,6.0,3,1,13
202400000394,2024-09-19,Evening,2,1,6.0,3,1,70
202400000395,2024-06-08,Afternoon,3,1,3.0,1,1,38
202400000396,2024-09-18,Evening,4,1,1.0,1,2,70
202400000397,2024-09-20,Afternoon,3,7,7.0,1,1,21
202400000398,2024-06-08,Night,3,1,6.0,3,1,07
202400000399,2024-09-19,Afternoon,4,1,7.0,1,1,08
202400000400,2024-09-20,Morning,2,1,3.0,2,1,38
202400000401,2024-06-08,Afternoon,3,1,3.0,1,1,01
202400000402,2024-06-09,Night,2,1,6.0,3,1,69
202400000403,2024-09-19,Evening,2,1,1.0,3,1,85
202400000404,2024-09-18,Afternoon,3,1,1.0,1,2,44
202400000405,2024-06-08,Night,3,1,3.0,3,1,81
202400000406,2024-06-09,Night,4,1,7.0,3,2,17
202400000407,2024-09-19,Morning,4,1,2.0,1,2,27
202400000408,2024-06-07,Afternoon,2,1,7.0,1,1,22
202400000409,2024-09-19,Afternoon,3,1,3.0,1,2,62
202400000410,2024-06-09,Afternoon,4,1,7.0,1,1,76
202400000411,2024-09-19,Morning,4,1,2.0,1,1,13
202400000412,2024-06-08,Night,4,1,6.0,5,1,33
202400000413,2024-09-18,Night,4,1,1.0,3,1,13
202400000414,2024-06-08,Night,4,1,6.0,1,1,91
202400000415,2024-09-18,Afternoon,4,1,4.0,1,1,83
202400000416,2024-06-08,Afternoon,4,1,4.0,1,1,92
202400000417,2024-09-19,Evening,4,1,4.0,1,1,33
202400000418,2024-06-08,Evening,4,1,2.0,1,1,78
202400000419,2024-06-08,Morning,4,1,6.0,1,1,78
202400000420,2024-09-19,Afternoon,4,7,5.0,1,1,33
202400000421,2024-06-07,Afternoon,4,1,4.0,1,1,78
202400000422,2024-09-19,Morning,4,1,4.0,1,1,91
202400000423,2024-06-07,Night,4,1,1.0,5,1,92
202400000424,2024-09-19,Morning,4,1,2.0,1,1,91
202400000425,2024-06-07,Evening,4,1,6.0,2,1,78
202400000426,2024-09-19,Morning,4,1,3.0,1,1,91
202400000427,2024-06-07,Afternoon,4,1,4.0,1,1,78
202400000428,2024-09-19,Morning,4,1,6.0,1,1,91
202400000429,2024-06-08,Afternoon,4,1,6.0,1,1,95
202400000430,2024-09-19,Morning,4,1,2.0,1,1,78
202400000431,2024-06-08,Night,4,1,4.0,3,1,93
202400000432,2024-09-18,Afternoon,3,1,7.0,1,1,92
202400000433,2024-06-07,Morning,4,1,3.0,1,1,77
202400000434,2024-09-18,Morning,4,1,2.0,1,1,92
202400000436,2024-09-18,Afternoon,4,1,3.0,1,1,93
202400000438,2024-09-18,Morning,4,1,3.0,1,1,93
202400000439,2024-09-18,Night,4,1,4.0,3,1,92
202400000440,2024-09-16,Night,3,1,2.0,3,1,95
202400000441,2024-09-19,Afternoon,4,1,4.0,1,1,75
202400000442,2024-09-19,Morning,4,1,3.0,2,1,94
202400000443,2024-09-18,Afternoon,4,1,3.0,1,1,77
202400000444,2024-09-18,Afternoon,4,1,2.0,1,1,94
202400000445,2024-09-16,Night,4,1,4.0,3,1,94
202400000446,2024-07-18,Morning,4,1,3.0,1,2,74
202400000447,2024-05-30,Afternoon,3,1,3.0,1,2,14
202400000448,2024-07-18,Morning,3,1,3.0,1,1,14
202400000450,2024-06-25,Morning,4,1,2.0,1,2,38
202400000452,2024-06-16,Night,3,1,2.0,3,1,38
202400000453,2024-02-18,Afternoon,3,1,1.0,1,2,13
202400000454,2024-05-01,Night,4,1,3.0,5,2,2A
202400000455,2024-06-06,Afternoon,3,1,3.0,1,2,13
202400000456,2024-05-30,Morning,3,1,2.0,1,2,13
202400000457,2024-05-01,Evening,4,1,1.0,1,2,95
202400000458,2024-05-26,Afternoon,4,1,3.0,1,2,13
202400000459,2024-05-01,Evening,4,1,3.0,1,2,95
202400000460,2024-07-09,Evening,4,1,6.0,1,2,75
202400000461,2024-05-01,Morning,4,1,7.0,1,2,91
202400000462,2024-07-20,Evening,3,1,7.0,1,1,57
202400000463,2024-05-02,Night,4,2,7.0,3,1,84
202400000466,2024-04-30,Evening,4,8,3.0,1,2,79
202400000468,2024-05-01,Morning,4,1,2.0,1,1,77
202400000469,2024-05-01,Morning,4,1,2.0,1,1,77
202400000470,2024-05-01,Afternoon,3,2,7.0,1,2,76
202400000471,2024-05-01,Evening,3,1,7.0,5,2,73
202400000472,2024-09-18,Afternoon,4,1,6.0,1,2,95
202400000473,2024-05-01,Afternoon,4,1,6.0,1,2,69
202400000474,2024-09-17,Afternoon,4,1,6.0,1,2,95
202400000475,2024-05-01,Afternoon,4,1,3.0,1,2,69
202400000476,2024-09-18,Night,2,1,6.0,4,2,95
202400000477,2024-05-01,Evening,4,1,6.0,1,2,62
202400000478,2024-09-18,Evening,4,1,1.0,5,2,91
202400000479,2024-09-18,Morning,4,1,6.0,1,2,84
202400000480,2024-05-01,Evening,4,1,1.0,2,2,59
202400000481,2024-09-16,Morning,4,1,6.0,1,2,84
202400000482,2024-04-28,Evening,3,1,1.0,1,1,59
202400000483,2024-09-18,Morning,4,1,3.0,1,2,82
202400000484,2024-05-01,Afternoon,4,1,6.0,1,2,54
202400000485,2024-09-18,Evening,4,1,6.0,3,1,81
202400000486,2024-05-01,Morning,4,1,7.0,1,2,51
202400000487,2024-05-01,Afternoon,3,3,3.0,1,2,49
202400000488,2024-09-17,Afternoon,4,1,3.0,1,2,72