Num_Acc,date,time_of_day,max_severity,weather,collision_type,lighting,urban_area,department
202400000964,2024-02-12,Evening,4,1,3.0,5,2,25
202400000965,2024-02-11,Night,4,3,6.0,3,1,15
202400000966,2024-02-11,Morning,4,2,6.0,3,1,14
202400000967,2024-02-11,Afternoon,4,2,7.0,1,2,14
202400000968,2024-02-12,Evening,4,1,3.0,5,2,13
202400000969,2024-02-12,Evening,4,1,3.0,2,2,13
202400000970,2024-02-11,Evening,4,2,1.0,3,1,12
202400000971,2024-02-08,Afternoon,4,1,2.0,1,2,06
202400000972,2024-02-12,Evening,4,1,3.0,5,2,06
202400000973,2024-02-10,Evening,4,1,1.0,5,2,75
202400000974,2024-02-12,Evening,4,1,6.0,5,2,75
202400000975,2024-02-12,Afternoon,4,1,7.0,1,2,75
202400000976,2024-02-12,Evening,4,1,7.0,5,2,75
202400000977,2024-02-12,Morning,4,1,6.0,1,2,75
202400000978,2024-02-12,Morning,4,1,3.0,1,2,75
202400000979,2024-02-12,Morning,4,1,1.0,1,2,93
202400000980,2024-02-11,Night,4,2,1.0,5,2,93
202400000981,2024-02-12,Evening,4,1,6.0,5,2,93
202400000982,2024-02-12,Evening,4,1,3.0,5,2,93
202400000983,2024-02-11,Night,4,1,3.0,5,2,93
202400000984,2024-02-12,Morning,4,1,3.0,1,2,92
202400000985,2024-02-12,Morning,4,1,2.0,1,2,92
202400000986,2024-02-12,Morning,4,1,6.0,1,2,92
202400000987,2024-02-12,Evening,4,1,2.0,5,2,92
202400000989,2024-02-12,Afternoon,4,1,2.0,1,2,92
202400000992,2024-01-17,Night,4,2,6.0,3,1,22
202400000996,2024-02-08,Evening,3,3,6.0,3,1,62
202400000997,2024-06-07,Afternoon,4,1,1.0,1,2,2A
202400000998,2024-06-07,Afternoon,4,1,2.0,1,2,91
202400000999,2024-02-09,Afternoon,4,2,5.0,1,1,83
202400001000,2024-02-13,Night,2,2,6.0,3,1,19
202400001001,2024-05-28,Evening,4,1,3.0,1,1,91
202400001002,2024-06-07,Evening,4,1,3.0,1,2,91
202400001003,2024-02-13,Morning,3,5,7.0,3,2,79
202400001004,2024-06-06,Afternoon,4,1,6.0,1,2,87
202400001005,2024-02-13,Morning,4,1,1.0,2,1,60
202400001006,2024-06-06,Afternoon,4,1,3.0,1,1,87
202400001007,2024-02-11,Night,4,1,6.0,3,1,64
202400001008,2024-02-12,Morning,3,1,7.0,1,1,07
202400001009,2024-02-12,Morning,3,1,2.0,2,2,53
202400001010,2024-06-07,Night,4,1,1.0,5,2,84
202400001011,2024-02-13,Afternoon,3,1,6.0,1,2,04
202400001012,2024-02-13,Morning,2,5,3.0,2,2,85
202400001013,2024-06-07,Morning,4,1,6.0,1,2,81
202400001014,2024-02-07,Afternoon,3,2,3.0,1,1,17
202400001015,2024-06-07,Morning,4,1,6.0,1,2,81
202400001017,2024-02-12,Evening,3,1,2.0,3,1,44
202400001018,2024-06-07,Morning,4,1,3.0,1,2,80
202400001020,2024-06-07,Evening,3,1,7.0,3,2,78
202400001021,2024-02-12,Morning,3,1,2.0,1,1,13
202400001022,2024-02-12,Afternoon,3,1,6.0,1,2,11
202400001023,2024-02-13,Morning,4,1,1.0,1,1,84
202400001024,2024-06-07,Afternoon,4,1,2.0,1,2,78
202400001025,2024-02-12,Night,4,1,6.0,5,2,06
202400001026,2024-06-07,Afternoon,4,1,6.0,1,2,78
202400001027,2024-02-12,Afternoon,4,1,2.0,1,2,68
202400001028,2024-06-07,Afternoon,3,1,7.0,1,2,77
202400001029,2024-02-12,Night,4,1,6.0,3,1,57
202400001030,2024-06-05,Afternoon,4,1,6.0,1,2,77
202400001031,2024-02-13,Afternoon,4,1,3.0,1,2,07
202400001032,2024-02-13,Afternoon,3,1,6.0,1,2,65
202400001033,2024-02-12,Evening,3,1,7.0,2,2,86
202400001034,2024-06-05,Afternoon,4,1,3.0,1,2,77
202400001035,2024-02-11,Afternoon,4,1,3.0,1,2,29
202400001036,2024-06-07,Afternoon,4,1,6.0,1,2,77
202400001037,2024-02-01,Evening,3,1,2.0,5,1,59
202400001038,2024-02-12,Night,4,1,6.0,3,1,69
202400001039,2024-06-07,Evening,3,1,7.0,1,2,76
202400001040,2024-02-11,Morning,3,1,4.0,1,1,59
202400001041,2024-06-07,Afternoon,4,1,6.0,1,2,76
202400001042,2024-02-09,Evening,4,2,3.0,2,1,92
202400001043,2024-06-06,Afternoon,4,1,7.0,1,2,76
202400001044,2024-02-11,Evening,4,1,2.0,3,1,78
202400001045,2024-06-07,Afternoon,4,1,2.0,1,2,72
202400001046,2024-02-10,Evening,4,2,6.0,3,1,92
202400001047,2024-02-11,Night,4,1,1.0,3,1,95
202400001048,2024-06-07,Morning,4,1,3.0,1,2,72
202400001049,2024-02-11,Morning,4,1,2.0,2,1,93
202400001050,2024-06-07,Morning,4,1,6.0,1,2,71
202400001051,2024-02-10,Night,4,1,2.0,3,1,95
202400001052,2024-06-07,Afternoon,4,1,1.0,1,2,69
202400001053,2024-02-10,Night,4,1,6.0,3,1,93
202400001054,2024-02-10,Evening,4,1,3.0,3,1,92
202400001055,2024-06-07,Night,4,1,3.0,5,2,67
202400001056,2024-06-07,Afternoon,4,1,3.0,1,2,66
202400001057,2024-02-10,Afternoon,4,2,1.0,1,1,95
202400001058,2024-06-07,Afternoon,4,1,2.0,1,2,66
202400001059,2024-02-12,Afternoon,4,1,5.0,1,1,94
202400001060,2024-06-07,Afternoon,4,1,3.0,1,2,66
202400001061,2024-02-12,Night,4,1,6.0,3,1,94
202400001062,2024-06-07,Afternoon,4,1,6.0,1,2,66
202400001063,2024-06-07,Morning,4,1,7.0,1,2,66
202400001065,2024-06-06,Afternoon,3,1,7.0,1,1,65
202400001067,2024-06-07,Evening,4,1,2.0,1,1,64
202400001068,2024-02-11,Evening,3,1,3.0,5,2,69
202400001069,2024-06-06,Afternoon,4,1,3.0,1,2,64
202400001070,2024-02-12,Night,4,1,6.0,5,2,2A
202400001071,2024-02-11,Afternoon,4,2,6.0,1,2,95
202400001072,2024-06-06,Evening,3,1,3.0,1,1,63
202400001073,2024-02-12,Night,4,1,6.0,3,1,91
202400001074,2024-06-06,Afternoon,4,2,3.0,1,2,63
202400001075,2024-02-11,Night,4,1,3.0,5,2,91
202400001076,2024-02-11,Evening,4,1,3.0,1,2,81
202400001077,2024-06-06,Night,4,1,3.0,5,2,62
202400001078,2024-02-11,Night,4,1,7.0,3,1,77
202400001079,2024-06-07,Evening,3,1,6.0,1,2,59
202400001080,2024-02-11,Afternoon,4,2,2.0,1,2,69
202400001081,2024-06-07,Afternoon,4,1,3.0,1,2,59
202400001082,2024-02-11,Afternoon,4,1,3.0,1,2,64
202400001083,2024-06-05,Morning,3,1,3.0,1,2,59
202400001084,2024-02-11,Afternoon,4,1,6.0,1,2,63
202400001085,2024-06-07,Evening,4,1,3.0,1,2,54
202400001086,2024-02-10,Evening,4,2,6.0,1,2,60
202400001087,2024-06-05,Evening,4,1,3.0,1,2,54
202400001088,2024-02-10,Night,2,2,1.0,5,2,59
202400001089,2024-02-11,Evening,4,3,6.0,5,2,54
202400001090,2024-06-07,Afternoon,4,1,6.0,1,2,54
202400001091,2024-02-11,Afternoon,4,1,6.0,1,1,54
202400001092,2024-06-07,Morning,4,1,3.0,1,2,51
202400001093,2024-02-11,Afternoon,4,2,7.0,1,1,54
202400001094,2024-02-11,Afternoon,4,2,7.0,1,1,54
202400001095,2024-06-06,Night,4,1,3.0,3,2,51
202400001096,2024-02-11,Morning,3,2,6.0,5,2,45
202400001097,2024-06-06,Afternoon,4,1,3.0,1,2,51
202400001098,2024-06-07,Morning,4,1,4.0,1,1,50
202400001099,2024-02-11,Evening,4,8,3.0,5,2,37
202400001100,2024-06-06,Evening,4,1,3.0,1,2,50
202400001101,2024-02-11,Afternoon,4,1,3.0,1,2,37
202400001102,2024-06-06,Evening,4,1,6.0,1,2,50
202400001103,2024-02-11,Evening,4,1,1.0,1,2,34
202400001104,2024-06-07,Evening,3,1,6.0,1,2,45
202400001105,2024-02-11,Evening,4,1,6.0,2,2,34
202400001106,2024-06-07,Evening,4,7,3.0,1,2,45
202400001107,2024-02-10,Evening,4,2,3.0,5,2,25
202400001108,2024-06-07,Morning,4,1,6.0,1,2,45
202400001109,2024-05-15,Morning,3,3,6.0,1,2,42
202400001110,2024-02-11,Morning,4,1,5.0,5,2,25
202400001111,2024-02-11,Morning,3,1,7.0,2,1,22
202400001112,2024-06-05,Afternoon,4,1,3.0,1,2,40
202400001113,2024-02-10,Evening,4,1,7.0,2,1,22
202400001114,2024-06-07,Evening,4,2,1.0,1,2,38
202400001115,2024-02-09,Afternoon,3,3,7.0,5,2,13
202400001116,2024-06-06,Night,4,1,6.0,5,2,37
202400001117,2024-01-31,Morning,3,1,6.0,1,2,05
202400001118,2024-06-07,Morning,4,1,6.0,1,2,35
202400001119,2024-02-09,Morning,4,8,2.0,1,2,75
202400001120,2024-10-24,Afternoon,3,1,6.0,1,1,31
202400001121,2024-06-07,Morning,4,1,3.0,1,2,35
202400001122,2024-02-11,Afternoon,4,1,6.0,1,2,75
202400001123,2024-02-10,Morning,4,2,6.0,1,2,75
202400001124,2024-06-07,Night,4,1,2.0,5,2,34
202400001125,2024-10-25,Afternoon,4,1,5.0,1,1,03
202400001126,2024-06-07,Morning,4,1,2.0,1,2,34
202400001127,2024-02-11,Night,4,1,6.0,5,2,75
202400001128,2024-02-10,Morning,3,2,6.0,1,2,75
202400001129,2024-06-06,Evening,3,1,3.0,1,2,34
202400001130,2024-10-24,Afternoon,3,1,7.0,1,1,58
202400001131,2024-02-11,Afternoon,4,2,6.0,1,2,75
202400001132,2024-06-07,Evening,4,1,2.0,2,2,34
202400001133,2024-10-24,Morning,3,1,6.0,1,2,66
202400001134,2024-02-09,Afternoon,4,1,3.0,1,2,75
202400001135,2024-06-07,Night,4,1,1.0,5,2,33
202400001136,2024-10-24,Afternoon,3,1,6.0,1,2,72
202400001137,2024-06-07,Afternoon,4,2,6.0,1,2,33
202400001138,2024-02-11,Morning,4,2,7.0,5,2,75
202400001139,2024-06-06,Night,3,1,6.0,5,2,33
202400001140,2024-02-11,Night,4,1,3.0,4,2,75
202400001141,2024-10-24,Night,4,1,6.0,5,2,06
202400001142,2024-06-07,Evening,4,1,2.0,1,2,29
202400001143,2024-10-25,Night,3,2,6.0,3,1,50
202400001144,2024-02-10,Afternoon,4,2,6.0,1,2,75
202400001145,2024-06-06,Morning,4,1,2.0,1,2,29
202400001146,2024-10-24,Morning,4,1,6.0,1,1,09
202400001147,2024-02-11,Morning,4,2,1.0,1,2,94
202400001148,2024-02-10,Night,4,2,7.0,5,2,94
202400001149,2024-10-21,Morning,4,1,3.0,1,1,16
202400001150,2024-02-11,Afternoon,4,2,2.0,1,2,93
202400001151,2024-06-06,Morning,4,1,3.0,1,2,27
202400001152,2024-10-24,Evening,3,1,1.0,2,1,16
202400001153,2024-02-11,Night,4,1,7.0,5,2,93
202400001154,2024-02-11,Morning,4,2,3.0,4,2,92
202400001155,2024-06-07,Evening,4,1,1.0,2,1,22
202400001156,2024-02-11,Night,4,1,6.0,5,2,92
202400001157,2024-06-05,Evening,3,1,6.0,1,2,21
202400001158,2024-10-24,Evening,3,2,3.0,3,1,07
202400001159,2024-02-11,Evening,4,1,3.0,5,2,92
202400001160,2024-06-07,Afternoon,4,1,6.0,1,2,19
202400001161,2024-02-12,Morning,3,1,6.0,5,2,60
202400001162,2024-10-23,Afternoon,3,1,3.0,1,2,53
202400001163,2024-06-07,Night,3,1,7.0,5,1,17
202400001164,2024-10-25,Afternoon,2,1,6.0,1,1,85
202400001165,2024-02-12,Evening,3,2,6.0,5,2,91
202400001166,2024-06-07,Evening,3,1,3.0,1,2,17
202400001167,2024-10-25,Night,3,1,6.0,3,1,85
202400001168,2024-02-12,Afternoon,2,1,1.0,1,1,71
202400001169,2024-06-07,Night,4,1,3.0,5,2,13
202400001170,2024-06-07,Morning,4,8,3.0,1,2,09
202400001171,2024-10-24,Evening,4,1,4.0,3,1,33
202400001172,2024-02-10,Night,3,3,1.0,5,2,33
202400001173,2024-02-10,Morning,3,6,6.0,2,2,31
202400001175,2024-06-06,Afternoon,4,1,2.0,1,2,06
202400001177,2024-06-07,Evening,4,1,2.0,1,1,01
202400001178,2024-10-22,Afternoon,4,1,6.0,1,2,69
202400001179,2024-06-06,Morning,3,1,3.0,1,2,75
202400001180,2024-02-11,Evening,4,1,6.0,3,1,40
202400001181,2024-10-23,Evening,4,1,2.0,3,1,17
202400001182,2024-02-11,Evening,3,3,7.0,3,1,21
202400001184,2024-06-07,Afternoon,4,1,3.0,1,2,75
202400001185,2024-02-11,Afternoon,4,1,2.0,1,1,43
202400001186,2024-06-07,Afternoon,4,1,3.0,1,2,75
202400001187,2024-02-06,Afternoon,4,1,3.0,1,1,37
202400001188,2024-06-21,Evening,3,1,3.0,1,1,13
202400001189,2024-06-07,Afternoon,4,1,3.0,1,2,75
202400001190,2024-02-12,Morning,4,1,7.0,1,1,61
202400001191,2024-10-22,Night,3,1,6.0,4,2,45
202400001192,2024-06-04,Afternoon,4,1,6.0,1,2,75
202400001193,2024-10-25,Afternoon,3,1,7.0,1,1,91
202400001194,2024-06-06,Evening,4,1,6.0,1,2,75
202400001195,2024-02-10,Evening,4,2,5.0,3,1,56
202400001196,2024-05-31,Evening,4,1,2.0,1,2,75
202400001197,2024-10-12,Night,3,5,6.0,3,1,84
202400001198,2024-06-07,Evening,4,1,3.0,1,2,75
202400001199,2024-02-11,Evening,4,1,1.0,3,1,81
202400001200,2024-07-29,Evening,3,1,3.0,2,2,83
202400001201,2024-06-07,Morning,4,1,1.0,1,2,75
202400001202,2024-02-11,Morning,3,7,6.0,1,2,42
202400001203,2024-10-25,Morning,4,8,6.0,1,1,06
202400001204,2024-06-06,Evening,4,1,6.0,1,2,75
202400001205,2024-02-10,Afternoon,3,2,3.0,1,1,47
202400001206,2024-10-24,Afternoon,4,7,3.0,1,2,89
202400001207,2024-06-07,Evening,4,1,3.0,1,2,75
202400001208,2024-06-07,Afternoon,3,1,6.0,1,2,75
202400001209,2024-02-10,Afternoon,4,1,3.0,1,1,29
202400001210,2024-10-22,Morning,3,1,3.0,1,2,68
202400001211,2024-06-07,Morning,3,1,6.0,1,2,75
202400001212,2024-02-09,Afternoon,4,1,3.0,1,2,31
202400001213,2024-06-07,Morning,3,1,7.0,1,2,75
202400001214,2024-01-26,Evening,4,1,6.0,3,1,03
202400001215,2024-10-24,Evening,3,1,6.0,5,1,57
202400001216,2024-06-07,Night,4,1,6.0,5,2,75
202400001217,2024-02-12,Afternoon,4,1,6.0,1,2,58
202400001218,2024-02-12,Evening,2,1,7.0,3,1,72
202400001219,2024-06-06,Night,4,1,2.0,5,2,94
202400001220,2024-10-24,Afternoon,3,3,7.0,1,1,07
202400001221,2024-02-05,Morning,4,1,5.0,3,1,14
202400001222,2024-06-06,Evening,4,1,6.0,1,2,94
202400001223,2024-10-12,Afternoon,2,3,6.0,1,2,01
202400001224,2024-02-12,Afternoon,3,1,6.0,1,1,50
202400001225,2024-06-07,Afternoon,4,7,6.0,1,2,94
202400001226,2024-02-12,Night,2,1,6.0,3,1,09
202400001227,2024-10-23,Morning,3,1,3.0,1,1,01
202400001228,2024-02-11,Evening,4,8,7.0,3,1,43
202400001229,2024-06-07,Morning,4,1,3.0,1,2,94
202400001230,2024-02-11,Evening,3,1,7.0,5,2,40
202400001231,2024-10-23,Morning,3,5,2.0,1,1,33
202400001232,2024-02-08,Evening,3,1,6.0,3,1,87
202400001233,2024-06-07,Evening,4,7,3.0,1,2,94
202400001234,2024-10-24,Night,4,1,3.0,3,1,14
202400001235,2024-06-07,Evening,4,1,6.0,1,2,94
202400001236,2024-10-25,Night,2,1,6.0,3,1,62
202400001237,2024-02-12,Afternoon,4,1,1.0,1,1,13
202400001238,2024-06-07,Afternoon,4,1,3.0,1,2,94
202400001239,2024-10-25,Afternoon,4,1,7.0,1,1,59
202400001241,2024-06-07,Afternoon,4,1,3.0,1,2,93
202400001242,2024-10-20,Night,4,1,2.0,5,1,13
202400001243,2024-02-10,Afternoon,4,2,6.0,1,2,77
202400001244,2024-06-07,Night,4,1,6.0,5,2,93
202400001245,2024-02-08,Evening,4,2,1.0,5,2,77
202400001246,2024-10-23,Evening,4,1,2.0,1,1,33
202400001247,2024-06-07,Night,3,1,3.0,3,2,93
202400001248,2024-02-11,Afternoon,3,1,3.0,1,1,13
202400001249,2024-06-07,Morning,4,1,3.0,1,2,93
202400001250,2024-02-09,Afternoon,3,1,6.0,2,2,44
202400001251,2024-10-23,Afternoon,4,1,2.0,1,1,59
202400001252,2024-02-12,Morning,4,1,7.0,2,1,27
202400001253,2024-06-06,Morning,4,1,3.0,1,2,93
202400001254,2024-10-23,Evening,2,1,2.0,1,1,59
202400001255,2024-02-12,Night,3,2,7.0,3,1,60
202400001256,2024-06-07,Afternoon,4,1,6.0,1,2,93
202400001257,2024-10-21,Afternoon,4,2,2.0,1,1,62
202400001258,2024-02-10,Morning,4,8,1.0,2,2,59
202400001259,2024-10-22,Morning,4,1,7.0,2,1,59
202400001260,2024-06-07,Afternoon,4,1,3.0,1,2,92
202400001261,2024-02-12,Morning,2,1,1.0,1,2,59
202400001262,2024-06-06,Afternoon,4,1,6.0,1,2,92
202400001263,2024-10-18,Evening,4,1,2.0,3,1,62
202400001264,2024-02-11,Afternoon,4,1,2.0,1,1,13
202400001265,2024-06-07,Afternoon,4,1,6.0,1,2,92
202400001266,2024-10-24,Evening,4,1,2.0,3,1,91
202400001267,2024-02-11,Morning,3,1,7.0,1,1,13
202400001268,2024-06-07,Evening,4,1,3.0,1,2,92
202400001269,2024-02-11,Night,4,1,2.0,3,1,13
202400001270,2024-06-07,Morning,4,1,6.0,1,2,92
202400001271,2024-10-24,Morning,4,1,2.0,1,1,91
202400001272,2024-06-07,Morning,4,1,2.0,1,2,92
202400001273,2024-10-24,Evening,4,1,3.0,1,1,92
202400001274,2024-02-11,Night,4,1,2.0,3,1,13
202400001275,2024-02-09,Night,4,3,3.0,3,1,13
202400001276,2024-10-24,Afternoon,4,1,2.0,1,1,92
202400001277,2024-06-05,Evening,4,1,4.0,1,1,50
202400001278,2024-02-10,Night,4,3,3.0,3,1,13
202400001279,2024-10-23,Evening,4,1,4.0,3,1,78
202400001280,2024-06-08,Afternoon,3,1,1.0,1,2,47
202400001281,2024-02-10,Night,3,3,7.0,3,1,13
202400001282,2024-10-23,Morning,4,5,3.0,1,1,92
202400001283,2024-06-08,Night,3,1,7.0,3,1,35
202400001284,2024-02-11,Evening,4,1,7.0,3,1,91
202400001285,2024-06-08,Night,2,1,6.0,5,2,91
202400001286,2024-10-23,Afternoon,4,1,4.0,1,1,93
202400001287,2024-02-11,Evening,4,1,1.0,3,1,91
202400001288,2024-06-06,Evening,3,7,1.0,2,1,18
202400001289,2024-02-10,Evening,4,2,6.0,3,1,91
202400001290,2024-10-23,Morning,4,1,3.0,1,1,93
202400001291,2024-06-07,Morning,2,1,1.0,2,1,49
202400001292,2024-02-10,Night,4,2,2.0,3,1,91
202400001293,2024-10-24,Afternoon,4,1,3.0,1,1,94
202400001295,2024-02-10,Night,4,2,2.0,3,1,91
202400001296,2024-10-24,Afternoon,2,1,2.0,1,1,94
202400001297,2024-06-08,Night,4,1,2.0,2,1,14
202400001298,2024-10-24,Morning,4,1,2.0,3,1,94
202400001299,2024-02-10,Afternoon,4,3,2.0,2,1,92
202400001300,2024-06-06,Afternoon,4,8,3.0,1,1,71
202400001301,2024-10-24,Morning,4,1,2.0,3,1,77
202400001302,2024-02-11,Night,4,1,4.0,4,1,95
202400001303,2024-06-07,Afternoon,4,1,7.0,1,1,38
202400001304,2024-06-08,Night,4,1,6.0,2,1,62
202400001305,2024-10-23,Night,4,1,2.0,3,1,77
202400001306,2024-02-10,Night,4,8,5.0,5,1,93
202400001307,2024-06-07,Afternoon,3,1,7.0,1,1,27
202400001308,2024-06-25,Night,3,1,6.0,2,2,35
202400001309,2024-06-08,Morning,3,1,7.0,1,1,57
202400001310,2024-05-31,Afternoon,3,1,6.0,1,2,38
202400001311,2024-02-11,Night,4,2,3.0,4,1,94
202400001312,2024-06-07,Evening,4,1,3.0,1,1,56
202400001313,2024-02-11,Night,4,2,6.0,3,1,94
202400001314,2024-05-03,Evening,4,2,6.0,1,2,38
202400001315,2024-06-07,Afternoon,4,1,3.0,1,1,77
202400001316,2024-02-11,Night,4,8,4.0,3,1,94
202400001317,2024-06-08,Afternoon,2,1,7.0,1,1,79
202400001318,2024-02-11,Night,4,2,2.0,3,1,93
202400001319,2024-06-06,Morning,3,1,3.0,1,1,33
202400001320,2024-06-08,Afternoon,4,1,6.0,1,1,71
202400001321,2024-06-08,Morning,4,1,3.0,1,2,71
202400001322,2024-06-29,Evening,4,1,3.0,1,2,01
202400001323,2024-05-30,Morning,4,1,2.0,1,1,61
202400001325,2024-06-07,Afternoon,3,1,1.0,1,1,61
202400001327,2024-06-07,Evening,3,1,5.0,1,1,44
202400001328,2024-06-07,Afternoon,4,1,7.0,1,1,44
202400001330,2024-06-07,Afternoon,3,1,3.0,1,1,44
202400001332,2024-06-08,Morning,3,1,3.0,1,1,29
202400001333,2024-10-23,Evening,3,1,3.0,5,2,69
202400001334,2024-06-07,Night,4,1,6.0,3,1,29
202400001335,2024-10-16,Afternoon,4,2,6.0,1,2,69
202400001336,2024-06-07,Afternoon,4,1,3.0,1,1,29
202400001337,2024-10-23,Afternoon,3,1,6.0,1,2,69
202400001338,2024-06-04,Morning,3,1,6.0,1,2,31
202400001340,2024-10-23,Afternoon,4,1,2.0,1,2,91
202400001341,2024-06-06,Morning,3,1,7.0,2,1,84
202400001342,2024-06-08,Night,3,1,6.0,4,2,03
202400001343,2024-10-23,Morning,4,1,3.0,1,2,87
202400001344,2024-06-07,Afternoon,3,1,7.0,1,2,15
202400001345,2024-10-22,Morning,4,1,7.0,5,2,87
202400001346,2024-06-08,Morning,2,1,6.0,2,2,01
202400001347,2024-10-22,Morning,4,1,6.0,5,2,87
202400001348,2024-06-07,Evening,3,1,6.0,1,1,06
202400001349,2024-10-12,Evening,3,1,6.0,2,2,83
202400001350,2024-10-22,Morning,3,1,6.0,1,2,83
202400001351,2024-06-07,Evening,3,1,3.0,1,2,50
202400001352,2024-06-08,Morning,2,2,3.0,1,1,43
202400001353,2024-10-23,Afternoon,4,1,2.0,1,1,82
202400001354,2024-10-21,Morning,4,2,6.0,1,1,80
202400001355,2024-06-07,Evening,4,1,1.0,1,1,10
202400001356,2024-06-07,Evening,4,1,3.0,3,1,07
202400001357,2024-10-23,Evening,4,1,3.0,5,2,78
202400001358,2024-10-23,Morning,4,5,2.0,2,2,78
202400001359,2024-06-08,Afternoon,3,1,1.0,1,1,24
202400001360,2024-10-23,Morning,4,5,3.0,2,2,78
202400001361,2024-06-07,Afternoon,4,1,1.0,1,1,17
202400001362,2024-10-23,Afternoon,4,1,6.0,1,2,77
202400001363,2024-06-08,Night,3,1,6.0,4,1,87
202400001364,2024-10-23,Evening,4,1,3.0,5,2,76
202400001365,2024-06-08,Morning,2,1,7.0,1,2,30
202400001366,2024-10-23,Morning,4,1,6.0,1,2,76
202400001368,2024-06-08,Afternoon,4,1,6.0,1,1,69
202400001369,2024-10-23,Morning,4,1,3.0,5,2,76
202400001370,2024-06-08,Evening,4,1,6.0,1,1,06
202400001371,2024-06-08,Night,4,1,3.0,3,1,13
202400001372,2024-10-22,Afternoon,4,1,6.0,1,2,72
202400001373,2024-06-06,Afternoon,4,1,6.0,1,1,30
202400001374,2024-10-22,Morning,4,1,3.0,1,2,72
202400001375,2024-06-07,Afternoon,3,1,7.0,1,1,17
202400001376,2024-06-08,Morning,3,1,7.0,1,1,62
202400001377,2024-10-23,Evening,3,1,3.0,5,2,69
202400001378,2024-06-08,Night,4,1,2.0,2,1,77
202400001379,2024-10-23,Evening,4,1,2.0,5,2,69
202400001380,2024-06-07,Evening,2,1,7.0,1,1,77
202400001381,2024-06-07,Night,3,1,6.0,3,1,77
202400001382,2024-10-23,Night,4,1,3.0,5,2,67
202400001383,2024-06-08,Afternoon,4,1,6.0,1,1,78
202400001384,2024-06-08,Night,4,1,1.0,2,1,84
202400001385,2024-10-23,Morning,4,2,3.0,3,2,63
202400001386,2024-06-07,Evening,2,1,6.0,1,1,84
202400001387,2024-10-20,Afternoon,4,1,3.0,1,1,62
202400001388,2024-06-06,Afternoon,3,1,6.0,1,1,13
202400001390,2024-04-14,Morning,3,1,1.0,1,2,13
202400001391,2024-11-30,Afternoon,4,5,7.0,1,1,47
202400001392,2024-10-23,Afternoon,4,1,4.0,1,2,59
202400001393,2024-06-07,Morning,3,1,6.0,1,2,68
202400001394,2024-11-30,Morning,4,1,2.0,2,1,11
202400001395,2024-06-07,Evening,4,1,1.0,1,1,68
202400001396,2024-12-01,Night,3,1,1.0,3,1,76
202400001397,2024-10-23,Afternoon,4,1,4.0,1,2,58
202400001398,2024-05-31,Afternoon,4,2,4.0,1,2,67
202400001399,2024-11-30,Night,4,1,2.0,3,1,77
202400001400,2024-10-23,Afternoon,4,1,3.0,1,2,57
202400001402,2024-06-08,Morning,4,2,2.0,1,1,38
202400001403,2024-10-22,Morning,4,1,7.0,3,1,56
202400001404,2024-12-01,Evening,3,1,1.0,3,1,35
202400001405,2024-06-08,Afternoon,4,1,6.0,1,1,69
202400001406,2024-06-08,Night,4,1,7.0,4,1,65
202400001407,2024-11-30,Morning,4,1,2.0,1,1,26
202400001408,2024-06-08,Night,4,1,7.0,2,1,72
202400001409,2024-10-23,Evening,4,1,3.0,5,2,54
202400001410,2024-12-01,Evening,4,1,1.0,5,2,59
202400001411,2024-10-22,Afternoon,4,1,6.0,1,2,54
202400001412,2024-11-30,Evening,3,1,1.0,5,2,85
202400001413,2024-06-08,Morning,4,1,1.0,1,1,22
202400001414,2024-10-22,Evening,4,1,2.0,5,2,51
202400001415,2024-11-30,Afternoon,4,1,1.0,1,2,34
202400001416,2024-10-22,Afternoon,3,1,6.0,1,2,51
202400001417,2024-11-29,Evening,3,1,7.0,3,1,57
202400001418,2024-06-08,Afternoon,4,1,2.0,1,2,60
202400001419,2024-11-30,Afternoon,3,1,3.0,1,1,2B
202400001420,2024-06-07,Evening,3,1,7.0,1,2,60
202400001421,2024-10-21,Evening,4,1,6.0,3,2,50
202400001422,2024-11-30,Morning,3,5,6.0,1,1,33
202400001423,2024-06-08,Afternoon,4,1,1.0,1,1,80
202400001424,2024-12-01,Night,3,9,6.0,3,1,69
202400001425,2024-06-08,Afternoon,3,1,6.0,1,1,80
202400001426,2024-12-01,Night,4,5,6.0,3,1,71
202400001427,2024-11-30,Night,3,5,6.0,5,2,71
202400001428,2024-10-22,Evening,4,1,4.0,5,2,49
202400001429,2024-06-08,Afternoon,4,1,3.0,1,1,59
202400001430,2024-12-01,Night,4,5,1.0,3,1,89
202400001431,2024-10-23,Morning,3,1,3.0,1,2,42
202400001432,2024-06-07,Afternoon,4,1,2.0,1,1,13
202400001433,2024-12-01,Morning,4,1,1.0,1,1,63
202400001434,2024-05-27,Afternoon,4,8,2.0,1,1,57
202400001435,2024-11-30,Afternoon,3,1,6.0,1,1,63
202400001436,2024-10-22,Afternoon,4,1,2.0,1,2,38
202400001437,2024-06-07,Evening,4,1,1.0,1,1,33
202400001438,2024-12-01,Afternoon,3,1,6.0,1,2,55
202400001439,2024-10-23,Morning,4,1,3.0,5,2,37
202400001440,2024-11-30,Night,4,1,6.0,3,1,22