Num_Acc,date,time_of_day,max_severity,weather,collision_type,lighting,urban_area,department
202400001441,2024-06-06,Morning,4,1,5.0,1,1,62
202400001442,2024-10-23,Morning,4,1,1.0,1,2,34
202400001443,2024-06-07,Evening,4,1,3.0,2,1,91
202400001444,2024-10-23,Afternoon,4,7,5.0,1,2,33
202400001445,2024-06-07,Afternoon,4,1,5.0,1,1,94
202400001446,2024-10-23,Evening,4,1,3.0,2,2,33
202400001447,2024-10-23,Evening,4,1,6.0,2,2,33
202400001448,2024-10-23,Afternoon,4,1,3.0,1,2,33
202400001449,2024-10-12,Afternoon,4,2,2.0,1,2,30
202400001450,2024-10-22,Evening,3,1,3.0,1,2,29
202400001451,2024-10-23,Afternoon,4,7,3.0,1,2,27
202400001452,2024-10-22,Morning,4,1,6.0,1,2,27
202400001453,2024-10-23,Morning,3,1,5.0,3,1,22
202400001454,2024-10-23,Morning,4,1,2.0,1,2,21
202400001455,2024-10-23,Evening,3,1,6.0,1,1,17
202400001456,2024-10-22,Afternoon,4,1,5.0,1,2,11
202400001457,2024-10-23,Afternoon,4,1,3.0,1,2,10
202400001458,2024-10-22,Afternoon,4,1,6.0,1,2,10
202400001459,2024-10-22,Night,4,1,4.0,5,2,75
202400001460,2024-10-23,Afternoon,4,1,3.0,1,2,75
202400001461,2024-10-23,Morning,4,1,3.0,1,2,75
202400001462,2024-10-23,Morning,4,1,3.0,1,2,75
202400001463,2024-10-23,Morning,4,1,6.0,1,2,75
202400001464,2024-10-23,Afternoon,4,1,2.0,1,2,75
202400001465,2024-10-23,Morning,4,1,6.0,1,2,75
202400001466,2024-10-23,Afternoon,4,1,3.0,1,2,75
202400001467,2024-10-23,Evening,4,1,6.0,3,2,75
202400001468,2024-10-23,Afternoon,4,1,1.0,1,2,75
202400001469,2024-10-23,Morning,4,8,3.0,1,2,75
202400001470,2024-10-22,Night,4,1,6.0,5,2,75
202400001471,2024-10-23,Evening,4,1,6.0,5,2,75
202400001472,2024-10-23,Evening,4,1,6.0,5,2,75
202400001473,2024-10-23,Afternoon,4,1,6.0,1,2,75
202400001474,2024-10-23,Afternoon,4,1,7.0,1,2,75
202400001475,2024-10-22,Night,4,1,1.0,5,2,94
202400001476,2024-10-22,Evening,4,1,3.0,5,2,94
202400001477,2024-10-23,Evening,4,1,2.0,3,2,93
202400001478,2024-10-22,Night,2,2,6.0,3,1,93
202400001479,2024-10-23,Afternoon,3,1,2.0,1,2,93
202400001480,2024-10-23,Evening,3,1,6.0,1,2,93
202400001481,2024-10-22,Evening,4,1,3.0,5,2,93
202400001482,2024-10-22,Afternoon,4,1,2.0,1,2,93
202400001483,2024-10-22,Morning,4,1,6.0,1,2,93
202400001484,2024-10-22,Evening,2,1,1.0,5,2,93
202400001485,2024-10-23,Afternoon,4,1,6.0,1,2,93
202400001486,2024-10-23,Morning,4,1,6.0,1,2,93
202400001487,2024-10-23,Morning,4,1,3.0,1,2,93
202400001488,2024-10-21,Afternoon,4,1,1.0,1,2,93
202400001489,2024-10-22,Afternoon,4,1,6.0,1,2,92
202400001490,2024-10-23,Morning,4,1,3.0,1,2,92
202400001491,2024-10-22,Afternoon,4,1,6.0,1,2,92
202400001492,2024-10-23,Afternoon,4,1,6.0,1,2,92
202400001493,2024-10-22,Morning,4,1,3.0,1,2,92
202400001494,2024-10-23,Afternoon,4,1,2.0,1,2,92
202400001495,2024-10-23,Afternoon,4,1,6.0,1,2,92
202400001496,2024-10-23,Morning,4,1,3.0,1,2,92
202400001497,2024-10-23,Morning,4,1,2.0,1,2,92
202400001498,2024-10-22,Afternoon,4,1,2.0,1,2,92
202400001499,2024-10-23,Afternoon,4,1,1.0,1,2,92
202400001500,2024-10-23,Afternoon,4,1,3.0,1,2,37
202400001501,2024-10-23,Evening,3,1,3.0,5,2,33
202400001502,2024-10-21,Afternoon,4,1,1.0,2,1,33
202400001503,2024-10-20,Evening,2,1,6.0,3,1,60
202400001504,2024-10-23,Afternoon,3,1,3.0,1,1,60
202400001505,2024-10-23,Morning,3,1,6.0,1,2,31
202400001507,2024-10-23,Evening,3,1,6.0,1,2,59
202400001508,2024-10-23,Evening,4,1,1.0,3,1,68
202400001509,2024-10-24,Night,3,1,6.0,5,2,77
202400001510,2024-10-23,Morning,3,1,3.0,1,1,35
202400001511,2024-10-24,Afternoon,3,1,3.0,1,1,59
202400001512,2024-10-24,Night,3,1,6.0,3,1,56
202400001513,2024-10-23,Afternoon,3,1,3.0,1,1,59
202400001514,2024-10-23,Afternoon,4,1,1.0,1,1,2B
202400001515,2024-10-23,Afternoon,4,1,1.0,1,1,82
202400001516,2024-10-15,Afternoon,3,8,7.0,1,1,33
202400001517,2024-10-23,Night,3,1,6.0,4,1,71
202400001518,2024-10-23,Evening,4,1,7.0,3,1,71
202400001519,2024-10-24,Afternoon,2,1,1.0,1,1,55
202400001520,2024-10-23,Night,3,1,6.0,3,1,42
202400001521,2024-10-21,Morning,3,1,3.0,3,2,34
202400001522,2024-10-22,Evening,3,1,1.0,5,1,68
202400001523,2024-10-24,Afternoon,3,1,6.0,1,1,39
202400001524,2024-10-24,Afternoon,3,1,3.0,1,1,39
202400001525,2024-10-22,Afternoon,4,1,5.0,1,1,44
202400001526,2024-10-23,Morning,4,1,3.0,2,2,44
202400001527,2024-10-23,Evening,3,1,6.0,3,1,29
202400001528,2024-10-23,Afternoon,2,1,6.0,1,2,15
202400001529,2024-09-13,Evening,4,1,6.0,5,2,01
202400001530,2024-10-24,Morning,4,5,6.0,2,1,72
202400001531,2024-10-24,Afternoon,4,9,2.0,5,2,06
202400001532,2024-10-24,Afternoon,3,1,3.0,1,2,60
202400001533,2024-10-23,Afternoon,3,7,3.0,1,2,64
202400001534,2024-10-22,Afternoon,4,2,2.0,1,1,07
202400001535,2024-10-23,Evening,3,1,3.0,5,2,40
202400001536,2024-03-23,Evening,4,1,2.0,1,2,34
202400001537,2024-03-23,Morning,4,1,3.0,1,2,34
202400001538,2024-03-22,Afternoon,4,1,3.0,1,2,34
202400001539,2024-03-22,Evening,3,1,3.0,1,2,33
202400001540,2024-03-23,Afternoon,4,1,3.0,1,2,30
202400001541,2024-03-23,Morning,4,1,3.0,1,1,28
202400001542,2024-03-23,Night,4,1,3.0,5,2,16
202400001543,2024-03-22,Afternoon,4,1,3.0,1,2,13
202400001544,2024-03-23,Morning,4,1,3.0,1,2,13
202400001545,2024-03-23,Morning,4,1,3.0,1,2,13
202400001546,2024-03-23,Afternoon,3,1,3.0,1,2,11
202400001547,2024-03-23,Evening,3,1,3.0,5,2,06
202400001548,2024-03-22,Night,4,1,3.0,5,2,06
202400001549,2024-03-23,Afternoon,4,1,2.0,1,2,75
202400001550,2024-03-22,Night,4,3,6.0,5,2,75
202400001551,2024-03-23,Afternoon,4,1,6.0,1,2,75
202400001552,2024-03-23,Afternoon,4,2,2.0,1,2,75
202400001553,2024-03-23,Night,4,1,1.0,5,2,75
202400001554,2024-03-22,Afternoon,4,1,3.0,1,2,75
202400001555,2024-03-23,Night,4,1,3.0,5,2,75
202400001556,2024-03-23,Night,4,1,6.0,5,2,75
202400001557,2024-03-23,Night,4,1,1.0,2,2,75
202400001558,2024-03-23,Evening,4,1,6.0,5,2,94
202400001559,2024-03-23,Morning,4,1,6.0,2,2,94
202400001560,2024-03-22,Afternoon,4,1,3.0,1,2,94
202400001561,2024-03-23,Night,3,2,6.0,5,2,94
202400001562,2024-07-10,Morning,3,1,1.0,1,1,59
202400001563,2024-03-23,Evening,4,2,6.0,5,2,93
202400001564,2024-03-23,Afternoon,4,1,6.0,1,2,93
202400001565,2024-07-07,Morning,4,1,3.0,1,1,79
202400001566,2024-03-23,Morning,4,1,3.0,1,2,93
202400001567,2024-07-10,Evening,3,1,2.0,1,2,2A
202400001568,2024-03-23,Afternoon,4,1,3.0,1,2,93
202400001569,2024-07-10,Morning,3,1,7.0,1,2,65
202400001570,2024-03-23,Morning,4,1,3.0,1,2,93
202400001571,2024-03-23,Evening,4,2,4.0,5,2,93
202400001572,2024-07-10,Evening,3,1,3.0,1,1,81
202400001573,2024-03-23,Morning,4,8,2.0,1,2,92
202400001574,2024-07-11,Afternoon,3,7,3.0,1,2,47
202400001575,2024-03-23,Evening,4,1,2.0,5,2,92
202400001576,2024-07-11,Afternoon,4,3,3.0,1,1,68
202400001577,2024-03-23,Morning,4,1,3.0,1,2,92
202400001578,2024-03-22,Night,4,2,3.0,5,2,92
202400001579,2024-07-11,Afternoon,4,1,7.0,1,1,39
202400001580,2024-03-23,Afternoon,4,2,3.0,1,2,92
202400001581,2024-03-23,Night,3,9,3.0,5,2,92
202400001582,2024-03-23,Evening,4,2,3.0,5,2,92
202400001583,2024-07-10,Evening,3,8,1.0,1,1,25
202400001584,2024-03-23,Evening,4,9,6.0,5,2,92
202400001585,2024-07-09,Morning,3,2,6.0,1,2,44
202400001586,2024-03-23,Afternoon,4,2,3.0,1,2,92
202400001587,2024-03-23,Morning,2,1,6.0,1,2,35
202400001588,2024-03-23,Night,3,2,6.0,3,1,37
202400001589,2024-07-06,Evening,4,1,3.0,1,1,44
202400001590,2024-03-23,Afternoon,3,4,6.0,1,1,76
202400001591,2024-07-10,Evening,3,1,1.0,1,1,38
202400001592,2024-03-24,Morning,4,1,6.0,1,1,71
202400001593,2024-07-10,Morning,4,1,1.0,1,1,38
202400001594,2024-03-24,Afternoon,3,1,1.0,1,1,33
202400001595,2024-03-23,Evening,4,2,3.0,1,2,76
202400001596,2024-07-11,Afternoon,4,1,6.0,1,2,02
202400001597,2024-03-23,Evening,4,1,6.0,3,2,31
202400001598,2024-07-11,Afternoon,3,1,6.0,1,1,50
202400001599,2024-03-24,Afternoon,3,1,7.0,1,1,51
202400001601,2024-07-11,Afternoon,3,1,1.0,1,1,50
202400001602,2024-03-23,Afternoon,4,1,3.0,1,1,59
202400001603,2024-07-11,Evening,3,1,7.0,1,2,18
202400001604,2024-03-24,Night,3,2,6.0,3,2,60
202400001605,2024-07-10,Evening,3,1,7.0,1,1,36
202400001606,2024-03-22,Afternoon,3,1,6.0,1,1,63
202400001607,2024-03-22,Evening,3,1,3.0,1,1,63
202400001608,2024-07-07,Afternoon,4,1,1.0,1,1,04
202400001609,2024-03-23,Evening,3,1,1.0,5,2,30
202400001610,2024-07-11,Night,2,1,3.0,3,1,85
202400001611,2024-03-22,Evening,4,1,3.0,2,2,34
202400001612,2024-07-11,Night,3,1,7.0,3,2,85
202400001613,2024-03-24,Night,4,2,3.0,3,1,57
202400001614,2024-07-08,Evening,4,1,3.0,1,1,17
202400001615,2024-03-14,Morning,4,1,6.0,1,2,57
202400001616,2024-07-10,Evening,3,1,7.0,1,1,48
202400001617,2024-03-24,Morning,3,1,1.0,1,2,62
202400001618,2024-05-27,Morning,3,1,7.0,1,1,52
202400001619,2024-03-23,Afternoon,3,2,7.0,1,1,51
202400001620,2024-03-23,Night,3,1,6.0,3,1,19
202400001621,2024-03-24,Morning,3,1,7.0,1,1,61
202400001622,2024-07-10,Afternoon,4,2,6.0,1,1,21
202400001623,2024-03-23,Night,2,1,1.0,3,1,13
202400001624,2024-03-22,Afternoon,2,1,6.0,1,1,02
202400001625,2024-07-11,Morning,4,1,2.0,1,1,69
202400001626,2024-03-24,Afternoon,3,1,6.0,1,1,26
202400001627,2024-07-10,Evening,4,1,7.0,2,1,13
202400001628,2024-03-22,Afternoon,4,1,3.0,1,2,06
202400001629,2024-03-24,Afternoon,4,6,4.0,1,1,60
202400001631,2024-03-23,Night,3,1,3.0,3,1,64
202400001633,2024-03-23,Evening,3,7,3.0,2,1,43
202400001635,2024-02-20,Morning,3,1,3.0,1,1,27
202400001636,2024-07-11,Afternoon,3,1,3.0,1,1,77
202400001637,2024-07-11,Morning,4,1,6.0,1,2,95
202400001638,2024-03-18,Afternoon,4,1,1.0,1,1,17
202400001639,2024-03-24,Afternoon,4,2,6.0,1,1,73
202400001640,2024-03-24,Night,4,2,3.0,5,2,42
202400001641,2024-07-10,Afternoon,3,1,5.0,1,1,78
202400001642,2024-03-23,Night,3,1,3.0,3,1,69
202400001643,2024-07-09,Evening,3,1,1.0,2,2,30
202400001644,2024-05-23,Afternoon,3,1,6.0,1,2,34
202400001645,2024-03-23,Evening,3,1,7.0,1,1,13
202400001646,2024-07-11,Night,2,1,7.0,3,1,34
202400001649,2024-07-11,Morning,4,1,3.0,1,1,84
202400001651,2024-07-11,Afternoon,4,1,2.0,1,1,13
202400001652,2024-03-24,Afternoon,3,1,6.0,1,2,06
202400001653,2024-03-24,Night,3,2,6.0,3,1,03
202400001654,2024-07-11,Evening,4,1,3.0,1,1,58
202400001655,2024-03-24,Afternoon,4,1,1.0,1,2,38
202400001656,2024-03-23,Evening,3,1,7.0,3,1,26
202400001657,2024-05-13,Morning,3,1,6.0,1,2,67
202400001658,2024-03-23,Night,3,1,3.0,2,2,01
202400001659,2024-07-11,Evening,2,1,3.0,1,2,03
202400001660,2024-03-23,Afternoon,4,1,1.0,1,1,01
202400001661,2024-07-10,Evening,3,1,3.0,1,1,63
202400001662,2024-03-23,Afternoon,3,1,6.0,1,1,69
202400001663,2024-03-23,Afternoon,4,1,5.0,1,1,86
202400001664,2024-03-23,Night,2,2,6.0,3,2,33
202400001665,2024-03-23,Morning,3,8,7.0,1,1,22
202400001666,2024-03-24,Evening,3,1,6.0,1,1,60
202400001667,2024-07-11,Morning,4,1,2.0,1,2,07
202400001668,2024-03-23,Night,3,1,2.0,3,1,69
202400001669,2024-07-10,Afternoon,3,1,3.0,1,2,01
202400001670,2024-03-22,Afternoon,4,1,2.0,5,1,92
202400001671,2024-07-11,Afternoon,3,1,6.0,1,1,81
202400001672,2024-03-23,Morning,4,1,2.0,1,1,93
202400001673,2024-03-22,Afternoon,4,1,2.0,1,1,95
202400001674,2024-07-10,Evening,4,1,4.0,1,1,17
202400001675,2024-03-21,Afternoon,4,1,3.0,1,2,94
202400001676,2024-07-03,Evening,4,1,3.0,1,1,33
202400001679,2024-07-11,Morning,4,1,1.0,1,1,50
202400001681,2024-07-10,Afternoon,3,1,7.0,1,1,14
202400001682,2024-03-22,Evening,4,1,6.0,2,2,69
202400001683,2024-07-09,Morning,3,2,6.0,1,2,22
202400001684,2024-07-10,Afternoon,4,1,6.0,1,2,22
202400001685,2024-03-22,Afternoon,4,1,3.0,1,2,69
202400001686,2024-03-22,Afternoon,4,1,3.0,1,2,69
202400001687,2024-07-11,Morning,3,1,1.0,1,1,76
202400001688,2024-03-22,Afternoon,4,1,6.0,1,2,69
202400001689,2024-07-09,Afternoon,3,1,6.0,1,2,62
202400001691,2024-07-11,Night,4,1,7.0,3,2,59
202400001692,2024-03-22,Afternoon,4,1,3.0,1,2,2A
202400001693,2024-07-10,Night,3,1,6.0,3,2,59
202400001694,2024-07-10,Afternoon,4,1,3.0,1,1,91
202400001695,2024-03-22,Night,4,2,2.0,3,2,95
202400001696,2024-07-10,Afternoon,4,1,6.0,1,1,91
202400001697,2024-03-22,Afternoon,4,1,1.0,1,2,95
202400001698,2024-07-10,Afternoon,4,1,7.0,1,1,91
202400001699,2024-03-22,Afternoon,4,1,6.0,1,2,95
202400001700,2024-07-10,Afternoon,4,1,3.0,1,1,91
202400001701,2024-03-19,Afternoon,4,1,6.0,1,2,95
202400001702,2024-07-10,Night,4,2,6.0,3,1,91
202400001703,2024-07-10,Evening,4,1,2.0,1,1,95
202400001704,2024-03-22,Morning,4,1,4.0,1,2,91
202400001705,2024-03-22,Morning,4,1,6.0,1,2,91
202400001706,2024-07-10,Morning,4,1,5.0,1,1,93
202400001707,2024-03-22,Afternoon,4,1,6.0,1,2,91
202400001708,2024-03-21,Morning,4,1,6.0,1,2,87
202400001709,2024-03-22,Evening,4,1,1.0,2,2,86
202400001710,2024-03-22,Afternoon,4,1,6.0,1,2,84
202400001711,2024-07-10,Morning,4,1,4.0,1,1,93
202400001712,2024-03-21,Morning,3,1,3.0,1,2,30
202400001713,2024-07-09,Night,4,1,5.0,3,1,95
202400001714,2024-03-22,Afternoon,4,1,3.0,1,2,82
202400001715,2024-07-10,Evening,4,1,2.0,1,1,93
202400001716,2024-03-21,Morning,4,1,3.0,1,2,80
202400001717,2024-07-09,Night,3,1,2.0,3,1,77
202400001718,2024-07-01,Morning,4,1,3.0,2,2,44
202400001719,2024-03-11,Morning,2,1,7.0,1,2,77
202400001720,2024-07-09,Morning,4,1,2.0,1,2,45
202400001721,2024-03-20,Evening,3,1,6.0,1,2,77
202400001722,2024-03-22,Afternoon,4,1,3.0,1,2,77
202400001723,2024-03-04,Evening,3,2,1.0,5,2,14
202400001724,2024-03-22,Night,4,1,6.0,3,2,77
202400001725,2024-04-17,Afternoon,4,1,6.0,1,2,50
202400001726,2024-03-22,Night,3,1,3.0,5,2,76
202400001727,2024-03-22,Evening,4,1,3.0,1,1,74
202400001729,2024-03-23,Night,4,2,6.0,5,2,72
202400001731,2024-03-22,Afternoon,4,1,2.0,1,2,72
202400001732,2024-03-22,Morning,4,1,2.0,1,2,72
202400001735,2024-03-22,Night,4,1,3.0,5,2,72
202400001737,2024-03-21,Afternoon,4,1,2.0,1,2,72
202400001738,2024-03-22,Afternoon,4,1,1.0,1,1,69
202400001740,2024-03-22,Morning,4,1,3.0,1,1,69
202400001742,2024-03-22,Morning,4,1,6.0,1,2,66
202400001744,2024-03-22,Morning,4,1,1.0,1,1,64
202400001745,2024-03-22,Afternoon,4,1,3.0,1,2,64
202400001747,2024-03-22,Morning,4,1,7.0,1,2,64
202400001749,2024-03-22,Morning,4,5,3.0,1,2,64
202400001750,2024-07-09,Evening,4,1,6.0,1,2,2A
202400001751,2024-03-21,Afternoon,4,1,1.0,1,1,63
202400001752,2024-03-22,Afternoon,4,1,6.0,1,2,63
202400001753,2024-07-08,Morning,4,1,6.0,1,2,84
202400001754,2024-03-22,Afternoon,3,2,6.0,1,2,62
202400001755,2024-07-09,Afternoon,4,1,3.0,1,2,83
202400001756,2024-03-22,Morning,3,1,2.0,1,2,62
202400001757,2024-03-22,Evening,3,2,6.0,5,2,59
202400001758,2024-07-08,Afternoon,4,1,2.0,1,2,80
202400001759,2024-03-22,Morning,4,1,6.0,1,2,58
202400001760,2024-07-09,Morning,4,1,6.0,1,2,78
202400001761,2024-03-22,Afternoon,4,1,6.0,1,2,57
202400001762,2024-03-22,Afternoon,4,3,4.0,2,2,56
202400001763,2024-03-21,Afternoon,3,1,3.0,1,2,56
202400001764,2024-03-22,Afternoon,4,1,3.0,1,2,54
202400001765,2024-07-08,Afternoon,4,1,2.0,1,1,77
202400001766,2024-03-21,Night,4,1,3.0,5,2,54
202400001767,2024-03-22,Morning,4,1,6.0,1,1,54
202400001768,2024-03-22,Afternoon,4,1,7.0,1,2,54
202400001769,2024-07-09,Afternoon,4,2,4.0,1,1,77
202400001770,2024-03-20,Afternoon,2,1,6.0,1,2,52
202400001771,2024-07-08,Afternoon,4,7,2.0,1,2,73
202400001772,2024-03-21,Afternoon,4,8,3.0,1,2,50
202400001773,2024-07-08,Afternoon,4,1,6.0,1,2,72
202400001774,2024-03-20,Afternoon,4,1,2.0,1,2,50
202400001775,2024-07-08,Evening,4,1,3.0,1,2,72
202400001776,2024-03-20,Afternoon,4,1,3.0,1,2,50
202400001777,2024-03-22,Afternoon,4,1,3.0,1,2,49
202400001778,2024-07-07,Evening,4,1,3.0,1,2,72
202400001779,2024-03-22,Morning,4,1,3.0,1,2,49
202400001780,2024-07-09,Morning,4,1,1.0,1,2,71
202400001781,2024-03-22,Morning,4,1,3.0,1,2,47
202400001782,2024-07-09,Morning,4,1,6.0,1,2,71
202400001783,2024-03-22,Afternoon,4,1,3.0,1,2,45
202400001784,2024-07-08,Morning,4,1,3.0,1,2,69
202400001785,2024-03-22,Morning,3,7,3.0,1,2,45
202400001786,2024-03-22,Afternoon,4,1,2.0,1,2,42
202400001787,2024-07-09,Morning,4,1,3.0,1,2,69
202400001788,2024-03-22,Morning,4,1,2.0,1,2,41
202400001789,2024-07-03,Morning,4,1,3.0,1,2,69
202400001790,2024-03-21,Afternoon,4,1,1.0,1,2,38
202400001791,2024-07-08,Afternoon,4,1,6.0,1,2,66
202400001792,2024-03-21,Morning,4,1,3.0,1,2,37
202400001793,2024-03-22,Evening,3,1,6.0,3,2,36
202400001794,2024-07-09,Afternoon,4,1,4.0,1,2,64
202400001795,2024-07-09,Afternoon,4,1,7.0,1,2,63
202400001796,2024-03-22,Evening,3,2,3.0,5,2,35
202400001797,2024-07-04,Morning,4,1,2.0,1,2,62
202400001798,2024-03-22,Afternoon,4,8,2.0,1,2,35
202400001799,2024-07-09,Morning,4,2,7.0,1,2,62
202400001800,2024-07-09,Night,4,1,6.0,5,2,60
202400001801,2024-03-22,Evening,3,1,3.0,5,2,34
202400001802,2024-03-23,Night,4,1,7.0,5,2,33
202400001803,2024-07-09,Afternoon,4,8,3.0,1,2,59
202400001804,2024-07-09,Morning,3,1,6.0,1,1,59
202400001805,2024-03-22,Night,4,1,3.0,3,2,33
202400001806,2024-07-09,Afternoon,2,1,7.0,1,2,57
202400001807,2024-03-22,Afternoon,4,1,3.0,1,2,33
202400001808,2024-03-22,Morning,4,1,6.0,1,2,33
202400001809,2024-07-09,Morning,4,2,2.0,1,1,56
202400001810,2024-03-22,Afternoon,3,1,6.0,1,2,31
202400001811,2024-07-09,Morning,4,2,2.0,1,2,56
202400001812,2024-03-20,Afternoon,4,1,3.0,1,2,29
202400001813,2024-07-08,Morning,4,3,3.0,1,2,56
202400001814,2024-03-22,Night,2,1,6.0,3,1,26
202400001815,2024-07-09,Night,3,1,6.0,5,2,54
202400001816,2024-03-22,Afternoon,4,1,3.0,1,2,25
202400001817,2024-03-22,Afternoon,4,1,3.0,1,2,25
202400001818,2024-07-09,Afternoon,4,1,3.0,1,2,51
202400001819,2024-03-22,Morning,2,1,3.0,1,2,21
202400001820,2024-07-09,Morning,4,2,3.0,1,2,50
202400001821,2024-03-21,Afternoon,4,1,3.0,1,2,18
202400001822,2024-03-22,Afternoon,4,1,1.0,1,2,13
202400001823,2024-03-22,Afternoon,4,1,3.0,1,2,13
202400001824,2024-07-08,Evening,4,3,2.0,1,2,50
202400001825,2024-03-22,Morning,4,1,3.0,1,2,13
202400001826,2024-07-08,Afternoon,3,1,3.0,1,2,49
202400001827,2024-03-22,Night,4,1,1.0,5,2,13
202400001828,2024-03-22,Morning,3,1,3.0,1,2,13
202400001829,2024-07-08,Morning,4,1,6.0,1,2,49
202400001830,2024-03-22,Night,4,1,6.0,3,2,10
202400001831,2024-03-22,Afternoon,4,1,3.0,1,2,10
202400001832,2024-03-22,Morning,4,1,6.0,1,2,06
202400001833,2024-07-09,Night,4,2,6.0,3,1,44
202400001834,2024-03-21,Night,4,1,2.0,5,2,75
202400001835,2024-07-09,Evening,4,2,3.0,2,2,44
202400001836,2024-03-22,Evening,4,1,6.0,5,2,75
202400001837,2024-03-21,Night,4,1,1.0,5,2,75
202400001838,2024-07-09,Night,3,2,6.0,3,2,42
202400001839,2024-03-22,Evening,4,1,6.0,5,2,75
202400001840,2024-07-09,Evening,4,1,3.0,1,2,34
202400001841,2024-03-22,Night,4,1,7.0,5,2,75
202400001842,2024-03-22,Afternoon,4,1,4.0,1,2,75
202400001843,2024-07-08,Evening,4,1,3.0,1,2,34
202400001844,2024-03-22,Morning,4,1,3.0,1,2,75
202400001845,2024-07-09,Evening,4,8,1.0,1,2,33
202400001846,2024-03-21,Evening,4,1,7.0,1,2,75
202400001847,2024-03-21,Morning,4,1,3.0,1,2,75
202400001848,2024-07-08,Afternoon,3,1,6.0,1,2,33
202400001849,2024-07-08,Afternoon,4,1,2.0,1,1,31
202400001850,2024-07-09,Morning,4,2,7.0,1,2,29
202400001851,2024-07-09,Night,4,2,3.0,5,2,29
202400001852,2024-07-09,Night,4,1,6.0,3,1,25
202400001853,2024-07-09,Evening,4,1,3.0,1,2,19
202400001854,2024-07-09,Morning,4,1,3.0,1,2,17
202400001855,2024-07-09,Night,4,1,7.0,3,2,17
202400001856,2024-07-07,Night,2,1,6.0,5,1,14
202400001857,2024-07-08,Night,4,1,3.0,5,2,13
202400001858,2024-07-09,Night,4,1,3.0,5,2,13
202400001859,2024-07-08,Morning,4,1,6.0,1,2,13
202400001860,2024-07-08,Morning,4,1,3.0,1,2,13
202400001861,2024-07-08,Night,3,1,1.0,3,1,13
202400001862,2024-07-09,Evening,4,1,1.0,1,2,13
202400001863,2024-07-09,Night,4,1,7.0,3,1,13
202400001864,2024-07-09,Evening,4,1,2.0,1,2,11
202400001865,2024-07-08,Afternoon,4,7,6.0,1,2,10
202400001866,2024-07-09,Morning,3,1,3.0,1,2,07
202400001867,2024-07-09,Afternoon,3,1,5.0,1,2,06
202400001868,2024-09-17,Afternoon,3,1,7.0,1,2,75
202400001869,2024-12-03,Morning,4,1,1.0,2,2,76
202400001870,2024-07-09,Evening,4,1,7.0,1,2,06
202400001871,2024-09-18,Afternoon,4,1,7.0,1,2,75
202400001872,2024-09-18,Afternoon,4,1,3.0,1,2,76
202400001873,2024-07-09,Afternoon,4,1,1.0,1,1,05
202400001874,2024-12-22,Night,2,4,7.0,3,1,26
202400001875,2024-09-18,Afternoon,4,1,3.0,1,2,75
202400001876,2024-12-21,Morning,4,1,6.0,1,2,60
202400001877,2024-07-09,Morning,4,1,3.0,1,2,75
202400001878,2024-09-18,Night,4,1,6.0,5,2,75
202400001879,2024-09-26,Morning,3,2,1.0,3,1,88
202400001880,2024-10-18,Evening,2,1,6.0,5,2,34
202400001881,2024-09-18,Afternoon,4,1,6.0,1,2,94
202400001882,2024-07-08,Evening,4,1,4.0,1,2,75
202400001883,2024-09-11,Morning,3,1,6.0,1,2,59
202400001884,2024-09-18,Afternoon,4,1,2.0,1,2,94
202400001885,2024-09-18,Night,4,1,7.0,5,2,94
202400001886,2024-11-20,Afternoon,2,1,6.0,1,2,88
202400001887,2024-07-09,Afternoon,4,1,3.0,1,2,75
202400001888,2024-10-28,Night,4,1,1.0,5,2,88
202400001889,2024-09-18,Morning,4,1,6.0,1,2,94
202400001890,2024-07-08,Evening,3,1,6.0,5,2,75
202400001891,2024-06-14,Evening,4,1,6.0,1,2,61
202400001892,2024-09-18,Night,4,1,3.0,5,2,93
202400001893,2024-07-09,Evening,4,1,3.0,1,2,75
202400001894,2024-08-01,Morning,2,7,3.0,1,1,88
202400001895,2024-09-18,Morning,4,1,6.0,1,2,93
202400001896,2024-12-11,Afternoon,3,1,6.0,3,1,28
202400001897,2024-07-09,Morning,4,1,6.0,1,2,75
202400001898,2024-11-08,Morning,3,1,6.0,1,2,85
202400001899,2024-09-18,Afternoon,4,1,6.0,1,2,93
202400001900,2024-07-08,Night,4,1,3.0,3,2,75
202400001901,2024-12-07,Night,3,6,1.0,3,1,35
202400001902,2024-09-17,Night,4,1,3.0,5,2,93
202400001903,2024-12-21,Morning,4,1,3.0,1,2,49
202400001904,2024-07-09,Afternoon,4,1,3.0,1,2,75
202400001905,2024-09-18,Evening,4,1,6.0,1,2,93
202400001906,2024-11-08,Morning,3,2,6.0,3,2,91
202400001907,2024-07-09,Morning,4,1,3.0,1,2,75
202400001908,2024-11-26,Afternoon,4,1,3.0,1,2,44
202400001909,2024-09-18,Evening,4,1,3.0,5,2,93
202400001910,2024-07-08,Afternoon,3,1,3.0,1,2,75
202400001911,2024-11-21,Afternoon,4,6,6.0,1,2,44
202400001912,2024-09-17,Evening,4,1,3.0,1,2,93
202400001913,2024-07-09,Morning,4,1,3.0,1,2,75
202400001914,2024-04-15,Afternoon,4,1,3.0,1,2,75