Num_Acc,date,time_of_day,max_severity,weather,collision_type,lighting,urban_area,department
202400001915,2024-07-08,Afternoon,3,1,6.0,1,2,75
202400001916,2024-09-17,Night,4,1,7.0,5,2,92
202400001917,2024-12-19,Afternoon,4,2,2.0,1,1,69
202400001918,2024-07-08,Morning,4,1,1.0,1,2,75
202400001919,2024-09-18,Afternoon,4,1,6.0,1,2,92
202400001920,2024-08-16,Afternoon,4,1,2.0,1,1,44
202400001921,2024-05-11,Morning,4,1,3.0,1,2,44
202400001922,2024-09-18,Afternoon,3,1,3.0,1,2,92
202400001923,2024-06-28,Night,4,1,3.0,5,2,75
202400001924,2024-05-10,Morning,4,1,3.0,1,2,44
202400001925,2024-09-18,Morning,4,1,3.0,1,2,92
202400001926,2024-07-09,Afternoon,4,1,6.0,1,2,75
202400001927,2024-07-09,Night,4,1,3.0,5,2,75
202400001928,2024-09-18,Morning,4,1,3.0,1,2,92
202400001929,2024-07-09,Afternoon,4,1,6.0,1,2,75
202400001930,2024-07-09,Afternoon,4,8,6.0,1,2,75
202400001931,2024-09-17,Night,4,1,3.0,5,2,92
202400001932,2024-07-09,Afternoon,4,1,7.0,1,2,75
202400001933,2024-09-17,Afternoon,4,1,7.0,1,2,95
202400001934,2024-07-09,Morning,4,1,7.0,1,2,75
202400001935,2024-09-18,Evening,4,1,6.0,5,2,39
202400001936,2024-07-09,Morning,4,1,7.0,1,2,75
202400001937,2024-09-18,Afternoon,4,7,3.0,1,2,60
202400001938,2024-07-09,Afternoon,4,1,6.0,1,2,94
202400001939,2024-07-09,Afternoon,4,1,6.0,1,2,94
202400001940,2024-07-09,Evening,4,1,6.0,1,2,94
202400001941,2024-09-19,Afternoon,4,1,1.0,1,2,22
202400001942,2024-07-09,Afternoon,4,1,3.0,1,2,93
202400001943,2024-09-19,Night,2,1,6.0,3,1,11
202400001944,2024-07-09,Afternoon,4,1,2.0,1,2,93
202400001945,2024-07-09,Afternoon,4,1,3.0,1,2,93
202400001946,2024-07-09,Evening,4,1,6.0,1,2,93
202400001947,2024-09-18,Evening,3,1,1.0,3,1,31
202400001948,2024-09-19,Morning,4,1,3.0,1,1,58
202400001949,2024-07-08,Evening,4,1,4.0,1,2,93
202400001950,2024-07-08,Afternoon,4,8,3.0,1,2,93
202400001951,2024-09-19,Morning,4,1,3.0,1,1,62
202400001952,2024-09-11,Afternoon,3,1,7.0,1,2,30
202400001953,2024-07-09,Evening,4,1,3.0,1,2,93
202400001954,2024-07-09,Afternoon,4,1,6.0,1,2,93
202400001955,2024-09-19,Morning,4,1,6.0,1,2,78
202400001956,2024-07-09,Morning,4,1,4.0,1,2,92
202400001957,2024-09-19,Afternoon,4,1,1.0,1,1,80
202400001958,2024-07-09,Afternoon,4,3,3.0,1,2,92
202400001959,2024-09-16,Afternoon,3,1,3.0,1,2,33
202400001960,2024-07-08,Night,4,1,7.0,5,2,92
202400001961,2024-07-09,Evening,4,1,2.0,1,2,92
202400001962,2024-07-09,Afternoon,4,1,2.0,1,2,92
202400001963,2024-09-19,Morning,4,1,5.0,1,2,71
202400001964,2024-07-09,Morning,4,1,3.0,1,1,43
202400001965,2024-09-19,Afternoon,4,1,3.0,1,1,61
202400001966,2024-07-09,Afternoon,4,1,3.0,1,2,68
202400001967,2024-09-19,Afternoon,3,1,1.0,1,1,49
202400001968,2024-07-09,Morning,4,3,6.0,1,1,29
202400001969,2024-09-17,Morning,4,1,6.0,1,2,34
202400001970,2024-07-10,Afternoon,3,1,6.0,1,2,83
202400001971,2024-06-19,Evening,4,1,6.0,2,1,71
202400001972,2024-09-18,Afternoon,3,1,4.0,1,2,29
202400001973,2024-07-10,Morning,3,1,1.0,2,2,66
202400001974,2024-07-07,Night,3,1,6.0,3,1,83
202400001975,2024-09-19,Afternoon,4,1,3.0,1,1,85
202400001976,2024-07-07,Afternoon,3,1,7.0,1,1,57
202400001977,2024-07-07,Night,4,1,6.0,3,1,95
202400001978,2024-09-17,Morning,3,1,3.0,1,1,26
202400001979,2024-07-10,Morning,3,1,7.0,1,1,51
202400001980,2024-07-10,Afternoon,3,1,7.0,1,2,56
202400001981,2024-09-19,Afternoon,3,1,3.0,1,1,72
202400001982,2024-07-10,Afternoon,3,1,3.0,1,1,77
202400001983,2024-07-07,Afternoon,2,1,7.0,1,2,2B
202400001984,2024-09-19,Afternoon,4,1,1.0,1,1,14
202400001985,2024-09-19,Morning,4,1,1.0,2,2,64
202400001986,2024-09-18,Evening,3,1,6.0,1,2,73
202400001987,2024-09-19,Morning,3,1,2.0,1,2,40
202400001988,2024-09-19,Night,2,1,6.0,3,1,04
202400001989,2024-09-18,Afternoon,4,1,3.0,1,1,85
202400001990,2024-09-18,Morning,3,7,3.0,1,1,30
202400001991,2024-09-19,Afternoon,4,1,6.0,1,2,69
202400001993,2024-09-18,Afternoon,4,2,3.0,1,1,06
202400001994,2024-09-19,Morning,4,1,5.0,1,1,13
202400001998,2024-09-18,Afternoon,3,1,6.0,1,2,45
202400001999,2024-09-18,Evening,3,1,7.0,1,2,95
202400002000,2024-09-18,Night,4,1,7.0,3,1,84
202400002001,2024-11-30,Night,4,1,3.0,3,1,25
202400002002,2024-09-19,Afternoon,4,1,3.0,1,1,84
202400002003,2024-09-19,Afternoon,4,1,1.0,1,1,84
202400002004,2024-11-29,Morning,4,1,3.0,1,1,29
202400002005,2024-09-18,Afternoon,4,1,6.0,1,2,57
202400002006,2024-12-01,Evening,3,1,6.0,3,1,14
202400002007,2024-11-29,Night,4,9,1.0,3,1,60
202400002008,2024-09-19,Afternoon,4,1,1.0,1,2,81
202400002009,2024-09-12,Afternoon,4,1,1.0,1,2,33
202400002010,2024-12-01,Afternoon,4,1,5.0,1,1,16
202400002011,2024-09-18,Morning,4,1,3.0,2,1,44
202400002012,2024-11-28,Afternoon,4,1,6.0,1,2,04
202400002013,2024-11-30,Night,3,1,3.0,3,2,27
202400002014,2024-09-19,Night,4,1,5.0,3,1,60
202400002015,2024-11-30,Evening,4,5,3.0,3,1,17
202400002016,2024-12-01,Afternoon,2,1,1.0,1,1,87
202400002017,2024-09-18,Afternoon,4,1,3.0,1,1,13
202400002018,2024-12-01,Night,3,5,6.0,3,2,24
202400002020,2024-09-18,Afternoon,4,1,4.0,1,1,13
202400002021,2024-11-30,Night,3,1,1.0,3,1,2B
202400002022,2024-11-30,Evening,3,1,7.0,5,1,83
202400002023,2024-09-16,Night,4,1,6.0,4,1,33
202400002024,2024-12-01,Morning,3,1,2.0,1,1,13
202400002025,2024-09-18,Evening,4,1,3.0,1,1,91
202400002026,2024-11-02,Night,3,1,1.0,3,1,13
202400002027,2024-09-18,Night,4,1,6.0,5,1,92
202400002028,2024-12-01,Night,4,1,2.0,4,1,13
202400002029,2024-09-17,Afternoon,4,8,4.0,1,1,78
202400002030,2024-11-30,Morning,4,8,6.0,3,1,70
202400002031,2024-12-01,Morning,3,5,6.0,2,2,21
202400002032,2024-12-01,Night,3,1,6.0,3,1,08
202400002033,2024-09-17,Morning,4,8,5.0,1,1,92
202400002034,2024-12-01,Night,4,5,6.0,4,1,55
202400002035,2024-09-17,Evening,4,1,6.0,1,1,93
202400002036,2024-11-30,Night,4,1,2.0,5,1,44
202400002037,2024-09-17,Afternoon,4,1,2.0,1,1,93
202400002038,2024-11-29,Morning,3,1,6.0,1,2,33
202400002039,2024-09-17,Morning,3,1,2.0,1,1,93
202400002040,2024-11-30,Morning,3,1,2.0,1,1,14
202400002041,2024-12-01,Afternoon,4,8,7.0,1,1,59
202400002042,2024-04-25,Morning,4,1,6.0,1,2,93
202400002043,2024-11-21,Morning,4,1,2.0,1,2,13
202400002044,2024-04-17,Morning,4,2,6.0,1,2,93
202400002045,2024-11-29,Afternoon,4,1,4.0,1,1,13
202400002046,2024-04-09,Evening,4,1,2.0,1,2,93
202400002047,2024-03-03,Afternoon,4,1,6.0,1,2,93
202400002048,2024-11-03,Afternoon,4,1,4.0,1,1,69
202400002049,2024-11-26,Evening,4,1,2.0,3,1,67
202400002050,2024-03-04,Evening,4,1,6.0,1,2,93
202400002051,2024-11-30,Night,4,1,4.0,4,1,33
202400002052,2024-03-06,Afternoon,4,1,3.0,1,2,93
202400002053,2024-11-30,Afternoon,4,5,6.0,2,1,33
202400002054,2024-03-11,Evening,4,2,3.0,2,2,93
202400002055,2024-11-30,Evening,4,1,4.0,4,1,91
202400002056,2024-03-13,Afternoon,4,1,5.0,1,2,93
202400002057,2024-11-29,Morning,4,1,2.0,1,1,91
202400002058,2024-03-15,Morning,4,1,6.0,1,2,93
202400002059,2024-11-30,Night,3,1,2.0,5,1,92
202400002060,2024-03-16,Morning,2,1,6.0,1,2,93
202400002061,2024-11-29,Afternoon,4,1,3.0,1,1,78
202400002062,2024-11-30,Morning,4,1,6.0,3,1,95
202400002063,2024-03-18,Afternoon,4,1,3.0,1,2,93
202400002064,2024-11-30,Afternoon,4,1,2.0,1,1,93
202400002065,2024-03-22,Afternoon,4,1,6.0,1,2,93
202400002066,2024-03-28,Afternoon,4,1,6.0,1,2,93
202400002067,2024-11-29,Afternoon,4,1,3.0,3,1,93
202400002068,2024-03-23,Evening,4,2,6.0,5,2,93
202400002069,2024-11-29,Night,4,1,2.0,3,1,93
202400002070,2024-02-10,Evening,4,2,6.0,5,2,93
202400002071,2024-11-29,Afternoon,4,1,5.0,1,1,93
202400002072,2024-11-29,Morning,4,1,2.0,1,1,94
202400002073,2024-02-27,Morning,4,1,3.0,1,2,93
202400002074,2024-02-21,Afternoon,4,2,6.0,1,2,93
202400002075,2024-07-03,Morning,2,1,2.0,1,2,13
202400002077,2024-02-06,Morning,4,1,6.0,2,2,93
202400002085,2024-11-29,Afternoon,4,1,6.0,1,2,69
202400002090,2024-09-16,Morning,2,1,6.0,1,2,69
202400002091,2024-11-29,Afternoon,4,1,4.0,1,1,2B
202400002093,2024-09-17,Morning,4,1,1.0,1,2,69
202400002095,2024-09-17,Evening,4,8,6.0,1,2,69
202400002096,2024-11-29,Afternoon,4,1,3.0,1,2,2A
202400002097,2024-11-29,Afternoon,3,1,6.0,1,2,95
202400002098,2024-09-17,Afternoon,4,1,3.0,1,2,2A
202400002099,2024-04-30,Evening,4,8,6.0,1,2,93
202400002100,2024-11-29,Morning,4,1,3.0,1,2,95
202400002101,2024-11-29,Evening,3,1,6.0,5,2,91
202400002102,2024-09-16,Night,4,1,5.0,5,2,95
202400002103,2024-04-30,Afternoon,4,1,3.0,1,2,93
202400002104,2024-11-29,Morning,4,7,6.0,1,2,91
202400002105,2024-09-17,Evening,4,1,1.0,5,2,95
202400002106,2024-04-30,Morning,4,2,3.0,1,2,93
202400002107,2024-04-29,Afternoon,3,1,7.0,1,2,93
202400002108,2024-09-17,Afternoon,4,1,6.0,1,2,91
202400002109,2024-04-29,Evening,4,1,6.0,1,2,93
202400002110,2024-11-28,Afternoon,3,7,6.0,1,2,91
202400002111,2024-09-17,Afternoon,4,1,6.0,1,2,91
202400002112,2024-04-30,Afternoon,4,1,3.0,1,2,92
202400002113,2024-11-28,Evening,3,1,6.0,5,2,91
202400002114,2024-09-17,Morning,4,1,3.0,1,2,91
202400002115,2024-04-30,Morning,4,2,3.0,1,1,92
202400002116,2024-11-28,Evening,4,1,6.0,5,2,91
202400002117,2024-04-29,Afternoon,4,1,2.0,1,2,92
202400002118,2024-11-29,Evening,4,1,6.0,3,2,91
202400002119,2024-09-16,Evening,4,1,3.0,1,2,87
202400002120,2024-04-30,Morning,2,2,6.0,1,2,92
202400002121,2024-11-29,Afternoon,4,1,2.0,1,2,91
202400002122,2024-09-11,Afternoon,4,1,1.0,1,2,80
202400002123,2024-11-28,Afternoon,4,1,3.0,1,2,87
202400002124,2024-04-30,Evening,3,8,2.0,1,2,92
202400002125,2024-04-30,Morning,4,2,3.0,1,2,92
202400002126,2024-09-16,Evening,4,1,3.0,1,2,78
202400002127,2024-11-28,Afternoon,4,1,3.0,1,2,83
202400002128,2024-04-30,Night,4,2,1.0,5,2,92
202400002129,2024-09-16,Afternoon,4,1,3.0,1,2,78
202400002130,2024-11-29,Morning,3,1,1.0,5,2,83
202400002131,2024-04-30,Afternoon,4,1,6.0,1,2,92
202400002132,2024-09-17,Morning,3,1,6.0,2,2,78
202400002133,2024-11-29,Afternoon,4,1,2.0,2,1,81
202400002134,2024-04-30,Morning,4,2,3.0,2,2,92
202400002135,2024-09-17,Night,3,1,6.0,5,2,78
202400002136,2024-11-29,Afternoon,3,1,6.0,1,2,81
202400002137,2024-11-27,Evening,2,1,7.0,5,2,80
202400002138,2024-09-17,Evening,3,1,1.0,5,2,78
202400002139,2024-04-30,Evening,4,1,1.0,1,1,37
202400002140,2024-09-16,Afternoon,4,1,2.0,1,2,77
202400002141,2024-05-01,Afternoon,4,1,3.0,1,1,71
202400002142,2024-11-28,Morning,4,1,3.0,1,2,78
202400002143,2024-09-17,Morning,3,1,3.0,1,2,70
202400002144,2024-04-30,Evening,3,1,3.0,2,2,86
202400002145,2024-09-16,Afternoon,4,2,6.0,1,2,67
202400002146,2024-11-29,Afternoon,4,1,5.0,1,2,78
202400002147,2024-05-01,Morning,3,8,6.0,1,2,50
202400002148,2024-09-17,Afternoon,3,1,6.0,1,2,66
202400002149,2024-11-29,Night,4,1,3.0,3,1,77
202400002150,2024-04-30,Evening,2,2,7.0,1,1,19
202400002151,2024-09-17,Morning,4,1,3.0,1,2,64
202400002152,2024-11-28,Afternoon,4,1,3.0,1,2,77
202400002153,2024-11-28,Morning,3,1,6.0,2,2,77
202400002154,2024-05-01,Night,2,2,6.0,3,1,56
202400002155,2024-09-16,Evening,4,1,3.0,1,2,64
202400002156,2024-11-29,Evening,4,1,3.0,5,2,76
202400002157,2024-11-29,Afternoon,3,1,6.0,1,2,76
202400002158,2024-09-16,Morning,4,1,4.0,1,2,64
202400002159,2024-11-28,Afternoon,4,1,6.0,1,2,72
202400002160,2024-05-01,Afternoon,4,1,5.0,1,1,76
202400002161,2024-09-13,Afternoon,4,1,6.0,1,2,63
202400002162,2024-11-29,Afternoon,2,1,7.0,1,2,71
202400002163,2024-09-17,Morning,4,1,6.0,1,1,63
202400002164,2024-11-27,Morning,3,1,6.0,1,2,69
202400002165,2024-09-17,Afternoon,4,1,3.0,1,2,63
202400002166,2024-04-30,Morning,3,1,7.0,1,2,65
202400002167,2024-11-28,Night,4,2,6.0,5,2,69
202400002168,2024-09-17,Afternoon,4,1,6.0,1,2,63
202400002169,2024-11-28,Evening,4,2,6.0,5,2,69
202400002170,2024-04-30,Morning,2,1,3.0,1,1,65
202400002171,2024-11-29,Night,3,5,6.0,3,1,68
202400002172,2024-09-17,Morning,3,1,2.0,1,2,62
202400002173,2024-04-30,Night,3,3,6.0,3,1,63
202400002174,2024-11-29,Evening,4,5,1.0,5,2,67
202400002175,2024-04-30,Evening,4,1,6.0,1,1,12
202400002176,2024-09-16,Afternoon,4,1,5.0,1,2,59
202400002177,2024-11-29,Afternoon,4,5,3.0,5,2,67
202400002178,2024-04-23,Evening,3,1,6.0,1,1,47
202400002179,2024-09-17,Afternoon,4,1,3.0,1,2,59
202400002180,2024-05-01,Morning,2,8,6.0,2,1,39
202400002181,2024-11-28,Morning,4,1,4.0,1,2,67
202400002182,2024-09-17,Morning,4,1,2.0,1,2,59
202400002183,2024-11-29,Morning,4,7,6.0,1,2,66
202400002184,2024-09-16,Afternoon,4,8,3.0,1,2,54
202400002185,2024-04-29,Afternoon,4,1,5.0,1,1,35
202400002186,2024-09-16,Morning,4,1,2.0,1,2,54
202400002187,2024-04-24,Afternoon,3,1,6.0,1,1,29
202400002188,2024-11-29,Evening,3,1,3.0,5,1,64
202400002189,2024-09-17,Morning,4,1,3.0,1,2,51
202400002190,2024-11-29,Afternoon,4,1,3.0,1,1,64
202400002191,2024-04-26,Morning,3,1,3.0,1,1,14
202400002192,2024-11-29,Morning,4,1,6.0,1,2,64
202400002193,2024-09-16,Afternoon,4,1,1.0,1,2,51
202400002194,2024-04-30,Afternoon,4,1,2.0,1,1,14
202400002195,2024-11-29,Afternoon,4,1,4.0,1,1,64
202400002196,2024-09-13,Afternoon,4,1,3.0,1,2,50
202400002197,2024-05-01,Afternoon,3,2,1.0,1,1,07
202400002198,2024-11-29,Morning,4,1,7.0,1,1,64
202400002199,2024-09-17,Morning,4,8,3.0,1,2,49
202400002200,2024-04-30,Night,4,1,6.0,3,1,23
202400002201,2024-11-29,Morning,4,2,3.0,1,1,63
202400002202,2024-05-01,Afternoon,2,1,6.0,1,1,52
202400002203,2024-09-16,Afternoon,4,1,3.0,1,2,47
202400002204,2024-11-28,Afternoon,3,1,3.0,1,2,60
202400002205,2024-05-01,Morning,4,8,3.0,1,1,24
202400002206,2024-09-17,Afternoon,4,1,6.0,1,2,45
202400002207,2024-11-29,Morning,4,1,2.0,1,2,59
202400002208,2024-09-16,Afternoon,4,1,6.0,1,2,44
202400002209,2024-11-29,Morning,4,5,6.0,5,2,59
202400002211,2024-09-17,Evening,4,1,3.0,1,2,38
202400002212,2024-11-29,Evening,4,1,2.0,3,1,59
202400002213,2024-04-30,Evening,4,1,1.0,5,2,42
202400002214,2024-09-17,Morning,4,1,6.0,1,2,38
202400002215,2024-11-29,Morning,4,1,6.0,1,2,56
202400002217,2024-04-30,Morning,3,9,7.0,1,1,45
202400002218,2024-09-17,Morning,4,1,3.0,1,2,37
202400002219,2024-11-29,Afternoon,4,1,2.0,1,2,54
202400002220,2024-04-30,Afternoon,4,2,1.0,1,1,77
202400002221,2024-11-06,Afternoon,3,1,6.0,1,2,52
202400002222,2024-09-17,Evening,3,1,1.0,1,2,35
202400002223,2024-05-01,Afternoon,4,1,2.0,1,1,95
202400002224,2024-09-12,Afternoon,3,1,6.0,1,2,35
202400002225,2024-11-29,Afternoon,4,1,3.0,1,2,51
202400002226,2024-05-01,Evening,2,1,6.0,1,1,78
202400002227,2024-09-17,Evening,4,3,1.0,5,2,34
202400002228,2024-11-29,Morning,4,1,6.0,1,2,51
202400002229,2024-04-30,Afternoon,3,1,6.0,1,2,2A
202400002230,2024-09-17,Evening,4,1,3.0,1,2,33
202400002231,2024-04-30,Evening,4,1,6.0,2,1,34
202400002232,2024-09-17,Morning,4,1,3.0,2,2,33
202400002233,2024-11-29,Afternoon,4,1,5.0,5,2,49
202400002234,2024-04-30,Afternoon,4,8,5.0,1,2,34
202400002235,2024-09-17,Afternoon,4,1,2.0,1,2,31
202400002236,2024-11-29,Afternoon,2,1,6.0,1,2,49
202400002237,2024-09-17,Evening,4,1,1.0,1,2,29
202400002238,2024-11-29,Afternoon,4,1,4.0,1,1,46
202400002239,2024-04-30,Evening,4,1,5.0,1,1,83
202400002240,2024-09-17,Morning,4,1,2.0,5,2,29
202400002241,2024-11-30,Night,4,5,6.0,5,2,44
202400002242,2024-04-30,Morning,4,1,7.0,1,1,13
202400002243,2024-09-16,Afternoon,3,1,6.0,1,2,29
202400002244,2024-11-28,Evening,4,1,6.0,5,2,43
202400002245,2024-04-27,Evening,4,1,1.0,1,2,13
202400002246,2024-09-17,Morning,4,1,2.0,2,2,27
202400002247,2024-11-28,Morning,4,8,2.0,1,1,43
202400002248,2024-05-01,Night,4,1,1.0,3,1,57
202400002249,2024-04-29,Evening,4,1,6.0,1,2,85
202400002250,2024-09-17,Afternoon,4,1,3.0,1,2,27
202400002251,2024-11-29,Evening,4,1,4.0,3,1,35
202400002252,2024-04-30,Evening,4,2,6.0,1,2,60
202400002253,2024-09-17,Afternoon,4,1,2.0,1,2,27
202400002254,2024-11-29,Afternoon,4,1,7.0,2,2,35
202400002255,2024-04-29,Morning,3,1,3.0,1,1,13
202400002256,2024-09-17,Morning,4,1,3.0,1,2,22
202400002257,2024-11-29,Afternoon,3,1,5.0,2,2,35
202400002258,2024-04-29,Night,3,1,6.0,5,1,83
202400002259,2024-04-30,Morning,4,1,6.0,1,1,33
202400002260,2024-11-29,Afternoon,4,1,2.0,1,1,35
202400002261,2024-09-17,Afternoon,3,1,3.0,1,2,22
202400002262,2024-04-25,Afternoon,4,1,4.0,1,1,33
202400002263,2024-11-29,Afternoon,4,1,3.0,1,2,35
202400002264,2024-09-17,Morning,4,1,3.0,1,2,19
202400002265,2024-11-29,Night,2,1,7.0,3,1,34
202400002266,2024-09-17,Morning,4,1,3.0,1,2,19
202400002267,2024-04-26,Night,3,2,6.0,5,1,62
202400002268,2024-11-29,Evening,4,1,3.0,5,2,33
202400002269,2024-09-17,Afternoon,4,1,7.0,1,1,17
202400002270,2024-11-29,Afternoon,3,1,6.0,1,1,33
202400002271,2024-04-30,Afternoon,4,1,5.0,1,1,91
202400002272,2024-11-28,Evening,4,1,3.0,5,2,33
202400002273,2024-09-17,Evening,4,3,5.0,5,2,13
202400002274,2024-04-30,Morning,4,2,3.0,2,1,91
202400002275,2024-11-29,Morning,4,1,3.0,1,2,31
202400002276,2024-09-17,Afternoon,4,1,6.0,1,2,13
202400002277,2024-04-30,Evening,4,1,3.0,1,1,78
202400002278,2024-11-20,Afternoon,2,2,6.0,5,2,31
202400002279,2024-09-17,Afternoon,3,1,3.0,1,2,13
202400002280,2024-04-30,Afternoon,4,1,3.0,1,1,95
202400002281,2024-11-27,Afternoon,4,1,2.0,1,2,31
202400002282,2024-09-16,Evening,4,1,3.0,5,2,13
202400002283,2024-04-30,Morning,4,1,2.0,2,1,93
202400002284,2024-11-29,Evening,4,1,2.0,5,2,29
202400002285,2024-09-17,Morning,2,1,3.0,1,2,13
202400002286,2024-04-30,Evening,4,1,3.0,1,1,77
202400002287,2024-11-29,Evening,4,1,1.0,5,2,25
202400002288,2024-09-17,Morning,3,7,1.0,1,2,13
202400002289,2024-04-30,Afternoon,3,1,2.0,1,1,94
202400002290,2024-09-16,Afternoon,4,1,3.0,1,2,13
202400002291,2024-11-21,Afternoon,3,3,1.0,1,2,22
202400002292,2024-04-30,Night,4,1,6.0,3,1,94
202400002293,2024-09-16,Morning,4,1,3.0,1,2,13
202400002294,2024-11-29,Morning,4,1,1.0,1,2,17
202400002295,2024-09-16,Evening,4,1,7.0,5,2,10
202400002296,2024-04-29,Evening,4,1,2.0,1,1,77
202400002297,2024-11-29,Morning,4,1,2.0,1,2,17
202400002298,2024-09-17,Evening,4,1,6.0,1,2,07
202400002299,2024-02-27,Evening,3,1,6.0,5,2,95
202400002300,2024-11-29,Morning,4,7,2.0,1,1,17
202400002301,2024-09-17,Morning,4,1,2.0,1,2,01
202400002302,2024-11-29,Morning,4,1,3.0,5,2,17
202400002303,2024-09-17,Afternoon,4,1,2.0,1,2,75
202400002304,2024-11-29,Afternoon,4,1,3.0,1,2,14
202400002305,2024-09-17,Afternoon,4,1,6.0,1,2,75
202400002306,2024-11-29,Morning,3,7,3.0,1,1,14
202400002308,2024-09-17,Morning,4,1,6.0,1,2,75
202400002309,2024-11-29,Afternoon,4,1,3.0,5,2,10
202400002311,2024-09-17,Night,3,1,3.0,5,2,75
202400002312,2024-11-29,Afternoon,4,1,1.0,1,2,10
202400002313,2024-09-17,Evening,4,1,1.0,3,2,75
202400002315,2024-11-28,Afternoon,4,1,4.0,1,2,10
202400002316,2024-09-16,Afternoon,4,1,6.0,1,2,75
202400002318,2024-11-28,Afternoon,4,1,6.0,1,2,10
202400002319,2024-09-17,Afternoon,4,1,6.0,1,2,75
202400002321,2024-11-29,Night,3,5,6.0,5,2,08
202400002322,2024-09-16,Evening,4,1,2.0,1,2,75
202400002324,2024-11-29,Afternoon,3,1,6.0,1,2,06
202400002325,2024-11-29,Evening,4,1,3.0,5,2,05
202400002326,2024-09-17,Evening,4,1,3.0,5,2,75
202400002328,2024-08-12,Afternoon,4,1,1.0,1,2,06
202400002329,2024-11-29,Morning,4,1,2.0,1,2,75
202400002330,2024-09-17,Afternoon,4,8,6.0,1,2,75
202400002331,2024-08-12,Afternoon,4,1,6.0,1,2,75
202400002333,2024-11-29,Afternoon,4,1,5.0,5,2,75
202400002334,2024-09-17,Morning,4,1,3.0,1,2,75
202400002335,2024-08-12,Afternoon,4,1,6.0,1,2,75
202400002337,2024-09-16,Evening,4,1,7.0,1,2,75
202400002338,2024-11-29,Evening,4,1,6.0,5,2,75
202400002339,2024-08-12,Afternoon,4,7,3.0,1,2,75
202400002341,2024-09-16,Afternoon,4,1,2.0,1,2,75
202400002342,2024-08-12,Afternoon,4,1,3.0,1,2,75
202400002343,2024-11-28,Morning,4,1,4.0,1,2,75
202400002345,2024-09-17,Afternoon,4,1,3.0,1,2,94
202400002346,2024-11-29,Evening,4,1,6.0,5,2,75
202400002347,2024-04-29,Morning,3,1,7.0,1,2,88
202400002348,2024-09-17,Evening,4,1,6.0,2,2,94
202400002349,2024-08-12,Morning,4,1,3.0,1,2,75
202400002350,2024-11-29,Afternoon,4,1,3.0,1,2,75
202400002351,2024-09-16,Evening,4,1,2.0,1,2,94
202400002352,2024-04-27,Morning,4,1,3.0,2,2,87
202400002353,2024-11-29,Morning,4,1,6.0,1,2,75
202400002354,2024-09-17,Evening,4,1,2.0,1,1,94
202400002355,2024-04-29,Afternoon,4,1,2.0,1,2,77
202400002356,2024-08-12,Night,4,1,3.0,5,2,75
202400002357,2024-11-29,Night,4,1,6.0,5,2,75
202400002358,2024-09-17,Afternoon,4,1,6.0,1,2,94
202400002359,2024-04-29,Morning,4,1,7.0,1,2,77
202400002360,2024-08-12,Afternoon,3,1,3.0,1,2,94
202400002361,2024-11-29,Evening,4,1,3.0,5,2,75
202400002362,2024-09-16,Morning,4,1,3.0,1,2,94
202400002363,2024-04-27,Afternoon,4,2,3.0,1,2,76
202400002364,2024-11-29,Afternoon,4,1,6.0,1,2,75
202400002365,2024-08-12,Morning,4,1,2.0,1,2,94
202400002366,2024-09-17,Afternoon,3,1,6.0,1,2,94
202400002367,2024-04-28,Afternoon,3,1,3.0,1,2,76
202400002368,2024-11-29,Afternoon,4,1,6.0,1,2,75
202400002369,2024-09-17,Evening,4,1,3.0,1,2,94
202400002370,2024-08-12,Afternoon,4,7,3.0,1,2,93
202400002371,2024-04-27,Evening,4,2,6.0,1,2,76
202400002372,2024-09-17,Evening,4,1,6.0,5,2,93
202400002373,2024-11-29,Evening,4,1,3.0,5,2,75
202400002374,2024-08-12,Afternoon,4,1,6.0,1,2,93
202400002375,2024-09-17,Afternoon,4,1,3.0,2,2,93
202400002376,2024-04-29,Morning,4,3,6.0,1,2,71
202400002377,2024-11-29,Morning,4,1,6.0,5,2,75
202400002378,2024-08-12,Morning,4,1,3.0,1,2,93
202400002379,2024-04-29,Afternoon,4,8,6.0,1,2,69
202400002380,2024-11-28,Evening,4,1,7.0,5,2,75
202400002381,2024-04-29,Morning,4,3,6.0,2,2,66
202400002382,2024-07-01,Evening,4,1,5.0,1,2,92
202400002383,2024-11-28,Evening,4,1,3.0,5,2,94
202400002384,2024-08-12,Night,4,1,7.0,5,2,92
202400002385,2024-04-29,Night,4,1,1.0,1,2,59
202400002386,2024-11-29,Morning,4,7,6.0,1,2,94
202400002387,2024-08-01,Night,4,1,3.0,5,2,92
202400002388,2024-04-28,Night,4,1,1.0,3,1,59
202400002389,2024-11-29,Afternoon,4,1,1.0,1,2,93
202400002390,2024-04-29,Morning,4,1,6.0,1,2,57
202400002391,2024-08-13,Evening,2,1,3.0,1,1,35
202400002392,2024-08-09,Morning,4,7,3.0,1,2,2A
202400002393,2024-11-29,Afternoon,4,1,3.0,1,2,93
202400002394,2024-04-29,Afternoon,4,1,2.0,1,2,56
202400002395,2024-08-13,Night,2,1,7.0,3,1,67
202400002396,2024-04-28,Afternoon,4,1,6.0,1,2,56