Num_Acc,date,time_of_day,max_severity,weather,collision_type,lighting,urban_area,department
202400002397,2024-11-29,Evening,4,1,7.0,5,2,93
202400002398,2024-04-26,Morning,4,1,7.0,1,2,56
202400002399,2024-08-13,Night,2,1,6.0,3,1,84
202400002400,2024-11-29,Afternoon,4,1,3.0,1,2,93
202400002401,2024-04-28,Morning,4,1,6.0,1,2,50
202400002402,2024-08-12,Night,2,1,7.0,3,1,27
202400002403,2024-11-29,Afternoon,4,1,6.0,1,2,93
202400002404,2024-08-09,Evening,3,1,6.0,2,2,35
202400002405,2024-04-28,Evening,4,1,2.0,1,2,50
202400002406,2024-11-28,Night,3,1,1.0,5,2,93
202400002407,2024-04-29,Afternoon,4,1,3.0,1,2,49
202400002408,2024-08-11,Morning,4,1,7.0,1,1,63
202400002409,2024-11-29,Morning,4,1,3.0,1,2,93
202400002410,2024-04-24,Morning,4,1,5.0,1,2,42
202400002411,2024-08-12,Night,3,1,7.0,3,1,44
202400002412,2024-11-29,Evening,4,1,6.0,5,2,92
202400002413,2024-04-29,Evening,4,1,1.0,1,2,38
202400002414,2024-08-07,Afternoon,4,1,3.0,1,1,87
202400002415,2024-11-29,Morning,4,1,6.0,1,2,92
202400002416,2024-03-29,Night,4,1,1.0,5,2,37
202400002417,2024-08-12,Evening,3,8,3.0,1,2,47
202400002418,2024-11-29,Morning,4,1,2.0,5,2,92
202400002419,2024-11-29,Night,4,1,6.0,5,2,92
202400002420,2024-04-29,Morning,4,1,2.0,1,2,37
202400002421,2024-08-12,Afternoon,3,1,3.0,1,1,2B
202400002422,2024-11-28,Night,4,1,7.0,5,2,92
202400002423,2024-04-29,Afternoon,4,1,6.0,1,2,35
202400002424,2024-08-12,Evening,4,1,3.0,1,1,62
202400002425,2024-11-29,Afternoon,4,1,3.0,1,2,92
202400002426,2024-08-11,Morning,4,1,7.0,1,1,57
202400002427,2024-04-29,Evening,4,1,3.0,1,2,34
202400002428,2024-11-29,Afternoon,4,1,6.0,1,2,92
202400002429,2024-08-12,Afternoon,2,1,1.0,1,1,57
202400002430,2024-04-29,Evening,4,1,3.0,1,2,34
202400002431,2024-11-29,Evening,4,1,6.0,2,2,92
202400002432,2024-08-12,Morning,3,1,1.0,1,1,19
202400002433,2024-04-26,Afternoon,3,1,6.0,1,2,34
202400002434,2024-04-29,Evening,4,1,6.0,5,2,33
202400002435,2024-08-12,Afternoon,3,1,3.0,1,1,19
202400002436,2024-11-29,Evening,4,1,3.0,5,2,92
202400002437,2024-08-10,Night,3,1,6.0,3,2,56
202400002438,2024-04-29,Evening,4,1,2.0,1,2,33
202400002439,2024-11-29,Evening,3,1,1.0,5,2,92
202400002440,2024-08-13,Afternoon,4,1,6.0,1,2,56
202400002441,2024-04-29,Afternoon,4,1,4.0,1,2,30
202400002442,2024-11-20,Afternoon,3,2,1.0,1,2,47
202400002443,2024-08-13,Night,2,1,3.0,3,1,56
202400002444,2024-04-28,Night,4,3,6.0,5,2,25
202400002445,2024-11-27,Evening,3,1,6.0,3,1,60
202400002446,2024-08-12,Night,2,1,1.0,3,1,76
202400002447,2024-04-29,Evening,3,1,3.0,5,2,17
202400002448,2024-08-13,Night,2,1,6.0,3,1,76
202400002449,2024-11-27,Afternoon,4,1,6.0,1,2,51
202400002450,2024-04-29,Morning,3,1,7.0,1,2,13
202400002451,2024-11-29,Afternoon,3,1,3.0,1,1,11
202400002452,2024-08-11,Night,3,1,3.0,3,1,80
202400002453,2024-04-29,Afternoon,4,1,1.0,1,1,13
202400002454,2024-11-24,Evening,3,1,1.0,3,1,86
202400002455,2024-08-12,Evening,3,1,3.0,1,1,32
202400002456,2024-04-28,Morning,4,1,6.0,2,2,10
202400002457,2024-04-27,Afternoon,4,1,6.0,1,2,07
202400002458,2024-08-13,Morning,2,1,7.0,1,2,89
202400002459,2024-11-30,Evening,4,1,5.0,3,1,83
202400002460,2024-08-13,Morning,3,1,7.0,1,2,63
202400002462,2024-04-27,Evening,4,3,2.0,5,2,75
202400002463,2024-11-29,Evening,4,1,6.0,3,1,12
202400002464,2024-04-29,Afternoon,4,1,3.0,1,2,75
202400002465,2024-11-29,Evening,3,1,6.0,5,2,62
202400002466,2024-08-13,Afternoon,4,1,6.0,1,1,63
202400002467,2024-11-21,Afternoon,3,8,7.0,1,2,62
202400002468,2024-04-29,Afternoon,4,1,3.0,1,2,75
202400002469,2024-08-12,Afternoon,3,1,3.0,1,1,49
202400002470,2024-11-30,Night,2,5,2.0,3,1,56
202400002471,2024-04-29,Afternoon,4,1,2.0,1,2,75
202400002472,2024-08-12,Afternoon,3,1,6.0,1,1,12
202400002473,2024-08-12,Afternoon,4,1,7.0,1,1,12
202400002474,2024-08-12,Afternoon,4,1,7.0,1,2,22
202400002475,2024-11-29,Morning,4,9,7.0,1,2,59
202400002476,2024-08-13,Afternoon,3,1,5.0,1,1,25
202400002477,2024-11-29,Night,3,9,3.0,3,1,67
202400002478,2024-04-29,Evening,4,1,2.0,1,2,75
202400002479,2024-08-01,Morning,4,7,3.0,1,2,25
202400002480,2024-11-29,Afternoon,3,1,1.0,1,1,76
202400002481,2024-04-29,Morning,3,1,7.0,1,2,75
202400002482,2024-08-13,Morning,4,1,2.0,1,1,44
202400002483,2024-11-29,Evening,4,5,7.0,3,1,82
202400002484,2024-04-29,Night,4,1,3.0,3,2,75
202400002485,2024-08-12,Morning,3,1,6.0,1,2,44
202400002486,2024-04-28,Evening,4,1,6.0,5,2,75
202400002487,2024-11-29,Afternoon,4,1,1.0,2,1,61
202400002488,2024-06-21,Evening,4,3,2.0,3,1,29
202400002489,2024-08-13,Morning,2,1,6.0,1,1,03
202400002490,2024-04-29,Afternoon,4,1,3.0,1,2,94
202400002491,2024-11-29,Morning,3,1,5.0,2,1,49
202400002492,2024-08-13,Morning,3,7,6.0,2,2,26
202400002493,2024-04-29,Afternoon,4,1,3.0,1,2,94
202400002494,2024-11-29,Afternoon,2,1,3.0,1,2,42
202400002495,2024-08-07,Evening,3,1,7.0,1,1,58
202400002496,2024-04-29,Morning,4,1,6.0,1,2,94
202400002497,2024-08-13,Evening,3,1,3.0,2,1,66
202400002498,2024-04-29,Night,4,1,6.0,3,1,94
202400002499,2024-11-29,Morning,4,5,1.0,2,1,02
202400002500,2024-04-28,Morning,4,8,1.0,1,2,94
202400002501,2024-11-29,Morning,3,1,3.0,2,1,02
202400002502,2024-08-13,Afternoon,4,1,5.0,1,1,66
202400002503,2024-04-29,Evening,4,1,6.0,1,2,93
202400002504,2024-11-21,Evening,4,1,3.0,2,1,26
202400002505,2024-08-10,Afternoon,2,1,3.0,1,1,72
202400002506,2024-04-29,Morning,4,1,3.0,1,2,92
202400002507,2024-08-12,Night,3,1,6.0,3,1,06
202400002508,2024-04-29,Evening,4,1,6.0,1,2,92
202400002509,2024-11-30,Morning,2,1,6.0,2,1,09
202400002510,2024-08-11,Afternoon,3,1,6.0,1,1,14
202400002511,2024-04-28,Night,4,1,2.0,2,2,92
202400002512,2024-08-13,Afternoon,3,1,1.0,1,1,50
202400002513,2024-04-29,Morning,4,1,6.0,1,2,92
202400002514,2024-08-13,Afternoon,2,1,1.0,1,1,50
202400002515,2024-04-25,Morning,4,1,3.0,1,2,92
202400002516,2024-11-29,Afternoon,3,1,3.0,1,1,64
202400002517,2024-08-12,Evening,3,1,6.0,2,1,90
202400002518,2024-11-29,Night,4,1,7.0,3,1,64
202400002519,2024-08-13,Night,3,1,6.0,3,1,45
202400002520,2024-04-29,Afternoon,4,1,2.0,1,2,92
202400002521,2024-11-30,Morning,4,1,6.0,1,2,64
202400002522,2024-08-13,Afternoon,4,1,6.0,1,1,16
202400002523,2024-08-12,Afternoon,4,1,7.0,1,1,24
202400002524,2024-04-15,Evening,3,1,3.0,2,1,60
202400002525,2024-11-29,Night,3,1,6.0,3,1,53
202400002526,2024-08-13,Afternoon,4,1,6.0,1,1,85
202400002527,2024-11-29,Afternoon,4,1,3.0,2,2,53
202400002528,2024-03-28,Morning,4,1,4.0,1,1,60
202400002529,2024-08-12,Afternoon,4,1,1.0,1,2,27
202400002530,2024-11-29,Evening,4,5,2.0,3,1,85
202400002531,2024-04-28,Evening,3,1,3.0,2,2,33
202400002532,2024-08-13,Morning,4,7,6.0,1,1,48
202400002533,2024-08-09,Night,3,1,6.0,3,2,48
202400002534,2024-04-30,Afternoon,2,1,6.0,1,2,81
202400002535,2024-11-28,Morning,4,2,1.0,1,1,37
202400002536,2024-04-30,Afternoon,4,1,7.0,1,1,01
202400002537,2024-08-12,Morning,3,1,3.0,1,1,48
202400002538,2024-11-29,Afternoon,4,1,3.0,1,2,30
202400002539,2024-08-13,Morning,3,1,7.0,1,1,52
202400002540,2024-04-10,Morning,4,2,2.0,1,1,29
202400002541,2024-04-29,Night,4,9,6.0,3,1,41
202400002542,2024-08-12,Afternoon,3,1,1.0,1,1,67
202400002543,2024-04-29,Morning,4,2,3.0,1,1,65
202400002544,2024-08-12,Evening,3,1,1.0,1,1,30
202400002545,2024-08-13,Morning,4,1,6.0,1,2,69
202400002546,2024-08-12,Morning,4,1,7.0,1,1,07
202400002547,2024-04-29,Afternoon,3,1,3.0,1,1,51
202400002548,2024-08-12,Evening,3,1,6.0,3,1,28
202400002549,2024-04-30,Afternoon,3,1,7.0,1,1,79
202400002551,2024-04-29,Afternoon,4,7,3.0,1,2,2A
202400002553,2024-04-29,Morning,4,1,1.0,1,1,2A
202400002554,2024-03-05,Afternoon,4,1,3.0,1,1,82
202400002555,2024-04-25,Evening,3,2,7.0,3,1,81
202400002558,2024-04-29,Afternoon,4,2,1.0,1,1,89
202400002559,2024-08-13,Night,3,1,6.0,3,2,66
202400002560,2024-04-29,Evening,3,1,6.0,3,1,41
202400002561,2024-08-13,Afternoon,3,1,6.0,1,1,05
202400002562,2024-04-29,Night,4,1,1.0,2,1,68
202400002563,2024-06-09,Afternoon,4,1,6.0,1,1,68
202400002564,2024-04-30,Afternoon,3,1,7.0,1,1,68
202400002565,2024-08-13,Morning,4,1,1.0,1,1,55
202400002566,2024-04-30,Morning,3,2,2.0,1,1,31
202400002567,2024-08-09,Afternoon,4,7,2.0,1,2,03
202400002568,2024-07-14,Afternoon,4,1,7.0,1,1,73
202400002569,2024-04-30,Morning,3,3,6.0,1,2,66
202400002570,2024-04-30,Afternoon,4,1,7.0,1,1,64
202400002571,2024-08-09,Morning,3,1,1.0,1,1,38
202400002572,2024-04-27,Afternoon,3,2,7.0,1,1,21
202400002573,2024-04-29,Afternoon,4,2,3.0,1,1,24
202400002574,2024-08-09,Morning,3,7,1.0,1,2,31
202400002575,2024-08-12,Afternoon,3,1,6.0,1,2,17
202400002576,2024-04-30,Morning,3,1,2.0,1,1,85
202400002577,2024-04-30,Night,4,1,7.0,3,1,17
202400002578,2024-08-11,Afternoon,4,1,1.0,1,1,33
202400002579,2024-04-29,Afternoon,4,1,7.0,1,1,30
202400002580,2024-08-09,Evening,3,1,6.0,1,1,62
202400002581,2024-04-30,Morning,3,1,1.0,1,1,52
202400002582,2024-08-10,Evening,4,1,2.0,1,1,62
202400002583,2024-04-28,Afternoon,3,1,7.0,1,2,08
202400002584,2024-08-05,Morning,4,1,4.0,1,1,78
202400002586,2024-08-11,Night,3,1,3.0,5,1,92
202400002587,2024-04-29,Afternoon,3,2,3.0,1,1,31
202400002588,2024-08-12,Afternoon,4,1,7.0,1,1,95
202400002589,2024-04-28,Afternoon,4,3,6.0,1,1,01
202400002590,2024-08-12,Afternoon,4,1,2.0,1,1,93
202400002591,2024-04-29,Morning,4,3,3.0,1,1,11
202400002592,2024-08-12,Morning,4,1,2.0,1,1,93
202400002595,2024-08-12,Night,3,1,3.0,5,1,93
202400002597,2024-08-11,Evening,4,1,6.0,1,1,93
202400002598,2024-08-12,Afternoon,4,1,6.0,1,1,94
202400002599,2024-04-11,Afternoon,4,1,7.0,1,2,14
202400002600,2024-04-29,Morning,3,7,2.0,1,2,78
202400002601,2024-02-24,Night,3,9,1.0,3,1,14
202400002602,2024-04-29,Morning,4,1,6.0,1,2,83
202400002603,2024-04-30,Night,3,1,6.0,3,1,83
202400002605,2024-04-27,Afternoon,3,1,2.0,1,2,67
202400002608,2024-04-29,Morning,4,2,1.0,1,1,69
202400002609,2024-08-11,Night,4,1,3.0,5,2,69
202400002610,2024-04-25,Evening,4,1,1.0,2,2,22
202400002611,2024-04-30,Morning,2,1,7.0,1,1,22
202400002613,2024-04-28,Morning,3,2,3.0,1,2,62
202400002615,2024-04-29,Afternoon,4,1,2.0,1,1,42
202400002616,2024-08-11,Morning,3,1,3.0,1,2,69
202400002617,2024-04-29,Afternoon,4,1,2.0,1,1,91
202400002618,2024-08-11,Night,4,1,3.0,5,2,69
202400002619,2024-04-29,Evening,4,1,3.0,1,1,92
202400002620,2024-08-11,Evening,4,1,3.0,1,2,91
202400002621,2024-04-29,Afternoon,4,1,3.0,1,1,91
202400002622,2024-08-04,Night,4,1,2.0,5,2,86
202400002623,2024-04-29,Morning,4,1,5.0,1,1,94
202400002624,2024-04-29,Morning,4,1,3.0,1,1,94
202400002625,2024-08-11,Night,4,1,3.0,3,1,84
202400002626,2024-04-28,Afternoon,4,1,6.0,1,1,78
202400002627,2024-08-11,Morning,4,1,3.0,1,2,83
202400002628,2024-04-28,Afternoon,4,1,4.0,1,1,92
202400002629,2024-08-11,Afternoon,4,7,7.0,1,2,76
202400002630,2024-04-29,Evening,4,1,7.0,2,1,93
202400002631,2024-08-11,Afternoon,4,1,3.0,1,2,69
202400002632,2024-04-29,Afternoon,4,1,3.0,1,1,93
202400002633,2024-08-11,Night,4,1,7.0,5,2,67
202400002634,2024-08-11,Evening,4,1,6.0,1,2,67
202400002635,2024-04-29,Morning,4,1,3.0,1,1,93
202400002636,2024-08-11,Evening,4,1,6.0,2,2,67
202400002637,2024-04-28,Evening,4,1,4.0,3,1,92
202400002638,2024-08-11,Evening,4,1,3.0,1,2,64
202400002639,2024-04-29,Afternoon,4,1,3.0,1,1,94
202400002640,2024-08-11,Afternoon,4,1,6.0,1,2,59
202400002641,2024-08-11,Morning,4,1,3.0,1,2,56
202400002642,2024-08-10,Night,4,1,6.0,3,1,54
202400002643,2024-04-28,Night,4,1,5.0,3,1,77
202400002644,2024-08-10,Night,4,1,3.0,3,2,36
202400002646,2024-07-18,Evening,4,1,6.0,2,2,34
202400002647,2024-08-11,Afternoon,3,1,7.0,1,2,34
202400002648,2024-08-11,Afternoon,4,1,2.0,1,2,33
202400002649,2024-08-10,Afternoon,3,7,6.0,1,1,29
202400002650,2024-08-11,Morning,3,1,6.0,1,1,27
202400002651,2024-08-11,Night,3,1,7.0,3,1,22
202400002652,2024-08-10,Afternoon,4,1,3.0,1,2,14
202400002653,2024-08-11,Afternoon,3,1,1.0,1,2,13
202400002654,2024-08-11,Evening,4,1,1.0,3,1,12
202400002655,2024-08-09,Night,4,1,6.0,5,2,06
202400002656,2024-08-09,Morning,4,1,2.0,1,2,75
202400002657,2024-08-10,Night,4,1,2.0,5,1,75
202400002658,2024-08-11,Afternoon,4,1,6.0,1,2,75
202400002659,2024-08-10,Evening,4,1,3.0,2,2,75
202400002660,2024-08-11,Afternoon,4,1,2.0,1,2,75
202400002661,2024-08-11,Night,4,1,7.0,5,2,75
202400002662,2024-08-11,Afternoon,4,1,1.0,1,2,75
202400002663,2024-08-11,Night,4,1,3.0,5,2,75
202400002664,2024-08-11,Evening,4,1,2.0,1,2,75
202400002665,2024-08-11,Afternoon,4,1,6.0,1,2,75
202400002666,2024-08-10,Evening,3,1,3.0,5,2,94
202400002667,2024-08-11,Afternoon,3,1,6.0,1,2,93
202400002668,2024-08-11,Evening,4,1,3.0,1,2,93
202400002669,2024-08-10,Afternoon,4,1,3.0,1,2,92
202400002670,2024-08-11,Afternoon,3,1,6.0,1,1,31
202400002672,2024-08-12,Afternoon,3,1,3.0,1,1,54
202400002673,2024-08-12,Morning,3,1,7.0,1,1,22
202400002674,2024-08-11,Afternoon,4,1,3.0,1,1,62
202400002675,2024-08-11,Night,4,1,6.0,3,1,95
202400002676,2024-08-11,Evening,2,1,6.0,1,1,62
202400002677,2024-08-11,Evening,4,1,6.0,1,1,19
202400002678,2024-08-11,Night,3,1,7.0,4,2,19
202400002679,2024-08-11,Afternoon,3,1,6.0,1,1,56
202400002680,2024-08-11,Afternoon,4,1,6.0,1,1,2B
202400002681,2024-08-08,Morning,2,1,3.0,1,1,69
202400002682,2024-08-12,Afternoon,4,1,5.0,1,1,11
202400002683,2024-08-11,Morning,4,1,7.0,1,1,61
202400002684,2024-08-09,Morning,4,1,3.0,1,1,55
202400002685,2024-08-12,Morning,3,1,3.0,1,2,12
202400002686,2024-08-09,Evening,3,1,6.0,1,2,39
202400002687,2024-08-11,Night,3,1,6.0,3,2,44
202400002688,2024-08-11,Evening,3,1,7.0,1,1,44
202400002689,2024-08-11,Morning,4,1,3.0,1,1,29
202400002690,2024-08-05,Evening,4,7,7.0,1,1,15
202400002691,2024-08-12,Afternoon,2,1,1.0,1,1,15
202400002692,2024-08-12,Morning,3,1,6.0,1,1,70
202400002693,2024-08-11,Night,3,1,6.0,5,2,58
202400002694,2024-08-06,Night,2,1,6.0,3,1,58
202400002695,2024-08-10,Night,4,1,1.0,3,1,72
202400002696,2024-08-08,Afternoon,4,7,3.0,1,1,72
202400002697,2024-08-12,Night,4,1,6.0,3,1,50
202400002698,2024-08-11,Evening,3,1,7.0,1,2,90
202400002699,2024-08-12,Night,4,1,6.0,3,1,36
202400002700,2024-08-12,Afternoon,3,1,7.0,1,2,07
202400002701,2024-08-12,Morning,4,8,3.0,1,1,24
202400002702,2024-08-11,Evening,3,1,6.0,2,1,24
202400002703,2024-08-10,Night,3,1,6.0,3,1,28
202400002704,2024-08-11,Morning,3,7,2.0,1,1,87
202400002705,2024-08-11,Evening,3,1,7.0,1,1,30
202400002706,2024-08-11,Morning,3,7,3.0,1,2,52
202400002707,2024-08-12,Afternoon,3,1,7.0,1,1,10
202400002708,2024-08-11,Evening,3,1,7.0,1,1,18
202400002709,2024-08-12,Morning,4,1,6.0,1,1,18
202400002710,2024-08-12,Morning,2,1,6.0,2,1,67
202400002711,2024-08-10,Morning,3,1,3.0,1,1,13
202400002713,2024-08-12,Evening,4,1,6.0,1,1,69
202400002714,2024-08-08,Night,4,1,2.0,3,1,13
202400002715,2024-08-09,Afternoon,3,1,2.0,1,1,62
202400002716,2024-08-07,Morning,3,1,3.0,1,1,33
202400002720,2024-05-07,Evening,4,1,6.0,1,2,44
202400002721,2024-04-30,Afternoon,4,1,6.0,1,2,44
202400002722,2024-04-30,Morning,4,1,6.0,1,2,44
202400002723,2024-04-28,Evening,4,1,6.0,1,2,44
202400002724,2024-04-23,Evening,4,1,3.0,1,2,44
202400002725,2024-04-22,Morning,4,1,3.0,1,2,44
202400002726,2024-12-19,Afternoon,3,2,3.0,1,1,88
202400002727,2024-11-03,Afternoon,4,1,5.0,1,1,88
202400002728,2024-10-05,Night,4,1,2.0,3,1,13
202400002729,2024-12-18,Morning,4,1,6.0,1,2,91
202400002730,2024-12-25,Night,4,1,6.0,5,1,28
202400002731,2024-12-27,Evening,4,5,3.0,3,1,28
202400002732,2024-11-25,Evening,4,2,7.0,5,1,28
202400002733,2024-09-28,Afternoon,4,1,1.0,1,1,71
202400002734,2024-12-22,Afternoon,4,8,6.0,1,1,14
202400002735,2024-10-30,Night,4,2,1.0,3,1,73
202400002736,2024-12-10,Afternoon,3,2,3.0,2,1,28
202400002737,2024-10-27,Night,3,2,6.0,3,1,28
202400002738,2024-12-14,Afternoon,4,1,7.0,1,1,57
202400002739,2024-12-16,Afternoon,4,1,2.0,1,1,14
202400002740,2024-08-03,Afternoon,3,1,3.0,1,1,82
202400002741,2024-04-22,Afternoon,3,1,7.0,1,1,55
202400002744,2024-12-22,Evening,4,2,5.0,3,1,74
202400002745,2024-12-21,Evening,4,1,6.0,5,2,74
202400002746,2024-12-11,Afternoon,3,1,1.0,2,1,74
202400002747,2024-09-15,Afternoon,2,1,6.0,1,1,13
202400002748,2024-10-12,Afternoon,4,1,6.0,1,2,84
202400002749,2024-11-29,Evening,3,1,1.0,3,1,43
202400002750,2024-11-24,Morning,4,1,6.0,1,2,91
202400002751,2024-11-05,Night,3,5,6.0,3,1,14
202400002752,2024-07-11,Evening,4,1,3.0,1,2,14
202400002753,2024-12-31,Night,2,1,6.0,3,1,10
202400002754,2024-11-29,Night,4,1,3.0,5,2,2B
202400002755,2024-10-29,Afternoon,4,1,3.0,1,2,2B
202400002756,2024-10-26,Morning,3,8,6.0,1,1,2B
202400002757,2024-10-25,Afternoon,3,8,7.0,2,2,2B
202400002758,2024-10-22,Evening,3,1,1.0,1,2,2B
202400002759,2024-10-22,Morning,3,2,5.0,1,1,2B
202400002760,2024-10-11,Evening,3,1,1.0,5,2,2B
202400002761,2024-10-11,Morning,4,1,1.0,2,1,2B
202400002762,2024-09-28,Afternoon,4,1,6.0,1,2,2B
202400002763,2024-09-03,Afternoon,4,1,1.0,1,1,2B
202400002764,2024-12-21,Afternoon,4,2,6.0,1,2,60
202400002765,2024-08-31,Evening,3,1,3.0,2,1,2B
202400002766,2024-08-22,Morning,3,1,3.0,1,1,2B
202400002767,2024-12-05,Afternoon,4,1,3.0,1,1,84
202400002768,2024-11-25,Afternoon,4,1,1.0,3,1,84
202400002769,2024-11-04,Morning,3,1,3.0,1,1,84
202400002771,2024-12-13,Evening,3,9,7.0,3,1,26
202400002772,2024-08-21,Afternoon,4,1,3.0,1,2,72
202400002781,2024-02-10,Afternoon,4,2,3.0,5,2,69
202400002782,2024-12-31,Afternoon,4,7,1.0,1,2,88
202400002784,2024-12-27,Afternoon,3,7,1.0,1,2,88
202400002786,2024-12-27,Morning,3,7,3.0,1,1,88
202400002787,2024-12-24,Afternoon,3,1,7.0,1,1,88
202400002788,2024-12-17,Evening,4,1,1.0,5,2,88
202400002790,2024-12-13,Evening,3,1,1.0,5,2,88
202400002792,2024-12-09,Morning,4,1,6.0,1,2,88
202400002793,2024-02-10,Evening,3,2,6.0,5,2,69
202400002794,2024-11-21,Morning,4,1,3.0,3,1,88
202400002796,2024-05-21,Morning,2,2,7.0,1,2,14
202400002797,2024-02-10,Evening,3,2,6.0,5,2,95
202400002798,2024-12-20,Afternoon,3,6,2.0,3,1,84
202400002799,2024-02-10,Evening,4,2,6.0,5,2,95
202400002800,2024-12-18,Evening,4,1,4.0,3,1,84
202400002801,2024-02-10,Evening,4,2,3.0,5,2,88
202400002802,2024-12-17,Morning,3,1,6.0,1,2,84
202400002803,2024-02-10,Night,4,2,6.0,5,2,81
202400002804,2024-02-10,Morning,4,2,6.0,1,2,78
202400002805,2024-12-12,Morning,4,1,3.0,1,1,84
202400002806,2024-02-09,Afternoon,4,2,1.0,1,2,78
202400002807,2024-12-09,Evening,4,1,6.0,3,1,84
202400002808,2024-02-09,Afternoon,4,2,6.0,1,2,77
202400002809,2024-12-04,Afternoon,4,1,3.0,1,1,84
202400002810,2024-02-10,Evening,4,2,3.0,3,1,76
202400002811,2024-11-25,Evening,4,1,1.0,3,1,84
202400002812,2024-02-10,Evening,3,1,6.0,2,2,71
202400002813,2024-11-21,Morning,4,1,6.0,2,2,84
202400002814,2024-02-10,Afternoon,4,3,6.0,1,2,69
202400002815,2024-02-09,Evening,4,1,2.0,3,1,66
202400002816,2024-11-19,Evening,2,1,1.0,3,1,84
202400002817,2024-02-10,Evening,4,3,6.0,5,2,62
202400002818,2024-11-10,Afternoon,4,1,3.0,1,2,84
202400002819,2024-02-10,Evening,4,2,6.0,5,1,59
202400002820,2024-10-20,Afternoon,3,1,6.0,1,1,84
202400002821,2024-02-09,Afternoon,4,1,3.0,1,2,59
202400002822,2024-09-29,Afternoon,3,1,5.0,1,1,84
202400002823,2024-02-10,Evening,4,2,6.0,5,2,54
202400002824,2024-09-11,Morning,3,1,3.0,1,1,84
202400002825,2024-02-10,Afternoon,4,2,6.0,1,2,51
202400002826,2024-02-10,Night,4,1,6.0,5,2,51
202400002827,2024-08-28,Afternoon,3,1,1.0,1,2,84
202400002828,2024-02-09,Evening,4,2,6.0,5,2,51
202400002829,2024-07-23,Afternoon,3,1,6.0,1,2,84
202400002830,2024-02-09,Afternoon,4,1,6.0,1,2,51
202400002831,2024-02-09,Morning,4,2,1.0,2,1,46
202400002832,2024-12-27,Afternoon,3,5,4.0,1,1,28
202400002833,2024-02-10,Evening,4,2,6.0,5,2,44
202400002834,2024-12-25,Night,4,2,4.0,3,1,33
202400002835,2024-12-12,Night,4,1,7.0,3,1,14
202400002836,2024-02-10,Afternoon,4,1,3.0,1,2,35
202400002838,2024-02-10,Evening,4,8,1.0,5,2,34
202400002840,2024-02-10,Night,4,3,7.0,5,2,34
202400002842,2024-02-10,Evening,4,2,3.0,5,2,33
202400002844,2024-02-10,Morning,4,1,3.0,1,2,33
202400002846,2024-02-09,Evening,2,2,7.0,3,1,30
202400002848,2024-02-10,Afternoon,4,2,6.0,1,2,28
202400002849,2024-09-20,Evening,3,1,6.0,1,2,62
202400002850,2024-02-09,Afternoon,4,1,4.0,1,1,28
202400002851,2024-02-10,Morning,3,2,6.0,1,2,27
202400002852,2024-04-26,Afternoon,4,1,3.0,1,1,49
202400002853,2024-02-10,Afternoon,4,1,2.0,1,2,14
202400002854,2024-11-30,Morning,4,1,5.0,1,1,91
202400002855,2024-02-10,Night,3,1,1.0,5,2,13
202400002856,2024-11-21,Morning,4,8,6.0,1,2,91
202400002857,2024-02-10,Evening,3,1,3.0,5,2,13
202400002858,2024-11-08,Evening,2,1,6.0,5,2,91
202400002859,2024-02-09,Evening,4,2,3.0,5,2,13
202400002860,2024-02-10,Morning,2,3,6.0,5,2,06
202400002861,2024-12-06,Morning,4,1,4.0,3,1,57
202400002862,2024-02-09,Night,4,1,5.0,5,2,75
202400002863,2024-12-04,Afternoon,4,8,3.0,3,1,57
202400002864,2024-02-08,Night,4,3,6.0,5,2,75
202400002865,2024-08-26,Evening,4,1,7.0,1,1,2A
202400002866,2024-02-10,Evening,4,2,1.0,5,2,75
202400002867,2024-09-12,Night,4,8,3.0,5,2,72
202400002868,2024-02-10,Evening,4,2,7.0,5,2,75
202400002869,2024-10-22,Night,3,1,1.0,3,1,59
202400002870,2024-12-30,Night,4,1,7.0,3,1,13
202400002871,2024-02-09,Night,4,1,5.0,5,2,75
202400002872,2024-11-19,Afternoon,3,2,6.0,1,2,73
202400002873,2024-02-10,Evening,4,1,6.0,5,2,75
202400002874,2024-12-17,Morning,4,2,6.0,2,2,78
202400002875,2024-02-10,Night,3,1,6.0,5,2,75
202400002876,2024-12-28,Evening,3,1,1.0,5,2,22
202400002877,2024-02-09,Evening,4,2,6.0,5,2,75
202400002878,2024-12-30,Morning,4,1,3.0,5,2,22
202400002879,2024-02-10,Afternoon,4,2,6.0,1,2,75
202400002880,2024-12-03,Evening,4,2,3.0,3,1,22
202400002881,2024-02-10,Night,4,1,3.0,5,2,75
202400002882,2024-12-30,Afternoon,4,8,3.0,1,1,22
202400002883,2024-02-10,Evening,4,2,2.0,5,2,94
202400002884,2024-02-10,Afternoon,4,2,1.0,1,2,94
202400002885,2024-11-08,Night,4,1,3.0,3,1,71
202400002886,2024-02-09,Morning,4,2,6.0,5,2,93
202400002887,2024-07-20,Morning,4,1,3.0,1,1,39
202400002888,2024-02-10,Night,4,1,3.0,5,2,93
202400002889,2024-11-08,Afternoon,3,1,3.0,1,2,43
202400002890,2024-02-10,Afternoon,4,2,6.0,1,2,92
202400002891,2024-11-15,Evening,2,1,6.0,2,2,59