Num_Acc,date,time_of_day,max_severity,weather,collision_type,lighting,urban_area,department
202400002892,2024-02-10,Afternoon,4,2,6.0,1,2,92
202400002893,2024-12-12,Morning,4,1,1.0,1,2,84
202400002894,2024-02-10,Afternoon,4,2,6.0,1,2,92
202400002895,2024-12-30,Morning,4,2,1.0,5,2,60
202400002896,2024-02-10,Afternoon,4,2,3.0,1,2,92
202400002897,2024-11-15,Night,3,2,6.0,3,1,28
202400002898,2024-02-10,Morning,4,1,7.0,5,2,92
202400002899,2024-02-10,Evening,4,2,3.0,5,2,92
202400002900,2024-11-28,Afternoon,3,1,3.0,1,2,84
202400002901,2024-11-22,Evening,3,1,6.0,3,1,84
202400002902,2024-02-09,Afternoon,4,2,3.0,2,2,92
202400002903,2024-02-11,Morning,4,1,6.0,1,2,51
202400002904,2024-12-30,Morning,3,1,6.0,1,2,38
202400002905,2024-02-11,Night,4,3,6.0,3,1,2A
202400002906,2024-02-11,Afternoon,3,8,6.0,1,1,86
202400002907,2024-12-16,Afternoon,4,1,3.0,1,2,38
202400002908,2024-02-10,Evening,4,1,2.0,3,1,11
202400002909,2024-11-15,Evening,4,1,3.0,3,2,38
202400002910,2024-02-09,Evening,3,1,6.0,3,2,68
202400002913,2024-12-26,Afternoon,3,1,3.0,1,2,62
202400002914,2024-02-11,Afternoon,3,1,1.0,1,1,30
202400002915,2024-12-20,Afternoon,3,1,6.0,1,2,62
202400002916,2024-02-11,Night,4,1,1.0,3,1,83
202400002917,2024-12-14,Night,4,8,7.0,3,2,62
202400002918,2024-02-10,Evening,4,1,6.0,3,1,62
202400002919,2024-02-11,Afternoon,2,1,7.0,1,1,56
202400002920,2024-11-15,Evening,3,1,6.0,4,2,62
202400002921,2024-02-10,Evening,4,2,6.0,3,1,80
202400002922,2024-02-11,Night,3,2,6.0,3,1,11
202400002923,2024-02-10,Morning,3,2,6.0,1,1,61
202400002924,2024-02-11,Afternoon,3,2,7.0,1,1,25
202400002925,2024-02-11,Evening,3,1,6.0,3,1,44
202400002926,2024-12-12,Afternoon,4,1,3.0,5,1,44
202400002927,2024-02-10,Evening,2,1,7.0,3,1,44
202400002928,2024-12-21,Night,3,3,7.0,3,2,32
202400002929,2024-02-07,Night,3,2,2.0,3,1,29
202400002930,2024-02-11,Night,3,1,6.0,5,2,31
202400002931,2024-11-06,Afternoon,3,1,1.0,1,2,32
202400002932,2024-02-10,Morning,3,2,6.0,1,1,38
202400002933,2024-12-31,Morning,2,1,1.0,1,1,43
202400002934,2024-02-10,Evening,4,2,6.0,2,1,02
202400002935,2024-07-18,Evening,4,1,3.0,1,2,91
202400002936,2024-02-11,Morning,2,1,6.0,1,2,72
202400002937,2024-12-24,Evening,4,1,1.0,5,2,62
202400002938,2024-02-11,Night,4,1,3.0,3,1,60
202400002939,2024-02-11,Afternoon,3,1,1.0,1,1,43
202400002940,2024-02-11,Evening,2,1,6.0,3,1,16
202400002941,2024-02-11,Afternoon,4,3,6.0,1,1,07
202400002942,2024-10-14,Evening,4,1,2.0,3,1,17
202400002943,2024-02-09,Evening,4,2,6.0,5,2,08
202400002944,2024-02-08,Evening,4,2,6.0,4,1,01
202400002945,2024-10-26,Evening,4,2,3.0,3,1,32
202400002946,2024-02-11,Evening,4,1,2.0,3,1,42
202400002947,2024-11-17,Afternoon,3,1,2.0,1,2,13
202400002949,2024-03-17,Night,4,1,3.0,5,2,75
202400002950,2024-02-11,Morning,4,1,1.0,2,1,69
202400002951,2024-02-11,Afternoon,3,1,2.0,1,1,13
202400002952,2024-12-27,Afternoon,4,5,4.0,3,1,38
202400002953,2024-02-11,Afternoon,3,2,6.0,1,1,62
202400002954,2024-11-26,Afternoon,4,7,6.0,1,2,74
202400002956,2024-12-28,Afternoon,4,8,1.0,1,1,74
202400002957,2024-12-15,Night,4,2,3.0,5,1,74
202400002958,2024-02-09,Evening,3,1,5.0,3,1,34
202400002959,2024-12-18,Afternoon,3,1,1.0,3,2,74
202400002960,2024-02-10,Morning,3,3,1.0,3,1,83
202400002961,2024-02-11,Afternoon,3,1,7.0,1,1,06
202400002962,2024-12-03,Afternoon,4,1,1.0,1,2,74
202400002963,2024-12-02,Afternoon,4,2,7.0,5,2,74
202400002964,2024-02-11,Morning,3,1,7.0,1,1,13
202400002965,2024-02-10,Afternoon,3,1,3.0,1,2,57
202400002966,2024-11-02,Evening,4,1,5.0,3,1,14
202400002967,2024-02-10,Night,4,1,7.0,3,1,73
202400002968,2024-02-11,Morning,4,2,6.0,2,1,42
202400002969,2024-02-10,Evening,3,2,6.0,5,2,38
202400002971,2024-02-08,Evening,3,2,1.0,5,2,33
202400002972,2024-11-29,Morning,3,1,3.0,1,2,34
202400002973,2024-12-26,Evening,3,1,6.0,5,2,78
202400002974,2024-02-09,Night,3,1,3.0,3,1,59
202400002975,2024-09-07,Evening,4,1,6.0,4,1,33
202400002976,2024-02-10,Morning,4,3,6.0,3,1,13
202400002977,2024-12-06,Evening,4,1,3.0,5,2,35
202400002978,2024-02-09,Afternoon,4,2,6.0,1,1,83
202400002979,2024-11-27,Afternoon,4,1,7.0,1,1,35
202400002980,2024-02-06,Evening,4,1,4.0,3,1,67
202400002981,2024-09-25,Morning,3,2,3.0,1,2,49
202400002982,2024-02-10,Night,4,3,1.0,5,1,33
202400002984,2024-02-10,Night,2,3,6.0,4,1,33
202400002985,2024-10-25,Afternoon,3,2,2.0,1,2,61
202400002986,2024-02-10,Evening,4,2,6.0,2,1,91
202400002989,2024-02-10,Afternoon,4,2,6.0,1,1,78
202400002992,2024-02-10,Afternoon,4,3,6.0,1,1,78
202400002996,2024-02-10,Afternoon,4,2,2.0,2,1,92
202400002997,2024-02-10,Morning,4,2,6.0,1,1,95
202400002999,2024-02-10,Night,4,1,2.0,3,1,95
202400003013,2024-02-09,Morning,2,2,3.0,1,2,69
202400003017,2024-02-09,Afternoon,4,1,2.0,1,2,2B
202400003019,2024-02-09,Morning,4,1,6.0,1,2,2B
202400003022,2024-10-25,Afternoon,3,1,3.0,1,1,81
202400003023,2024-02-09,Afternoon,4,2,3.0,1,2,2A
202400003024,2024-10-28,Afternoon,4,7,5.0,2,1,80
202400003025,2024-02-09,Morning,4,8,6.0,3,2,95
202400003026,2024-12-28,Night,3,2,2.0,3,1,28
202400003027,2024-02-09,Evening,4,1,6.0,5,2,91
202400003028,2024-12-27,Night,4,5,2.0,3,1,28
202400003029,2024-02-09,Night,4,1,3.0,5,2,91
202400003030,2024-12-12,Morning,3,7,6.0,1,2,38
202400003031,2024-02-08,Morning,3,1,3.0,1,2,83
202400003032,2024-01-11,Afternoon,3,1,6.0,1,2,78
202400003033,2024-12-21,Evening,4,1,1.0,5,2,38
202400003034,2024-11-06,Afternoon,3,1,6.0,1,2,24
202400003035,2024-06-07,Morning,4,1,3.0,1,1,91
202400003036,2024-12-06,Morning,4,1,2.0,3,1,84
202400003037,2024-06-07,Morning,4,1,2.0,1,1,91
202400003038,2024-02-09,Evening,4,2,3.0,5,2,72
202400003039,2024-11-29,Night,4,1,3.0,5,1,84
202400003040,2024-06-06,Evening,4,1,2.0,1,1,92
202400003041,2024-02-08,Evening,4,2,2.0,5,2,72
202400003042,2024-12-01,Afternoon,3,1,1.0,1,2,74
202400003043,2024-11-23,Night,3,9,6.0,5,1,38
202400003044,2024-06-06,Afternoon,4,1,2.0,1,1,78
202400003045,2024-02-09,Afternoon,4,1,6.0,1,2,71
202400003046,2024-11-19,Afternoon,4,3,3.0,1,2,75
202400003047,2024-02-09,Afternoon,4,3,3.0,1,2,71
202400003048,2024-06-07,Morning,4,1,2.0,1,1,93
202400003049,2024-12-25,Morning,3,2,2.0,5,2,93
202400003050,2024-02-08,Afternoon,4,1,3.0,1,2,71
202400003051,2024-06-07,Morning,4,1,2.0,1,1,93
202400003052,2024-12-15,Morning,4,1,6.0,1,2,93
202400003053,2024-06-07,Morning,4,1,2.0,1,1,93
202400003054,2024-02-09,Evening,4,2,2.0,2,1,69
202400003055,2024-12-08,Night,4,2,3.0,5,2,93
202400003056,2024-10-08,Evening,3,2,6.0,1,2,93
202400003057,2024-06-07,Morning,4,1,5.0,1,1,93
202400003058,2024-02-08,Afternoon,3,1,3.0,1,2,69
202400003059,2024-08-21,Afternoon,4,1,3.0,1,2,93
202400003060,2024-02-09,Evening,4,2,6.0,3,2,67
202400003061,2024-06-07,Night,4,1,2.0,4,1,93
202400003062,2024-07-19,Afternoon,4,1,3.0,1,2,93
202400003063,2024-07-18,Night,3,1,6.0,5,2,93
202400003064,2024-02-09,Afternoon,4,2,5.0,1,2,67
202400003065,2024-10-21,Morning,3,1,3.0,2,1,17
202400003066,2024-02-16,Evening,4,1,3.0,5,2,84
202400003067,2024-07-17,Afternoon,4,1,3.0,1,2,93
202400003069,2024-02-09,Afternoon,4,1,3.0,1,2,67
202400003070,2024-10-23,Afternoon,3,1,6.0,1,2,87
202400003071,2024-07-16,Evening,4,1,3.0,1,2,93
202400003072,2024-02-09,Afternoon,3,1,6.0,1,1,65
202400003074,2024-10-24,Morning,4,5,6.0,2,1,08
202400003075,2024-12-15,Evening,3,1,6.0,3,1,73
202400003076,2024-02-09,Morning,4,2,2.0,1,2,64
202400003078,2024-10-24,Morning,4,1,3.0,2,1,08
202400003079,2024-02-09,Morning,4,1,3.0,1,2,63
202400003080,2024-12-31,Night,4,2,2.0,3,1,28
202400003081,2024-06-06,Evening,4,1,3.0,1,2,69
202400003082,2024-10-23,Evening,2,1,3.0,3,1,68
202400003083,2024-12-29,Evening,4,5,6.0,5,2,60
202400003084,2024-02-02,Morning,4,1,4.0,1,2,59
202400003085,2024-06-06,Afternoon,4,2,3.0,1,2,69
202400003086,2024-02-08,Evening,4,1,6.0,5,2,57
202400003089,2024-02-08,Morning,4,2,6.0,1,2,57
202400003092,2024-06-06,Morning,4,1,3.0,1,2,2A
202400003093,2024-02-09,Afternoon,4,1,3.0,1,2,56
202400003094,2024-06-06,Afternoon,4,1,6.0,1,2,95
202400003095,2024-06-06,Afternoon,4,1,6.0,1,2,91
202400003096,2024-02-09,Evening,4,2,6.0,5,2,54
202400003098,2024-06-06,Morning,4,1,1.0,1,2,91
202400003099,2024-02-09,Morning,4,1,3.0,1,2,54
202400003100,2024-10-24,Morning,3,1,3.0,1,1,41
202400003101,2024-02-08,Afternoon,4,2,6.0,1,2,54
202400003102,2024-06-05,Evening,4,1,3.0,1,2,87
202400003103,2024-02-09,Morning,4,1,6.0,1,2,51
202400003104,2024-10-02,Evening,4,2,3.0,5,2,45
202400003105,2024-02-08,Evening,4,2,6.0,5,2,51
202400003106,2024-10-22,Evening,3,1,7.0,2,1,77
202400003107,2024-06-05,Morning,4,1,4.0,1,2,84
202400003108,2024-02-09,Evening,4,1,3.0,5,2,49
202400003109,2024-10-23,Morning,3,5,1.0,5,2,78
202400003110,2024-06-06,Evening,4,1,3.0,1,2,83
202400003111,2024-10-23,Afternoon,2,1,7.0,1,2,30
202400003112,2024-06-06,Morning,4,1,6.0,1,2,83
202400003113,2024-02-08,Morning,4,2,4.0,1,2,49
202400003114,2024-10-23,Evening,3,1,1.0,3,1,13
202400003115,2024-06-06,Afternoon,4,1,6.0,1,2,81
202400003116,2024-02-09,Morning,4,1,3.0,5,2,45
202400003117,2024-06-06,Night,4,1,6.0,5,2,79
202400003118,2024-06-05,Afternoon,4,1,1.0,1,2,77
202400003119,2024-10-24,Evening,3,1,3.0,5,2,25
202400003120,2024-02-09,Evening,3,2,3.0,5,2,44
202400003121,2024-06-06,Evening,4,1,6.0,2,2,72
202400003122,2024-02-09,Afternoon,3,1,6.0,1,2,44
202400003123,2024-10-24,Night,4,1,6.0,3,1,21
202400003124,2024-06-05,Morning,4,1,1.0,1,2,71
202400003125,2024-02-03,Afternoon,4,1,7.0,1,2,43
202400003126,2024-06-06,Evening,4,1,3.0,1,2,69
202400003127,2024-10-23,Afternoon,4,1,3.0,1,1,52
202400003128,2024-06-06,Evening,4,1,3.0,1,2,69
202400003129,2024-06-06,Evening,4,1,2.0,1,2,69
202400003130,2024-02-09,Night,4,1,3.0,5,2,37
202400003131,2024-10-24,Morning,3,1,1.0,1,1,68
202400003132,2024-06-06,Morning,4,1,6.0,1,2,69
202400003133,2024-06-06,Morning,4,1,6.0,1,2,69
202400003134,2024-10-18,Morning,3,1,6.0,1,2,57
202400003135,2024-06-06,Night,4,1,7.0,5,2,68
202400003136,2024-02-09,Afternoon,4,2,4.0,1,1,35
202400003137,2024-06-06,Evening,4,1,3.0,5,2,67
202400003138,2024-10-24,Evening,4,1,5.0,1,1,42
202400003139,2024-02-07,Evening,4,1,3.0,2,2,34
202400003140,2024-06-06,Afternoon,4,1,3.0,1,2,64
202400003141,2024-10-24,Morning,4,1,1.0,2,1,17
202400003142,2024-06-06,Afternoon,4,1,3.0,1,2,64
202400003143,2024-02-09,Evening,4,1,2.0,5,2,34
202400003144,2024-06-06,Morning,4,1,3.0,1,2,64
202400003145,2024-09-20,Evening,3,1,3.0,1,2,33
202400003146,2024-06-05,Morning,4,1,2.0,1,2,64
202400003147,2024-02-09,Afternoon,3,1,3.0,1,2,34
202400003148,2024-06-06,Evening,4,1,3.0,1,2,64
202400003149,2024-10-23,Afternoon,3,7,3.0,1,1,49
202400003150,2024-06-06,Afternoon,4,1,2.0,1,2,64
202400003151,2024-10-23,Afternoon,3,1,6.0,1,2,44
202400003152,2024-02-09,Evening,4,1,3.0,5,2,33
202400003153,2024-06-06,Morning,4,1,2.0,1,2,64
202400003154,2024-02-09,Evening,4,1,3.0,5,1,31
202400003155,2024-10-22,Morning,4,5,1.0,1,1,35
202400003156,2024-06-06,Morning,4,1,3.0,1,2,64
202400003157,2024-02-03,Evening,3,1,7.0,3,2,30
202400003158,2024-06-05,Evening,3,1,3.0,1,2,64
202400003159,2024-10-24,Evening,3,1,6.0,1,1,02
202400003160,2024-06-05,Morning,4,1,3.0,1,2,64
202400003161,2024-10-22,Afternoon,3,1,1.0,2,2,59
202400003162,2024-02-08,Afternoon,4,2,5.0,1,1,29
202400003163,2024-06-05,Morning,4,1,3.0,1,2,64
202400003164,2024-02-07,Afternoon,4,2,6.0,1,2,29
202400003165,2024-10-19,Evening,3,1,2.0,3,1,01
202400003166,2024-06-05,Evening,4,1,3.0,1,2,62
202400003167,2024-06-06,Morning,4,1,6.0,1,2,62
202400003168,2024-10-22,Night,4,1,2.0,3,1,57
202400003169,2024-06-05,Afternoon,3,1,3.0,1,2,59
202400003170,2024-10-23,Morning,3,5,6.0,1,1,78
202400003171,2024-02-09,Morning,4,1,2.0,1,2,27
202400003172,2024-06-06,Morning,3,1,3.0,1,1,59
202400003173,2024-10-22,Night,4,1,6.0,4,1,78
202400003174,2024-02-08,Morning,4,2,6.0,2,2,27
202400003175,2024-06-05,Morning,3,1,6.0,2,1,59
202400003176,2024-06-05,Afternoon,3,1,6.0,1,2,59
202400003177,2024-02-09,Evening,4,2,3.0,5,2,25
202400003178,2024-10-22,Evening,4,1,4.0,3,1,93
202400003179,2024-06-05,Evening,4,1,3.0,1,2,56
202400003180,2024-02-05,Afternoon,4,1,1.0,1,2,19
202400003181,2024-10-23,Afternoon,4,1,3.0,1,1,77
202400003182,2024-06-05,Afternoon,4,1,2.0,1,2,54
202400003183,2024-02-06,Afternoon,4,1,3.0,1,2,14
202400003184,2024-06-05,Afternoon,4,1,6.0,1,2,54
202400003185,2024-10-23,Morning,4,1,2.0,1,1,77
202400003186,2024-02-08,Afternoon,4,1,3.0,1,2,13
202400003187,2024-05-17,Afternoon,4,3,1.0,1,2,54
202400003188,2024-10-22,Night,4,1,2.0,3,1,94
202400003189,2024-02-09,Evening,3,2,1.0,5,2,13
202400003190,2024-06-05,Evening,4,1,3.0,1,2,51
202400003191,2024-02-08,Evening,3,1,7.0,5,2,12
202400003192,2024-06-05,Afternoon,4,1,2.0,1,2,51
202400003193,2024-02-08,Morning,4,2,6.0,1,2,10
202400003194,2024-10-22,Evening,4,1,6.0,3,1,77
202400003195,2024-06-05,Morning,4,1,3.0,1,2,51
202400003196,2024-02-09,Evening,4,2,3.0,5,2,06
202400003197,2024-06-08,Night,3,1,6.0,2,1,35
202400003198,2024-06-05,Morning,4,1,3.0,1,2,49
202400003199,2024-02-08,Night,4,2,2.0,3,1,02
202400003200,2024-06-06,Morning,4,2,6.0,1,2,47
202400003201,2024-02-09,Morning,4,1,3.0,5,2,75
202400003202,2024-06-06,Afternoon,4,1,6.0,1,2,42
202400003203,2024-02-09,Morning,4,1,6.0,5,2,75
202400003204,2024-06-02,Evening,4,1,3.0,1,1,35
202400003205,2024-02-08,Night,4,2,3.0,5,2,75
202400003206,2024-06-05,Morning,3,1,6.0,1,2,41
202400003207,2024-10-11,Afternoon,4,1,2.0,1,2,44
202400003208,2024-02-08,Afternoon,4,2,6.0,1,2,75
202400003209,2024-06-03,Afternoon,4,1,3.0,1,2,40
202400003210,2024-10-10,Morning,4,1,6.0,2,2,44
202400003211,2024-02-08,Night,4,2,3.0,5,2,75
202400003212,2024-06-06,Evening,4,1,3.0,1,2,38
202400003213,2024-06-05,Afternoon,3,1,6.0,1,2,34
202400003214,2024-02-09,Afternoon,4,1,3.0,1,2,75
202400003215,2024-08-23,Evening,4,1,3.0,1,2,74
202400003216,2024-06-06,Afternoon,4,1,2.0,1,2,31
202400003217,2024-02-09,Morning,4,8,3.0,1,2,75
202400003218,2024-06-06,Night,3,1,3.0,5,2,31
202400003219,2024-06-06,Evening,4,1,6.0,1,2,29
202400003220,2024-06-13,Morning,4,1,6.0,1,2,29
202400003221,2024-04-12,Evening,4,1,5.0,1,2,69
202400003222,2024-06-05,Morning,3,1,3.0,1,2,28
202400003223,2024-06-05,Afternoon,4,1,6.0,1,2,23
202400003226,2024-06-05,Afternoon,3,1,2.0,1,1,18
202400003227,2024-06-06,Afternoon,4,1,2.0,1,2,17
202400003229,2024-10-22,Afternoon,3,1,6.0,1,2,69
202400003230,2024-06-05,Morning,3,1,4.0,1,2,17
202400003232,2024-06-05,Evening,4,1,1.0,2,2,14
202400003233,2024-10-22,Night,4,1,3.0,5,2,95
202400003234,2024-10-22,Morning,4,1,6.0,1,2,95
202400003235,2024-06-07,Night,4,1,3.0,5,2,13
202400003236,2024-10-21,Afternoon,4,8,3.0,1,1,95
202400003237,2024-06-07,Night,3,1,3.0,5,2,13
202400003238,2024-10-22,Afternoon,4,1,6.0,1,2,91
202400003239,2024-06-06,Evening,3,1,3.0,1,2,13
202400003240,2024-10-22,Morning,4,1,6.0,3,2,91
202400003241,2024-06-06,Night,4,1,3.0,5,2,13
202400003242,2024-10-22,Morning,4,1,3.0,1,2,91
202400003243,2024-06-05,Afternoon,4,1,3.0,1,2,13
202400003244,2024-10-22,Morning,4,1,6.0,5,2,91
202400003245,2024-06-05,Afternoon,4,1,3.0,1,2,13
202400003246,2024-10-17,Morning,3,2,7.0,1,2,87
202400003247,2024-05-18,Morning,4,1,1.0,1,1,12
202400003248,2024-10-21,Morning,4,1,3.0,1,2,87
202400003249,2024-10-21,Morning,4,1,6.0,1,2,87
202400003250,2024-06-06,Afternoon,4,1,4.0,1,2,11
202400003251,2024-10-17,Afternoon,4,2,6.0,1,2,87
202400003252,2024-06-06,Afternoon,4,1,2.0,1,2,10
202400003253,2024-10-21,Morning,3,1,3.0,2,1,87
202400003254,2024-06-06,Afternoon,3,1,6.0,1,2,10
202400003255,2024-10-22,Morning,4,1,3.0,1,2,84
202400003256,2024-06-05,Afternoon,4,1,4.0,1,1,10
202400003257,2024-10-22,Morning,3,1,6.0,5,2,83
202400003258,2024-06-05,Evening,4,1,3.0,1,2,09
202400003259,2024-10-21,Afternoon,2,1,6.0,1,2,81
202400003260,2024-06-05,Afternoon,3,1,6.0,1,2,04
202400003261,2024-10-21,Afternoon,4,1,3.0,1,1,80
202400003262,2024-06-02,Morning,4,1,1.0,1,1,04
202400003263,2024-10-21,Afternoon,4,1,6.0,1,2,78
202400003264,2024-06-05,Afternoon,4,1,2.0,1,2,75
202400003265,2024-10-22,Evening,4,1,3.0,1,2,78
202400003266,2024-06-06,Evening,4,1,6.0,1,2,75
202400003267,2024-06-06,Evening,3,1,6.0,1,2,75
202400003268,2024-10-22,Night,2,2,6.0,4,1,78
202400003269,2024-06-06,Afternoon,4,1,6.0,1,2,75
202400003270,2024-10-21,Morning,4,1,2.0,1,1,77
202400003271,2024-10-22,Evening,4,8,6.0,5,2,77
202400003272,2024-06-05,Afternoon,4,1,3.0,1,2,75
202400003273,2024-06-06,Evening,4,1,3.0,1,2,75
202400003274,2024-10-22,Afternoon,4,1,2.0,1,2,69
202400003275,2024-06-06,Afternoon,4,1,1.0,1,2,75
202400003276,2024-10-22,Morning,4,1,2.0,5,2,69
202400003277,2024-06-06,Morning,4,1,3.0,1,2,75
202400003278,2024-10-22,Morning,4,2,3.0,1,1,69
202400003279,2024-06-06,Afternoon,4,1,3.0,1,2,75
202400003280,2024-06-06,Morning,3,1,6.0,1,2,75
202400003281,2024-10-21,Night,4,1,3.0,5,2,69
202400003282,2024-06-05,Morning,4,1,3.0,1,2,75
202400003283,2024-10-21,Afternoon,4,1,3.0,1,2,69
202400003284,2024-06-05,Night,3,1,1.0,5,2,75
202400003285,2024-10-21,Afternoon,4,1,2.0,1,2,69
202400003286,2024-06-06,Evening,4,1,3.0,1,2,75
202400003287,2024-10-21,Morning,4,7,3.0,1,2,69
202400003288,2024-06-06,Morning,4,1,3.0,1,2,75
202400003289,2024-10-21,Afternoon,4,1,3.0,1,2,64
202400003290,2024-06-05,Afternoon,4,1,6.0,1,2,75
202400003291,2024-10-22,Afternoon,4,1,1.0,1,2,62
202400003292,2024-06-05,Afternoon,4,1,3.0,1,2,94
202400003293,2024-10-22,Night,3,2,3.0,5,2,59
202400003294,2024-06-04,Evening,4,1,3.0,1,2,94
202400003295,2024-10-21,Afternoon,4,1,3.0,1,2,56
202400003296,2024-06-05,Night,4,1,6.0,5,2,94
202400003297,2024-10-21,Morning,4,1,2.0,1,1,54
202400003298,2024-10-22,Afternoon,4,1,6.0,1,2,51
202400003299,2024-06-06,Evening,4,1,2.0,1,2,94
202400003300,2024-10-21,Evening,4,3,3.0,1,2,49
202400003301,2024-06-15,Afternoon,4,1,3.0,1,2,94
202400003302,2024-10-21,Afternoon,4,1,3.0,1,2,42
202400003303,2024-06-05,Afternoon,4,1,3.0,1,2,94
202400003304,2024-10-21,Evening,4,1,5.0,2,2,41
202400003305,2024-06-06,Afternoon,4,1,3.0,1,2,93
202400003306,2024-10-21,Afternoon,4,1,5.0,1,2,34
202400003307,2024-06-05,Night,4,1,3.0,5,2,93
202400003308,2024-10-21,Afternoon,4,1,1.0,1,2,34
202400003309,2024-06-06,Morning,4,1,6.0,1,2,93
202400003310,2024-10-21,Afternoon,4,1,3.0,1,2,34
202400003311,2024-06-06,Night,3,1,1.0,5,2,93
202400003312,2024-10-17,Afternoon,4,3,3.0,1,2,33
202400003313,2024-06-05,Afternoon,4,1,6.0,1,2,93
202400003314,2024-10-22,Night,4,3,3.0,5,2,31
202400003315,2024-06-05,Morning,4,1,3.0,1,2,92
202400003316,2024-06-05,Night,3,1,6.0,5,2,92
202400003317,2024-10-21,Morning,4,2,3.0,1,2,29
202400003318,2024-06-06,Morning,4,1,3.0,1,2,92
202400003319,2024-10-22,Afternoon,3,1,6.0,1,2,13
202400003320,2024-10-22,Afternoon,3,1,2.0,1,1,13
202400003321,2024-06-06,Morning,4,1,3.0,1,2,92
202400003322,2024-10-21,Morning,4,1,3.0,1,2,13
202400003323,2024-06-06,Evening,4,1,7.0,2,2,92
202400003324,2024-10-21,Morning,3,1,6.0,5,2,13
202400003325,2024-06-06,Evening,4,1,2.0,1,2,92
202400003326,2024-10-21,Evening,4,1,3.0,1,2,13
202400003327,2024-06-05,Night,4,1,6.0,5,2,92
202400003328,2024-10-21,Evening,4,1,2.0,3,2,11
202400003329,2024-06-06,Morning,4,1,1.0,1,1,37
202400003330,2024-06-06,Morning,3,1,7.0,1,2,37
202400003331,2024-10-21,Morning,4,1,5.0,1,1,11
202400003332,2024-10-21,Afternoon,4,1,7.0,1,1,10
202400003333,2024-06-07,Afternoon,3,1,1.0,1,1,80
202400003334,2024-10-21,Afternoon,4,1,6.0,1,2,10
202400003335,2024-06-05,Evening,4,1,7.0,2,2,26
202400003336,2024-06-05,Evening,3,1,6.0,1,2,40
202400003337,2024-10-22,Afternoon,4,1,3.0,1,2,06
202400003339,2024-10-22,Morning,3,1,1.0,2,2,06
202400003340,2024-05-30,Evening,3,1,6.0,5,2,84
202400003341,2024-06-07,Night,3,1,6.0,3,1,84
202400003342,2024-10-21,Morning,4,1,6.0,1,2,02
202400003343,2024-06-02,Afternoon,4,1,1.0,1,2,30
202400003344,2024-10-17,Afternoon,4,1,4.0,1,2,75
202400003345,2024-06-06,Evening,4,1,3.0,1,2,91
202400003346,2024-06-06,Evening,3,1,7.0,1,2,67
202400003347,2024-10-22,Afternoon,3,1,2.0,1,2,75
202400003348,2024-06-07,Evening,2,1,7.0,1,1,67
202400003349,2024-10-22,Night,4,2,6.0,5,2,75
202400003350,2024-06-06,Afternoon,3,1,1.0,1,1,12
202400003351,2024-10-21,Afternoon,4,1,6.0,1,2,75
202400003352,2024-06-06,Afternoon,4,1,4.0,1,1,25
202400003353,2024-10-22,Afternoon,4,1,3.0,1,2,75
202400003354,2024-06-06,Afternoon,4,1,5.0,1,2,25
202400003355,2024-06-04,Evening,3,1,7.0,2,1,44
202400003356,2024-10-22,Morning,4,1,3.0,1,2,75
202400003357,2024-06-07,Morning,4,1,3.0,1,2,44
202400003358,2024-06-06,Night,3,1,7.0,3,1,03
202400003359,2024-10-22,Morning,4,1,2.0,1,2,75
202400003360,2024-06-01,Evening,3,2,7.0,1,1,03
202400003361,2024-10-21,Afternoon,4,1,3.0,1,2,75
202400003362,2024-10-22,Evening,4,1,6.0,2,2,75
202400003363,2024-06-05,Afternoon,3,1,7.0,1,1,66
202400003364,2024-10-22,Morning,4,1,2.0,1,2,75
202400003365,2024-06-06,Evening,3,1,6.0,1,1,72
202400003366,2024-10-22,Afternoon,4,1,3.0,1,2,75
202400003367,2024-06-06,Afternoon,4,1,3.0,1,1,14
202400003368,2024-06-07,Morning,2,1,6.0,1,1,50
202400003369,2024-10-21,Afternoon,4,1,7.0,1,1,75
202400003370,2024-06-07,Night,2,1,7.0,4,2,18
202400003371,2024-10-22,Afternoon,3,1,3.0,1,2,75
202400003372,2024-06-07,Evening,4,1,6.0,1,1,10
202400003373,2024-10-22,Afternoon,4,1,6.0,1,2,75
202400003374,2024-05-26,Afternoon,3,1,7.0,1,1,36
202400003375,2024-06-06,Evening,4,1,7.0,1,1,16
202400003376,2024-10-22,Afternoon,4,1,3.0,1,2,75
202400003377,2024-06-07,Afternoon,4,1,3.0,1,1,07
202400003378,2024-10-22,Night,4,2,7.0,5,2,75
202400003379,2024-06-07,Afternoon,4,2,6.0,1,2,07
202400003380,2024-10-15,Evening,4,1,7.0,1,2,75
202400003381,2024-06-06,Evening,3,1,2.0,1,1,37
202400003382,2024-10-20,Evening,4,1,3.0,1,2,75
202400003383,2024-06-06,Morning,4,8,3.0,1,1,48
202400003384,2024-10-21,Evening,4,1,1.0,5,2,94
202400003385,2024-06-07,Night,3,1,6.0,3,1,24
202400003386,2024-10-22,Afternoon,4,1,6.0,1,2,94
202400003387,2024-10-22,Night,4,2,3.0,5,2,94
202400003389,2024-06-07,Afternoon,4,1,6.0,1,1,68
202400003390,2024-10-22,Morning,4,1,3.0,1,2,94