Num_Acc,date,time_of_day,max_severity,weather,collision_type,lighting,urban_area,department
202400003391,2024-10-22,Night,4,2,6.0,5,2,94
202400003392,2024-06-06,Morning,3,1,1.0,1,2,38
202400003393,2024-06-07,Morning,4,1,4.0,1,1,06
202400003394,2024-10-21,Night,4,1,3.0,5,2,94
202400003395,2024-10-22,Morning,4,1,6.0,1,2,93
202400003397,2024-10-22,Evening,4,1,3.0,5,2,93
202400003398,2024-06-04,Evening,4,1,1.0,1,2,33
202400003399,2024-10-21,Night,4,2,3.0,5,2,93
202400003400,2024-06-06,Morning,3,1,3.0,1,1,91
202400003401,2024-06-06,Evening,3,1,2.0,1,1,91
202400003402,2024-10-22,Afternoon,4,1,3.0,1,2,93
202400003403,2024-06-07,Morning,3,1,3.0,1,1,66
202400003404,2024-10-21,Night,4,2,6.0,5,2,93
202400003405,2024-10-22,Afternoon,4,1,6.0,1,2,93
202400003406,2024-06-06,Afternoon,3,1,1.0,1,1,83
202400003407,2024-10-21,Morning,4,1,6.0,5,1,92
202400003408,2024-06-06,Afternoon,4,1,6.0,1,2,52
202400003409,2024-10-22,Evening,4,1,3.0,1,2,92
202400003410,2024-06-07,Afternoon,3,1,2.0,1,1,88
202400003411,2024-10-21,Evening,4,1,3.0,5,2,92
202400003412,2024-06-07,Morning,2,7,3.0,1,1,57
202400003413,2024-10-19,Afternoon,2,1,7.0,1,1,84
202400003414,2024-06-05,Afternoon,2,1,6.0,1,1,73
202400003415,2024-10-23,Afternoon,4,1,3.0,1,2,95
202400003416,2024-06-07,Morning,2,1,1.0,1,1,01
202400003417,2024-10-22,Evening,2,7,2.0,1,1,41
202400003418,2024-06-07,Night,4,1,6.0,3,1,69
202400003419,2024-10-23,Morning,3,1,2.0,1,1,21
202400003420,2024-10-23,Afternoon,3,1,7.0,2,1,83
202400003421,2024-06-04,Afternoon,3,1,3.0,1,2,69
202400003422,2024-10-22,Evening,4,1,3.0,1,2,56
202400003423,2024-06-06,Afternoon,3,1,2.0,1,1,79
202400003424,2024-10-22,Night,3,2,6.0,5,2,63
202400003425,2024-06-07,Morning,3,1,7.0,2,1,17
202400003426,2024-10-23,Afternoon,3,1,5.0,1,1,12
202400003427,2024-06-06,Afternoon,3,1,3.0,1,1,44
202400003428,2024-10-22,Afternoon,3,1,1.0,1,1,22
202400003429,2024-06-05,Afternoon,3,1,6.0,1,1,22
202400003430,2024-10-22,Morning,4,2,1.0,1,2,39
202400003431,2024-06-07,Afternoon,4,1,1.0,1,1,27
202400003432,2024-10-22,Morning,3,7,6.0,2,1,29
202400003433,2024-06-06,Afternoon,2,1,7.0,1,1,76
202400003434,2024-10-19,Night,4,1,1.0,3,1,02
202400003435,2024-06-06,Evening,4,1,4.0,1,1,60
202400003436,2024-06-07,Afternoon,4,1,5.0,1,1,80
202400003437,2024-10-20,Afternoon,4,2,3.0,1,1,72
202400003438,2024-06-06,Evening,4,1,6.0,1,2,62
202400003439,2024-10-23,Afternoon,3,1,7.0,1,1,14
202400003440,2024-10-23,Morning,4,1,1.0,1,1,50
202400003441,2024-06-07,Afternoon,3,1,6.0,1,1,59
202400003442,2024-10-23,Afternoon,3,1,6.0,1,1,60
202400003443,2024-06-06,Evening,4,1,6.0,1,1,83
202400003444,2024-10-20,Night,3,5,6.0,5,2,60
202400003445,2024-10-14,Evening,4,2,3.0,5,2,64
202400003446,2024-10-22,Afternoon,3,1,6.0,1,2,36
202400003447,2024-06-06,Afternoon,4,1,4.0,1,1,33
202400003448,2024-06-06,Afternoon,4,1,3.0,1,1,33
202400003449,2024-10-22,Evening,4,1,5.0,1,1,36
202400003450,2024-10-15,Afternoon,2,1,6.0,1,1,24
202400003451,2024-06-04,Morning,4,1,4.0,1,1,33
202400003452,2024-06-06,Night,4,1,6.0,3,1,94
202400003453,2024-10-19,Afternoon,4,2,3.0,1,2,85
202400003454,2024-10-23,Morning,3,5,3.0,2,1,27
202400003455,2024-06-05,Afternoon,3,1,4.0,1,1,92
202400003456,2024-10-23,Morning,3,1,7.0,2,1,30
202400003457,2024-10-23,Morning,3,1,1.0,1,1,06
202400003459,2024-10-22,Evening,2,1,1.0,2,1,33
202400003460,2024-10-22,Afternoon,2,1,7.0,1,1,11
202400003461,2024-06-05,Morning,4,1,4.0,1,1,92
202400003462,2024-10-23,Morning,4,5,1.0,1,1,77
202400003463,2024-06-06,Afternoon,4,1,2.0,1,1,93
202400003464,2024-06-06,Night,4,1,6.0,3,1,92
202400003465,2024-10-17,Afternoon,4,1,3.0,1,2,13
202400003466,2024-10-23,Afternoon,4,1,6.0,1,2,17
202400003467,2024-10-21,Evening,2,1,7.0,2,1,33
202400003468,2024-10-22,Evening,3,1,6.0,1,1,22
202400003469,2024-10-22,Afternoon,4,1,2.0,1,1,60
202400003470,2024-10-22,Evening,4,1,2.0,1,1,13
202400003471,2024-10-22,Morning,4,1,2.0,1,1,13
202400003472,2024-10-21,Morning,4,1,2.0,3,1,33
202400003473,2024-10-16,Evening,4,1,2.0,2,1,59
202400003474,2024-10-22,Afternoon,4,1,4.0,1,1,91
202400003475,2024-10-21,Evening,4,1,2.0,2,1,92
202400003476,2024-10-22,Evening,4,1,6.0,2,1,93
202400003477,2024-10-22,Morning,4,1,5.0,1,1,93
202400003478,2024-10-21,Evening,4,1,2.0,3,1,95
202400003479,2024-10-22,Morning,4,1,2.0,2,1,94
202400003480,2024-10-22,Morning,4,2,2.0,5,1,94
202400003481,2024-04-04,Afternoon,4,8,6.0,1,2,75
202400003482,2024-06-13,Afternoon,4,1,3.0,1,1,74
202400003483,2024-08-21,Afternoon,3,1,1.0,1,1,74
202400003484,2024-06-24,Morning,3,1,7.0,1,1,74
202400003485,2024-07-20,Morning,3,1,3.0,1,1,74
202400003486,2024-08-17,Afternoon,4,1,2.0,1,1,74
202400003487,2024-07-21,Morning,4,2,5.0,1,2,74
202400003488,2024-08-04,Night,4,1,1.0,5,2,74
202400003489,2024-08-09,Night,4,1,3.0,5,2,74
202400003490,2024-08-10,Morning,4,1,7.0,1,1,74
202400003491,2024-08-20,Afternoon,4,1,7.0,1,1,74
202400003492,2024-07-24,Afternoon,4,1,7.0,1,1,74
202400003493,2024-07-02,Morning,3,1,2.0,1,1,74
202400003494,2024-07-05,Evening,3,1,6.0,1,2,74
202400003495,2024-07-27,Afternoon,4,1,2.0,1,2,74
202400003496,2024-06-29,Afternoon,4,1,6.0,1,2,74
202400003497,2024-07-21,Night,3,1,7.0,3,1,74
202400003498,2024-06-24,Evening,4,1,6.0,1,2,74
202400003499,2024-03-22,Afternoon,3,1,3.0,1,2,75
202400003500,2024-03-22,Afternoon,4,1,2.0,1,2,75
202400003501,2024-03-22,Morning,4,1,6.0,1,2,75
202400003502,2024-03-22,Evening,4,1,6.0,2,2,75
202400003503,2024-03-22,Afternoon,4,1,7.0,1,2,75
202400003504,2024-03-22,Afternoon,3,1,2.0,1,2,94
202400003505,2024-03-21,Evening,4,1,3.0,5,2,94
202400003506,2024-03-21,Afternoon,4,1,3.0,1,2,94
202400003507,2024-03-22,Afternoon,4,1,6.0,1,2,94
202400003508,2024-03-21,Night,2,1,3.0,5,2,94
202400003509,2024-03-21,Morning,4,1,6.0,1,2,94
202400003510,2024-03-22,Morning,4,1,6.0,1,2,93
202400003511,2024-03-22,Evening,4,1,6.0,1,2,93
202400003512,2024-03-22,Morning,4,1,5.0,1,2,93
202400003513,2024-03-22,Night,4,1,6.0,5,2,92
202400003514,2024-03-22,Night,4,2,6.0,5,2,92
202400003515,2024-03-21,Morning,4,1,3.0,1,2,92
202400003516,2024-03-21,Morning,4,1,2.0,1,1,92
202400003517,2024-03-22,Morning,4,1,7.0,2,2,92
202400003518,2024-03-22,Evening,4,1,3.0,1,2,92
202400003519,2024-03-21,Afternoon,4,1,6.0,1,2,92
202400003520,2024-03-22,Night,4,1,3.0,5,2,92
202400003521,2024-03-22,Afternoon,4,1,3.0,1,2,92
202400003522,2024-03-22,Afternoon,4,1,6.0,1,2,92
202400003523,2024-03-21,Evening,4,1,1.0,2,2,92
202400003524,2024-03-22,Afternoon,4,1,6.0,1,2,92
202400003525,2024-03-21,Morning,4,1,3.0,1,2,92
202400003526,2024-03-21,Morning,4,1,6.0,1,2,92
202400003527,2024-03-07,Morning,3,1,3.0,1,2,49
202400003528,2024-03-22,Evening,4,2,3.0,3,1,76
202400003530,2024-03-23,Afternoon,4,1,5.0,1,1,63
202400003531,2024-03-22,Afternoon,4,8,6.0,1,1,29
202400003532,2024-03-22,Evening,3,1,1.0,3,1,47
202400003533,2024-03-22,Afternoon,3,2,3.0,1,1,62
202400003534,2024-03-23,Afternoon,3,1,6.0,1,1,56
202400003535,2024-03-22,Evening,3,1,7.0,5,2,77
202400003536,2024-03-22,Afternoon,4,2,5.0,1,1,76
202400003537,2024-03-23,Afternoon,4,1,6.0,1,1,2B
202400003538,2024-03-22,Evening,4,1,4.0,3,1,65
202400003539,2024-03-23,Afternoon,3,1,7.0,1,2,63
202400003540,2024-03-23,Afternoon,4,1,3.0,1,2,76
202400003541,2024-03-21,Evening,3,1,2.0,3,1,49
202400003542,2024-03-21,Afternoon,4,1,3.0,1,1,42
202400003543,2024-03-22,Evening,3,1,1.0,3,1,25
202400003544,2024-03-22,Afternoon,3,1,3.0,1,2,25
202400003545,2024-03-21,Morning,3,7,3.0,1,2,38
202400003546,2024-03-23,Morning,4,1,5.0,1,1,02
202400003547,2024-03-23,Night,4,2,3.0,3,2,02
202400003548,2024-03-22,Afternoon,3,1,2.0,1,2,54
202400003549,2024-03-23,Morning,4,1,6.0,3,1,72
202400003550,2024-03-22,Night,3,1,1.0,3,1,72
202400003551,2024-03-23,Afternoon,4,1,3.0,1,1,14
202400003552,2024-03-23,Afternoon,4,1,1.0,1,1,90
202400003553,2024-03-23,Evening,3,1,1.0,1,1,09
202400003554,2024-03-23,Morning,4,1,1.0,1,1,09
202400003555,2024-03-22,Afternoon,3,1,3.0,1,1,21
202400003556,2024-03-23,Afternoon,4,1,1.0,1,1,21
202400003557,2024-03-22,Afternoon,3,1,3.0,1,1,85
202400003558,2024-03-23,Morning,3,1,6.0,1,1,52
202400003559,2024-03-22,Evening,3,7,3.0,1,1,52
202400003560,2024-03-22,Evening,4,1,3.0,2,1,18
202400003561,2024-07-08,Night,3,1,6.0,3,1,82
202400003562,2024-07-09,Afternoon,3,1,7.0,1,2,82
202400003563,2024-03-22,Evening,4,1,2.0,3,1,31
202400003564,2024-07-09,Evening,4,1,6.0,2,1,65
202400003565,2024-03-23,Morning,3,4,7.0,1,1,51
202400003567,2024-07-09,Evening,4,2,3.0,3,1,71
202400003569,2024-07-09,Morning,2,1,6.0,1,1,63
202400003570,2024-07-10,Afternoon,4,1,1.0,1,1,12
202400003571,2024-07-09,Afternoon,2,1,7.0,1,2,12
202400003572,2024-03-23,Morning,4,1,1.0,1,1,30
202400003573,2024-07-09,Night,4,2,6.0,5,2,12
202400003574,2024-03-23,Afternoon,4,1,1.0,1,2,34
202400003575,2024-07-09,Evening,3,1,3.0,1,2,68
202400003576,2024-03-23,Evening,3,1,1.0,2,1,13
202400003577,2024-07-09,Night,2,2,1.0,3,1,39
202400003578,2024-03-18,Morning,4,2,6.0,1,2,67
202400003579,2024-03-23,Afternoon,4,1,7.0,1,1,42
202400003580,2024-07-09,Evening,3,1,1.0,5,1,25
202400003581,2024-03-21,Afternoon,3,1,3.0,1,1,26
202400003582,2024-07-08,Night,4,1,1.0,3,1,44
202400003583,2024-03-23,Afternoon,3,1,6.0,1,1,07
202400003584,2024-07-10,Afternoon,3,1,6.0,1,2,44
202400003585,2024-03-23,Morning,4,1,3.0,1,2,01
202400003586,2024-07-10,Night,3,1,6.0,3,1,44
202400003587,2024-03-22,Night,3,1,6.0,3,1,85
202400003588,2024-03-22,Afternoon,4,1,6.0,1,2,60
202400003589,2024-07-10,Afternoon,4,1,3.0,1,2,35
202400003590,2024-07-09,Afternoon,4,3,2.0,1,1,35
202400003591,2024-07-10,Morning,3,1,7.0,2,1,29
202400003592,2024-03-22,Night,3,1,3.0,5,2,60
202400003593,2024-07-10,Afternoon,3,1,1.0,1,1,58
202400003594,2024-03-22,Afternoon,4,2,1.0,1,1,59
202400003595,2024-03-23,Night,2,1,6.0,3,1,59
202400003596,2024-07-10,Afternoon,4,1,1.0,1,1,66
202400003597,2024-03-22,Afternoon,4,1,2.0,1,1,13
202400003598,2024-07-10,Morning,4,1,7.0,1,1,06
202400003599,2024-07-07,Afternoon,4,1,6.0,1,1,06
202400003600,2024-03-22,Evening,4,1,3.0,5,1,33
202400003601,2024-07-09,Morning,4,7,2.0,2,1,90
202400003602,2024-03-20,Afternoon,4,1,4.0,1,1,33
202400003603,2024-07-09,Morning,3,1,7.0,1,1,21
202400003604,2024-07-07,Evening,3,1,6.0,1,1,40
202400003605,2024-03-21,Night,3,1,5.0,4,1,59
202400003606,2024-07-09,Afternoon,3,1,6.0,1,2,24
202400003607,2024-03-22,Afternoon,4,1,4.0,1,1,91
202400003608,2024-07-10,Morning,3,1,6.0,1,1,85
202400003609,2024-03-22,Morning,4,1,4.0,1,1,91
202400003610,2024-06-14,Evening,3,1,3.0,1,2,85
202400003611,2024-03-22,Evening,3,1,2.0,1,1,78
202400003612,2024-03-22,Afternoon,4,1,2.0,1,1,92
202400003613,2024-07-10,Afternoon,3,1,1.0,1,1,27
202400003615,2024-03-21,Morning,4,1,4.0,1,1,78
202400003616,2024-03-22,Afternoon,4,1,3.0,1,1,95
202400003617,2024-07-09,Evening,4,1,7.0,1,1,77
202400003618,2024-03-21,Evening,4,1,2.0,5,1,93
202400003619,2024-07-06,Evening,3,1,3.0,1,2,78
202400003620,2024-03-22,Morning,4,1,5.0,1,1,94
202400003621,2024-03-22,Morning,4,1,2.0,1,1,94
202400003622,2024-07-09,Evening,4,1,3.0,1,2,66
202400003623,2024-03-22,Night,2,1,7.0,3,1,75
202400003624,2024-01-19,Morning,4,1,2.0,1,2,33
202400003625,2024-07-09,Evening,4,1,1.0,1,1,06
202400003627,2024-07-10,Afternoon,3,1,1.0,1,1,04
202400003629,2024-07-08,Afternoon,3,1,6.0,1,1,71
202400003631,2024-07-03,Evening,3,1,3.0,1,2,69
202400003635,2024-07-05,Afternoon,4,1,3.0,1,1,69
202400003636,2024-07-10,Afternoon,3,1,2.0,1,1,65
202400003638,2024-07-10,Night,3,2,7.0,3,1,79
202400003639,2024-03-21,Morning,4,1,2.0,1,2,69
202400003640,2024-03-21,Afternoon,4,1,2.0,1,2,69
202400003641,2024-07-09,Afternoon,3,1,1.0,1,1,17
202400003643,2024-07-07,Night,4,1,6.0,3,1,33
202400003645,2024-07-10,Morning,3,1,2.0,1,2,85
202400003646,2024-03-21,Night,4,1,2.0,5,2,95
202400003647,2024-07-10,Afternoon,3,1,3.0,1,2,85
202400003648,2024-03-21,Morning,4,1,3.0,2,1,95
202400003649,2024-03-21,Morning,4,1,6.0,1,2,91
202400003650,2024-07-08,Evening,4,1,3.0,1,1,44
202400003651,2024-03-20,Morning,4,7,3.0,1,2,91
202400003652,2024-07-09,Afternoon,3,2,6.0,1,2,22
202400003653,2024-03-19,Afternoon,3,9,3.0,1,2,88
202400003654,2024-07-07,Morning,3,1,6.0,1,2,76
202400003655,2024-03-21,Afternoon,4,7,3.0,1,2,86
202400003656,2024-07-08,Morning,4,1,2.0,1,1,13
202400003657,2024-03-20,Morning,4,1,1.0,1,2,86
202400003658,2024-07-08,Morning,4,1,2.0,1,1,13
202400003659,2024-03-12,Morning,4,1,3.0,1,2,84
202400003660,2024-07-08,Night,4,1,2.0,3,1,69
202400003661,2024-03-21,Afternoon,4,1,3.0,1,2,78
202400003662,2024-03-21,Morning,3,1,6.0,1,2,78
202400003663,2024-07-06,Night,4,1,2.0,3,1,54
202400003664,2024-03-21,Morning,4,1,3.0,1,2,77
202400003665,2024-07-08,Afternoon,4,1,6.0,1,1,78
202400003666,2024-03-20,Afternoon,4,1,3.0,1,2,77
202400003667,2024-07-09,Afternoon,4,1,3.0,1,1,95
202400003668,2024-03-21,Night,3,5,5.0,3,1,76
202400003669,2024-07-09,Morning,4,1,3.0,1,1,95
202400003670,2024-03-21,Evening,3,1,6.0,1,2,74
202400003671,2024-07-08,Afternoon,4,1,3.0,1,1,93
202400003672,2024-03-20,Evening,4,1,6.0,5,2,72
202400003673,2024-07-09,Afternoon,4,1,3.0,1,1,94
202400003674,2024-03-20,Afternoon,4,1,3.0,1,1,69
202400003675,2024-07-09,Morning,4,1,4.0,1,1,94
202400003676,2024-03-21,Afternoon,4,1,1.0,1,2,68
202400003677,2024-02-22,Evening,4,2,3.0,5,2,73
202400003678,2024-02-18,Evening,4,1,3.0,5,2,64
202400003679,2024-03-21,Morning,4,1,6.0,1,2,64
202400003680,2024-06-29,Night,4,8,3.0,3,1,44
202400003681,2024-04-14,Evening,3,1,7.0,1,1,82
202400003682,2024-03-21,Afternoon,4,1,3.0,1,2,64
202400003683,2024-04-10,Morning,2,9,6.0,3,1,82
202400003684,2024-03-21,Afternoon,4,1,2.0,1,2,64
202400003685,2024-05-05,Night,3,2,6.0,3,2,14
202400003686,2024-03-20,Afternoon,3,1,6.0,1,2,63
202400003687,2024-03-20,Afternoon,4,1,6.0,1,2,62
202400003688,2024-04-20,Evening,4,1,6.0,1,2,29
202400003689,2024-03-20,Afternoon,4,1,3.0,1,2,62
202400003690,2024-04-27,Evening,4,1,3.0,1,2,29
202400003691,2024-03-21,Afternoon,3,1,3.0,1,2,62
202400003693,2024-03-21,Morning,4,1,6.0,1,2,60
202400003695,2024-03-20,Evening,4,1,6.0,1,2,56
202400003698,2024-03-21,Afternoon,4,1,2.0,1,2,56
202400003699,2024-03-21,Afternoon,4,1,3.0,1,2,56
202400003701,2024-03-21,Night,4,1,7.0,3,2,56
202400003702,2024-03-21,Morning,4,1,3.0,1,2,54
202400003703,2024-07-08,Evening,4,1,6.0,2,2,2A
202400003704,2024-03-20,Afternoon,4,1,6.0,1,2,54
202400003705,2024-07-08,Evening,3,1,1.0,1,1,2A
202400003706,2024-07-07,Morning,4,1,6.0,2,2,95
202400003707,2024-03-21,Afternoon,4,1,6.0,1,2,49
202400003708,2024-03-20,Afternoon,4,1,7.0,1,2,49
202400003709,2024-07-08,Afternoon,3,1,1.0,1,2,91
202400003710,2024-03-21,Afternoon,4,1,3.0,1,1,47
202400003711,2024-07-08,Morning,4,1,6.0,1,2,83
202400003712,2024-03-21,Morning,4,1,1.0,1,2,45
202400003713,2024-07-07,Evening,4,1,1.0,1,2,80
202400003714,2024-03-21,Morning,4,1,3.0,1,2,45
202400003715,2024-03-21,Morning,3,1,3.0,1,2,44
202400003716,2024-07-07,Night,4,1,1.0,3,1,77
202400003717,2024-03-21,Morning,3,1,3.0,1,2,44
202400003718,2024-03-21,Morning,4,1,6.0,1,2,37
202400003719,2024-07-06,Afternoon,4,1,4.0,1,1,76
202400003720,2024-03-20,Evening,4,1,6.0,5,2,34
202400003721,2024-07-08,Morning,3,1,3.0,1,2,76
202400003722,2024-03-21,Afternoon,4,1,6.0,1,2,34
202400003723,2024-07-06,Evening,3,1,6.0,1,2,76
202400003724,2024-03-21,Morning,4,1,3.0,1,2,34
202400003725,2024-03-21,Morning,3,1,6.0,1,2,34
202400003726,2024-07-04,Morning,4,1,3.0,1,2,73
202400003727,2024-03-20,Afternoon,4,8,3.0,1,2,34
202400003728,2024-07-07,Evening,4,1,3.0,1,2,72
202400003729,2024-03-21,Evening,4,1,3.0,1,2,33
202400003730,2024-07-08,Morning,3,1,3.0,1,2,71
202400003731,2024-03-21,Afternoon,4,1,2.0,1,2,33
202400003732,2024-03-21,Night,4,1,3.0,5,2,31
202400003733,2024-07-08,Evening,4,1,3.0,1,2,69
202400003734,2024-03-21,Afternoon,4,1,6.0,1,1,29
202400003735,2024-07-08,Evening,4,1,7.0,1,2,67
202400003736,2024-03-21,Afternoon,4,1,3.0,1,1,29
202400003737,2024-07-08,Afternoon,4,1,1.0,1,2,67
202400003738,2024-03-19,Evening,4,1,3.0,5,2,29
202400003739,2024-07-08,Evening,4,1,3.0,1,2,59
202400003740,2024-07-08,Evening,3,1,6.0,1,2,59
202400003741,2024-03-21,Morning,4,1,2.0,1,2,27
202400003742,2024-03-21,Morning,4,1,7.0,1,2,18
202400003743,2024-06-21,Evening,4,1,3.0,1,2,58
202400003744,2024-07-08,Afternoon,4,1,2.0,1,2,56
202400003745,2024-03-20,Afternoon,2,1,6.0,1,2,17
202400003746,2024-03-21,Afternoon,4,1,3.0,1,2,13
202400003747,2024-07-07,Morning,4,1,6.0,1,2,54
202400003748,2024-03-11,Night,4,1,6.0,2,2,13
202400003749,2024-07-08,Morning,4,2,2.0,1,2,50
202400003750,2024-07-05,Afternoon,4,2,7.0,1,2,50
202400003751,2024-03-20,Afternoon,4,1,2.0,1,2,13
202400003752,2024-03-21,Afternoon,3,1,1.0,1,2,13
202400003753,2024-05-14,Afternoon,4,1,7.0,1,1,46
202400003754,2024-03-21,Evening,4,1,3.0,5,2,13
202400003755,2024-07-07,Evening,4,1,3.0,1,2,45
202400003756,2024-03-21,Morning,4,1,3.0,1,2,11
202400003757,2024-07-06,Evening,4,1,3.0,1,2,45
202400003758,2024-07-07,Night,4,1,1.0,5,2,42
202400003759,2024-03-22,Night,3,1,7.0,5,2,06
202400003760,2024-07-07,Afternoon,4,1,7.0,1,2,41
202400003761,2024-07-08,Afternoon,4,1,2.0,1,2,37
202400003762,2024-03-21,Evening,4,1,3.0,2,2,01
202400003763,2024-07-08,Afternoon,4,1,7.0,1,2,37
202400003764,2024-03-21,Evening,4,1,3.0,1,2,75
202400003765,2024-03-21,Afternoon,4,1,2.0,1,2,75
202400003766,2024-07-08,Morning,4,2,3.0,1,2,35
202400003767,2024-03-21,Morning,4,1,6.0,1,2,75
202400003768,2024-03-21,Morning,4,1,2.0,1,2,75
202400003769,2024-07-09,Night,4,1,3.0,5,2,31
202400003770,2024-07-03,Morning,4,1,3.0,1,1,28
202400003771,2024-03-21,Afternoon,4,1,3.0,1,2,75
202400003772,2024-07-07,Morning,3,1,6.0,1,1,26
202400003773,2024-03-21,Night,4,1,6.0,5,2,75
202400003774,2024-03-21,Morning,4,1,7.0,1,2,75
202400003775,2024-07-08,Night,4,1,3.0,2,2,25
202400003776,2024-03-21,Night,4,1,6.0,5,2,75
202400003777,2024-07-08,Night,4,1,3.0,2,2,25
202400003778,2024-03-21,Afternoon,4,1,3.0,1,2,75
202400003779,2024-07-08,Night,4,1,6.0,4,2,14
202400003780,2024-03-19,Evening,4,1,4.0,5,2,75
202400003781,2024-07-08,Morning,4,1,2.0,1,1,13
202400003782,2024-03-21,Afternoon,4,1,7.0,1,2,75
202400003783,2024-07-08,Afternoon,4,1,6.0,1,2,05
202400003784,2024-03-21,Morning,4,1,3.0,1,2,75
202400003785,2024-03-21,Afternoon,4,1,3.0,1,2,75
202400003786,2024-07-07,Night,4,1,2.0,5,2,75
202400003787,2024-03-21,Morning,4,1,6.0,1,2,75
202400003788,2024-07-07,Evening,4,1,6.0,5,2,75
202400003789,2024-03-20,Evening,4,1,6.0,1,2,94
202400003790,2024-07-08,Morning,4,1,3.0,1,2,75
202400003791,2024-03-21,Morning,4,1,3.0,1,2,94
202400003792,2024-07-08,Morning,3,1,3.0,2,2,75
202400003793,2024-03-20,Afternoon,4,1,2.0,1,2,94
202400003794,2024-07-07,Afternoon,4,1,3.0,1,2,75
202400003795,2024-03-21,Morning,4,1,2.0,1,2,94
202400003796,2024-03-21,Afternoon,4,1,3.0,1,2,93
202400003797,2024-07-08,Night,4,1,3.0,5,2,75
202400003798,2024-07-08,Afternoon,4,1,1.0,1,2,75
202400003799,2024-03-21,Morning,4,1,4.0,1,2,93
202400003800,2024-07-07,Morning,4,1,6.0,1,2,75
202400003801,2024-07-08,Afternoon,4,1,6.0,1,2,75
202400003802,2024-07-08,Morning,4,1,3.0,1,2,75
202400003803,2024-03-21,Afternoon,4,1,2.0,1,2,93
202400003804,2024-07-08,Morning,4,1,3.0,1,2,75
202400003805,2024-03-21,Morning,4,1,3.0,1,2,93
202400003806,2024-07-08,Morning,4,1,6.0,1,2,75
202400003807,2024-07-08,Morning,4,1,7.0,1,2,75
202400003808,2024-03-20,Night,3,1,3.0,5,2,93
202400003809,2024-03-20,Evening,4,1,3.0,1,2,92
202400003810,2024-07-07,Afternoon,4,1,3.0,1,2,75
202400003811,2024-03-21,Morning,4,1,3.0,1,2,92
202400003812,2024-07-07,Afternoon,4,1,6.0,1,2,94
202400003813,2024-07-08,Morning,4,1,6.0,1,2,94
202400003814,2024-03-20,Evening,4,1,6.0,1,2,92
202400003815,2024-07-08,Afternoon,4,8,1.0,1,2,94
202400003816,2024-03-19,Evening,4,1,6.0,5,2,92
202400003817,2024-07-08,Evening,4,1,6.0,1,2,94
202400003818,2024-03-20,Evening,4,1,2.0,5,2,92
202400003819,2024-07-08,Morning,4,1,3.0,2,2,93
202400003820,2024-07-08,Morning,4,1,3.0,1,2,93
202400003821,2024-07-08,Afternoon,4,1,3.0,1,2,92
202400003822,2024-07-08,Morning,4,1,3.0,1,2,92
202400003823,2024-07-07,Night,4,1,6.0,4,2,92
202400003824,2024-07-08,Morning,4,1,6.0,1,2,92
202400003825,2024-07-07,Evening,4,1,5.0,1,1,34
202400003826,2024-07-08,Afternoon,3,1,2.0,1,1,54
202400003827,2024-07-08,Evening,3,1,6.0,1,2,2A
202400003828,2024-07-09,Afternoon,3,1,3.0,1,1,24
202400003829,2024-07-09,Evening,4,1,1.0,1,1,43
202400003833,2024-07-07,Afternoon,3,7,7.0,1,1,88
202400003834,2024-07-09,Night,2,1,3.0,2,1,36
202400003835,2024-07-09,Afternoon,4,1,6.0,1,1,50
202400003836,2024-07-09,Afternoon,4,1,6.0,1,1,50
202400003837,2024-07-02,Afternoon,4,3,1.0,1,2,62
202400003838,2024-07-08,Afternoon,3,1,1.0,1,1,34
202400003839,2024-07-09,Afternoon,2,1,2.0,1,2,57
202400003840,2024-07-09,Morning,3,1,3.0,1,2,51
202400003841,2024-07-09,Afternoon,3,1,6.0,1,1,19
202400003842,2024-06-03,Afternoon,4,1,5.0,1,2,56
202400003843,2024-07-09,Night,2,2,6.0,3,1,56
202400003844,2024-07-08,Afternoon,3,1,6.0,1,1,2B
202400003845,2024-07-09,Afternoon,4,1,4.0,1,1,2B
202400003846,2024-07-08,Night,3,1,7.0,3,1,82
202400003847,2024-07-09,Afternoon,2,1,5.0,1,1,63
202400003848,2024-07-08,Afternoon,4,1,5.0,1,2,61
202400003849,2024-07-07,Evening,4,1,6.0,1,1,12
202400003850,2024-07-08,Afternoon,3,1,3.0,1,1,47
202400003851,2024-07-07,Afternoon,3,7,7.0,1,1,34
202400003852,2024-07-09,Morning,4,1,3.0,1,1,25
202400003853,2024-07-02,Afternoon,3,1,3.0,1,1,44
202400003854,2024-07-08,Night,4,1,5.0,3,1,31
202400003855,2024-07-08,Afternoon,3,1,5.0,1,2,72
202400003856,2024-07-09,Afternoon,4,1,7.0,1,2,05
202400003857,2024-07-04,Morning,4,1,1.0,1,1,64
202400003858,2024-07-09,Afternoon,3,1,7.0,1,1,07
202400003859,2024-07-08,Afternoon,3,1,1.0,1,1,04
202400003860,2024-07-09,Night,4,1,6.0,3,1,87
202400003861,2024-06-27,Evening,3,1,7.0,1,1,87
202400003862,2024-07-09,Morning,4,1,6.0,1,1,87
202400003863,2024-07-08,Afternoon,3,1,1.0,1,2,30
202400003864,2024-07-09,Morning,3,1,3.0,1,1,30
202400003865,2024-07-09,Morning,4,1,3.0,1,1,30