Num_Acc,date,time_of_day,max_severity,weather,collision_type,lighting,urban_area,department
202400003866,2024-07-07,Night,4,1,6.0,3,1,88
202400003867,2024-07-09,Afternoon,4,1,2.0,1,1,77
202400003868,2024-06-20,Morning,4,1,3.0,1,1,44
202400003869,2024-07-09,Morning,2,1,3.0,1,1,37
202400003870,2024-07-05,Evening,3,1,1.0,1,1,28
202400003871,2024-07-07,Evening,2,1,7.0,3,2,2B
202400003872,2024-07-09,Morning,3,1,3.0,1,1,66
202400003873,2024-07-03,Evening,3,1,3.0,1,1,66
202400003874,2024-07-03,Night,3,1,3.0,5,2,34
202400003875,2024-07-09,Morning,4,1,1.0,1,1,06
202400003876,2024-07-06,Afternoon,3,1,3.0,1,1,04
202400003877,2024-07-08,Afternoon,3,1,3.0,1,1,26
202400003878,2024-07-04,Evening,3,1,3.0,1,2,70
202400003879,2024-07-08,Morning,4,1,1.0,1,1,68
202400003880,2024-07-04,Evening,4,1,2.0,1,1,42
202400003881,2024-07-09,Morning,2,1,1.0,1,1,38
202400003882,2024-07-09,Night,3,1,7.0,3,1,17
202400003883,2024-06-30,Evening,4,1,3.0,1,2,33
202400003884,2024-07-09,Afternoon,3,1,1.0,1,1,85
202400003885,2024-07-06,Night,3,1,1.0,3,1,44
202400003886,2024-07-09,Morning,4,2,1.0,1,1,76
202400003887,2024-07-08,Evening,3,1,2.0,1,2,59
202400003888,2024-07-08,Afternoon,4,1,7.0,1,1,33
202400003889,2024-07-08,Afternoon,4,1,2.0,1,1,91
202400003890,2024-09-17,Night,4,1,7.0,5,2,93
202400003891,2024-09-17,Evening,4,1,3.0,1,2,93
202400003892,2024-09-17,Morning,4,1,2.0,1,2,93
202400003893,2024-09-17,Morning,4,1,3.0,1,2,93
202400003894,2024-09-17,Afternoon,4,1,3.0,1,2,93
202400003895,2024-09-17,Night,3,1,6.0,5,2,93
202400003896,2024-09-17,Afternoon,4,1,3.0,1,2,93
202400003897,2024-09-17,Afternoon,4,1,3.0,1,2,93
202400003898,2024-09-17,Evening,4,1,6.0,1,2,92
202400003899,2024-09-17,Night,4,1,2.0,5,2,92
202400003900,2024-09-17,Evening,4,1,3.0,5,2,62
202400003901,2024-09-07,Night,3,2,3.0,5,2,95
202400003902,2024-09-17,Afternoon,3,1,7.0,1,2,84
202400003903,2024-09-07,Morning,4,1,4.0,1,1,22
202400003904,2024-09-18,Morning,4,1,3.0,1,1,30
202400003905,2024-09-17,Evening,3,1,6.0,2,1,61
202400003906,2024-09-16,Afternoon,3,1,3.0,1,2,51
202400003907,2024-09-14,Evening,4,1,7.0,1,2,51
202400003908,2024-09-18,Afternoon,3,1,7.0,1,1,76
202400003909,2024-09-18,Morning,3,1,6.0,1,1,82
202400003910,2024-09-18,Morning,3,1,1.0,2,1,11
202400003911,2024-09-18,Afternoon,2,1,7.0,1,1,25
202400003912,2024-09-16,Afternoon,3,1,3.0,1,1,35
202400003913,2024-09-18,Afternoon,4,1,3.0,1,2,29
202400003914,2024-09-17,Evening,3,1,6.0,1,2,38
202400003915,2024-09-18,Afternoon,4,1,7.0,1,1,02
202400003916,2024-09-18,Morning,2,1,7.0,3,1,26
202400003917,2024-09-18,Afternoon,3,1,3.0,1,1,72
202400003918,2024-09-17,Afternoon,3,1,3.0,1,1,18
202400003919,2024-09-16,Afternoon,4,1,7.0,1,1,18
202400003920,2024-09-18,Morning,4,1,3.0,1,2,07
202400003921,2024-09-17,Afternoon,3,1,1.0,1,1,38
202400003922,2024-09-11,Afternoon,3,1,1.0,1,1,17
202400003924,2024-09-15,Night,3,1,6.0,5,2,91
202400003925,2024-09-16,Morning,2,1,6.0,1,1,91
202400003926,2024-09-17,Morning,3,1,3.0,1,1,83
202400003927,2024-11-30,Night,3,1,7.0,3,1,49
202400003928,2024-09-17,Evening,3,1,1.0,1,1,13
202400003929,2024-09-17,Afternoon,3,1,2.0,1,2,71
202400003930,2024-11-30,Night,4,1,4.0,3,1,06
202400003931,2024-09-17,Morning,3,1,1.0,3,2,71
202400003932,2024-09-17,Morning,4,1,3.0,1,1,42
202400003933,2024-11-29,Evening,4,1,5.0,3,1,59
202400003934,2024-09-18,Afternoon,4,1,6.0,1,2,42
202400003936,2024-09-16,Morning,4,1,3.0,1,1,38
202400003938,2024-09-16,Morning,4,1,1.0,1,1,01
202400003940,2024-11-30,Afternoon,2,5,6.0,1,2,45
202400003941,2024-08-01,Evening,4,1,2.0,1,2,35
202400003942,2024-11-30,Afternoon,2,5,1.0,1,1,77
202400003943,2024-09-18,Afternoon,4,1,2.0,1,2,76
202400003944,2024-11-28,Night,3,9,7.0,3,1,78
202400003945,2024-11-30,Night,4,1,2.0,4,1,66
202400003946,2024-09-17,Afternoon,4,1,3.0,1,1,02
202400003947,2024-11-29,Afternoon,3,1,3.0,1,1,34
202400003948,2024-11-30,Night,4,1,6.0,3,1,05
202400003949,2024-09-16,Afternoon,4,1,3.0,1,2,59
202400003950,2024-11-30,Night,2,1,1.0,3,1,13
202400003951,2024-09-17,Morning,4,1,2.0,1,1,91
202400003952,2024-09-16,Afternoon,4,1,2.0,1,1,93
202400003953,2024-11-29,Evening,4,1,6.0,5,2,38
202400003954,2024-09-16,Afternoon,4,1,4.0,1,1,93
202400003955,2024-11-29,Morning,4,5,6.0,3,1,38
202400003956,2024-11-27,Afternoon,3,1,6.0,1,2,38
202400003957,2024-09-16,Morning,4,1,2.0,3,1,93
202400003958,2024-11-30,Afternoon,4,1,1.0,1,1,69
202400003959,2024-09-15,Morning,3,1,2.0,2,1,93
202400003960,2024-11-26,Morning,4,1,6.0,2,2,35
202400003961,2024-09-16,Evening,4,1,6.0,1,1,93
202400003962,2024-04-08,Evening,4,1,6.0,1,2,55
202400003963,2024-11-18,Morning,4,8,4.0,1,1,60
202400003964,2024-05-31,Afternoon,3,1,1.0,1,1,84
202400003965,2024-11-29,Evening,4,1,2.0,3,1,13
202400003966,2024-07-17,Evening,3,1,7.0,2,1,57
202400003967,2024-11-28,Afternoon,4,1,2.0,1,2,83
202400003968,2024-07-17,Afternoon,4,1,3.0,1,2,28
202400003969,2024-11-21,Morning,4,1,3.0,2,1,69
202400003970,2024-11-28,Evening,4,1,2.0,5,1,42
202400003971,2024-03-30,Night,4,3,2.0,4,2,75
202400003972,2024-07-19,Evening,3,1,2.0,1,2,57
202400003973,2024-11-29,Evening,4,1,4.0,3,1,33
202400003975,2024-11-28,Morning,4,1,4.0,1,1,33
202400003977,2024-11-27,Evening,4,1,4.0,4,1,33
202400003979,2024-11-29,Afternoon,4,1,3.0,1,1,78
202400003981,2024-11-23,Night,4,1,3.0,5,1,92
202400003983,2024-11-29,Afternoon,4,1,3.0,1,1,95
202400003985,2024-11-29,Morning,4,1,2.0,3,1,95
202400003987,2024-11-29,Night,4,1,2.0,5,1,93
202400003989,2024-11-28,Morning,4,1,3.0,1,1,95
202400003991,2024-11-28,Morning,4,1,2.0,1,1,93
202400003992,2024-11-27,Afternoon,4,1,3.0,1,1,92
202400003993,2024-09-16,Afternoon,4,8,3.0,1,2,69
202400003994,2024-11-27,Morning,4,1,3.0,1,1,93
202400003995,2024-11-29,Morning,4,1,2.0,1,1,77
202400003997,2024-09-14,Morning,4,1,3.0,1,2,69
202400003998,2024-07-24,Evening,4,1,3.0,1,2,34
202400004001,2024-09-16,Afternoon,4,1,6.0,1,2,2A
202400004002,2024-09-15,Evening,4,1,3.0,1,2,95
202400004003,2024-07-26,Night,4,1,3.0,4,1,34
202400004004,2024-09-16,Morning,4,1,3.0,1,2,91
202400004005,2024-06-28,Afternoon,4,1,3.0,1,2,93
202400004006,2024-06-21,Evening,4,1,6.0,2,2,93
202400004007,2024-09-16,Afternoon,4,1,6.0,1,2,91
202400004008,2024-06-25,Evening,3,1,3.0,2,2,93
202400004009,2024-06-21,Morning,4,2,6.0,1,2,93
202400004010,2024-06-17,Afternoon,4,1,6.0,1,2,93
202400004011,2024-09-16,Morning,4,1,3.0,2,2,91
202400004012,2024-06-16,Night,4,1,6.0,5,2,93
202400004013,2024-06-08,Afternoon,4,1,1.0,1,2,93
202400004014,2024-09-16,Morning,4,1,2.0,1,1,91
202400004015,2024-06-07,Afternoon,4,1,6.0,1,2,93
202400004016,2024-09-07,Morning,4,1,7.0,1,1,88
202400004017,2024-09-16,Morning,3,1,6.0,1,2,87
202400004018,2024-06-03,Morning,4,1,2.0,1,2,93
202400004019,2024-09-13,Afternoon,4,1,6.0,1,2,87
202400004020,2024-06-01,Afternoon,4,3,3.0,1,2,93
202400004021,2024-09-13,Evening,4,7,6.0,1,2,86
202400004022,2024-07-07,Morning,2,1,1.0,1,1,13
202400004023,2024-09-16,Morning,4,1,6.0,1,2,84
202400004025,2024-09-16,Morning,3,1,3.0,1,2,84
202400004027,2024-09-16,Evening,4,1,2.0,1,2,83
202400004029,2024-09-15,Afternoon,3,1,6.0,1,1,80
202400004030,2024-09-15,Morning,3,1,7.0,1,1,80
202400004032,2024-09-15,Night,4,1,7.0,5,2,80
202400004034,2024-09-15,Morning,4,1,3.0,2,1,77
202400004035,2024-11-28,Morning,4,2,5.0,1,2,69
202400004036,2024-09-14,Evening,3,1,7.0,1,1,76
202400004037,2024-09-14,Evening,4,1,3.0,1,2,76
202400004038,2024-09-15,Morning,4,7,3.0,1,2,72
202400004039,2024-11-27,Evening,4,1,3.0,3,2,2B
202400004041,2024-09-16,Afternoon,4,1,3.0,1,1,69
202400004042,2024-09-16,Evening,4,1,6.0,3,1,64
202400004044,2024-11-28,Morning,4,1,6.0,1,2,95
202400004045,2024-09-16,Evening,4,1,1.0,5,2,64
202400004046,2024-11-28,Morning,4,1,2.0,1,1,95
202400004047,2024-09-16,Afternoon,4,1,2.0,1,2,63
202400004048,2024-11-28,Afternoon,4,1,7.0,1,2,95
202400004049,2024-09-11,Afternoon,3,1,2.0,1,2,62
202400004050,2024-11-28,Afternoon,3,7,6.0,1,2,95
202400004051,2024-09-12,Night,4,2,7.0,5,2,62
202400004052,2024-11-28,Afternoon,4,1,3.0,1,2,91
202400004053,2024-09-12,Afternoon,4,1,1.0,1,2,62
202400004054,2024-09-16,Morning,3,1,6.0,1,2,60
202400004055,2024-09-15,Afternoon,4,1,6.0,1,2,60
202400004056,2024-11-27,Afternoon,4,2,3.0,5,2,91
202400004057,2024-11-28,Evening,4,1,6.0,5,2,91
202400004058,2024-09-13,Morning,2,1,3.0,1,2,59
202400004060,2024-11-27,Afternoon,3,2,6.0,5,2,91
202400004062,2024-09-16,Afternoon,3,1,3.0,1,2,56
202400004063,2024-11-27,Night,2,1,7.0,3,1,30
202400004065,2024-09-16,Afternoon,4,1,6.0,1,2,56
202400004066,2024-11-27,Morning,4,1,6.0,1,2,84
202400004068,2024-09-14,Afternoon,4,1,2.0,1,2,56
202400004069,2024-11-27,Morning,4,1,2.0,1,2,84
202400004070,2024-09-15,Afternoon,4,1,7.0,1,2,51
202400004072,2024-11-27,Afternoon,4,1,1.0,2,2,83
202400004073,2024-09-15,Afternoon,3,1,7.0,1,2,51
202400004074,2024-04-28,Night,4,1,2.0,5,2,95
202400004075,2024-09-14,Afternoon,4,1,7.0,1,2,51
202400004076,2024-11-27,Afternoon,3,1,3.0,1,2,83
202400004077,2024-04-28,Night,4,1,6.0,5,2,84
202400004078,2024-09-15,Morning,3,1,7.0,1,2,45
202400004079,2024-11-28,Evening,4,1,6.0,5,2,83
202400004080,2024-04-28,Night,4,1,2.0,5,2,83
202400004081,2024-11-27,Afternoon,4,1,3.0,1,2,80
202400004082,2024-09-15,Afternoon,4,1,1.0,1,2,41
202400004083,2024-04-28,Evening,3,1,6.0,1,1,83
202400004084,2024-11-27,Morning,4,1,7.0,1,2,80
202400004085,2024-09-15,Morning,4,1,6.0,1,2,37
202400004086,2024-11-28,Afternoon,3,1,2.0,3,1,78
202400004087,2024-04-27,Evening,4,1,3.0,1,2,81
202400004088,2024-09-15,Night,4,1,1.0,5,1,37
202400004089,2024-11-28,Evening,4,1,6.0,5,2,77
202400004090,2024-11-27,Evening,4,2,6.0,5,2,77
202400004091,2024-09-16,Morning,4,1,3.0,1,2,35
202400004092,2024-09-16,Morning,2,1,6.0,1,2,34
202400004093,2024-11-27,Morning,4,2,6.0,2,2,77
202400004094,2024-04-28,Afternoon,4,1,6.0,1,2,77
202400004095,2024-11-27,Afternoon,4,2,1.0,1,2,77
202400004096,2024-09-16,Evening,4,1,6.0,1,2,33
202400004097,2024-04-28,Morning,4,8,3.0,1,2,77
202400004098,2024-11-28,Evening,4,1,3.0,5,2,77
202400004099,2024-09-16,Afternoon,4,1,1.0,1,2,33
202400004100,2024-04-27,Afternoon,4,1,3.0,1,2,74
202400004101,2024-11-28,Evening,4,1,2.0,3,1,76
202400004102,2024-09-08,Evening,2,1,7.0,2,2,31
202400004103,2024-04-28,Afternoon,4,1,7.0,1,2,67
202400004104,2024-11-27,Evening,4,1,3.0,5,2,76
202400004105,2024-09-15,Night,3,1,1.0,5,2,31
202400004106,2024-11-26,Evening,4,1,6.0,4,2,76
202400004107,2024-09-14,Night,4,1,3.0,5,2,31
202400004108,2024-04-25,Afternoon,4,1,3.0,1,2,67
202400004109,2024-11-28,Afternoon,3,1,6.0,1,2,76
202400004110,2024-04-28,Night,4,1,7.0,5,2,64
202400004111,2024-09-16,Evening,4,1,3.0,1,2,29
202400004112,2024-11-23,Afternoon,4,1,6.0,1,2,76
202400004113,2024-09-16,Morning,4,1,6.0,1,2,29
202400004114,2024-04-28,Morning,4,1,6.0,1,2,64
202400004115,2024-09-16,Morning,3,7,6.0,1,2,26
202400004116,2024-11-27,Afternoon,4,1,3.0,1,2,72
202400004117,2024-04-28,Night,4,1,6.0,5,2,63
202400004118,2024-11-27,Morning,4,1,7.0,2,2,72
202400004119,2024-09-15,Evening,2,1,3.0,5,2,18
202400004120,2024-11-25,Morning,4,3,6.0,3,2,72
202400004121,2024-04-14,Morning,4,1,3.0,1,2,62
202400004122,2024-11-28,Afternoon,4,2,1.0,1,2,69
202400004123,2024-11-26,Afternoon,2,1,5.0,1,2,68
202400004124,2024-11-28,Afternoon,4,1,6.0,5,2,67
202400004125,2024-04-28,Night,4,1,2.0,5,2,60
202400004126,2024-09-14,Night,3,1,1.0,3,1,30
202400004127,2024-11-28,Morning,4,1,6.0,2,2,67
202400004128,2024-11-27,Morning,4,1,6.0,1,2,67
202400004129,2024-09-16,Afternoon,4,1,2.0,1,2,11
202400004130,2024-04-28,Evening,4,1,3.0,1,2,59
202400004131,2024-11-28,Afternoon,4,1,6.0,1,2,66
202400004132,2024-09-16,Evening,4,1,2.0,1,2,06
202400004133,2024-11-26,Afternoon,4,1,6.0,1,2,66
202400004134,2024-04-28,Evening,4,1,3.0,1,2,59
202400004135,2024-09-16,Afternoon,4,7,2.0,1,2,06
202400004136,2024-11-29,Night,4,1,6.0,3,2,62
202400004137,2024-09-16,Morning,4,1,3.0,1,2,75
202400004138,2024-11-27,Afternoon,3,1,6.0,5,2,62
202400004139,2024-04-28,Night,4,2,1.0,5,2,59
202400004140,2024-09-16,Morning,3,1,7.0,1,2,75
202400004141,2024-11-28,Morning,4,1,6.0,1,2,62
202400004142,2024-04-26,Afternoon,3,1,3.0,1,2,59
202400004143,2024-09-16,Morning,4,1,7.0,1,2,75
202400004144,2024-11-28,Evening,4,1,3.0,5,2,62
202400004145,2024-04-28,Morning,4,1,7.0,1,1,54
202400004146,2024-09-14,Morning,4,1,3.0,1,2,75
202400004147,2024-11-28,Evening,3,8,2.0,3,1,56
202400004148,2024-04-28,Evening,4,2,2.0,1,2,38
202400004149,2024-09-16,Afternoon,4,1,6.0,1,2,75
202400004150,2024-11-27,Afternoon,4,1,3.0,1,2,54
202400004151,2024-04-26,Afternoon,3,1,2.0,1,2,34
202400004152,2024-09-16,Afternoon,4,1,6.0,1,2,75
202400004153,2024-11-28,Afternoon,4,7,3.0,1,2,54
202400004154,2024-04-27,Night,3,2,3.0,5,2,34
202400004155,2024-09-16,Afternoon,3,1,7.0,1,2,75
202400004156,2024-11-28,Afternoon,4,1,2.0,1,1,51
202400004157,2024-09-16,Morning,4,1,2.0,1,2,75
202400004158,2024-04-28,Afternoon,4,1,7.0,1,2,33
202400004159,2024-11-27,Afternoon,4,2,1.0,5,2,51
202400004160,2024-09-16,Morning,4,1,2.0,1,2,75
202400004161,2024-04-28,Night,4,1,6.0,3,2,31
202400004162,2024-11-27,Afternoon,3,2,6.0,1,2,51
202400004163,2024-09-13,Morning,4,9,2.0,1,2,94
202400004164,2024-11-27,Afternoon,4,2,6.0,1,2,51
202400004165,2024-04-26,Afternoon,4,1,6.0,1,1,22
202400004166,2024-11-27,Morning,4,8,3.0,2,2,49
202400004167,2024-11-28,Afternoon,4,1,3.0,1,1,47
202400004168,2024-09-16,Morning,4,1,3.0,1,2,94
202400004169,2024-04-28,Morning,4,8,3.0,1,1,13
202400004170,2024-11-28,Afternoon,4,8,6.0,1,2,44
202400004171,2024-09-16,Evening,4,1,2.0,1,2,94
202400004172,2024-04-28,Morning,3,2,6.0,5,2,13
202400004173,2024-09-16,Morning,3,1,1.0,1,2,94
202400004174,2024-11-27,Evening,3,8,6.0,3,1,39
202400004175,2024-04-22,Afternoon,4,1,3.0,1,2,11
202400004176,2024-09-15,Night,4,1,3.0,5,2,94
202400004177,2024-11-28,Afternoon,3,7,6.0,1,2,34
202400004178,2024-04-28,Morning,4,8,6.0,1,2,06
202400004179,2024-09-16,Afternoon,4,1,3.0,1,2,94
202400004180,2024-11-28,Morning,3,1,3.0,1,2,34
202400004181,2024-04-27,Night,4,1,1.0,3,1,04
202400004182,2024-11-28,Morning,4,1,6.0,1,2,34
202400004183,2024-09-16,Morning,4,1,3.0,1,2,93
202400004184,2024-09-15,Afternoon,4,1,6.0,1,2,93
202400004185,2024-11-28,Morning,4,1,3.0,1,2,34
202400004186,2024-04-28,Afternoon,4,1,3.0,1,1,03
202400004187,2024-09-16,Afternoon,4,1,3.0,1,2,93
202400004188,2024-11-28,Evening,4,1,3.0,5,2,33
202400004189,2024-04-27,Morning,3,1,6.0,1,2,03
202400004190,2024-09-16,Afternoon,4,1,1.0,1,2,93
202400004191,2024-11-28,Morning,4,1,3.0,2,2,32
202400004192,2024-04-26,Evening,4,1,3.0,1,2,01
202400004193,2024-09-15,Evening,4,1,6.0,1,2,93
202400004194,2024-11-28,Afternoon,3,1,6.0,1,2,31
202400004195,2024-04-27,Afternoon,4,2,3.0,1,2,75
202400004196,2024-11-28,Afternoon,4,1,2.0,1,2,30
202400004197,2024-09-16,Morning,4,1,5.0,1,2,93
202400004198,2024-11-28,Afternoon,4,5,6.0,1,1,29
202400004199,2024-04-27,Afternoon,4,1,4.0,1,2,75
202400004200,2024-09-15,Evening,3,1,6.0,5,2,93
202400004201,2024-04-28,Morning,4,1,2.0,1,2,75
202400004202,2024-04-28,Evening,4,1,6.0,4,2,75
202400004203,2024-09-16,Evening,4,1,3.0,5,2,93
202400004204,2024-11-28,Morning,3,1,1.0,1,2,13
202400004205,2024-11-27,Afternoon,3,1,3.0,1,2,13
202400004206,2024-09-16,Afternoon,4,1,1.0,1,2,93
202400004207,2024-04-28,Afternoon,4,8,2.0,1,2,75
202400004208,2024-09-15,Night,3,1,6.0,3,2,93
202400004209,2024-11-28,Evening,4,1,6.0,5,2,11
202400004210,2024-04-28,Evening,4,1,7.0,1,2,75
202400004211,2024-11-28,Afternoon,4,1,7.0,1,2,11
202400004212,2024-09-15,Night,4,1,3.0,5,2,92
202400004213,2024-04-28,Evening,4,1,2.0,5,2,94
202400004214,2024-11-28,Evening,4,1,3.0,5,2,06
202400004215,2024-09-16,Morning,4,1,3.0,1,2,92
202400004216,2024-11-28,Morning,4,1,3.0,5,2,06
202400004217,2024-09-16,Morning,4,8,3.0,1,2,92
202400004218,2024-04-28,Night,4,2,2.0,5,2,94
202400004219,2024-04-28,Afternoon,4,1,6.0,1,2,94
202400004220,2024-11-28,Morning,3,1,3.0,1,2,03
202400004221,2024-09-16,Morning,4,1,3.0,1,2,92
202400004222,2024-09-16,Morning,4,1,6.0,2,2,92
202400004223,2024-11-28,Afternoon,4,2,3.0,1,2,03
202400004224,2024-04-28,Afternoon,4,1,4.0,1,2,94
202400004225,2024-09-14,Evening,4,1,6.0,1,2,92
202400004226,2024-11-27,Evening,4,1,5.0,5,2,75
202400004227,2024-09-16,Afternoon,4,1,3.0,1,2,92
202400004228,2024-09-16,Morning,4,1,7.0,1,2,92
202400004229,2024-11-27,Afternoon,4,2,4.0,1,2,75
202400004230,2024-09-15,Night,4,1,6.0,5,2,92
202400004231,2024-04-28,Afternoon,4,1,4.0,1,2,93
202400004232,2024-09-15,Morning,3,1,7.0,1,1,65
202400004233,2024-11-27,Afternoon,4,2,3.0,1,2,75
202400004234,2024-04-28,Afternoon,3,1,3.0,1,2,93
202400004235,2024-09-16,Morning,4,7,6.0,2,2,33
202400004236,2024-11-27,Afternoon,4,1,3.0,2,2,75
202400004237,2024-04-27,Night,4,2,6.0,5,2,92
202400004238,2024-09-17,Morning,4,1,6.0,1,1,77
202400004240,2024-11-28,Morning,4,1,3.0,1,2,75
202400004241,2024-04-28,Afternoon,3,1,3.0,1,2,2A
202400004242,2024-09-17,Morning,4,1,4.0,1,1,29
202400004243,2024-11-28,Evening,4,1,3.0,5,2,75
202400004244,2024-04-27,Afternoon,3,1,3.0,1,1,22
202400004245,2024-11-28,Afternoon,4,1,1.0,2,2,75
202400004246,2024-09-17,Morning,3,1,2.0,1,1,29
202400004248,2024-11-28,Morning,4,1,3.0,1,2,75
202400004249,2024-04-28,Night,3,1,7.0,3,1,67
202400004250,2024-09-17,Afternoon,3,1,1.0,1,1,84
202400004251,2024-11-27,Evening,4,2,6.0,5,2,75
202400004252,2024-04-29,Afternoon,3,1,1.0,1,1,76
202400004253,2024-09-17,Afternoon,4,1,6.0,1,2,34
202400004254,2024-04-28,Evening,3,1,7.0,2,1,41
202400004255,2024-11-28,Morning,4,1,6.0,1,2,75
202400004256,2024-09-16,Morning,2,1,1.0,1,1,51
202400004258,2024-09-16,Afternoon,3,1,3.0,1,1,80
202400004260,2024-11-27,Afternoon,4,1,6.0,5,2,75
202400004261,2024-09-14,Morning,3,1,7.0,1,1,34
202400004262,2024-04-29,Night,3,3,6.0,3,1,34
202400004263,2024-09-17,Morning,4,1,2.0,1,2,25
202400004264,2024-11-28,Afternoon,4,1,7.0,1,2,75
202400004265,2024-04-28,Afternoon,3,1,2.0,1,1,58
202400004266,2024-09-16,Evening,3,1,1.0,2,1,29
202400004267,2024-04-27,Morning,3,1,6.0,1,2,57
202400004268,2024-11-26,Evening,4,8,6.0,5,2,75
202400004269,2024-09-15,Morning,4,1,3.0,1,1,15
202400004270,2024-04-28,Afternoon,3,1,2.0,1,1,51
202400004271,2024-11-28,Morning,4,1,1.0,1,2,94
202400004272,2024-09-15,Afternoon,3,1,7.0,1,2,01
202400004273,2024-04-27,Evening,4,1,6.0,3,1,2A
202400004274,2024-11-28,Afternoon,4,1,6.0,1,2,94
202400004275,2024-09-17,Evening,3,1,7.0,1,1,72
202400004276,2024-11-28,Afternoon,4,1,6.0,1,2,94
202400004277,2024-09-17,Afternoon,4,8,3.0,1,1,06
202400004278,2024-11-28,Afternoon,4,8,6.0,5,2,94
202400004279,2024-04-28,Evening,3,1,6.0,2,2,80
202400004280,2024-09-17,Morning,3,1,1.0,1,1,50
202400004281,2024-04-29,Morning,2,1,7.0,1,1,33
202400004282,2024-11-28,Night,4,8,2.0,5,2,93
202400004283,2024-04-29,Morning,3,1,6.0,1,1,89
202400004284,2024-09-17,Evening,4,1,1.0,1,2,60
202400004285,2024-11-28,Afternoon,4,1,6.0,5,2,93
202400004286,2024-04-28,Evening,4,1,3.0,1,1,86
202400004287,2024-11-24,Night,3,1,6.0,5,2,93
202400004288,2024-09-16,Afternoon,4,1,3.0,1,1,64
202400004289,2024-04-28,Evening,4,2,1.0,3,1,39
202400004290,2024-09-17,Afternoon,2,1,6.0,1,2,16
202400004291,2024-09-16,Evening,4,1,6.0,3,1,04
202400004292,2024-11-27,Evening,4,2,4.0,5,2,93
202400004293,2024-04-29,Morning,2,8,6.0,1,2,38
202400004294,2024-09-13,Morning,3,7,6.0,2,1,30
202400004295,2024-09-15,Night,4,1,6.0,5,2,38
202400004296,2024-11-27,Evening,4,1,3.0,5,2,93
202400004297,2024-04-29,Afternoon,3,1,5.0,1,1,02
202400004298,2024-11-28,Afternoon,4,1,6.0,1,2,93
202400004299,2024-09-15,Morning,3,1,6.0,2,1,35
202400004300,2024-11-28,Morning,4,1,7.0,2,2,93
202400004301,2024-09-17,Afternoon,4,1,6.0,1,1,42
202400004302,2024-04-29,Morning,4,1,1.0,1,1,02
202400004303,2024-09-17,Morning,4,1,6.0,1,1,71
202400004304,2024-11-28,Morning,4,1,6.0,1,2,93
202400004305,2024-04-29,Morning,3,1,6.0,2,1,14
202400004306,2024-09-16,Afternoon,4,1,2.0,1,1,13
202400004307,2024-11-28,Afternoon,4,1,6.0,1,2,92
202400004308,2024-04-27,Evening,4,2,1.0,3,2,50
202400004309,2024-09-17,Night,2,1,2.0,3,1,28
202400004310,2024-11-28,Morning,4,1,6.0,1,2,92
202400004311,2024-04-29,Morning,4,2,3.0,1,1,64
202400004313,2024-09-16,Morning,3,1,1.0,1,2,37
202400004314,2024-11-27,Evening,4,1,6.0,5,2,92
202400004315,2024-04-28,Night,3,1,7.0,4,1,16
202400004316,2024-11-27,Afternoon,4,3,6.0,5,2,92
202400004317,2024-09-17,Afternoon,3,1,1.0,1,2,58
202400004319,2024-04-29,Afternoon,3,1,5.0,1,1,24
202400004320,2024-11-28,Afternoon,4,1,3.0,1,2,92
202400004321,2024-09-15,Evening,3,1,2.0,2,2,67
202400004323,2024-11-28,Evening,2,8,6.0,3,1,35
202400004324,2024-09-08,Night,3,2,7.0,3,2,67
202400004326,2024-04-28,Evening,4,1,1.0,1,1,24
202400004327,2024-11-14,Night,3,1,1.0,3,1,21
202400004328,2024-08-09,Morning,3,1,1.0,1,1,33
202400004329,2024-04-27,Evening,4,3,1.0,1,2,24
202400004330,2024-09-16,Afternoon,3,1,3.0,2,2,73
202400004331,2024-11-29,Night,3,1,6.0,3,1,71
202400004332,2024-08-07,Afternoon,4,1,5.0,1,1,41
202400004333,2024-04-29,Morning,3,1,5.0,1,2,37
202400004334,2024-11-29,Afternoon,4,1,3.0,1,2,27
202400004335,2024-08-12,Night,3,1,7.0,2,1,95
202400004336,2024-11-26,Morning,3,1,3.0,2,2,11
202400004337,2024-08-11,Morning,3,1,2.0,1,1,34
202400004338,2024-04-28,Evening,3,1,3.0,1,1,08
202400004339,2024-11-28,Afternoon,3,2,5.0,1,1,63
202400004340,2024-04-28,Afternoon,4,2,6.0,1,1,90
202400004341,2024-08-11,Afternoon,4,1,6.0,1,2,83
202400004342,2024-11-28,Evening,3,2,7.0,5,2,23
202400004343,2024-04-28,Morning,4,3,1.0,1,1,69
202400004344,2024-11-29,Night,4,5,7.0,3,1,62
202400004345,2024-08-10,Morning,4,1,3.0,1,1,05
202400004346,2024-04-29,Morning,3,1,2.0,1,1,78
202400004347,2024-11-28,Afternoon,3,1,6.0,5,2,57
202400004348,2024-04-24,Afternoon,3,1,7.0,1,2,37
202400004349,2024-11-29,Morning,3,1,6.0,1,1,2B
202400004350,2024-04-18,Afternoon,4,1,7.0,1,2,28
202400004351,2024-02-24,Afternoon,4,1,3.0,1,1,13
202400004352,2024-04-28,Evening,3,8,1.0,1,1,78