Num_Acc,date,time_of_day,max_severity,weather,collision_type,lighting,urban_area,department
202400004353,2024-11-28,Evening,4,1,2.0,5,1,71
202400004354,2024-04-28,Evening,2,1,6.0,3,1,13
202400004355,2024-08-11,Afternoon,3,1,3.0,1,1,67
202400004356,2024-11-29,Morning,3,1,6.0,1,1,89
202400004357,2024-04-27,Afternoon,3,3,6.0,1,1,33
202400004358,2024-08-12,Afternoon,3,1,7.0,1,1,63
202400004359,2024-04-25,Evening,3,1,1.0,1,1,44
202400004360,2024-11-27,Afternoon,3,1,3.0,1,2,63
202400004361,2024-04-28,Afternoon,3,1,7.0,1,2,22
202400004362,2024-08-12,Afternoon,3,1,1.0,1,1,87
202400004363,2024-11-28,Afternoon,2,2,6.0,2,1,63
202400004364,2024-08-12,Afternoon,4,1,3.0,1,1,33
202400004365,2024-11-29,Evening,3,1,3.0,3,1,61
202400004366,2024-04-29,Afternoon,3,1,3.0,1,2,62
202400004367,2024-11-28,Evening,3,1,6.0,3,1,12
202400004368,2024-08-12,Morning,3,1,3.0,1,1,33
202400004369,2024-04-27,Afternoon,4,1,2.0,1,1,13
202400004370,2024-11-28,Morning,3,1,6.0,1,2,31
202400004371,2024-08-10,Afternoon,3,1,3.0,1,1,85
202400004372,2024-11-28,Afternoon,3,2,6.0,3,2,38
202400004373,2024-04-27,Night,4,1,5.0,3,1,69
202400004374,2024-07-21,Afternoon,4,1,3.0,1,2,56
202400004375,2024-11-29,Morning,4,1,6.0,1,1,06
202400004376,2024-04-23,Afternoon,4,1,4.0,1,1,67
202400004377,2024-08-12,Morning,3,1,6.0,1,1,22
202400004378,2024-11-25,Night,2,1,6.0,3,1,64
202400004379,2024-04-28,Night,4,1,7.0,3,1,94
202400004380,2024-08-09,Afternoon,3,7,7.0,1,1,62
202400004381,2024-11-27,Night,3,2,6.0,4,2,53
202400004382,2024-04-28,Night,4,1,2.0,5,1,93
202400004383,2024-08-10,Afternoon,3,1,1.0,1,2,59
202400004384,2024-11-28,Night,3,1,1.0,5,2,04
202400004385,2024-04-27,Evening,4,2,6.0,1,1,95
202400004386,2024-11-26,Morning,4,8,6.0,5,2,27
202400004387,2024-08-12,Morning,4,7,1.0,1,2,59
202400004388,2024-04-28,Afternoon,4,1,2.0,1,1,94
202400004389,2024-08-10,Night,3,1,6.0,3,1,59
202400004390,2024-11-28,Morning,3,1,3.0,1,1,17
202400004391,2024-04-27,Evening,4,3,2.0,1,1,77
202400004392,2024-05-05,Evening,4,1,7.0,3,1,13
202400004393,2024-08-11,Evening,4,1,7.0,1,1,13
202400004394,2024-04-27,Afternoon,4,1,2.0,1,1,93
202400004395,2024-11-28,Afternoon,4,1,5.0,2,1,30
202400004396,2024-04-27,Morning,4,1,6.0,1,1,94
202400004397,2024-11-28,Afternoon,4,1,6.0,2,2,66
202400004398,2024-08-11,Morning,4,1,2.0,2,2,13
202400004399,2024-02-24,Night,4,1,1.0,3,1,74
202400004400,2024-08-09,Night,4,1,7.0,5,1,13
202400004401,2024-11-23,Morning,4,1,3.0,1,1,13
202400004402,2024-02-20,Afternoon,3,1,6.0,1,2,74
202400004405,2024-08-10,Afternoon,4,1,4.0,1,1,83
202400004406,2024-02-11,Morning,3,8,1.0,3,1,74
202400004407,2024-02-07,Evening,4,2,6.0,5,2,74
202400004408,2024-08-09,Morning,4,1,2.0,1,1,69
202400004409,2024-11-24,Night,3,1,2.0,3,1,77
202400004410,2024-02-04,Morning,3,1,7.0,1,1,74
202400004411,2024-08-11,Evening,4,1,7.0,1,1,77
202400004412,2024-11-29,Afternoon,4,1,6.0,2,2,77
202400004413,2024-02-03,Afternoon,4,1,6.0,1,1,74
202400004414,2024-08-11,Afternoon,4,1,2.0,1,1,94
202400004415,2024-11-19,Afternoon,3,3,1.0,3,2,77
202400004416,2024-11-28,Evening,3,1,3.0,2,1,77
202400004417,2024-01-28,Night,4,1,5.0,3,2,74
202400004418,2024-08-11,Morning,4,1,4.0,1,1,94
202400004419,2024-11-28,Afternoon,4,1,6.0,1,2,66
202400004420,2024-01-01,Night,3,1,6.0,3,1,74
202400004421,2024-11-28,Evening,4,1,6.0,5,1,66
202400004422,2024-08-11,Morning,4,1,2.0,1,1,94
202400004424,2024-08-09,Night,4,1,2.0,3,1,77
202400004425,2024-11-27,Morning,4,1,3.0,2,2,34
202400004427,2024-11-29,Morning,3,1,2.0,1,1,34
202400004428,2024-08-11,Afternoon,4,1,2.0,1,1,92
202400004430,2024-08-11,Morning,4,1,7.0,1,1,92
202400004431,2024-11-28,Evening,3,3,6.0,5,2,71
202400004433,2024-11-29,Afternoon,3,1,6.0,1,2,54
202400004435,2024-08-10,Evening,4,1,4.0,1,1,92
202400004438,2024-08-11,Morning,4,1,2.0,1,1,95
202400004439,2024-08-10,Evening,3,1,6.0,1,2,95
202400004441,2024-05-31,Afternoon,4,1,6.0,1,2,74
202400004442,2024-04-27,Morning,4,1,3.0,1,2,91
202400004443,2024-04-27,Afternoon,3,1,3.0,1,2,83
202400004444,2024-04-24,Evening,4,2,3.0,3,1,74
202400004445,2024-04-23,Morning,3,1,6.0,1,2,83
202400004446,2024-04-27,Night,4,1,6.0,5,2,81
202400004447,2024-05-07,Evening,3,2,5.0,1,1,74
202400004448,2024-03-28,Morning,4,1,6.0,1,2,78
202400004449,2024-05-28,Morning,3,1,3.0,1,1,74
202400004450,2024-04-27,Night,4,2,6.0,5,2,78
202400004451,2024-05-20,Morning,3,1,6.0,1,2,74
202400004452,2024-04-27,Evening,3,1,1.0,1,1,77
202400004453,2024-04-27,Morning,4,2,1.0,2,2,77
202400004454,2024-05-26,Morning,3,1,3.0,1,1,74
202400004455,2024-04-27,Morning,4,1,7.0,1,1,77
202400004456,2024-05-25,Night,4,1,3.0,3,2,74
202400004457,2024-04-27,Night,4,3,7.0,3,1,76
202400004458,2024-04-27,Evening,4,1,6.0,2,2,74
202400004459,2024-05-24,Morning,4,1,7.0,1,2,74
202400004460,2024-05-27,Morning,3,2,7.0,2,1,74
202400004461,2024-04-27,Night,4,1,3.0,5,2,71
202400004462,2024-04-27,Night,3,1,6.0,4,2,71
202400004463,2024-05-21,Morning,2,1,6.0,1,2,74
202400004464,2024-04-16,Afternoon,4,8,1.0,1,1,74
202400004465,2024-04-26,Morning,3,2,3.0,1,2,69
202400004466,2024-02-21,Morning,4,1,3.0,1,1,74
202400004467,2024-04-27,Morning,4,2,6.0,1,2,66
202400004468,2024-01-17,Morning,4,1,3.0,1,2,35
202400004469,2024-04-27,Night,3,2,7.0,5,2,64
202400004470,2024-04-27,Evening,4,2,7.0,1,2,64
202400004471,2024-02-21,Afternoon,4,1,3.0,1,1,84
202400004472,2024-02-21,Night,3,1,6.0,3,1,84
202400004473,2024-04-27,Night,4,2,6.0,5,2,63
202400004474,2024-02-14,Afternoon,3,1,6.0,1,2,84
202400004475,2024-04-27,Evening,4,1,2.0,1,1,63
202400004476,2024-01-23,Evening,3,1,1.0,3,1,84
202400004477,2024-01-17,Afternoon,4,2,3.0,2,2,84
202400004478,2024-02-12,Morning,3,1,6.0,3,1,84
202400004481,2024-04-26,Afternoon,4,1,5.0,1,1,62
202400004483,2024-04-27,Afternoon,4,2,6.0,1,2,56
202400004484,2024-04-26,Afternoon,4,1,3.0,1,2,54
202400004487,2024-04-27,Afternoon,4,1,4.0,1,2,51
202400004489,2024-04-27,Evening,4,1,3.0,1,1,49
202400004490,2024-04-27,Night,4,1,7.0,3,1,49
202400004492,2024-04-27,Afternoon,4,1,1.0,1,2,49
202400004494,2024-04-27,Afternoon,4,8,3.0,1,2,45
202400004496,2024-04-26,Evening,4,1,3.0,1,2,38
202400004498,2024-04-27,Evening,4,1,2.0,1,2,37
202400004500,2024-04-27,Evening,4,1,2.0,5,2,37
202400004501,2024-08-10,Afternoon,4,1,4.0,1,2,69
202400004502,2024-04-27,Afternoon,4,3,6.0,1,2,33
202400004504,2024-04-27,Morning,4,1,2.0,1,2,33
202400004506,2024-04-27,Morning,4,8,3.0,1,2,33
202400004508,2024-04-26,Afternoon,4,1,3.0,1,1,29
202400004509,2024-04-26,Evening,4,2,3.0,5,2,28
202400004510,2024-08-10,Afternoon,4,1,2.0,1,2,2A
202400004511,2024-08-10,Evening,4,1,2.0,1,2,95
202400004512,2024-04-27,Morning,3,1,1.0,1,2,25
202400004513,2024-04-27,Morning,3,1,7.0,1,2,22
202400004514,2024-08-10,Evening,4,1,3.0,1,2,91
202400004515,2024-04-26,Evening,3,1,6.0,1,2,21
202400004516,2024-08-06,Morning,4,1,2.0,1,1,91
202400004517,2024-04-26,Evening,4,1,3.0,1,2,19
202400004518,2024-08-06,Morning,4,1,6.0,1,1,83
202400004519,2024-04-26,Afternoon,4,2,3.0,1,2,19
202400004520,2024-08-10,Evening,4,1,2.0,1,2,80
202400004521,2024-04-26,Afternoon,4,8,3.0,1,2,14
202400004522,2024-08-10,Afternoon,4,1,3.0,1,2,80
202400004523,2024-04-26,Afternoon,4,2,3.0,1,1,13
202400004524,2024-04-27,Evening,4,2,3.0,1,2,11
202400004525,2024-08-10,Morning,4,5,3.0,2,1,79
202400004526,2024-04-27,Night,3,8,3.0,5,2,06
202400004527,2024-08-10,Afternoon,3,1,6.0,1,2,77
202400004528,2024-04-26,Evening,4,1,2.0,2,2,75
202400004529,2024-08-10,Morning,4,1,3.0,1,2,77
202400004530,2024-04-26,Evening,4,1,4.0,1,2,75
202400004531,2024-04-26,Evening,4,1,3.0,1,2,75
202400004532,2024-08-09,Afternoon,3,1,2.0,1,2,76
202400004533,2024-04-27,Afternoon,4,2,6.0,1,2,75
202400004534,2024-08-10,Afternoon,4,1,1.0,1,2,72
202400004535,2024-04-27,Afternoon,4,3,7.0,1,2,75
202400004536,2024-07-12,Afternoon,3,1,6.0,1,2,71
202400004537,2024-04-27,Morning,4,1,6.0,1,2,75
202400004538,2024-04-26,Afternoon,4,1,3.0,1,2,75
202400004539,2024-08-11,Night,3,1,3.0,5,2,69
202400004540,2024-04-27,Evening,4,2,2.0,1,2,75
202400004541,2024-04-27,Night,4,2,6.0,5,2,75
202400004542,2024-08-10,Afternoon,3,1,6.0,1,2,69
202400004543,2024-04-27,Night,4,2,6.0,5,2,75
202400004544,2024-08-10,Morning,4,7,3.0,1,2,67
202400004545,2024-04-27,Afternoon,4,2,6.0,1,2,75
202400004546,2024-08-10,Afternoon,3,1,3.0,1,2,65
202400004547,2024-04-26,Night,4,2,3.0,5,2,94
202400004548,2024-04-27,Night,4,2,6.0,5,2,94
202400004549,2024-08-10,Morning,3,1,3.0,1,2,64
202400004550,2024-04-27,Afternoon,4,2,6.0,1,1,94
202400004551,2024-04-27,Morning,4,1,3.0,1,2,94
202400004552,2024-08-10,Afternoon,4,1,2.0,1,2,63
202400004553,2024-04-27,Afternoon,4,2,2.0,1,2,93
202400004554,2024-04-27,Morning,4,1,2.0,1,2,93
202400004555,2024-08-10,Morning,4,1,6.0,1,2,63
202400004556,2024-04-27,Morning,4,1,6.0,1,2,93
202400004557,2024-08-10,Evening,3,1,3.0,1,1,62
202400004558,2024-04-26,Evening,3,1,6.0,5,2,93
202400004559,2024-08-10,Evening,4,1,6.0,1,2,59
202400004560,2024-08-10,Afternoon,4,1,6.0,1,2,56
202400004561,2024-04-27,Evening,4,2,5.0,1,2,92
202400004562,2024-08-10,Night,3,1,6.0,5,2,54
202400004563,2024-04-27,Afternoon,4,2,4.0,1,2,92
202400004564,2024-08-10,Afternoon,4,1,2.0,1,2,50
202400004565,2024-04-27,Evening,4,3,3.0,5,2,92
202400004566,2024-08-10,Afternoon,4,1,4.0,1,2,49
202400004567,2024-04-27,Evening,4,3,7.0,5,2,92
202400004568,2024-08-10,Afternoon,4,1,2.0,1,2,49
202400004569,2024-08-10,Morning,4,1,3.0,1,2,45
202400004570,2024-08-06,Night,4,1,7.0,3,2,43
202400004571,2024-08-10,Morning,4,1,3.0,1,2,43
202400004572,2024-08-10,Evening,4,1,7.0,1,2,41
202400004573,2024-04-27,Evening,4,2,3.0,1,2,92
202400004574,2024-08-05,Evening,4,1,7.0,1,2,37
202400004575,2024-04-28,Night,2,3,6.0,3,1,43
202400004576,2024-03-09,Night,4,1,2.0,5,2,34
202400004577,2024-08-10,Evening,4,1,6.0,1,2,33
202400004578,2024-08-09,Afternoon,4,1,3.0,1,1,30
202400004579,2024-04-27,Evening,4,2,4.0,2,2,95
202400004580,2024-08-10,Night,4,1,3.0,4,2,29
202400004581,2024-04-27,Night,4,8,6.0,3,2,36
202400004582,2024-08-10,Afternoon,4,1,3.0,1,2,26
202400004584,2024-08-10,Morning,3,1,2.0,1,2,22
202400004585,2024-08-10,Morning,4,1,6.0,1,2,17
202400004586,2024-08-10,Afternoon,4,1,3.0,1,2,15
202400004587,2024-04-27,Afternoon,4,1,7.0,1,1,22
202400004588,2024-08-10,Morning,4,1,2.0,1,2,13
202400004589,2024-08-09,Morning,4,1,4.0,1,1,13
202400004590,2024-08-10,Morning,4,1,3.0,1,2,13
202400004591,2024-08-10,Morning,3,1,6.0,1,2,10
202400004592,2024-08-10,Afternoon,2,1,6.0,1,2,06
202400004593,2024-08-10,Morning,3,1,3.0,1,1,06
202400004594,2024-08-10,Night,3,1,3.0,5,2,06
202400004595,2024-08-09,Afternoon,3,1,3.0,1,2,01
202400004596,2024-08-10,Evening,4,1,2.0,2,2,75
202400004597,2024-08-10,Afternoon,4,1,6.0,1,2,75
202400004598,2024-08-10,Afternoon,4,1,3.0,1,2,75
202400004599,2024-08-10,Afternoon,4,1,3.0,1,2,75
202400004600,2024-08-10,Afternoon,4,1,6.0,1,2,75
202400004601,2024-08-10,Afternoon,4,1,3.0,1,2,75
202400004602,2024-08-10,Evening,4,1,3.0,1,2,94
202400004603,2024-08-10,Afternoon,4,1,6.0,1,2,94
202400004604,2024-08-10,Night,4,1,6.0,5,2,93
202400004605,2024-08-10,Night,4,1,6.0,2,2,93
202400004606,2024-08-10,Night,4,1,3.0,5,2,93
202400004607,2024-08-10,Morning,3,1,6.0,1,2,93
202400004608,2024-08-10,Night,4,1,4.0,5,2,93
202400004609,2024-08-10,Afternoon,4,1,3.0,1,2,93
202400004610,2024-08-17,Afternoon,4,3,3.0,1,2,92
202400004611,2024-12-28,Morning,3,1,6.0,1,1,60
202400004612,2024-12-12,Evening,3,8,7.0,3,1,60
202400004613,2024-08-10,Morning,4,1,3.0,1,1,92
202400004614,2024-08-10,Afternoon,4,1,3.0,1,2,92
202400004615,2024-08-27,Morning,4,1,3.0,1,2,27
202400004616,2024-08-20,Night,3,1,1.0,3,2,27
202400004617,2024-08-10,Morning,4,1,3.0,1,2,92
202400004618,2024-07-19,Afternoon,3,1,6.0,1,1,27
202400004619,2024-08-10,Night,4,1,3.0,5,2,92
202400004620,2024-11-21,Evening,4,2,3.0,5,2,38
202400004621,2024-08-11,Night,2,1,1.0,2,1,24
202400004622,2024-12-02,Evening,4,3,7.0,3,1,38
202400004623,2024-08-10,Evening,3,1,7.0,1,2,63
202400004624,2024-08-11,Morning,4,1,1.0,1,1,24
202400004625,2024-11-17,Morning,4,1,3.0,1,2,34
202400004626,2024-08-11,Afternoon,4,1,6.0,1,1,28
202400004627,2024-12-30,Evening,3,1,1.0,5,2,93
202400004628,2024-02-08,Morning,4,2,6.0,2,2,94
202400004630,2024-12-27,Afternoon,4,1,6.0,1,2,93
202400004631,2024-02-09,Morning,4,2,3.0,1,2,94
202400004632,2024-12-22,Night,4,2,3.0,5,2,93
202400004633,2024-08-10,Evening,3,7,3.0,2,1,63
202400004634,2024-02-08,Afternoon,4,2,1.0,1,2,94
202400004635,2024-08-11,Night,3,1,6.0,3,1,46
202400004636,2024-12-19,Morning,4,2,3.0,5,2,93
202400004637,2024-08-11,Morning,3,1,6.0,1,1,26
202400004638,2024-02-09,Evening,4,1,5.0,5,2,94
202400004639,2024-11-28,Morning,4,1,2.0,1,2,93
202400004640,2024-08-11,Afternoon,4,1,7.0,1,2,79
202400004641,2024-02-09,Evening,4,1,6.0,5,2,94
202400004642,2024-11-21,Night,4,4,2.0,5,2,93
202400004643,2024-08-07,Morning,3,1,5.0,1,1,2A
202400004644,2024-02-09,Night,4,1,3.0,5,2,94
202400004645,2024-11-19,Afternoon,4,2,3.0,1,2,93
202400004646,2024-02-09,Evening,4,1,6.0,5,2,94
202400004647,2024-09-25,Afternoon,4,3,3.0,1,2,44
202400004648,2024-02-09,Morning,4,8,6.0,2,2,94
202400004649,2024-08-10,Morning,4,1,2.0,1,1,69
202400004650,2024-10-04,Afternoon,4,1,3.0,1,1,44
202400004651,2024-02-08,Evening,3,1,2.0,5,2,94
202400004652,2024-08-11,Morning,3,1,6.0,1,1,71
202400004653,2024-12-08,Night,4,2,6.0,5,2,25
202400004654,2024-02-09,Afternoon,4,1,6.0,1,2,93
202400004655,2024-12-10,Afternoon,4,1,6.0,2,2,61
202400004656,2024-08-10,Afternoon,3,1,1.0,1,1,71
202400004657,2024-08-10,Night,3,1,6.0,3,1,61
202400004658,2024-02-09,Evening,4,1,2.0,4,2,93
202400004659,2024-12-28,Night,4,5,3.0,5,2,74
202400004660,2024-08-11,Afternoon,4,1,7.0,1,1,55
202400004661,2024-02-09,Afternoon,4,2,1.0,1,2,93
202400004662,2024-12-05,Evening,4,2,4.0,5,1,24
202400004663,2024-02-09,Morning,4,2,3.0,1,2,93
202400004664,2024-08-07,Morning,4,2,2.0,4,2,82
202400004665,2024-07-08,Morning,3,1,3.0,1,1,49
202400004666,2024-12-19,Afternoon,3,2,6.0,1,1,32
202400004667,2024-02-08,Afternoon,4,2,3.0,1,2,93
202400004668,2024-08-11,Afternoon,3,1,6.0,1,1,12
202400004669,2024-12-09,Afternoon,3,2,6.0,1,1,32
202400004670,2024-02-09,Afternoon,4,1,3.0,1,2,93
202400004671,2024-10-27,Afternoon,2,1,6.0,1,2,91
202400004672,2024-08-10,Night,3,1,3.0,4,1,47
202400004673,2024-08-10,Evening,3,1,6.0,2,1,22
202400004674,2024-02-09,Afternoon,4,1,6.0,1,2,93
202400004675,2024-12-05,Evening,4,1,1.0,3,1,84
202400004676,2024-02-08,Evening,4,2,6.0,4,2,93
202400004677,2024-12-09,Afternoon,4,8,1.0,1,1,28
202400004678,2024-08-09,Morning,3,1,3.0,1,1,39
202400004679,2024-12-05,Morning,3,2,7.0,5,2,28
202400004680,2024-02-09,Afternoon,4,8,6.0,1,2,93
202400004681,2024-11-01,Night,3,1,6.0,3,2,28
202400004682,2024-08-10,Evening,3,1,2.0,5,1,25
202400004683,2024-02-09,Afternoon,4,1,3.0,1,2,92
202400004684,2024-10-17,Evening,4,1,1.0,1,1,28
202400004685,2024-08-10,Evening,4,1,2.0,1,1,29
202400004686,2024-02-09,Afternoon,3,1,3.0,1,2,92
202400004687,2024-11-28,Morning,4,1,3.0,1,1,13
202400004689,2024-02-08,Evening,4,2,3.0,3,2,92
202400004690,2024-02-09,Afternoon,4,1,6.0,1,2,92
202400004691,2024-08-09,Morning,3,7,6.0,1,1,31
202400004692,2024-10-30,Morning,4,1,1.0,1,1,24
202400004693,2024-02-08,Night,4,2,6.0,5,2,92
202400004694,2024-08-09,Afternoon,3,1,7.0,1,1,84
202400004695,2024-02-09,Afternoon,4,1,3.0,1,2,92
202400004696,2024-04-16,Night,2,1,6.0,5,2,93
202400004697,2024-08-11,Night,3,1,7.0,3,1,26
202400004698,2024-02-09,Morning,4,1,3.0,5,2,92
202400004699,2024-12-11,Night,3,1,6.0,2,2,59
202400004700,2024-08-10,Afternoon,4,1,1.0,1,1,66
202400004701,2024-02-09,Evening,4,1,3.0,5,2,92
202400004703,2024-02-09,Morning,4,8,3.0,1,2,92
202400004704,2024-08-04,Morning,3,1,6.0,1,2,14
202400004706,2024-02-09,Afternoon,3,1,6.0,1,2,92
202400004707,2024-08-10,Evening,4,1,7.0,1,1,90
202400004709,2024-02-09,Morning,4,1,3.0,1,2,92
202400004710,2024-08-11,Morning,3,1,1.0,1,1,64
202400004711,2024-02-09,Afternoon,3,2,7.0,1,2,24
202400004713,2024-08-10,Morning,4,1,7.0,1,1,07
202400004714,2024-08-10,Evening,4,1,7.0,1,2,85
202400004716,2024-02-09,Afternoon,3,7,3.0,1,1,22
202400004718,2024-02-10,Morning,3,1,1.0,1,1,85
202400004719,2024-08-10,Afternoon,3,1,3.0,1,2,27
202400004720,2024-08-11,Morning,3,1,2.0,1,2,37
202400004722,2024-02-09,Evening,4,1,1.0,3,1,85
202400004723,2024-08-09,Evening,4,1,1.0,1,1,30
202400004724,2024-02-10,Night,4,2,2.0,3,1,51
202400004726,2024-08-11,Afternoon,4,1,6.0,1,1,10
202400004727,2024-02-09,Afternoon,4,1,3.0,1,2,78
202400004729,2024-02-09,Afternoon,4,8,6.0,2,1,61
202400004730,2024-08-11,Night,3,1,3.0,3,2,13
202400004732,2024-02-09,Night,4,1,6.0,3,1,42
202400004733,2024-08-10,Afternoon,4,1,6.0,1,2,01
202400004735,2024-02-10,Morning,4,2,5.0,1,2,42
202400004736,2024-08-10,Evening,4,7,3.0,2,1,38
202400004737,2024-02-10,Morning,4,2,6.0,3,1,47
202400004738,2024-12-29,Evening,4,1,2.0,5,2,84
202400004739,2024-12-22,Night,3,2,6.0,5,2,84
202400004740,2024-02-09,Afternoon,3,1,6.0,1,1,35
202400004741,2024-12-22,Night,3,1,6.0,5,2,84
202400004742,2024-08-11,Morning,4,1,2.0,1,1,63
202400004743,2024-02-10,Morning,3,8,3.0,1,1,29
202400004744,2024-12-19,Afternoon,3,1,6.0,1,1,84
202400004745,2024-08-10,Night,3,1,2.0,3,1,36
202400004746,2024-12-16,Morning,3,1,3.0,1,2,84
202400004747,2024-02-09,Afternoon,4,1,2.0,1,1,29
202400004748,2024-02-10,Night,3,1,6.0,3,1,58
202400004749,2024-08-10,Afternoon,3,1,2.0,1,1,11
202400004750,2024-12-16,Evening,4,1,3.0,5,2,49
202400004751,2024-02-10,Afternoon,3,2,6.0,1,2,58
202400004753,2024-11-07,Morning,3,5,1.0,3,1,80
202400004754,2024-02-04,Afternoon,4,1,7.0,1,2,66
202400004755,2024-08-11,Afternoon,3,1,6.0,1,1,91
202400004756,2024-06-22,Night,4,1,1.0,5,2,93
202400004757,2024-08-11,Morning,4,1,6.0,1,1,2B
202400004758,2024-11-08,Morning,3,1,6.0,1,2,85
202400004759,2024-02-09,Afternoon,4,1,1.0,2,1,16
202400004760,2024-08-11,Afternoon,3,1,2.0,1,2,71
202400004761,2024-03-07,Evening,4,1,6.0,5,2,93
202400004762,2024-02-03,Morning,4,1,3.0,1,1,07
202400004763,2024-08-11,Afternoon,3,1,1.0,1,1,88
202400004764,2024-12-15,Evening,4,1,3.0,5,2,03
202400004765,2024-02-06,Morning,4,1,7.0,1,1,34
202400004766,2024-08-11,Morning,3,1,7.0,1,2,63
202400004767,2024-11-23,Morning,3,1,3.0,1,2,03
202400004768,2024-08-09,Evening,4,1,2.0,1,2,63
202400004769,2024-02-09,Evening,4,1,6.0,3,1,21
202400004770,2024-11-12,Morning,3,1,3.0,1,2,03
202400004771,2024-08-10,Afternoon,4,1,3.0,1,2,73
202400004772,2024-10-20,Evening,4,1,3.0,3,2,03
202400004773,2024-09-27,Evening,4,2,6.0,1,2,03
202400004774,2024-02-09,Evening,3,1,5.0,3,1,77
202400004775,2024-08-11,Afternoon,3,1,7.0,1,2,07
202400004776,2024-10-24,Afternoon,4,1,6.0,1,2,75
202400004777,2024-08-09,Morning,4,1,2.0,1,2,01
202400004778,2024-02-07,Afternoon,4,2,3.0,2,1,77
202400004779,2024-04-05,Afternoon,3,7,3.0,1,2,03
202400004780,2024-08-08,Evening,4,1,6.0,1,1,69
202400004781,2024-02-10,Morning,4,3,6.0,1,1,83
202400004782,2024-02-09,Morning,3,2,7.0,2,1,13
202400004783,2024-03-25,Afternoon,3,1,2.0,1,2,03
202400004784,2024-08-10,Afternoon,4,1,3.0,1,2,17
202400004785,2024-12-28,Evening,4,1,6.0,5,2,28
202400004786,2024-02-09,Afternoon,4,3,1.0,2,2,01
202400004787,2024-02-10,Afternoon,2,2,6.0,1,1,69
202400004788,2024-12-24,Morning,4,2,6.0,3,2,28
202400004789,2024-08-10,Evening,4,1,5.0,5,1,33
202400004790,2024-02-10,Morning,3,1,3.0,1,2,85
202400004791,2024-12-19,Evening,4,2,6.0,5,2,28
202400004792,2024-08-10,Morning,3,1,6.0,1,2,33
202400004793,2024-02-10,Morning,3,8,6.0,1,1,29
202400004794,2024-12-15,Morning,4,1,6.0,1,2,28
202400004795,2024-02-09,Evening,3,2,6.0,3,1,29
202400004796,2024-11-22,Evening,4,9,6.0,3,1,60
202400004797,2024-02-10,Morning,4,8,1.0,1,1,80
202400004798,2024-12-17,Morning,4,1,6.0,2,2,84
202400004799,2024-02-09,Night,4,2,1.0,3,1,59
202400004800,2024-02-08,Morning,4,1,2.0,1,1,13
202400004801,2024-12-27,Evening,4,5,5.0,3,1,32
202400004802,2024-02-09,Night,4,2,2.0,5,1,83
202400004803,2024-11-30,Afternoon,3,1,7.0,2,1,13
202400004804,2024-02-08,Morning,4,1,3.0,1,1,83
202400004805,2024-11-08,Afternoon,2,1,1.0,1,2,41
202400004806,2024-02-08,Morning,4,3,6.0,1,1,59
202400004807,2024-02-09,Morning,4,1,3.0,1,1,91
202400004808,2024-11-23,Morning,4,4,1.0,3,1,88
202400004809,2024-11-24,Night,4,1,1.0,3,1,88
202400004810,2024-02-09,Night,4,2,3.0,5,1,94
202400004811,2024-12-22,Afternoon,3,4,6.0,1,1,88
202400004812,2024-02-09,Night,4,2,6.0,5,1,94
202400004813,2024-12-27,Morning,3,7,1.0,1,2,88
202400004814,2024-02-09,Evening,4,1,3.0,3,1,78
202400004815,2024-12-21,Morning,2,1,1.0,1,2,88
202400004816,2024-02-09,Afternoon,3,1,4.0,1,1,78
202400004817,2024-12-21,Evening,3,3,1.0,3,1,88
202400004818,2024-02-09,Morning,4,1,6.0,1,1,92
202400004819,2024-02-09,Night,4,1,6.0,3,1,78
202400004820,2024-12-21,Afternoon,4,2,5.0,1,1,88
202400004821,2024-02-08,Night,4,2,3.0,5,1,92
202400004822,2024-12-20,Evening,4,1,2.0,3,2,88
202400004823,2024-02-08,Morning,4,2,5.0,1,1,92
202400004824,2024-12-17,Morning,4,8,2.0,1,2,88
202400004825,2024-02-08,Morning,4,2,2.0,2,1,92
202400004826,2024-12-16,Afternoon,2,8,1.0,2,2,88
202400004827,2024-12-15,Evening,4,1,1.0,4,2,88
202400004828,2024-02-07,Evening,4,2,2.0,4,1,92
202400004829,2024-12-07,Morning,4,2,1.0,1,1,88
202400004830,2024-11-14,Evening,3,1,3.0,3,2,84
202400004831,2024-12-30,Morning,3,1,6.0,1,2,84
202400004832,2024-02-08,Afternoon,4,2,2.0,1,1,95
202400004833,2024-12-03,Afternoon,3,1,6.0,1,2,84
202400004834,2024-12-28,Evening,4,5,3.0,4,2,74
202400004835,2024-10-28,Night,3,1,1.0,3,1,74
202400004836,2024-02-07,Evening,4,2,5.0,3,1,95
202400004837,2024-08-31,Afternoon,3,1,1.0,1,2,74
202400004838,2024-02-09,Morning,4,1,5.0,2,1,93
202400004839,2024-02-09,Night,4,3,6.0,3,1,77
202400004840,2024-02-26,Evening,2,2,2.0,4,2,93
202400004842,2024-11-18,Night,4,3,3.0,3,1,91
202400004843,2024-12-27,Evening,4,1,6.0,3,2,44
202400004845,2024-12-28,Afternoon,3,1,7.0,1,1,84
202400004847,2024-12-26,Afternoon,3,1,7.0,1,1,84