Num_Acc,date,time_of_day,max_severity,weather,collision_type,lighting,urban_area,department
202400004849,2024-12-13,Evening,3,2,6.0,5,2,84
202400004851,2024-12-25,Night,4,1,6.0,5,2,44
202400004852,2024-02-08,Morning,3,1,1.0,2,2,2B
202400004853,2024-12-18,Morning,4,1,6.0,1,2,44
202400004854,2024-11-29,Night,4,1,6.0,3,1,44
202400004855,2024-02-07,Evening,4,2,6.0,4,1,91
202400004856,2024-11-25,Night,4,1,6.0,3,2,44
202400004857,2024-02-08,Morning,4,2,2.0,5,2,91
202400004858,2024-02-07,Morning,4,2,3.0,2,2,91
202400004859,2024-11-30,Evening,4,1,5.0,3,1,24
202400004860,2024-11-19,Afternoon,4,3,3.0,1,1,91
202400004861,2024-02-07,Morning,4,1,5.0,1,2,84
202400004862,2024-11-19,Afternoon,4,2,3.0,1,1,91
202400004863,2024-02-08,Night,4,1,1.0,5,2,83
202400004864,2024-11-19,Morning,4,2,6.0,3,1,91
202400004865,2024-02-07,Morning,4,2,3.0,1,2,80
202400004866,2024-11-18,Evening,4,2,3.0,3,1,91
202400004867,2024-11-17,Evening,4,1,2.0,3,1,91
202400004868,2024-10-18,Morning,4,1,2.0,1,1,91
202400004869,2024-02-08,Afternoon,4,1,6.0,1,1,77
202400004870,2024-12-18,Morning,4,1,6.0,1,2,69
202400004871,2024-09-26,Morning,4,1,6.0,1,2,34
202400004872,2024-02-08,Morning,4,2,4.0,1,2,76
202400004873,2024-11-17,Afternoon,3,1,3.0,5,2,84
202400004874,2024-10-14,Afternoon,3,2,7.0,1,2,84
202400004875,2024-02-07,Afternoon,4,2,3.0,1,2,76
202400004876,2024-08-31,Afternoon,4,1,7.0,1,1,84
202400004877,2024-02-08,Morning,4,2,1.0,5,2,74
202400004878,2024-11-30,Morning,4,1,2.0,1,1,91
202400004879,2024-02-08,Morning,3,1,7.0,1,2,73
202400004880,2024-11-28,Evening,4,1,6.0,3,1,91
202400004881,2024-02-07,Evening,4,2,3.0,5,2,71
202400004882,2024-10-29,Evening,4,1,3.0,3,1,91
202400004883,2024-11-22,Morning,4,1,3.0,2,2,44
202400004884,2024-02-08,Morning,4,1,2.0,5,2,69
202400004885,2024-11-13,Morning,4,1,3.0,5,2,44
202400004886,2024-02-08,Afternoon,4,1,6.0,1,2,69
202400004887,2024-10-23,Morning,4,1,6.0,2,2,44
202400004888,2024-11-25,Morning,4,2,7.0,3,1,91
202400004889,2024-02-08,Morning,4,2,3.0,1,2,69
202400004890,2024-10-06,Morning,4,1,7.0,1,2,44
202400004891,2024-02-08,Afternoon,4,1,3.0,1,2,69
202400004892,2024-09-01,Night,4,1,6.0,5,2,44
202400004893,2024-02-07,Night,4,1,6.0,5,2,67
202400004894,2024-08-23,Morning,4,1,7.0,1,2,44
202400004895,2024-02-07,Morning,3,2,6.0,1,2,67
202400004896,2024-08-07,Morning,4,1,3.0,1,2,44
202400004897,2024-08-04,Night,4,1,6.0,5,2,44
202400004898,2024-02-07,Afternoon,4,1,2.0,1,2,66
202400004899,2024-08-02,Morning,4,1,3.0,1,2,44
202400004900,2024-07-27,Night,4,1,7.0,5,2,44
202400004901,2024-02-08,Evening,4,1,1.0,5,2,63
202400004902,2024-02-08,Morning,4,2,6.0,5,2,61
202400004903,2024-07-02,Evening,4,1,3.0,1,2,44
202400004904,2024-02-08,Morning,4,2,3.0,5,2,61
202400004905,2024-12-27,Afternoon,4,8,6.0,1,1,74
202400004906,2024-12-14,Afternoon,4,1,1.0,1,1,74
202400004907,2024-02-08,Morning,4,2,3.0,1,2,59
202400004908,2024-12-26,Night,3,1,7.0,4,2,74
202400004909,2024-02-08,Afternoon,2,8,6.0,1,2,59
202400004910,2024-12-16,Morning,3,7,3.0,1,2,74
202400004911,2024-02-07,Afternoon,3,3,6.0,1,2,57
202400004912,2024-12-16,Afternoon,4,1,2.0,3,1,74
202400004913,2024-02-07,Afternoon,4,2,3.0,1,2,56
202400004914,2024-12-26,Afternoon,3,1,2.0,1,2,74
202400004915,2024-02-07,Evening,4,1,2.0,5,2,54
202400004916,2024-12-17,Night,4,9,6.0,3,2,74
202400004917,2024-12-25,Afternoon,4,1,6.0,1,2,74
202400004918,2024-02-08,Afternoon,4,1,5.0,1,1,53
202400004919,2024-12-20,Afternoon,3,1,6.0,1,2,74
202400004920,2024-02-08,Morning,4,2,4.0,5,2,51
202400004921,2024-12-22,Afternoon,4,4,7.0,1,1,74
202400004922,2024-02-08,Morning,4,2,7.0,2,2,51
202400004923,2024-12-25,Night,4,8,1.0,3,1,74
202400004924,2024-02-08,Morning,2,2,1.0,1,1,51
202400004925,2024-12-20,Afternoon,2,1,6.0,1,2,74
202400004926,2024-02-08,Evening,4,2,1.0,3,2,46
202400004927,2024-12-22,Morning,4,3,7.0,3,2,74
202400004928,2024-02-03,Afternoon,4,1,6.0,1,2,43
202400004929,2024-02-08,Afternoon,4,2,3.0,1,2,37
202400004930,2024-12-16,Afternoon,3,2,1.0,1,2,74
202400004931,2024-12-16,Afternoon,3,1,6.0,3,1,74
202400004932,2024-02-08,Afternoon,4,2,7.0,1,2,37
202400004933,2024-12-16,Afternoon,4,1,1.0,1,1,74
202400004934,2024-02-08,Morning,4,2,6.0,1,2,37
202400004935,2024-02-07,Afternoon,4,2,6.0,1,2,37
202400004936,2024-12-14,Morning,3,4,1.0,1,1,74
202400004937,2024-02-08,Morning,4,2,3.0,4,1,35
202400004938,2024-06-29,Night,4,1,3.0,5,2,44
202400004939,2024-02-08,Morning,4,2,3.0,5,2,35
202400004940,2024-06-28,Morning,4,1,6.0,1,2,44
202400004941,2024-02-07,Morning,4,1,2.0,1,2,34
202400004942,2024-12-20,Afternoon,4,6,1.0,1,1,84
202400004943,2024-11-28,Morning,2,1,6.0,1,1,2B
202400004944,2024-02-08,Afternoon,4,8,3.0,1,2,32
202400004945,2024-02-08,Evening,3,2,6.0,5,2,31
202400004946,2024-11-25,Evening,4,1,2.0,3,1,91
202400004947,2024-02-08,Afternoon,4,1,3.0,1,2,31
202400004948,2024-12-30,Morning,3,1,6.0,1,2,30
202400004949,2024-10-07,Morning,4,1,4.0,1,1,60
202400004950,2024-02-07,Afternoon,4,1,3.0,1,2,19
202400004951,2024-10-01,Afternoon,4,7,6.0,1,2,60
202400004952,2024-02-08,Night,3,2,6.0,4,2,18
202400004953,2024-10-30,Morning,4,1,3.0,2,2,55
202400004954,2024-02-08,Morning,3,2,7.0,3,2,14
202400004955,2024-02-08,Evening,4,1,3.0,5,2,13
202400004956,2024-11-21,Evening,4,4,2.0,5,2,14
202400004957,2024-02-08,Evening,3,1,6.0,5,2,13
202400004958,2024-02-08,Morning,4,1,1.0,1,2,13
202400004959,2024-12-13,Morning,3,1,1.0,2,1,74
202400004960,2024-02-03,Morning,2,1,6.0,1,2,13
202400004961,2024-02-08,Afternoon,4,1,3.0,1,2,13
202400004962,2024-12-12,Evening,3,1,3.0,3,1,74
202400004963,2024-02-08,Morning,3,1,3.0,1,2,13
202400004964,2024-12-12,Morning,3,1,6.0,1,2,74
202400004965,2024-02-02,Evening,3,1,6.0,5,2,13
202400004966,2024-12-09,Afternoon,2,1,6.0,1,2,74
202400004967,2024-02-07,Morning,4,1,2.0,2,2,11
202400004968,2024-11-21,Afternoon,4,1,6.0,1,2,32
202400004969,2024-02-08,Evening,4,2,7.0,5,2,10
202400004970,2024-02-08,Evening,4,3,6.0,5,2,08
202400004971,2024-11-29,Morning,3,1,5.0,1,1,32
202400004972,2024-02-07,Morning,4,1,3.0,1,2,07
202400004973,2024-11-21,Afternoon,3,1,3.0,2,1,32
202400004974,2024-02-08,Afternoon,3,1,3.0,1,2,06
202400004975,2024-11-21,Afternoon,4,6,1.0,1,2,29
202400004976,2024-02-08,Morning,4,1,3.0,1,2,06
202400004977,2024-11-28,Afternoon,2,1,2.0,1,1,13
202400004978,2024-02-08,Evening,4,1,1.0,5,2,06
202400004979,2024-12-16,Morning,2,1,7.0,1,1,62
202400004980,2024-02-08,Morning,4,1,1.0,1,2,04
202400004981,2024-10-03,Night,4,1,3.0,5,2,62
202400004982,2024-02-08,Morning,4,2,3.0,2,2,01
202400004983,2024-02-08,Evening,4,2,2.0,5,2,75
202400004984,2024-05-07,Evening,4,1,4.0,1,2,44
202400004985,2024-05-02,Afternoon,4,1,3.0,1,2,44
202400004986,2024-02-08,Night,4,2,5.0,5,2,75
202400004987,2024-04-30,Afternoon,4,1,6.0,1,2,44
202400004988,2024-01-19,Night,3,1,6.0,5,2,64
202400004989,2024-02-08,Afternoon,4,2,3.0,1,2,75
202400004990,2024-02-07,Morning,4,2,6.0,1,2,75
202400004991,2024-04-17,Morning,4,1,3.0,1,2,44
202400004992,2024-02-08,Afternoon,4,2,6.0,1,2,75
202400004993,2024-10-31,Afternoon,4,1,6.0,1,2,62
202400004994,2024-12-07,Night,3,1,6.0,3,1,84
202400004995,2024-02-08,Evening,4,2,6.0,5,2,75
202400004996,2024-02-08,Morning,4,2,7.0,1,2,75
202400004997,2024-10-18,Night,4,1,3.0,3,1,84
202400004998,2024-02-08,Afternoon,4,2,6.0,1,2,75
202400004999,2024-02-08,Morning,3,2,6.0,1,2,75
202400005000,2024-08-31,Morning,3,1,1.0,2,1,84
202400005001,2024-02-07,Afternoon,4,2,6.0,1,2,75
202400005002,2024-12-23,Evening,4,2,6.0,5,2,74
202400005003,2024-02-08,Evening,4,2,3.0,2,2,94
202400005004,2024-12-18,Night,4,1,3.0,5,2,74
202400005005,2024-02-08,Afternoon,4,2,5.0,1,2,94
202400005006,2024-12-13,Afternoon,4,1,3.0,1,2,74
202400005007,2024-02-08,Afternoon,4,2,6.0,1,2,93
202400005008,2024-12-02,Morning,4,9,3.0,2,2,74
202400005009,2024-02-08,Evening,3,8,6.0,5,2,93
202400005010,2024-09-12,Morning,3,1,6.0,1,2,73
202400005011,2024-02-08,Evening,4,2,1.0,5,2,93
202400005012,2024-09-04,Afternoon,3,1,6.0,1,1,73
202400005013,2024-02-08,Morning,4,8,1.0,1,2,93
202400005014,2024-10-21,Morning,4,1,2.0,1,2,19
202400005015,2024-02-08,Evening,3,2,3.0,5,2,93
202400005016,2024-11-15,Afternoon,4,1,6.0,1,1,50
202400005017,2024-02-08,Morning,4,2,3.0,1,2,93
202400005018,2024-10-31,Evening,3,1,1.0,3,1,73
202400005019,2024-02-08,Morning,4,2,6.0,1,2,93
202400005020,2024-01-19,Afternoon,4,1,3.0,1,2,64
202400005021,2024-02-08,Night,3,2,3.0,5,2,93
202400005022,2024-09-30,Afternoon,3,1,1.0,1,1,84
202400005023,2024-02-07,Morning,4,3,6.0,1,2,93
202400005024,2024-09-29,Morning,4,1,1.0,1,2,84
202400005025,2024-02-08,Morning,4,2,3.0,1,2,93
202400005026,2024-10-13,Evening,3,1,6.0,3,1,84
202400005027,2024-07-19,Afternoon,4,1,2.0,1,2,63
202400005028,2024-02-08,Evening,4,2,6.0,5,2,93
202400005029,2024-03-28,Evening,4,1,6.0,5,2,44
202400005030,2024-06-05,Night,4,1,6.0,3,1,95
202400005031,2024-02-08,Afternoon,4,2,2.0,1,2,93
202400005032,2024-08-09,Evening,2,1,6.0,2,2,09
202400005033,2024-06-04,Evening,3,1,3.0,2,1,93
202400005034,2024-02-08,Morning,4,2,6.0,1,1,92
202400005035,2024-03-20,Afternoon,4,1,7.0,1,2,44
202400005036,2024-02-07,Night,4,2,7.0,4,2,92
202400005037,2024-06-06,Afternoon,4,1,2.0,1,1,77
202400005038,2024-03-14,Afternoon,4,1,6.0,1,2,44
202400005039,2024-02-07,Evening,4,2,6.0,5,2,92
202400005040,2024-06-06,Morning,4,1,2.0,1,1,93
202400005041,2024-03-13,Afternoon,4,1,2.0,1,2,44
202400005042,2024-02-03,Afternoon,3,1,2.0,1,2,88
202400005043,2024-02-08,Afternoon,4,1,2.0,1,2,92
202400005044,2024-02-07,Afternoon,3,2,6.0,1,2,92
202400005045,2024-06-07,Evening,4,1,1.0,1,1,76
202400005046,2024-05-27,Morning,4,1,2.0,1,1,44
202400005047,2024-01-03,Afternoon,2,1,6.0,1,2,64
202400005050,2024-03-11,Morning,4,1,3.0,1,2,44
202400005051,2024-05-25,Afternoon,4,1,6.0,1,2,44
202400005052,2024-05-25,Morning,4,1,7.0,2,1,44
202400005053,2024-01-20,Afternoon,4,1,3.0,1,1,06
202400005054,2024-05-24,Afternoon,4,1,2.0,1,2,44
202400005055,2024-05-23,Morning,4,1,3.0,1,2,44
202400005056,2024-02-08,Afternoon,4,2,3.0,1,1,62
202400005057,2024-05-21,Morning,4,1,3.0,1,2,44
202400005058,2024-02-09,Morning,3,2,2.0,4,1,30
202400005059,2024-05-21,Afternoon,4,8,3.0,1,2,44
202400005060,2024-01-11,Morning,4,1,6.0,1,2,57
202400005061,2024-05-18,Afternoon,4,1,6.0,1,2,44
202400005062,2024-02-09,Morning,3,8,6.0,1,1,19
202400005063,2024-05-17,Morning,4,8,6.0,1,2,44
202400005064,2024-02-07,Morning,3,3,7.0,1,1,76
202400005065,2024-02-09,Morning,4,2,3.0,1,1,63
202400005068,2024-02-09,Morning,4,8,3.0,1,1,42
202400005069,2024-06-05,Morning,4,1,2.0,1,2,2B
202400005070,2024-02-08,Morning,4,2,1.0,3,1,35
202400005072,2024-02-09,Afternoon,4,1,6.0,1,2,29
202400005074,2024-01-26,Evening,3,1,1.0,3,1,29
202400005075,2024-06-05,Night,4,1,6.0,3,2,2A
202400005076,2024-06-05,Morning,4,1,4.0,1,2,2A
202400005077,2024-06-05,Afternoon,4,1,2.0,1,2,95
202400005078,2024-06-03,Evening,4,1,3.0,1,2,91
202400005079,2024-06-04,Afternoon,3,1,6.0,1,2,87
202400005080,2024-06-03,Afternoon,3,1,6.0,1,2,87
202400005081,2024-06-02,Night,3,1,3.0,3,2,86
202400005082,2024-05-13,Afternoon,4,1,5.0,1,2,86
202400005083,2024-06-05,Evening,4,1,3.0,1,2,85
202400005084,2024-06-05,Evening,3,1,3.0,1,1,84
202400005085,2024-06-05,Morning,3,1,6.0,1,2,83
202400005086,2024-06-02,Afternoon,4,1,3.0,1,2,80
202400005087,2024-06-05,Evening,4,1,3.0,1,2,78
202400005088,2024-06-05,Morning,4,1,6.0,1,2,74
202400005089,2024-06-01,Afternoon,4,1,6.0,1,2,73
202400005090,2024-06-05,Afternoon,4,1,6.0,1,2,73
202400005091,2024-06-04,Evening,3,1,2.0,1,2,72
202400005092,2024-06-04,Afternoon,4,1,3.0,1,2,72
202400005093,2024-06-05,Morning,4,1,3.0,1,2,69
202400005094,2024-06-04,Night,4,1,6.0,2,2,69
202400005095,2024-06-05,Morning,4,7,1.0,1,2,69
202400005096,2024-06-04,Afternoon,4,1,1.0,1,2,67
202400005097,2024-06-05,Morning,3,1,6.0,1,2,66
202400005098,2024-06-05,Morning,4,1,3.0,1,2,64
202400005099,2024-06-04,Evening,4,1,2.0,1,2,64
202400005100,2024-06-05,Evening,4,1,1.0,1,2,63
202400005101,2024-06-05,Afternoon,4,1,3.0,1,2,63
202400005102,2024-06-05,Evening,3,1,1.0,1,2,62
202400005103,2024-06-05,Morning,4,1,3.0,1,2,59
202400005104,2024-06-05,Night,4,1,3.0,5,2,59
202400005105,2024-05-30,Night,3,1,1.0,5,2,57
202400005106,2024-06-05,Morning,4,1,6.0,1,2,51
202400005107,2024-06-04,Evening,4,1,7.0,1,2,49
202400005108,2024-06-04,Afternoon,4,1,7.0,1,2,49
202400005109,2024-06-04,Afternoon,4,1,4.0,1,2,49
202400005110,2024-06-04,Morning,4,1,3.0,1,2,49
202400005111,2024-06-05,Night,4,1,1.0,5,2,45
202400005112,2024-04-25,Evening,4,1,1.0,1,2,74
202400005113,2024-06-05,Afternoon,4,1,7.0,1,1,43
202400005114,2024-02-23,Evening,4,1,1.0,3,1,13
202400005115,2024-06-05,Afternoon,4,1,5.0,1,2,36
202400005118,2024-06-05,Morning,4,1,2.0,1,2,35
202400005120,2024-06-05,Afternoon,4,1,6.0,1,2,33
202400005121,2024-10-21,Evening,4,1,3.0,3,2,69
202400005122,2024-06-05,Morning,3,7,3.0,1,2,33
202400005123,2024-06-05,Evening,4,1,1.0,1,1,33
202400005124,2024-10-21,Afternoon,4,1,3.0,1,2,69
202400005125,2024-06-05,Afternoon,4,1,3.0,1,2,33
202400005126,2024-10-21,Afternoon,4,1,3.0,1,2,69
202400005127,2024-06-05,Night,4,1,3.0,5,2,31
202400005128,2024-06-05,Night,4,1,3.0,2,2,31
202400005129,2024-10-21,Morning,4,1,2.0,1,2,69
202400005130,2024-06-04,Afternoon,4,1,3.0,1,2,27
202400005132,2024-06-04,Morning,4,1,3.0,1,2,27
202400005133,2024-10-21,Afternoon,4,1,6.0,1,1,95
202400005134,2024-06-05,Morning,4,1,1.0,1,2,22
202400005135,2024-10-21,Morning,4,1,6.0,1,2,91
202400005136,2024-10-18,Morning,4,1,3.0,1,2,87
202400005137,2024-06-05,Morning,4,1,3.0,1,2,19
202400005138,2024-10-20,Morning,4,2,6.0,5,2,86
202400005139,2024-06-05,Morning,4,1,7.0,1,2,17
202400005140,2024-10-21,Evening,4,1,1.0,2,2,84
202400005141,2024-06-05,Evening,4,1,3.0,1,2,14
202400005142,2024-10-21,Afternoon,4,1,2.0,1,1,84
202400005143,2024-06-05,Morning,2,1,1.0,1,2,13
202400005144,2024-10-03,Morning,3,1,3.0,1,2,83
202400005145,2024-06-05,Afternoon,4,1,3.0,1,2,01
202400005146,2024-06-05,Evening,4,1,6.0,1,2,75
202400005147,2024-10-21,Evening,4,1,3.0,5,2,81
202400005148,2024-06-04,Morning,4,1,4.0,1,2,75
202400005149,2024-06-03,Morning,4,1,2.0,1,2,75
202400005150,2024-10-21,Morning,4,2,2.0,5,2,78
202400005151,2024-06-03,Morning,4,1,3.0,1,2,75
202400005152,2024-06-05,Afternoon,4,1,2.0,1,2,75
202400005153,2024-10-21,Afternoon,4,1,6.0,1,2,77
202400005154,2024-06-05,Morning,4,1,3.0,1,2,75
202400005155,2024-10-21,Morning,4,2,6.0,2,2,76
202400005156,2024-06-05,Morning,4,1,6.0,1,2,75
202400005157,2024-10-21,Morning,4,3,6.0,5,2,76
202400005158,2024-06-05,Morning,4,1,3.0,1,2,75
202400005159,2024-06-05,Morning,4,1,3.0,1,2,75
202400005160,2024-10-20,Afternoon,4,1,6.0,1,2,67
202400005161,2024-10-21,Morning,4,1,6.0,1,2,64
202400005162,2024-06-05,Morning,4,1,5.0,1,2,75
202400005163,2024-10-21,Morning,3,1,6.0,5,2,64
202400005164,2024-06-05,Morning,4,1,6.0,2,2,75
202400005165,2024-06-05,Evening,4,1,6.0,1,2,75
202400005166,2024-10-21,Afternoon,4,1,3.0,1,2,59
202400005167,2024-06-05,Morning,4,1,6.0,1,2,75
202400005168,2024-10-19,Afternoon,4,1,7.0,1,2,56
202400005169,2024-06-05,Morning,4,1,6.0,1,2,75
202400005170,2024-06-03,Afternoon,4,1,3.0,1,2,94
202400005171,2024-10-18,Morning,4,1,7.0,1,2,56
202400005172,2024-06-05,Afternoon,4,1,2.0,1,2,94
202400005173,2024-10-19,Afternoon,4,1,7.0,1,2,55
202400005174,2024-06-04,Morning,4,1,2.0,1,2,94
202400005175,2024-10-14,Morning,4,1,7.0,1,2,55
202400005176,2024-06-05,Afternoon,4,1,6.0,1,2,93
202400005177,2024-06-05,Morning,4,1,1.0,1,2,93
202400005178,2024-10-20,Afternoon,4,1,1.0,1,2,54
202400005179,2024-05-30,Afternoon,4,8,1.0,1,2,93
202400005180,2024-06-04,Morning,4,1,6.0,1,2,92
202400005181,2024-10-20,Afternoon,3,1,3.0,1,2,51
202400005182,2024-06-05,Afternoon,4,1,6.0,1,2,92
202400005183,2024-10-20,Night,4,1,6.0,5,2,51
202400005184,2024-06-05,Morning,4,1,6.0,1,2,92
202400005185,2024-10-21,Afternoon,3,3,3.0,1,1,50
202400005186,2024-06-05,Morning,4,1,3.0,1,2,92
202400005187,2024-06-05,Afternoon,4,1,6.0,1,2,92
202400005188,2024-10-19,Evening,4,8,5.0,5,2,50
202400005189,2024-06-05,Morning,4,1,1.0,1,2,92
202400005190,2024-10-20,Morning,4,8,3.0,1,2,49
202400005191,2024-06-05,Morning,4,1,3.0,1,2,92
202400005192,2024-10-20,Morning,3,5,1.0,2,2,48
202400005193,2024-10-21,Afternoon,4,1,1.0,1,2,45
202400005195,2024-10-21,Afternoon,4,1,3.0,1,2,45
202400005196,2024-06-06,Afternoon,3,1,1.0,1,1,62
202400005197,2024-10-21,Afternoon,4,1,3.0,1,2,37
202400005198,2024-06-05,Evening,4,1,1.0,1,1,43
202400005199,2024-10-21,Morning,4,1,6.0,2,2,37
202400005200,2024-06-06,Afternoon,4,1,3.0,1,1,76
202400005201,2024-10-21,Evening,4,8,6.0,5,2,35
202400005203,2024-06-05,Afternoon,4,1,6.0,1,1,14
202400005204,2024-10-21,Morning,4,2,3.0,1,2,35
202400005205,2024-06-06,Morning,4,1,1.0,1,1,67
202400005206,2024-10-21,Morning,4,3,4.0,2,1,35
202400005207,2024-10-21,Afternoon,4,1,3.0,1,2,33
202400005208,2024-06-05,Afternoon,4,1,3.0,1,1,34
202400005209,2024-10-21,Morning,4,7,2.0,1,2,33
202400005210,2024-10-21,Night,4,1,6.0,3,2,33
202400005211,2024-06-05,Afternoon,3,1,1.0,1,1,04
202400005212,2024-10-21,Night,4,1,6.0,5,2,31
202400005213,2024-06-06,Morning,4,1,3.0,1,2,2B
202400005214,2024-06-05,Afternoon,3,1,3.0,1,1,65
202400005215,2024-10-21,Afternoon,4,1,2.0,1,2,31
202400005216,2024-06-05,Afternoon,3,1,2.0,1,1,81
202400005217,2024-06-05,Afternoon,4,1,1.0,1,1,89
202400005218,2024-10-21,Evening,4,1,4.0,3,2,30
202400005219,2024-10-21,Morning,4,1,7.0,5,2,17
202400005220,2024-10-22,Night,4,1,2.0,5,2,13
202400005221,2024-10-21,Evening,4,1,1.0,5,2,13
202400005222,2024-06-05,Afternoon,3,1,3.0,1,1,49
202400005223,2024-10-21,Afternoon,4,1,3.0,1,2,13
202400005224,2024-06-05,Evening,2,1,3.0,1,1,12
202400005225,2024-10-21,Evening,4,1,3.0,5,2,13
202400005226,2024-06-04,Afternoon,3,1,2.0,1,1,47
202400005227,2024-06-05,Evening,3,1,7.0,1,1,68
202400005228,2024-10-20,Evening,3,1,1.0,2,2,10
202400005229,2024-06-05,Afternoon,3,1,1.0,1,2,44
202400005230,2024-10-21,Evening,4,1,3.0,2,1,05
202400005231,2024-05-10,Morning,3,1,6.0,1,1,29
202400005232,2024-10-21,Morning,4,1,3.0,1,2,75
202400005233,2024-06-04,Morning,3,1,1.0,1,2,38
202400005234,2024-10-21,Evening,4,1,6.0,5,2,75
202400005235,2024-06-06,Morning,3,1,6.0,1,1,02
202400005236,2024-10-21,Afternoon,4,8,6.0,1,2,75
202400005237,2024-06-06,Afternoon,3,1,6.0,1,1,02
202400005238,2024-10-21,Morning,4,1,3.0,2,2,75
202400005239,2024-06-05,Evening,4,1,7.0,1,1,03
202400005240,2024-10-21,Morning,4,1,7.0,1,2,75
202400005241,2024-06-05,Evening,3,1,7.0,2,1,15
202400005242,2024-10-21,Night,4,2,3.0,5,1,94
202400005243,2024-06-06,Morning,3,1,7.0,1,1,15
202400005244,2024-06-05,Afternoon,4,1,6.0,1,1,66
202400005245,2024-10-21,Evening,4,1,3.0,1,2,94
202400005246,2024-05-31,Night,4,1,3.0,5,2,06
202400005247,2024-10-21,Afternoon,4,1,4.0,1,2,93
202400005248,2024-10-21,Morning,4,1,6.0,1,2,92
202400005249,2024-06-04,Morning,3,1,3.0,1,1,14
202400005250,2024-10-21,Morning,4,1,3.0,1,2,92
202400005251,2024-06-05,Evening,4,1,3.0,1,1,14
202400005252,2024-10-21,Evening,3,8,6.0,5,2,92
202400005253,2024-10-21,Evening,3,1,6.0,1,2,33
202400005254,2024-10-21,Morning,3,1,6.0,1,1,47
202400005255,2024-06-05,Afternoon,4,1,3.0,1,1,60
202400005256,2024-10-22,Morning,4,2,2.0,1,2,69
202400005257,2024-06-05,Afternoon,4,1,6.0,1,2,16
202400005258,2024-10-21,Afternoon,3,8,3.0,1,1,49
202400005259,2024-06-05,Afternoon,3,1,1.0,1,1,16
202400005260,2024-10-22,Morning,2,1,3.0,2,2,10
202400005261,2024-06-05,Morning,3,1,2.0,1,2,07
202400005262,2024-10-21,Evening,4,1,7.0,3,1,67
202400005263,2024-06-06,Afternoon,4,1,1.0,1,1,21
202400005264,2024-06-06,Afternoon,3,1,6.0,1,1,24
202400005265,2024-10-20,Morning,4,1,3.0,3,1,42
202400005266,2024-10-16,Evening,4,1,3.0,1,2,42
202400005267,2024-06-06,Morning,3,1,3.0,1,1,85
202400005268,2024-10-20,Morning,4,1,6.0,1,1,41
202400005269,2024-06-06,Morning,4,1,3.0,1,1,85
202400005270,2024-06-05,Afternoon,3,1,7.0,1,2,85
202400005271,2024-10-21,Evening,3,1,1.0,5,2,01
202400005272,2024-10-22,Morning,4,1,2.0,1,1,12
202400005273,2024-06-04,Evening,4,1,5.0,1,1,28
202400005274,2024-04-16,Night,4,1,3.0,3,1,28
202400005275,2024-06-06,Morning,4,1,4.0,1,1,30
202400005276,2024-10-22,Morning,3,1,1.0,1,2,80
202400005277,2024-06-06,Morning,3,1,3.0,1,2,30
202400005278,2024-06-05,Afternoon,3,1,7.0,1,1,30
202400005279,2024-10-22,Morning,4,1,7.0,1,1,63
202400005280,2024-06-05,Afternoon,4,1,1.0,1,1,30
202400005281,2024-10-21,Morning,4,3,3.0,1,2,61
202400005282,2024-06-05,Afternoon,4,1,6.0,1,2,68
202400005283,2024-10-22,Morning,3,1,1.0,2,1,49
202400005284,2024-10-18,Afternoon,3,1,3.0,2,1,41
202400005285,2024-06-05,Afternoon,4,1,2.0,1,1,38
202400005286,2024-10-21,Afternoon,3,1,3.0,1,1,44
202400005287,2024-05-31,Night,4,3,7.0,3,1,67
202400005289,2024-10-22,Afternoon,3,1,2.0,1,2,29
202400005291,2024-10-22,Afternoon,3,1,3.0,1,1,02
202400005292,2024-10-22,Morning,3,1,6.0,1,1,03
202400005294,2024-10-21,Afternoon,3,1,5.0,1,1,15
202400005296,2024-10-19,Afternoon,3,1,6.0,1,1,01
202400005297,2024-06-06,Morning,3,1,1.0,1,2,13
202400005298,2024-10-21,Afternoon,3,1,6.0,1,1,70
202400005299,2024-10-21,Evening,3,1,6.0,5,2,06
202400005300,2024-06-05,Evening,4,1,4.0,2,2,91
202400005301,2024-10-22,Morning,3,1,1.0,1,1,05
202400005302,2024-06-06,Evening,2,1,3.0,1,1,66
202400005303,2024-06-05,Evening,3,1,1.0,1,2,13
202400005304,2024-06-05,Night,3,1,6.0,3,1,68
202400005305,2024-10-20,Evening,3,1,3.0,1,1,45
202400005306,2024-10-22,Afternoon,4,1,7.0,1,1,36
202400005307,2024-06-05,Afternoon,4,1,5.0,1,2,03
202400005308,2024-06-05,Evening,3,1,7.0,1,1,44
202400005309,2024-10-19,Afternoon,3,1,1.0,1,1,07
202400005310,2024-10-21,Afternoon,2,1,6.0,1,1,40
202400005311,2024-06-05,Evening,3,7,3.0,2,1,69
202400005312,2024-10-22,Evening,4,1,6.0,1,1,85
202400005314,2024-06-05,Afternoon,4,1,4.0,1,1,33
202400005315,2024-10-22,Evening,4,8,3.0,3,1,68
202400005316,2024-05-30,Evening,4,1,1.0,1,2,33
202400005317,2024-10-17,Afternoon,4,3,3.0,1,1,36
202400005318,2024-10-21,Afternoon,4,1,6.0,1,1,34