Num_Acc,date,time_of_day,max_severity,weather,collision_type,lighting,urban_area,department
202400005319,2024-06-05,Afternoon,4,1,3.0,1,1,50
202400005320,2024-06-06,Morning,4,7,3.0,1,1,14
202400005321,2024-10-21,Morning,4,3,3.0,3,1,29
202400005322,2024-06-05,Evening,4,1,6.0,1,2,22
202400005323,2024-10-22,Morning,4,1,6.0,1,2,28
202400005324,2024-10-22,Morning,3,1,6.0,3,1,77
202400005325,2024-10-21,Afternoon,3,1,6.0,1,2,91
202400005326,2024-05-29,Afternoon,3,1,3.0,1,1,22
202400005327,2024-10-22,Afternoon,3,1,7.0,1,1,30
202400005328,2024-10-22,Evening,4,1,6.0,3,2,83
202400005329,2024-06-05,Evening,4,1,3.0,2,1,60
202400005330,2024-10-22,Afternoon,2,1,6.0,1,1,73
202400005331,2024-06-06,Morning,4,7,6.0,1,2,80
202400005332,2024-10-22,Morning,3,2,1.0,2,1,69
202400005333,2024-06-06,Afternoon,4,1,3.0,1,2,62
202400005334,2024-10-21,Evening,4,1,1.0,3,1,09
202400005335,2024-06-06,Afternoon,3,1,1.0,1,1,59
202400005336,2024-06-04,Evening,2,1,3.0,1,1,33
202400005337,2024-09-24,Afternoon,4,1,4.0,1,1,33
202400005338,2024-06-01,Morning,3,2,6.0,1,1,59
202400005339,2024-06-05,Morning,4,1,3.0,1,1,94
202400005340,2024-10-22,Morning,3,1,5.0,5,2,33
202400005341,2024-06-05,Afternoon,4,1,3.0,1,1,78
202400005342,2024-10-21,Morning,4,1,1.0,2,1,85
202400005343,2024-06-04,Morning,4,1,3.0,1,1,92
202400005344,2024-06-05,Evening,4,1,2.0,1,1,94
202400005345,2024-10-21,Afternoon,4,1,2.0,1,1,13
202400005346,2024-06-05,Afternoon,4,1,2.0,1,1,94
202400005347,2024-10-18,Afternoon,4,2,5.0,1,1,59
202400005349,2024-10-21,Evening,4,1,3.0,3,1,91
202400005352,2024-10-21,Afternoon,4,1,5.0,1,1,91
202400005354,2024-10-20,Morning,4,1,6.0,3,1,92
202400005357,2024-10-21,Morning,4,1,2.0,1,1,93
202400005358,2024-06-04,Evening,4,1,6.0,1,2,69
202400005359,2024-10-21,Evening,4,1,2.0,3,1,94
202400005360,2024-06-04,Evening,4,1,6.0,5,2,69
202400005361,2024-07-16,Afternoon,3,1,3.0,1,2,62
202400005362,2024-06-04,Afternoon,4,1,3.0,1,2,69
202400005363,2024-10-07,Afternoon,4,1,3.0,2,2,44
202400005364,2024-06-04,Morning,4,1,4.0,1,2,2B
202400005365,2024-10-20,Afternoon,3,1,3.0,1,2,47
202400005370,2024-10-19,Evening,4,2,1.0,2,2,95
202400005371,2024-10-20,Evening,4,1,3.0,4,2,95
202400005372,2024-10-19,Evening,4,2,1.0,1,2,91
202400005373,2024-10-20,Evening,4,1,6.0,1,2,86
202400005374,2024-10-19,Evening,4,1,2.0,1,2,84
202400005375,2024-10-18,Afternoon,3,1,3.0,1,2,84
202400005376,2024-10-20,Morning,4,1,3.0,5,2,82
202400005377,2024-10-20,Evening,4,1,7.0,5,2,82
202400005378,2024-10-20,Afternoon,4,1,3.0,1,2,77
202400005379,2024-10-20,Morning,4,1,6.0,1,1,76
202400005380,2024-10-20,Morning,4,1,6.0,3,2,69
202400005381,2024-10-20,Evening,4,1,3.0,5,1,67
202400005382,2024-10-20,Evening,4,1,1.0,3,1,66
202400005383,2024-10-19,Evening,3,1,4.0,1,2,66
202400005384,2024-10-19,Afternoon,4,1,3.0,1,2,63
202400005385,2024-10-20,Evening,4,1,6.0,2,1,63
202400005386,2024-10-19,Morning,4,1,3.0,5,2,63
202400005387,2024-10-20,Night,3,2,6.0,5,2,62
202400005388,2024-10-19,Night,4,2,6.0,3,2,60
202400005389,2024-10-20,Afternoon,4,1,2.0,1,1,59
202400005390,2024-10-20,Night,4,2,3.0,5,2,59
202400005391,2024-10-19,Afternoon,4,1,7.0,1,2,59
202400005392,2024-10-20,Afternoon,4,8,2.0,1,2,56
202400005393,2024-10-20,Morning,4,1,6.0,1,1,45
202400005394,2024-10-20,Night,4,5,1.0,5,2,37
202400005395,2024-10-19,Afternoon,4,2,3.0,1,2,37
202400005396,2024-10-19,Night,4,1,6.0,5,2,36
202400005397,2024-10-21,Night,4,2,6.0,3,2,35
202400005398,2024-10-20,Evening,4,2,3.0,1,2,35
202400005399,2024-10-20,Morning,4,1,3.0,1,2,33
202400005400,2024-10-20,Night,3,1,6.0,3,2,33
202400005401,2024-10-20,Evening,3,1,6.0,2,2,31
202400005402,2024-10-20,Night,4,1,2.0,5,2,31
202400005403,2024-10-20,Morning,3,1,6.0,1,2,31
202400005404,2024-10-20,Morning,3,1,6.0,1,2,31
202400005405,2024-10-19,Afternoon,4,1,1.0,1,2,30
202400005406,2024-10-20,Afternoon,4,1,5.0,1,2,27
202400005407,2024-10-20,Afternoon,4,1,7.0,1,2,27
202400005408,2024-10-20,Night,2,1,6.0,5,2,26
202400005409,2024-10-20,Night,4,2,3.0,3,1,22
202400005410,2024-10-20,Morning,4,1,3.0,1,2,19
202400005411,2024-10-20,Evening,4,1,3.0,1,1,13
202400005412,2024-10-20,Night,2,1,6.0,5,2,13
202400005413,2024-10-20,Evening,4,1,2.0,5,2,13
202400005414,2024-10-20,Evening,4,1,3.0,2,2,13
202400005415,2024-10-20,Afternoon,4,1,3.0,1,2,13
202400005416,2024-10-19,Evening,4,1,6.0,5,2,13
202400005417,2024-10-19,Afternoon,4,1,3.0,1,2,13
202400005418,2024-10-20,Evening,4,1,3.0,5,2,13
202400005419,2024-10-20,Afternoon,4,1,7.0,1,1,07
202400005420,2024-10-04,Afternoon,3,1,2.0,1,1,05
202400005421,2024-10-09,Morning,4,8,3.0,1,2,05
202400005422,2024-10-19,Evening,3,1,6.0,2,2,02
202400005423,2024-10-20,Afternoon,4,2,4.0,1,2,75
202400005424,2024-10-19,Evening,4,1,2.0,5,2,75
202400005425,2024-10-19,Afternoon,4,1,2.0,1,2,75
202400005426,2024-10-20,Night,4,2,7.0,5,2,75
202400005427,2024-10-19,Afternoon,4,8,6.0,1,2,75
202400005428,2024-10-20,Afternoon,4,1,3.0,1,2,75
202400005429,2024-10-20,Afternoon,4,1,3.0,1,2,75
202400005430,2024-10-20,Night,4,1,3.0,5,2,75
202400005431,2024-10-20,Night,4,7,6.0,5,2,75
202400005432,2024-10-20,Night,4,1,6.0,5,2,75
202400005433,2024-03-19,Evening,3,1,6.0,2,1,47
202400005434,2024-03-21,Evening,2,1,6.0,3,1,08
202400005435,2024-03-22,Morning,4,1,3.0,1,1,73
202400005436,2024-03-20,Afternoon,4,1,5.0,1,1,43
202400005437,2024-03-20,Evening,3,1,3.0,5,2,45
202400005438,2024-03-22,Morning,2,1,1.0,1,1,18
202400005439,2024-03-22,Afternoon,4,1,2.0,1,2,84
202400005440,2024-03-22,Afternoon,4,1,2.0,1,2,81
202400005441,2024-03-18,Afternoon,3,1,3.0,1,2,11
202400005442,2024-03-21,Afternoon,4,1,7.0,1,1,86
202400005443,2024-03-22,Night,4,5,2.0,3,1,35
202400005444,2024-03-21,Morning,4,1,1.0,1,1,06
202400005445,2024-03-21,Afternoon,3,1,1.0,1,1,83
202400005446,2024-03-22,Morning,3,1,3.0,2,1,95
202400005447,2024-03-21,Morning,4,1,1.0,1,1,51
202400005448,2024-03-21,Morning,4,1,4.0,1,1,51
202400005449,2024-03-21,Afternoon,3,1,4.0,1,1,76
202400005450,2024-03-21,Evening,4,1,1.0,1,1,80
202400005451,2024-03-22,Night,2,1,7.0,3,1,80
202400005452,2024-03-21,Morning,3,1,6.0,1,1,11
202400005453,2024-03-21,Afternoon,3,1,6.0,1,1,89
202400005454,2024-03-21,Morning,4,1,3.0,1,2,63
202400005455,2024-03-21,Morning,4,5,4.0,1,1,61
202400005456,2024-03-22,Night,4,5,6.0,3,1,61
202400005457,2024-03-19,Afternoon,3,1,6.0,1,1,46
202400005458,2024-03-22,Morning,3,1,3.0,1,2,25
202400005459,2024-03-21,Afternoon,3,1,6.0,1,1,25
202400005460,2024-03-18,Evening,4,1,1.0,2,1,31
202400005461,2024-03-21,Evening,4,1,1.0,1,1,84
202400005462,2024-03-20,Afternoon,4,1,1.0,1,2,03
202400005463,2024-03-22,Afternoon,3,1,1.0,1,1,15
202400005464,2024-03-21,Afternoon,2,1,7.0,1,1,58
202400005465,2024-03-22,Night,4,1,1.0,3,1,14
202400005466,2024-03-21,Morning,4,5,1.0,2,1,14
202400005467,2024-03-20,Afternoon,3,1,3.0,1,2,43
202400005468,2024-03-22,Afternoon,4,1,3.0,1,2,10
202400005469,2024-03-22,Evening,2,1,6.0,3,1,36
202400005470,2024-03-21,Night,4,1,6.0,3,1,07
202400005471,2024-03-01,Afternoon,3,1,3.0,1,2,04
202400005472,2024-03-21,Afternoon,3,1,6.0,1,1,04
202400005473,2024-03-22,Afternoon,2,1,1.0,1,1,27
202400005474,2024-03-22,Afternoon,4,1,1.0,1,1,87
202400005475,2024-03-22,Morning,2,1,1.0,1,1,08
202400005476,2024-03-21,Afternoon,3,1,5.0,1,1,35
202400005477,2024-03-21,Evening,4,1,6.0,4,2,69
202400005478,2024-03-20,Night,4,1,2.0,3,1,01
202400005479,2024-03-21,Morning,2,1,6.0,1,1,42
202400005480,2024-02-08,Morning,3,1,1.0,1,1,69
202400005482,2024-03-22,Afternoon,3,1,1.0,1,1,33
202400005483,2024-03-21,Afternoon,3,7,3.0,1,2,77
202400005484,2024-03-21,Evening,4,1,3.0,1,1,13
202400005485,2024-03-22,Afternoon,4,1,1.0,1,1,42
202400005486,2024-03-22,Afternoon,4,7,1.0,2,1,42
202400005487,2024-03-21,Afternoon,2,1,6.0,1,2,38
202400005488,2024-03-20,Morning,3,1,3.0,1,1,01
202400005489,2024-03-21,Afternoon,3,1,7.0,1,1,64
202400005490,2024-03-22,Evening,3,1,6.0,3,1,33
202400005491,2024-03-22,Afternoon,3,1,7.0,1,2,33
202400005492,2024-03-22,Afternoon,2,1,3.0,1,1,22
202400005493,2024-03-22,Night,4,1,7.0,3,1,60
202400005494,2024-03-22,Afternoon,3,1,2.0,1,2,59
202400005495,2024-03-21,Evening,4,1,3.0,1,1,13
202400005496,2024-03-20,Morning,4,1,3.0,1,1,67
202400005497,2024-03-21,Afternoon,4,1,3.0,1,1,33
202400005498,2024-03-21,Morning,4,1,6.0,2,1,33
202400005499,2024-03-18,Morning,2,1,6.0,1,1,59
202400005500,2024-03-21,Afternoon,4,1,2.0,1,1,91
202400005501,2024-03-21,Afternoon,4,1,4.0,1,1,92
202400005502,2024-03-21,Afternoon,4,1,2.0,1,1,91
202400005503,2024-03-21,Morning,4,1,7.0,2,1,91
202400005504,2024-03-21,Afternoon,4,7,5.0,1,1,92
202400005505,2024-03-21,Evening,4,1,2.0,3,1,95
202400005506,2024-03-21,Morning,4,1,2.0,1,1,95
202400005507,2024-03-21,Night,4,1,6.0,4,1,93
202400005508,2024-03-20,Morning,4,1,6.0,1,1,93
202400005509,2024-03-20,Morning,4,1,5.0,1,1,93
202400005510,2024-03-21,Evening,4,1,6.0,3,1,94
202400005511,2024-03-21,Evening,4,1,5.0,2,1,94
202400005512,2024-03-21,Morning,4,1,2.0,1,1,94
202400005513,2024-03-20,Afternoon,4,1,2.0,1,1,75
202400005514,2024-03-20,Morning,4,1,2.0,1,1,77
202400005515,2024-03-20,Morning,4,1,5.0,2,1,94
202400005516,2024-03-07,Afternoon,4,8,2.0,1,2,44
202400005517,2024-03-06,Night,4,8,2.0,5,2,44
202400005518,2024-03-06,Morning,4,8,3.0,1,2,44
202400005519,2024-03-01,Morning,4,8,3.0,1,2,44
202400005520,2024-01-19,Night,4,9,6.0,5,2,14
202400005521,2024-03-01,Afternoon,4,1,6.0,1,2,44
202400005522,2024-01-07,Morning,4,1,2.0,5,2,75
202400005525,2024-03-20,Afternoon,4,1,6.0,1,2,69
202400005526,2024-03-20,Evening,4,1,3.0,5,2,69
202400005527,2024-07-08,Morning,4,1,5.0,1,1,91
202400005528,2024-03-20,Morning,4,1,4.0,1,2,2B
202400005529,2024-03-20,Morning,4,1,6.0,1,2,95
202400005530,2024-07-08,Afternoon,4,1,2.0,1,1,78
202400005531,2024-07-06,Evening,4,1,7.0,1,1,78
202400005532,2024-03-20,Evening,4,1,3.0,5,2,91
202400005533,2024-07-08,Evening,4,1,6.0,1,1,95
202400005534,2024-03-18,Morning,3,1,3.0,1,1,89
202400005535,2024-07-08,Night,4,1,2.0,3,1,95
202400005536,2024-03-20,Morning,4,1,3.0,1,2,87
202400005537,2024-07-07,Evening,4,1,3.0,1,1,92
202400005538,2024-03-19,Afternoon,4,1,3.0,1,2,87
202400005539,2024-07-08,Morning,4,1,3.0,1,1,94
202400005540,2024-03-19,Afternoon,4,1,2.0,1,2,87
202400005541,2024-01-08,Night,4,4,2.0,5,2,93
202400005542,2024-03-18,Afternoon,4,1,3.0,1,2,87
202400005543,2024-02-07,Night,4,1,6.0,3,1,93
202400005544,2024-03-18,Morning,4,1,6.0,1,2,87
202400005545,2024-03-20,Afternoon,3,1,7.0,1,2,85
202400005546,2024-03-20,Afternoon,3,1,1.0,1,2,85
202400005547,2024-02-06,Night,3,1,7.0,3,1,93
202400005548,2024-03-20,Morning,4,1,6.0,1,1,84
202400005549,2024-03-17,Afternoon,4,8,7.0,1,2,84
202400005550,2024-03-19,Evening,4,1,3.0,5,2,78
202400005551,2024-03-16,Evening,3,1,6.0,1,2,78
202400005552,2024-03-20,Morning,4,1,1.0,1,2,77
202400005553,2024-02-06,Afternoon,3,1,5.0,1,2,93
202400005554,2024-03-19,Morning,3,1,6.0,1,2,76
202400005555,2024-02-06,Afternoon,4,2,7.0,3,1,93
202400005557,2024-03-20,Evening,4,1,3.0,5,2,69
202400005559,2024-03-19,Evening,4,1,3.0,2,2,69
202400005560,2024-07-07,Night,4,1,3.0,5,2,69
202400005561,2024-03-20,Morning,3,1,3.0,1,2,67
202400005562,2024-07-07,Night,4,1,2.0,2,2,69
202400005563,2024-03-20,Morning,4,1,6.0,1,2,64
202400005564,2024-07-07,Morning,4,1,1.0,5,2,2B
202400005565,2024-03-20,Morning,3,1,1.0,2,2,64
202400005566,2024-07-07,Afternoon,4,1,1.0,1,2,95
202400005567,2024-03-20,Night,4,1,3.0,2,2,62
202400005568,2024-07-07,Afternoon,4,1,6.0,1,2,91
202400005569,2024-03-19,Afternoon,3,1,2.0,1,1,54
202400005570,2024-03-20,Evening,2,1,6.0,5,1,51
202400005571,2024-03-20,Afternoon,4,1,3.0,1,2,51
202400005572,2024-07-07,Evening,4,1,3.0,1,1,88
202400005573,2024-03-20,Afternoon,4,1,2.0,1,2,51
202400005574,2024-07-06,Evening,4,1,3.0,1,2,86
202400005575,2024-03-20,Afternoon,4,1,3.0,1,2,49
202400005576,2024-07-07,Afternoon,4,1,2.0,1,2,84
202400005577,2024-02-21,Afternoon,3,2,6.0,1,2,49
202400005578,2024-07-06,Afternoon,4,1,5.0,1,1,84
202400005579,2024-03-19,Afternoon,4,1,6.0,1,2,49
202400005580,2024-03-20,Afternoon,4,1,3.0,1,2,37
202400005581,2024-03-20,Evening,3,1,6.0,1,2,35
202400005582,2024-07-06,Evening,4,1,3.0,1,2,76
202400005583,2024-03-20,Morning,3,1,3.0,1,1,34
202400005584,2024-03-20,Morning,3,1,7.0,1,2,33
202400005585,2024-07-07,Night,4,2,3.0,5,2,74
202400005586,2024-03-17,Morning,4,1,3.0,1,2,33
202400005587,2024-07-07,Night,4,1,6.0,5,1,73
202400005588,2024-07-07,Evening,4,1,1.0,2,1,63
202400005589,2024-03-20,Morning,4,1,3.0,2,2,33
202400005590,2024-07-07,Night,3,1,6.0,5,2,62
202400005591,2024-03-20,Evening,4,1,3.0,5,2,31
202400005592,2024-07-23,Afternoon,4,1,3.0,1,2,60
202400005593,2024-03-20,Afternoon,4,1,3.0,1,2,28
202400005594,2024-07-07,Afternoon,4,1,3.0,1,1,56
202400005595,2024-03-19,Morning,4,1,7.0,1,2,27
202400005596,2024-07-07,Afternoon,2,1,7.0,1,1,54
202400005597,2024-03-20,Afternoon,4,7,3.0,1,2,25
202400005598,2024-07-05,Night,4,1,3.0,3,1,47
202400005599,2024-03-19,Evening,4,1,1.0,1,2,25
202400005600,2024-07-07,Morning,4,1,2.0,1,2,45
202400005601,2024-03-19,Morning,4,1,3.0,1,2,23
202400005602,2024-07-07,Morning,4,1,3.0,1,2,37
202400005603,2024-03-20,Evening,4,1,3.0,1,2,19
202400005604,2024-07-07,Morning,4,1,3.0,1,2,34
202400005605,2024-03-20,Morning,3,1,3.0,1,2,17
202400005606,2024-07-07,Morning,4,1,6.0,1,2,34
202400005607,2024-03-20,Morning,4,1,6.0,1,2,17
202400005608,2024-07-07,Morning,4,8,7.0,1,1,29
202400005609,2024-03-20,Night,3,1,1.0,5,2,13
202400005610,2024-03-20,Evening,3,1,1.0,1,2,13
202400005611,2024-03-20,Morning,4,1,3.0,1,2,13
202400005612,2024-07-07,Evening,4,1,6.0,1,2,13
202400005613,2024-03-20,Morning,4,1,2.0,1,2,13
202400005614,2024-03-18,Morning,4,2,1.0,1,1,12
202400005615,2024-07-06,Afternoon,4,1,1.0,1,1,07
202400005616,2024-03-20,Afternoon,4,1,3.0,1,2,09
202400005617,2024-07-07,Afternoon,4,1,6.0,1,2,06
202400005618,2024-03-20,Night,4,1,3.0,5,2,06
202400005619,2024-07-07,Afternoon,4,1,3.0,1,2,06
202400005620,2024-03-19,Afternoon,3,1,1.0,1,2,06
202400005621,2024-07-07,Evening,4,1,6.0,1,2,04
202400005622,2024-03-20,Afternoon,4,1,3.0,1,2,75
202400005623,2024-07-06,Night,3,1,1.0,5,2,03
202400005624,2024-03-20,Evening,4,1,2.0,3,2,75
202400005625,2024-07-06,Night,4,1,3.0,5,2,75
202400005626,2024-03-17,Afternoon,4,1,6.0,1,2,75
202400005627,2024-07-05,Night,4,1,4.0,2,2,75
202400005628,2024-03-20,Evening,4,1,6.0,2,2,75
202400005629,2024-07-06,Evening,4,1,2.0,1,2,75
202400005630,2024-03-20,Evening,4,1,2.0,1,2,75
202400005631,2024-03-20,Afternoon,4,1,7.0,1,2,75
202400005632,2024-07-06,Afternoon,4,1,5.0,1,2,75
202400005633,2024-07-07,Afternoon,4,1,1.0,1,2,75
202400005634,2024-07-07,Morning,4,1,6.0,1,2,75
202400005635,2024-03-20,Afternoon,4,1,3.0,1,2,75
202400005636,2024-07-06,Night,4,1,6.0,5,2,75
202400005637,2024-03-20,Afternoon,4,1,3.0,1,2,75
202400005638,2024-07-07,Evening,4,1,6.0,1,2,75
202400005639,2024-03-19,Evening,4,1,3.0,1,2,75
202400005640,2024-07-05,Night,4,1,3.0,5,2,75
202400005641,2024-03-20,Afternoon,4,7,7.0,1,2,75
202400005642,2024-07-06,Afternoon,4,1,2.0,1,2,75
202400005643,2024-03-20,Morning,4,1,1.0,1,2,75
202400005644,2024-07-07,Afternoon,4,1,7.0,1,2,75
202400005645,2024-03-20,Morning,4,1,7.0,2,2,75
202400005646,2024-07-06,Night,4,1,7.0,5,2,75
202400005647,2024-03-20,Evening,4,1,6.0,1,2,75
202400005648,2024-07-07,Afternoon,4,1,3.0,1,2,75
202400005649,2024-03-20,Night,4,1,6.0,5,2,75
202400005650,2024-03-19,Morning,4,1,1.0,1,2,75
202400005651,2024-07-07,Afternoon,4,1,2.0,1,2,94
202400005652,2024-03-19,Morning,4,1,7.0,1,2,75
202400005653,2024-07-07,Night,4,1,6.0,5,2,94
202400005654,2024-03-20,Evening,4,1,4.0,1,2,94
202400005655,2024-07-07,Morning,4,1,3.0,1,2,94
202400005656,2024-03-20,Night,4,1,3.0,5,2,94
202400005657,2024-07-07,Afternoon,4,1,6.0,1,1,93
202400005658,2024-03-20,Afternoon,4,1,6.0,1,2,94
202400005659,2024-07-07,Night,4,1,3.0,5,2,93
202400005660,2024-03-20,Morning,4,1,2.0,2,1,77
202400005661,2024-07-07,Evening,4,1,3.0,1,2,93
202400005662,2024-03-20,Evening,4,1,3.0,5,2,93
202400005663,2024-03-20,Morning,4,1,4.0,1,2,93
202400005664,2024-07-07,Night,4,1,7.0,2,2,92
202400005665,2024-07-07,Night,4,1,7.0,2,2,92
202400005666,2024-03-19,Afternoon,4,1,1.0,1,2,93
202400005667,2024-07-07,Afternoon,3,1,7.0,1,1,78
202400005668,2024-03-20,Afternoon,4,1,3.0,1,2,93
202400005669,2024-03-20,Afternoon,4,1,3.0,1,2,92
202400005670,2024-07-06,Evening,4,1,3.0,1,1,76
202400005671,2024-07-07,Afternoon,3,8,7.0,1,1,49
202400005672,2024-03-20,Evening,4,1,4.0,5,2,92
202400005673,2024-07-07,Evening,2,1,1.0,1,1,08
202400005674,2024-03-20,Afternoon,4,1,2.0,1,2,92
202400005675,2024-07-06,Morning,3,2,7.0,1,1,62
202400005676,2024-03-21,Afternoon,2,1,6.0,1,2,51
202400005677,2024-07-08,Night,4,1,6.0,2,1,28
202400005678,2024-03-21,Afternoon,4,1,3.0,1,1,05
202400005679,2024-07-07,Night,3,1,6.0,3,1,71
202400005680,2024-03-20,Evening,3,1,1.0,1,1,76
202400005681,2024-07-07,Afternoon,3,1,7.0,1,2,67
202400005682,2024-07-07,Evening,3,1,3.0,1,1,22
202400005683,2024-03-20,Afternoon,4,1,5.0,1,2,74
202400005684,2024-03-21,Morning,2,1,6.0,1,2,77
202400005685,2024-07-08,Afternoon,3,1,3.0,1,2,83
202400005686,2024-07-07,Afternoon,4,1,7.0,1,1,41
202400005687,2024-03-21,Afternoon,3,1,2.0,1,1,79
202400005688,2024-03-21,Evening,3,1,3.0,5,2,2B
202400005689,2024-07-08,Evening,3,8,7.0,1,1,62
202400005690,2024-03-20,Evening,3,2,6.0,3,1,82
202400005691,2024-07-06,Afternoon,4,1,7.0,1,1,56
202400005692,2024-03-20,Afternoon,4,1,5.0,1,1,71
202400005693,2024-07-08,Morning,3,1,6.0,1,1,69
202400005694,2024-03-21,Afternoon,4,1,3.0,1,1,49
202400005695,2024-03-20,Afternoon,3,1,6.0,1,1,12
202400005696,2024-06-18,Evening,4,1,3.0,2,2,69
202400005697,2024-03-20,Afternoon,4,1,6.0,1,1,47
202400005698,2024-07-08,Evening,4,1,5.0,1,2,71
202400005699,2024-03-20,Afternoon,3,1,1.0,1,1,68
202400005700,2024-07-08,Evening,3,1,3.0,2,2,71
202400005701,2024-07-06,Night,4,1,7.0,3,1,71
202400005702,2024-03-21,Morning,3,1,2.0,1,1,35
202400005703,2024-07-08,Morning,4,1,6.0,1,2,89
202400005704,2024-03-19,Evening,3,1,1.0,3,1,35
202400005705,2024-07-07,Afternoon,4,1,1.0,1,1,89
202400005706,2024-03-18,Evening,4,1,5.0,4,1,38
202400005707,2024-07-07,Evening,4,1,3.0,2,2,76
202400005708,2024-03-21,Afternoon,3,1,1.0,1,1,03
202400005709,2024-07-07,Night,3,1,6.0,3,1,49
202400005710,2024-03-19,Morning,2,1,7.0,1,1,58
202400005711,2024-07-07,Morning,3,1,6.0,2,1,29
202400005712,2024-03-19,Evening,4,1,7.0,1,2,66
202400005713,2024-06-25,Morning,3,1,6.0,1,2,38
202400005714,2024-07-07,Afternoon,4,1,7.0,1,1,02
202400005715,2024-07-07,Evening,4,1,6.0,1,1,03
202400005716,2024-03-21,Afternoon,4,1,5.0,1,2,06
202400005717,2024-07-07,Afternoon,3,1,7.0,1,2,01
202400005718,2024-07-08,Afternoon,3,1,3.0,1,1,26
202400005719,2024-07-06,Afternoon,3,1,3.0,1,2,58
202400005720,2024-07-06,Afternoon,3,1,3.0,1,1,14
202400005721,2024-07-08,Afternoon,3,1,2.0,1,1,05
202400005722,2024-07-08,Morning,3,2,1.0,1,2,50
202400005723,2024-07-07,Afternoon,4,1,1.0,1,1,16
202400005724,2024-07-07,Morning,3,1,6.0,1,2,04
202400005725,2024-07-07,Afternoon,3,1,3.0,1,1,37
202400005726,2024-07-07,Afternoon,3,1,1.0,1,1,48
202400005727,2024-07-08,Afternoon,4,1,2.0,1,1,34
202400005728,2024-07-08,Afternoon,4,7,6.0,1,1,82
202400005729,2024-07-01,Afternoon,3,1,2.0,1,1,91
202400005730,2024-07-07,Night,4,2,1.0,3,1,31
202400005731,2024-07-08,Night,3,1,1.0,3,1,13
202400005732,2024-07-07,Evening,3,1,1.0,1,1,45
202400005733,2024-06-25,Morning,4,1,3.0,1,2,45
202400005734,2024-07-07,Night,3,1,7.0,2,1,77
202400005735,2024-07-08,Afternoon,3,1,3.0,1,1,2A
202400005736,2024-07-08,Night,4,1,6.0,5,2,66
202400005737,2024-07-08,Evening,3,1,3.0,1,1,83
202400005738,2024-07-07,Evening,3,1,3.0,1,2,13
202400005739,2024-07-08,Morning,2,1,7.0,1,2,57
202400005740,2024-07-04,Evening,4,1,7.0,1,1,73
202400005741,2024-07-07,Afternoon,2,1,6.0,1,1,69
202400005742,2024-07-06,Afternoon,3,2,6.0,1,1,65
202400005743,2024-07-08,Morning,3,7,6.0,1,2,17
202400005744,2024-07-07,Afternoon,4,1,3.0,1,2,27
202400005745,2024-07-06,Morning,4,1,1.0,1,2,62
202400005746,2024-09-15,Night,3,1,6.0,3,1,38
202400005747,2024-06-30,Morning,3,1,1.0,1,1,59
202400005748,2024-09-15,Afternoon,4,6,2.0,1,2,26
202400005749,2024-07-06,Night,3,1,2.0,3,1,13
202400005750,2024-07-06,Night,4,1,2.0,3,1,69
202400005751,2024-09-16,Afternoon,4,1,5.0,1,1,69
202400005752,2024-07-07,Night,2,1,6.0,3,1,42
202400005753,2024-09-15,Afternoon,4,1,1.0,1,2,19
202400005754,2024-07-07,Afternoon,4,1,4.0,1,1,91
202400005755,2024-08-21,Morning,4,1,6.0,2,2,72
202400005756,2024-07-07,Afternoon,4,1,4.0,1,1,91
202400005757,2024-09-14,Afternoon,4,1,3.0,1,1,72
202400005758,2024-07-07,Morning,4,1,6.0,1,1,77
202400005759,2024-07-07,Morning,4,1,7.0,1,1,91
202400005760,2024-09-16,Afternoon,3,1,2.0,1,1,27
202400005761,2024-09-16,Evening,4,1,2.0,1,1,33
202400005762,2024-07-07,Night,4,1,3.0,3,1,91
202400005763,2024-07-06,Afternoon,4,1,2.0,1,1,78
202400005764,2024-09-13,Morning,3,1,6.0,1,1,59
202400005765,2024-09-13,Morning,4,3,2.0,2,1,59
202400005766,2024-07-07,Evening,4,1,4.0,1,1,93
202400005767,2024-09-15,Night,3,1,3.0,3,1,91
202400005768,2024-07-06,Evening,4,1,5.0,1,1,93
202400005769,2024-09-15,Night,4,1,6.0,3,1,95
202400005770,2024-07-06,Morning,4,1,5.0,1,1,93
202400005771,2024-09-15,Evening,3,1,2.0,3,1,93
202400005772,2024-07-05,Afternoon,4,1,7.0,1,1,95
202400005773,2024-09-15,Afternoon,4,1,2.0,1,1,93
202400005774,2024-07-07,Morning,4,1,2.0,2,1,77
202400005775,2024-09-14,Night,4,1,6.0,4,1,93
202400005776,2024-09-14,Evening,4,1,2.0,3,1,93
202400005777,2024-07-06,Evening,4,1,4.0,1,1,77
202400005778,2024-09-14,Afternoon,4,1,2.0,1,1,93
202400005779,2024-07-06,Afternoon,4,1,3.0,1,1,94
202400005780,2024-09-13,Afternoon,4,1,6.0,1,1,93
202400005781,2024-07-06,Afternoon,4,1,3.0,1,1,77
202400005782,2024-08-07,Morning,4,8,3.0,1,2,93
202400005783,2024-07-06,Afternoon,4,1,5.0,1,1,93
202400005784,2024-06-03,Afternoon,4,1,3.0,1,1,93