Num_Acc,date,time_of_day,max_severity,weather,collision_type,lighting,urban_area,department
202400005786,2024-04-28,Evening,4,8,1.0,1,2,93
202400005787,2024-07-05,Afternoon,4,1,6.0,1,2,93
202400005788,2024-04-25,Evening,3,1,1.0,1,2,93
202400005789,2024-06-30,Night,4,8,7.0,5,2,44
202400005791,2024-04-21,Afternoon,4,1,3.0,1,2,93
202400005793,2024-04-20,Afternoon,4,1,3.0,1,2,93
202400005796,2024-04-21,Evening,4,1,6.0,1,2,93
202400005798,2024-04-30,Afternoon,3,1,3.0,1,2,93
202400005799,2024-07-06,Night,4,1,3.0,5,2,69
202400005800,2024-04-19,Evening,4,2,3.0,1,2,93
202400005801,2024-07-06,Evening,4,2,6.0,1,2,69
202400005802,2024-07-05,Evening,4,1,3.0,1,2,69
202400005803,2024-04-19,Morning,3,1,2.0,1,2,93
202400005805,2024-04-18,Evening,4,1,3.0,1,2,93
202400005807,2024-07-06,Afternoon,3,1,6.0,1,2,2A
202400005808,2024-04-16,Evening,3,1,3.0,5,2,93
202400005809,2024-07-06,Evening,4,1,3.0,1,1,95
202400005810,2024-07-06,Evening,4,1,6.0,1,2,91
202400005811,2024-04-16,Afternoon,4,1,3.0,1,2,93
202400005812,2024-07-06,Night,4,1,2.0,5,2,91
202400005813,2024-04-16,Morning,4,1,6.0,1,2,93
202400005814,2024-07-06,Evening,4,1,6.0,1,2,91
202400005815,2024-04-11,Evening,4,1,6.0,2,2,93
202400005816,2024-04-11,Afternoon,4,1,6.0,1,2,93
202400005817,2024-07-05,Evening,4,1,2.0,1,2,84
202400005818,2024-07-05,Afternoon,4,1,7.0,1,1,84
202400005819,2024-04-11,Morning,4,1,2.0,1,2,93
202400005820,2024-07-06,Morning,4,1,6.0,1,2,83
202400005821,2024-04-11,Morning,4,1,3.0,1,2,93
202400005822,2024-07-05,Afternoon,3,7,1.0,1,1,81
202400005823,2024-07-06,Morning,4,2,6.0,1,2,78
202400005824,2024-04-05,Afternoon,4,1,2.0,1,2,93
202400005825,2024-07-06,Afternoon,4,1,2.0,1,2,77
202400005826,2024-04-04,Night,4,3,3.0,5,2,93
202400005827,2024-04-01,Night,4,1,1.0,5,2,93
202400005828,2024-07-05,Afternoon,4,1,2.0,1,2,76
202400005829,2024-07-06,Night,4,1,6.0,5,2,76
202400005830,2024-03-29,Morning,4,1,6.0,1,2,93
202400005831,2024-07-06,Afternoon,4,3,6.0,1,2,71
202400005832,2024-03-27,Afternoon,4,1,2.0,1,2,93
202400005833,2024-07-06,Morning,4,8,2.0,1,2,69
202400005834,2024-03-26,Afternoon,4,2,6.0,1,2,93
202400005835,2024-07-04,Morning,3,1,3.0,1,2,68
202400005836,2024-03-23,Night,4,2,2.0,5,2,93
202400005837,2024-07-05,Evening,4,1,3.0,1,2,64
202400005838,2024-03-20,Afternoon,4,1,6.0,1,2,93
202400005839,2024-07-06,Morning,4,8,3.0,1,2,64
202400005840,2024-03-20,Night,4,1,6.0,5,2,93
202400005841,2024-07-06,Evening,4,1,6.0,2,2,64
202400005842,2024-03-14,Afternoon,4,1,3.0,1,2,93
202400005843,2024-07-06,Evening,4,1,3.0,1,2,64
202400005844,2024-03-14,Morning,4,1,6.0,1,2,93
202400005845,2024-03-12,Evening,4,1,6.0,5,2,95
202400005846,2024-07-06,Night,4,1,3.0,3,2,59
202400005847,2024-03-12,Afternoon,4,1,6.0,1,2,93
202400005848,2024-07-06,Afternoon,4,1,6.0,1,2,51
202400005849,2024-03-28,Morning,4,1,6.0,1,2,93
202400005850,2024-07-05,Morning,4,1,3.0,1,2,51
202400005851,2024-03-11,Morning,4,1,3.0,2,2,93
202400005852,2024-07-06,Afternoon,4,1,3.0,1,2,49
202400005853,2024-03-10,Night,4,1,5.0,3,2,93
202400005854,2024-03-08,Afternoon,4,1,3.0,1,2,93
202400005855,2024-03-08,Afternoon,3,1,3.0,1,2,93
202400005856,2024-07-01,Afternoon,3,1,3.0,1,2,42
202400005857,2024-07-06,Afternoon,4,8,2.0,1,2,38
202400005858,2024-06-26,Afternoon,3,1,6.0,1,2,38
202400005859,2024-06-04,Afternoon,4,1,2.0,1,1,38
202400005860,2024-09-15,Morning,4,1,2.0,1,2,92
202400005861,2024-07-06,Afternoon,4,8,3.0,1,2,38
202400005862,2024-06-06,Night,3,1,2.0,2,1,50
202400005863,2024-07-06,Morning,4,1,3.0,1,2,37
202400005865,2024-07-06,Afternoon,4,1,2.0,1,1,35
202400005867,2024-07-06,Night,4,1,3.0,5,2,34
202400005868,2024-07-05,Afternoon,4,1,3.0,1,1,34
202400005869,2024-07-07,Night,4,8,6.0,5,2,31
202400005871,2024-07-06,Night,4,1,3.0,5,2,27
202400005873,2024-09-14,Afternoon,4,1,3.0,1,2,2A
202400005874,2024-07-06,Afternoon,3,1,6.0,1,2,22
202400005875,2024-11-29,Night,3,9,6.0,3,1,73
202400005876,2024-07-05,Afternoon,4,1,3.0,1,2,21
202400005877,2024-09-15,Morning,4,1,6.0,2,1,95
202400005878,2024-11-28,Afternoon,4,8,6.0,1,1,26
202400005879,2024-11-29,Afternoon,3,1,4.0,1,1,81
202400005880,2024-11-29,Evening,3,1,6.0,5,2,09
202400005881,2024-09-14,Night,4,1,3.0,5,2,91
202400005882,2024-11-29,Morning,2,1,4.0,1,2,33
202400005883,2024-11-28,Afternoon,4,2,3.0,5,2,49
202400005884,2024-11-29,Evening,3,1,3.0,3,1,35
202400005885,2024-11-29,Night,3,1,6.0,3,2,76
202400005886,2024-09-14,Evening,4,1,5.0,1,1,77
202400005887,2024-11-28,Evening,3,1,6.0,5,2,60
202400005888,2024-09-15,Evening,4,1,5.0,1,2,69
202400005889,2024-11-28,Afternoon,4,1,2.0,1,1,13
202400005890,2024-09-15,Morning,3,1,6.0,1,2,64
202400005891,2024-11-27,Night,4,1,2.0,3,1,13
202400005892,2024-09-15,Evening,4,1,1.0,2,2,62
202400005893,2024-11-27,Morning,4,1,3.0,1,1,13
202400005894,2024-09-15,Night,2,1,7.0,3,2,60
202400005895,2024-09-13,Afternoon,4,1,6.0,1,2,59
202400005896,2024-11-27,Afternoon,4,1,5.0,5,1,83
202400005897,2024-11-27,Afternoon,4,1,3.0,2,1,69
202400005898,2024-09-15,Afternoon,4,1,3.0,1,2,58
202400005899,2024-11-28,Evening,2,1,2.0,4,1,33
202400005900,2024-11-25,Evening,4,1,2.0,3,1,33
202400005901,2024-09-13,Afternoon,3,1,6.0,1,2,51
202400005902,2024-11-28,Morning,4,1,3.0,1,1,94
202400005903,2024-09-15,Afternoon,4,1,3.0,1,2,45
202400005904,2024-11-27,Evening,4,8,4.0,5,1,78
202400005905,2024-11-27,Evening,4,8,2.0,3,1,78
202400005906,2024-11-27,Afternoon,4,3,2.0,5,1,92
202400005907,2024-09-15,Night,4,1,3.0,5,2,33
202400005908,2024-11-27,Morning,4,2,2.0,1,1,92
202400005909,2024-11-28,Evening,4,1,2.0,3,1,93
202400005910,2024-09-15,Afternoon,4,1,6.0,1,2,33
202400005911,2024-11-28,Afternoon,4,1,3.0,1,1,93
202400005912,2024-11-28,Afternoon,4,1,2.0,1,1,93
202400005913,2024-09-15,Morning,4,1,3.0,1,2,31
202400005914,2024-09-15,Night,4,1,2.0,3,2,31
202400005915,2024-11-28,Morning,4,1,4.0,1,1,95
202400005916,2024-09-15,Morning,3,1,7.0,1,2,22
202400005917,2024-11-27,Morning,3,1,2.0,2,1,93
202400005918,2024-09-14,Afternoon,3,1,3.0,1,1,22
202400005919,2024-11-28,Morning,4,1,4.0,1,1,94
202400005920,2024-09-15,Night,4,1,3.0,5,2,13
202400005921,2024-06-28,Morning,2,1,6.0,1,2,93
202400005922,2024-09-14,Evening,4,1,3.0,1,2,13
202400005923,2024-09-15,Afternoon,4,1,1.0,1,2,13
202400005924,2024-06-23,Night,4,1,3.0,5,2,93
202400005925,2024-09-15,Evening,3,1,6.0,5,2,06
202400005926,2024-09-14,Afternoon,3,1,6.0,1,2,06
202400005927,2024-09-15,Morning,4,1,3.0,1,2,04
202400005928,2024-09-13,Afternoon,3,1,6.0,1,2,03
202400005929,2024-06-16,Evening,4,2,3.0,5,2,93
202400005930,2024-09-15,Evening,4,1,5.0,1,2,75
202400005931,2024-09-15,Night,4,1,2.0,5,2,75
202400005932,2024-09-10,Afternoon,4,1,3.0,1,2,75
202400005933,2024-06-12,Morning,4,1,3.0,1,2,93
202400005934,2024-09-15,Evening,4,1,6.0,1,2,75
202400005935,2024-09-13,Afternoon,4,1,6.0,1,2,75
202400005936,2024-09-15,Afternoon,4,1,3.0,1,2,75
202400005937,2024-06-10,Afternoon,4,1,3.0,1,2,93
202400005938,2024-09-15,Night,4,1,3.0,5,2,75
202400005939,2024-09-15,Evening,4,1,3.0,1,2,75
202400005940,2024-06-05,Evening,4,1,6.0,1,2,93
202400005941,2024-09-14,Morning,4,1,3.0,1,2,75
202400005943,2024-09-15,Morning,4,1,7.0,1,2,75
202400005944,2024-03-24,Morning,3,2,3.0,1,1,33
202400005947,2024-04-28,Night,3,1,6.0,3,1,11
202400005948,2024-09-15,Evening,4,1,4.0,5,2,93
202400005949,2024-04-28,Morning,4,1,6.0,2,1,11
202400005950,2024-11-28,Night,4,1,3.0,5,2,69
202400005951,2024-09-15,Evening,4,1,3.0,1,2,93
202400005952,2024-04-28,Morning,4,3,3.0,1,1,71
202400005953,2024-09-15,Evening,4,1,2.0,1,2,93
202400005954,2024-11-27,Afternoon,4,1,6.0,5,2,69
202400005955,2024-11-27,Evening,3,1,6.0,5,2,69
202400005956,2024-04-28,Afternoon,4,1,1.0,1,1,89
202400005957,2024-09-15,Afternoon,3,1,7.0,1,2,93
202400005958,2024-11-27,Morning,4,1,3.0,5,2,69
202400005959,2024-09-15,Evening,4,1,6.0,1,2,93
202400005960,2024-04-28,Night,4,8,6.0,3,1,63
202400005961,2024-09-15,Afternoon,4,1,2.0,1,1,92
202400005962,2024-11-27,Evening,4,1,1.0,3,2,69
202400005963,2024-04-28,Morning,4,1,6.0,2,1,55
202400005964,2024-09-15,Evening,4,1,3.0,5,2,92
202400005965,2024-11-27,Afternoon,3,7,5.0,1,2,69
202400005966,2024-09-15,Evening,4,1,3.0,1,2,92
202400005967,2024-04-28,Afternoon,4,1,6.0,1,1,49
202400005968,2024-11-27,Morning,4,1,3.0,1,2,69
202400005969,2024-09-14,Evening,4,1,6.0,1,2,92
202400005971,2024-04-27,Afternoon,2,2,7.0,1,1,49
202400005972,2024-09-15,Morning,4,1,1.0,1,1,43
202400005973,2024-11-27,Afternoon,4,1,6.0,1,2,2A
202400005974,2024-04-22,Morning,4,6,1.0,1,1,34
202400005975,2024-11-27,Morning,4,2,3.0,1,2,91
202400005976,2024-04-28,Afternoon,3,3,6.0,1,1,25
202400005977,2024-09-14,Afternoon,4,1,5.0,1,2,43
202400005978,2024-09-15,Afternoon,3,1,6.0,1,1,2A
202400005979,2024-04-27,Afternoon,3,1,7.0,1,2,29
202400005980,2024-11-26,Morning,4,1,6.0,2,2,87
202400005981,2024-09-13,Morning,3,1,6.0,1,2,31
202400005982,2024-04-28,Morning,4,1,6.0,2,2,29
202400005983,2024-04-26,Evening,3,1,6.0,1,2,29
202400005984,2024-04-25,Night,3,2,6.0,3,1,31
202400005985,2024-09-15,Evening,4,1,2.0,2,2,13
202400005986,2024-04-28,Night,4,8,6.0,3,1,31
202400005987,2024-04-28,Morning,3,8,7.0,2,1,26
202400005988,2024-11-27,Morning,4,1,5.0,5,2,84
202400005989,2024-09-16,Evening,3,1,2.0,1,1,83
202400005990,2024-09-14,Evening,4,1,7.0,3,1,51
202400005991,2024-04-28,Night,4,3,6.0,3,1,50
202400005992,2024-11-27,Morning,3,7,4.0,1,2,83
202400005993,2024-09-14,Afternoon,3,6,7.0,1,1,26
202400005994,2024-11-26,Evening,4,1,6.0,5,1,83
202400005996,2024-04-28,Afternoon,4,1,6.0,1,2,10
202400005997,2024-11-27,Afternoon,3,1,6.0,1,2,81
202400005998,2024-09-16,Morning,3,1,1.0,1,1,42
202400005999,2024-04-28,Night,2,6,6.0,2,1,10
202400006000,2024-09-16,Afternoon,2,1,2.0,1,1,48
202400006001,2024-04-28,Evening,4,3,7.0,2,1,07
202400006002,2024-11-27,Morning,4,2,3.0,1,2,78
202400006003,2024-09-14,Afternoon,4,1,7.0,1,1,21
202400006004,2024-04-28,Morning,3,8,6.0,1,1,21
202400006005,2024-04-27,Morning,3,8,6.0,2,1,40
202400006006,2024-09-15,Afternoon,3,1,7.0,1,1,62
202400006007,2024-11-22,Evening,4,2,6.0,5,2,78
202400006008,2024-04-27,Night,2,2,6.0,3,1,24
202400006009,2024-04-27,Afternoon,3,1,6.0,1,2,30
202400006010,2024-09-13,Morning,4,1,3.0,1,2,77
202400006011,2024-04-27,Evening,4,1,6.0,3,2,88
202400006012,2024-09-16,Afternoon,2,1,6.0,1,1,03
202400006014,2024-09-16,Afternoon,2,1,2.0,1,1,79
202400006015,2024-11-27,Morning,4,2,3.0,1,2,77
202400006016,2024-04-27,Night,4,3,6.0,3,1,44
202400006017,2024-11-27,Morning,4,2,7.0,5,2,77
202400006018,2024-09-13,Afternoon,3,1,1.0,1,1,79
202400006020,2024-04-28,Evening,3,1,6.0,1,1,06
202400006021,2024-11-26,Afternoon,3,1,2.0,1,2,76
202400006022,2024-04-28,Evening,3,1,7.0,1,1,33
202400006023,2024-09-14,Morning,4,1,5.0,1,1,2B
202400006024,2024-11-27,Evening,4,1,3.0,5,2,73
202400006025,2024-04-28,Morning,2,1,7.0,2,1,60
202400006027,2024-11-27,Afternoon,4,1,3.0,1,2,73
202400006028,2024-09-14,Evening,4,1,3.0,3,1,80
202400006030,2024-09-16,Morning,3,1,6.0,1,1,81
202400006031,2024-11-27,Evening,3,1,2.0,5,2,70
202400006032,2024-04-27,Night,4,2,2.0,3,2,77
202400006033,2024-09-15,Evening,3,1,3.0,1,1,11
202400006034,2024-11-27,Afternoon,4,1,3.0,5,2,69
202400006035,2024-09-16,Night,4,1,1.0,3,1,89
202400006036,2024-04-28,Afternoon,4,1,3.0,1,1,84
202400006037,2024-04-28,Afternoon,2,1,6.0,1,1,71
202400006038,2024-11-27,Morning,3,1,3.0,5,2,69
202400006039,2024-09-14,Morning,2,1,3.0,1,1,49
202400006040,2024-04-28,Night,4,2,7.0,3,1,68
202400006041,2024-09-08,Morning,4,1,6.0,2,1,49
202400006042,2024-11-27,Morning,4,1,3.0,1,2,67
202400006043,2024-04-27,Afternoon,3,8,2.0,1,1,54
202400006044,2024-09-16,Night,2,1,6.0,3,2,25
202400006045,2024-11-27,Afternoon,4,1,7.0,5,2,64
202400006046,2024-04-26,Afternoon,3,2,1.0,1,1,42
202400006047,2024-09-16,Morning,4,1,3.0,1,1,44
202400006048,2024-11-26,Afternoon,4,1,3.0,1,2,64
202400006049,2024-04-28,Night,4,2,7.0,3,1,38
202400006050,2024-11-26,Morning,4,1,3.0,2,1,63
202400006051,2024-09-15,Afternoon,4,1,1.0,1,1,44
202400006052,2024-04-27,Afternoon,4,1,1.0,1,1,07
202400006053,2024-04-27,Afternoon,4,1,2.0,1,1,07
202400006054,2024-08-31,Evening,3,1,2.0,1,1,29
202400006055,2024-11-27,Night,3,2,3.0,5,2,59
202400006056,2024-04-27,Afternoon,3,8,6.0,1,1,69
202400006057,2024-11-27,Afternoon,4,2,3.0,2,2,59
202400006058,2024-04-28,Afternoon,4,1,6.0,1,1,65
202400006059,2024-08-19,Morning,3,1,4.0,1,1,31
202400006060,2024-11-26,Morning,4,1,7.0,2,2,56
202400006061,2024-04-28,Night,4,1,1.0,3,1,09
202400006062,2024-09-15,Afternoon,3,1,4.0,1,2,84
202400006063,2024-11-26,Afternoon,4,1,4.0,5,2,51
202400006064,2024-09-15,Afternoon,2,6,7.0,1,1,66
202400006065,2024-04-26,Evening,3,1,2.0,1,1,86
202400006066,2024-09-15,Afternoon,4,1,6.0,1,1,72
202400006067,2024-11-26,Afternoon,4,1,3.0,1,2,51
202400006068,2024-09-15,Afternoon,3,1,4.0,1,1,14
202400006069,2024-11-28,Night,4,1,7.0,3,1,49
202400006070,2024-04-28,Afternoon,4,1,3.0,1,2,62
202400006071,2024-11-25,Afternoon,4,1,6.0,1,2,49
202400006072,2024-09-15,Evening,4,1,7.0,2,1,05
202400006073,2024-04-28,Morning,3,6,6.0,1,1,59
202400006074,2024-04-26,Evening,3,1,7.0,5,1,13
202400006075,2024-09-15,Evening,4,1,3.0,1,1,60
202400006076,2024-11-26,Evening,4,2,5.0,5,1,49
202400006077,2024-04-27,Night,4,3,6.0,3,1,33
202400006078,2024-09-05,Night,3,1,6.0,5,2,45
202400006079,2024-11-26,Afternoon,3,1,6.0,1,2,49
202400006080,2024-04-27,Evening,4,2,6.0,1,1,91
202400006081,2024-11-27,Morning,4,2,3.0,1,2,45
202400006082,2024-09-16,Morning,4,1,3.0,1,1,64
202400006083,2024-04-27,Morning,4,1,3.0,1,1,94
202400006084,2024-11-25,Evening,3,3,6.0,5,2,42
202400006085,2024-09-14,Morning,4,1,1.0,1,1,64
202400006086,2024-04-27,Afternoon,4,2,3.0,1,1,78
202400006087,2024-11-26,Morning,3,1,2.0,1,2,40
202400006088,2024-09-15,Night,3,1,7.0,3,1,18
202400006089,2024-11-27,Evening,4,1,6.0,3,2,38
202400006090,2024-04-26,Afternoon,4,1,2.0,1,1,78
202400006091,2024-09-16,Morning,3,1,6.0,1,2,10
202400006092,2024-11-27,Morning,4,2,6.0,1,2,37
202400006093,2024-04-26,Evening,4,1,2.0,1,1,78
202400006094,2024-09-15,Afternoon,3,1,6.0,1,1,16
202400006095,2024-04-27,Morning,4,1,6.0,1,1,95
202400006096,2024-11-26,Morning,3,1,6.0,1,2,37
202400006097,2024-09-15,Afternoon,3,1,3.0,1,1,07
202400006098,2024-04-27,Morning,4,1,4.0,1,1,93
202400006099,2024-11-27,Evening,4,8,1.0,5,2,35
202400006100,2024-09-15,Afternoon,3,1,3.0,1,2,53
202400006101,2024-04-27,Morning,4,1,6.0,1,1,92
202400006102,2024-11-27,Afternoon,4,2,2.0,1,2,35
202400006103,2024-04-27,Morning,4,2,6.0,2,1,93
202400006104,2024-09-15,Afternoon,4,1,2.0,1,1,40
202400006105,2024-11-27,Afternoon,3,1,2.0,1,1,33
202400006106,2024-09-16,Morning,3,1,6.0,1,1,04
202400006107,2024-11-27,Morning,4,1,6.0,1,2,33
202400006108,2024-04-26,Evening,4,1,4.0,1,1,95
202400006109,2024-09-14,Afternoon,3,1,1.0,1,1,85
202400006110,2024-11-27,Morning,4,1,6.0,2,2,33
202400006111,2024-04-26,Evening,4,1,2.0,1,1,93
202400006112,2024-09-15,Afternoon,3,1,1.0,1,1,85
202400006113,2024-11-27,Morning,4,1,3.0,2,2,33
202400006114,2024-04-26,Afternoon,4,1,3.0,1,1,95
202400006115,2024-09-14,Evening,3,1,3.0,3,1,27
202400006116,2024-11-27,Afternoon,3,1,4.0,3,1,31
202400006117,2024-09-12,Morning,2,1,6.0,1,2,23
202400006118,2024-11-26,Evening,3,1,7.0,5,2,30
202400006119,2024-02-26,Evening,4,3,3.0,5,2,64
202400006120,2024-09-15,Afternoon,3,1,6.0,1,1,48
202400006121,2024-11-24,Evening,4,1,4.0,5,2,29
202400006122,2024-02-19,Morning,4,2,3.0,2,2,64
202400006123,2024-11-27,Morning,4,8,6.0,2,2,28
202400006124,2024-09-15,Afternoon,3,1,6.0,1,1,19
202400006126,2024-11-27,Evening,3,1,6.0,3,1,26
202400006127,2024-09-16,Afternoon,4,1,6.0,1,1,45
202400006129,2024-11-25,Morning,4,2,3.0,1,2,14
202400006130,2024-11-27,Afternoon,4,1,6.0,1,2,13
202400006131,2024-09-16,Afternoon,3,1,3.0,1,1,06
202400006133,2024-09-16,Morning,3,1,7.0,1,1,67
202400006134,2024-11-27,Night,4,1,2.0,5,2,13
202400006136,2024-09-16,Morning,3,1,2.0,2,1,72
202400006138,2024-11-26,Morning,4,1,5.0,1,2,07
202400006139,2024-11-28,Night,3,1,6.0,5,1,06
202400006140,2024-09-13,Evening,4,1,2.0,1,1,57
202400006142,2024-11-27,Afternoon,3,1,6.0,1,2,06
202400006143,2024-09-08,Morning,4,2,2.0,1,1,33
202400006145,2024-09-15,Afternoon,3,1,7.0,1,2,95
202400006146,2024-11-27,Evening,4,1,3.0,5,2,06
202400006147,2024-04-26,Night,4,2,3.0,5,2,69
202400006148,2024-09-15,Evening,4,1,1.0,1,1,06
202400006149,2024-11-27,Morning,3,1,6.0,1,2,01
202400006151,2024-09-16,Morning,4,1,3.0,1,1,05
202400006152,2024-09-15,Evening,4,1,6.0,5,2,04
202400006154,2024-11-27,Evening,4,2,6.0,5,2,75
202400006155,2024-09-14,Morning,3,1,7.0,1,1,67
202400006156,2024-09-14,Morning,2,1,6.0,1,1,57
202400006157,2024-11-26,Evening,4,1,3.0,5,2,75
202400006158,2024-04-26,Afternoon,4,1,6.0,1,2,2A
202400006159,2024-04-26,Afternoon,4,1,3.0,1,2,95
202400006160,2024-11-27,Afternoon,4,2,1.0,1,2,75
202400006161,2024-04-25,Evening,4,1,3.0,2,2,95
202400006162,2024-09-15,Afternoon,4,1,5.0,1,2,38
202400006163,2024-11-27,Afternoon,4,1,6.0,1,2,75
202400006164,2024-04-26,Morning,4,1,7.0,1,2,95
202400006165,2024-11-26,Night,4,1,6.0,5,2,75
202400006166,2024-04-26,Morning,4,1,6.0,1,2,91
202400006167,2024-09-16,Evening,4,1,3.0,1,1,69
202400006168,2024-04-26,Evening,4,1,6.0,1,2,91
202400006169,2024-11-27,Morning,4,2,6.0,1,2,75
202400006170,2024-09-16,Afternoon,3,1,3.0,1,1,50
202400006171,2024-04-26,Morning,4,1,3.0,1,2,91
202400006172,2024-11-27,Afternoon,4,2,6.0,5,2,75
202400006173,2024-09-16,Afternoon,4,1,2.0,1,1,14
202400006174,2024-04-25,Afternoon,4,1,3.0,1,2,83
202400006175,2024-11-27,Morning,4,1,3.0,5,2,75
202400006176,2024-09-15,Morning,3,1,6.0,1,1,35
202400006177,2024-04-25,Night,4,1,2.0,3,1,83
202400006178,2024-09-16,Morning,4,1,2.0,2,2,60
202400006179,2024-11-27,Evening,4,2,2.0,5,2,75
202400006180,2024-04-23,Afternoon,3,1,6.0,1,2,83
202400006181,2024-11-27,Afternoon,4,1,7.0,1,2,75
202400006182,2024-04-22,Afternoon,4,1,3.0,1,2,80
202400006183,2024-11-27,Morning,4,1,6.0,1,2,75
202400006184,2024-04-26,Evening,4,1,3.0,1,1,78
202400006185,2024-11-26,Night,4,1,3.0,5,2,75
202400006186,2024-09-15,Afternoon,4,1,3.0,1,1,13
202400006187,2024-04-26,Evening,4,1,1.0,1,1,78
202400006188,2024-11-26,Evening,4,1,1.0,5,2,75
202400006189,2024-09-14,Evening,4,1,2.0,2,1,13
202400006190,2024-04-26,Morning,4,1,6.0,1,2,78
202400006191,2024-11-26,Afternoon,4,1,6.0,1,2,75
202400006192,2024-04-26,Afternoon,4,8,6.0,1,2,78
202400006193,2024-09-14,Afternoon,4,1,2.0,1,1,13
202400006194,2024-11-26,Afternoon,3,1,6.0,1,2,75
202400006195,2024-11-27,Morning,4,1,3.0,5,2,94
202400006196,2024-04-26,Evening,4,1,6.0,1,2,76
202400006197,2024-09-14,Afternoon,4,1,2.0,1,1,13
202400006198,2024-11-27,Evening,4,2,1.0,5,2,94
202400006199,2024-09-14,Afternoon,3,1,2.0,1,1,83
202400006200,2024-04-26,Afternoon,4,1,3.0,1,2,72
202400006201,2024-11-27,Afternoon,3,2,3.0,1,2,94
202400006202,2024-09-15,Afternoon,4,1,2.0,1,1,91
202400006203,2024-11-27,Afternoon,4,1,1.0,1,2,94
202400006204,2024-04-25,Evening,4,1,3.0,5,2,67
202400006205,2024-09-15,Morning,4,1,2.0,2,1,75
202400006206,2024-11-27,Evening,4,2,1.0,5,2,94
202400006207,2024-09-15,Evening,4,1,6.0,1,1,78
202400006208,2024-04-26,Afternoon,4,1,2.0,1,2,66
202400006209,2024-11-26,Night,3,1,3.0,5,2,93
202400006210,2024-04-24,Afternoon,3,1,2.0,1,1,66
202400006211,2024-09-15,Afternoon,4,1,5.0,1,1,78
202400006212,2024-11-27,Evening,4,2,6.0,5,2,92
202400006213,2024-04-26,Morning,4,1,3.0,1,2,64
202400006214,2024-09-15,Afternoon,4,1,2.0,1,1,78
202400006215,2024-11-27,Evening,4,2,6.0,2,2,92
202400006216,2024-04-24,Night,4,1,6.0,5,2,64
202400006217,2024-09-15,Afternoon,4,1,7.0,1,1,92
202400006218,2024-04-22,Evening,4,1,6.0,1,2,62
202400006219,2024-11-27,Afternoon,4,2,3.0,2,2,92
202400006220,2024-09-15,Morning,4,1,5.0,3,1,78
202400006221,2024-11-27,Morning,4,2,3.0,1,2,92
202400006222,2024-04-26,Night,4,8,3.0,5,2,62
202400006223,2024-09-15,Night,4,1,6.0,3,1,78
202400006224,2024-11-27,Morning,4,2,5.0,1,2,92
202400006225,2024-04-22,Evening,3,1,3.0,1,2,57
202400006226,2024-07-04,Afternoon,4,1,1.0,1,2,74
202400006227,2024-11-27,Morning,4,2,6.0,1,2,92
202400006228,2024-04-26,Afternoon,4,1,6.0,1,2,54
202400006229,2024-07-08,Afternoon,4,1,6.0,1,2,74
202400006230,2024-11-26,Afternoon,4,1,3.0,2,2,92
202400006231,2024-04-26,Evening,4,1,3.0,1,2,51
202400006232,2024-07-08,Morning,4,1,6.0,1,2,74
202400006233,2024-11-27,Morning,4,2,6.0,1,2,92
202400006234,2024-04-26,Morning,4,1,3.0,1,2,51
202400006236,2024-06-26,Afternoon,2,1,2.0,1,2,74
202400006237,2024-11-28,Morning,4,1,3.0,3,2,95
202400006238,2024-04-25,Evening,4,1,2.0,1,2,51
202400006239,2024-07-05,Morning,3,1,6.0,1,2,74
202400006240,2024-11-27,Afternoon,3,1,6.0,1,2,31
202400006241,2024-04-24,Afternoon,3,1,6.0,1,2,51
202400006242,2024-04-25,Morning,3,1,6.0,1,1,50
202400006243,2024-06-18,Morning,4,1,5.0,1,2,74
202400006244,2024-11-28,Afternoon,3,1,2.0,1,1,44
202400006245,2024-04-27,Night,3,1,3.0,5,1,49
202400006246,2024-11-28,Night,3,1,7.0,3,1,81
202400006247,2024-04-26,Afternoon,4,1,3.0,1,2,49
202400006248,2024-04-25,Evening,3,1,7.0,1,2,49
202400006249,2024-11-27,Afternoon,2,1,5.0,1,2,11
202400006250,2024-04-26,Afternoon,4,1,2.0,1,2,42
202400006251,2024-04-26,Evening,4,1,3.0,1,2,38
202400006252,2024-11-28,Afternoon,4,1,1.0,1,2,89
202400006253,2024-11-28,Morning,4,1,6.0,1,1,61
202400006254,2024-04-26,Evening,4,1,3.0,1,2,37
202400006255,2024-11-27,Night,3,1,6.0,4,1,86
202400006256,2024-08-11,Afternoon,2,1,6.0,1,1,33
202400006257,2024-11-27,Evening,4,5,1.0,3,1,31
202400006258,2024-04-26,Afternoon,4,1,4.0,1,2,37
202400006259,2024-08-10,Morning,4,1,1.0,1,2,14
202400006260,2024-04-26,Morning,4,1,7.0,1,1,37
202400006261,2024-11-22,Evening,4,1,2.0,3,1,15
202400006262,2024-07-29,Afternoon,3,1,3.0,1,2,80
202400006263,2024-11-27,Morning,3,1,7.0,1,1,01
202400006264,2024-04-26,Afternoon,4,1,3.0,1,1,35
202400006265,2024-08-09,Morning,2,1,3.0,1,1,69
202400006266,2024-04-26,Afternoon,3,2,6.0,1,2,35
202400006267,2024-11-27,Evening,4,2,1.0,3,1,72