Num_Acc,date,time_of_day,max_severity,weather,collision_type,lighting,urban_area,department
202400007221,2024-10-20,Afternoon,4,1,6.0,1,1,66
202400007222,2024-06-03,Morning,4,1,6.0,1,2,69
202400007223,2024-10-17,Evening,3,3,6.0,3,1,83
202400007225,2024-10-21,Morning,2,1,6.0,1,1,05
202400007227,2024-06-03,Afternoon,4,1,3.0,1,2,95
202400007228,2024-10-21,Morning,4,1,3.0,1,1,25
202400007229,2024-06-03,Morning,4,1,3.0,1,2,95
202400007230,2024-06-03,Morning,4,1,6.0,1,2,95
202400007231,2024-10-18,Morning,3,1,3.0,1,1,88
202400007232,2024-06-03,Morning,4,1,3.0,1,2,91
202400007233,2024-10-20,Afternoon,3,1,7.0,1,1,88
202400007234,2024-06-02,Afternoon,3,1,2.0,1,2,91
202400007235,2024-10-20,Night,4,1,6.0,4,2,64
202400007236,2024-06-03,Afternoon,4,1,3.0,1,2,91
202400007237,2024-10-21,Night,4,2,6.0,3,1,60
202400007238,2024-06-03,Night,4,1,3.0,4,2,87
202400007239,2024-10-20,Afternoon,4,1,2.0,1,1,13
202400007240,2024-06-02,Evening,4,1,2.0,2,2,87
202400007241,2024-05-31,Evening,4,1,3.0,2,2,87
202400007242,2024-10-20,Morning,4,1,2.0,1,1,91
202400007243,2024-06-02,Evening,4,1,6.0,1,2,84
202400007244,2024-10-20,Evening,4,1,4.0,3,1,93
202400007245,2024-10-20,Night,4,2,6.0,3,1,93
202400007246,2024-06-03,Morning,4,1,3.0,2,2,84
202400007247,2024-10-20,Night,4,2,6.0,3,1,92
202400007248,2024-06-02,Afternoon,4,1,3.0,1,2,83
202400007249,2024-06-01,Morning,4,1,6.0,1,2,83
202400007250,2024-10-20,Night,4,1,2.0,3,1,77
202400007251,2024-05-31,Afternoon,3,1,3.0,1,2,83
202400007252,2024-06-02,Evening,4,1,7.0,1,1,80
202400007253,2024-10-20,Afternoon,4,1,2.0,1,1,94
202400007254,2024-10-19,Night,3,1,7.0,3,1,77
202400007255,2024-06-03,Afternoon,4,1,5.0,1,1,78
202400007256,2024-05-31,Afternoon,4,1,3.0,1,2,73
202400007257,2024-06-03,Afternoon,4,1,3.0,1,2,78
202400007258,2024-06-01,Afternoon,2,1,7.0,1,2,84
202400007259,2024-06-30,Morning,3,8,1.0,1,1,50
202400007260,2024-10-10,Night,4,1,6.0,5,2,44
202400007261,2024-10-17,Afternoon,4,1,6.0,1,2,75
202400007262,2024-10-08,Morning,4,1,7.0,1,2,44
202400007263,2024-10-15,Morning,4,5,2.0,2,2,84
202400007264,2024-10-14,Morning,4,8,6.0,1,2,45
202400007265,2024-08-19,Morning,4,1,3.0,1,1,74
202400007266,2024-08-12,Morning,3,1,3.0,1,2,74
202400007267,2024-08-17,Afternoon,3,1,3.0,1,1,74
202400007268,2024-08-10,Afternoon,4,7,3.0,1,1,74
202400007269,2024-10-18,Afternoon,3,1,1.0,1,2,69
202400007271,2024-10-19,Night,4,1,2.0,5,2,69
202400007272,2024-10-19,Afternoon,4,1,5.0,1,1,69
202400007273,2024-10-19,Morning,4,8,3.0,5,2,2B
202400007276,2024-10-19,Night,4,2,3.0,5,2,2A
202400007277,2024-10-19,Evening,4,2,6.0,5,2,91
202400007278,2024-10-18,Afternoon,4,1,3.0,1,2,91
202400007279,2024-10-18,Afternoon,4,2,1.0,1,2,91
202400007280,2024-10-18,Evening,4,1,3.0,5,2,90
202400007281,2024-10-19,Afternoon,4,7,1.0,2,2,83
202400007282,2024-10-18,Afternoon,3,8,2.0,1,2,83
202400007283,2024-10-19,Evening,4,5,1.0,5,2,76
202400007284,2024-10-18,Afternoon,4,1,3.0,1,2,73
202400007285,2024-10-18,Afternoon,4,1,5.0,1,2,72
202400007286,2024-10-19,Evening,4,1,6.0,5,2,71
202400007287,2024-10-18,Afternoon,4,8,6.0,1,2,70
202400007288,2024-10-19,Afternoon,4,1,2.0,1,2,69
202400007289,2024-10-18,Afternoon,4,1,2.0,1,2,67
202400007290,2024-10-19,Afternoon,4,1,3.0,1,1,66
202400007291,2024-10-19,Night,4,2,6.0,5,2,64
202400007292,2024-10-18,Afternoon,4,2,7.0,1,1,64
202400007293,2024-10-14,Evening,4,8,3.0,1,2,61
202400007294,2024-10-19,Evening,4,2,1.0,5,2,59
202400007295,2024-10-19,Evening,3,3,6.0,5,2,59
202400007296,2024-10-18,Evening,4,2,1.0,2,2,59
202400007297,2024-10-18,Afternoon,4,1,3.0,1,2,58
202400007298,2024-10-19,Morning,4,1,3.0,1,2,54
202400007299,2024-10-19,Morning,4,2,6.0,5,2,54
202400007300,2024-10-19,Afternoon,4,1,6.0,1,2,51
202400007301,2024-10-18,Night,4,2,6.0,3,2,51
202400007302,2024-10-19,Afternoon,4,3,3.0,1,2,49
202400007303,2024-10-19,Evening,4,2,6.0,5,2,45
202400007304,2024-10-19,Morning,3,2,6.0,1,2,44
202400007305,2024-10-19,Night,4,8,1.0,5,2,37
202400007306,2024-10-19,Night,4,1,3.0,5,2,37
202400007307,2024-10-19,Afternoon,4,7,3.0,1,2,35
202400007308,2024-10-18,Afternoon,3,1,3.0,1,2,33
202400007309,2024-10-19,Evening,4,1,6.0,5,2,31
202400007310,2024-10-19,Afternoon,3,1,1.0,1,2,31
202400007311,2024-10-18,Morning,4,1,7.0,1,2,29
202400007312,2024-10-20,Night,4,2,6.0,3,2,27
202400007313,2024-10-19,Afternoon,4,8,1.0,1,2,19
202400007314,2024-10-20,Night,4,8,6.0,3,2,17
202400007315,2024-10-18,Afternoon,3,1,1.0,1,1,14
202400007316,2024-10-19,Evening,4,1,3.0,5,2,13
202400007317,2024-10-19,Afternoon,3,1,3.0,1,2,13
202400007318,2024-10-19,Morning,4,1,3.0,1,2,13
202400007319,2024-10-18,Afternoon,4,1,3.0,1,2,13
202400007320,2024-10-19,Evening,4,1,1.0,1,2,09
202400007321,2024-10-18,Afternoon,4,1,2.0,2,2,75
202400007322,2024-10-19,Afternoon,4,1,4.0,1,2,75
202400007323,2024-10-19,Morning,4,2,6.0,1,2,75
202400007324,2024-10-19,Afternoon,4,1,6.0,1,2,75
202400007325,2024-10-19,Night,4,1,2.0,5,2,75
202400007326,2024-10-19,Night,4,1,2.0,5,2,75
202400007327,2024-10-19,Morning,4,1,6.0,5,2,75
202400007328,2024-10-19,Afternoon,4,1,7.0,1,2,75
202400007329,2024-10-18,Morning,4,2,3.0,1,2,75
202400007330,2024-10-19,Night,4,1,3.0,5,2,94
202400007331,2024-10-19,Night,4,1,3.0,5,2,94
202400007332,2024-10-19,Evening,4,2,7.0,2,2,94
202400007333,2024-10-19,Evening,4,2,2.0,5,2,93
202400007334,2024-10-19,Afternoon,4,1,3.0,1,2,93
202400007335,2024-10-19,Afternoon,4,2,3.0,1,2,93
202400007336,2024-10-19,Afternoon,4,2,3.0,1,2,93
202400007337,2024-10-19,Night,4,1,3.0,5,2,93
202400007338,2024-10-19,Evening,4,2,1.0,5,2,93
202400007339,2024-10-19,Morning,4,1,1.0,1,2,92
202400007340,2024-10-19,Afternoon,4,8,3.0,1,2,92
202400007341,2024-10-18,Morning,3,1,3.0,1,1,92
202400007342,2024-10-19,Morning,4,1,2.0,1,1,42
202400007343,2024-10-19,Evening,2,1,6.0,5,2,57
202400007344,2024-10-19,Morning,4,2,3.0,1,1,14
202400007346,2024-10-15,Afternoon,4,1,3.0,1,1,59
202400007347,2024-10-13,Morning,3,1,6.0,1,1,81
202400007348,2024-10-19,Afternoon,4,1,1.0,1,1,81
202400007349,2024-10-19,Evening,4,1,1.0,3,1,11
202400007350,2024-10-20,Evening,4,1,3.0,5,2,71
202400007351,2024-10-20,Afternoon,4,1,7.0,1,1,63
202400007352,2024-10-19,Night,2,2,6.0,3,1,49
202400007353,2024-10-20,Afternoon,3,1,6.0,1,1,12
202400007354,2024-10-20,Night,4,2,6.0,3,1,35
202400007355,2024-10-20,Night,3,3,6.0,4,2,29
202400007356,2024-10-10,Morning,4,8,6.0,1,2,29
202400007357,2024-10-20,Evening,4,1,3.0,2,2,38
202400007358,2024-10-19,Evening,4,1,6.0,5,2,38
202400007359,2024-10-19,Afternoon,4,1,7.0,1,2,01
202400007360,2024-10-19,Night,4,9,6.0,3,1,01
202400007361,2024-10-19,Evening,3,1,6.0,4,2,26
202400007362,2024-10-20,Afternoon,3,1,6.0,1,1,58
202400007363,2024-10-20,Afternoon,4,2,7.0,1,1,50
202400007364,2024-10-20,Night,4,5,6.0,5,2,60
202400007365,2024-10-20,Evening,4,1,3.0,2,2,10
202400007366,2024-10-19,Night,3,1,7.0,3,1,36
202400007367,2024-10-19,Night,3,1,3.0,4,2,21
202400007368,2024-10-19,Night,3,1,6.0,3,1,24
202400007369,2024-10-19,Afternoon,3,3,1.0,1,1,37
202400007370,2024-10-19,Night,4,5,6.0,3,1,52
202400007371,2024-03-21,Night,4,1,7.0,3,1,60
202400007372,2024-03-21,Afternoon,3,1,3.0,1,1,64
202400007373,2024-03-16,Afternoon,3,1,1.0,1,1,73
202400007374,2024-03-20,Evening,4,1,3.0,1,1,40
202400007375,2024-03-01,Afternoon,4,1,5.0,1,1,04
202400007376,2024-03-20,Afternoon,3,1,6.0,1,1,87
202400007377,2024-03-21,Afternoon,4,7,7.0,1,1,52
202400007378,2024-03-20,Afternoon,3,1,6.0,1,1,08
202400007379,2024-03-20,Afternoon,3,7,6.0,1,2,88
202400007380,2024-03-10,Afternoon,3,4,5.0,1,1,04
202400007381,2024-03-06,Afternoon,3,1,3.0,1,2,38
202400007382,2024-03-21,Afternoon,4,1,3.0,1,2,13
202400007383,2024-03-21,Afternoon,3,1,3.0,1,2,95
202400007384,2024-03-20,Evening,4,1,3.0,1,2,95
202400007385,2024-03-20,Afternoon,4,1,2.0,1,1,33
202400007386,2024-02-21,Afternoon,3,1,6.0,1,1,36
202400007387,2024-03-18,Night,4,1,6.0,3,1,36
202400007388,2024-03-18,Afternoon,4,1,1.0,1,1,13
202400007390,2024-03-19,Afternoon,4,1,7.0,1,1,37
202400007391,2024-03-14,Morning,3,1,6.0,2,2,91
202400007392,2024-03-19,Night,3,1,6.0,3,1,66
202400007393,2024-03-21,Afternoon,4,1,4.0,1,1,84
202400007394,2024-03-20,Afternoon,3,7,1.0,1,1,70
202400007395,2024-03-20,Afternoon,3,1,7.0,1,2,63
202400007396,2024-03-06,Morning,3,1,3.0,1,2,38
202400007397,2024-03-20,Night,3,1,7.0,3,1,33
202400007398,2024-03-20,Afternoon,4,1,6.0,1,2,33
202400007399,2024-03-20,Evening,2,1,6.0,3,1,44
202400007400,2024-03-19,Morning,4,1,3.0,2,1,14
202400007401,2024-03-20,Afternoon,3,1,2.0,1,1,59
202400007402,2024-03-20,Afternoon,4,1,2.0,1,1,13
202400007403,2024-03-20,Morning,4,1,7.0,1,1,91
202400007404,2024-03-20,Morning,4,1,5.0,1,1,94
202400007405,2024-03-19,Afternoon,4,1,6.0,1,1,92
202400007406,2024-03-20,Morning,4,1,2.0,1,1,93
202400007407,2024-03-18,Evening,4,1,6.0,1,1,95
202400007413,2024-03-19,Morning,4,1,6.0,1,2,69
202400007414,2024-03-18,Afternoon,4,1,3.0,1,2,69
202400007415,2024-03-19,Morning,4,1,6.0,1,2,2A
202400007416,2024-03-19,Morning,4,1,4.0,1,1,2A
202400007417,2024-03-19,Morning,4,1,6.0,1,2,2A
202400007418,2024-03-19,Afternoon,4,1,6.0,1,2,91
202400007419,2024-03-19,Afternoon,4,1,1.0,1,2,91
202400007420,2024-03-19,Morning,4,1,6.0,1,2,91
202400007421,2024-03-18,Afternoon,4,1,3.0,1,2,86
202400007422,2024-03-18,Night,4,1,3.0,5,2,84
202400007423,2024-03-19,Afternoon,4,1,3.0,1,2,83
202400007424,2024-03-15,Morning,3,1,3.0,1,2,83
202400007425,2024-02-12,Afternoon,3,1,6.0,1,2,83
202400007426,2024-03-19,Evening,3,1,6.0,1,2,81
202400007427,2024-03-19,Evening,3,1,6.0,1,2,80
202400007428,2024-03-19,Morning,4,1,2.0,1,2,80
202400007429,2024-03-16,Night,2,1,7.0,3,2,80
202400007430,2024-03-17,Night,2,1,6.0,3,1,78
202400007431,2024-03-19,Morning,3,1,3.0,1,1,78
202400007432,2024-03-19,Evening,4,1,6.0,5,2,76
202400007433,2024-03-19,Morning,4,1,3.0,1,2,76
202400007434,2024-03-15,Afternoon,4,1,1.0,1,2,76
202400007435,2024-03-19,Afternoon,4,1,3.0,1,2,74
202400007436,2024-03-19,Afternoon,3,1,1.0,1,2,71
202400007437,2024-03-19,Evening,3,1,3.0,5,2,69
202400007438,2024-03-18,Evening,4,1,3.0,1,2,69
202400007439,2024-03-19,Morning,4,1,3.0,1,2,67
202400007440,2024-03-18,Afternoon,4,1,6.0,1,2,67
202400007441,2024-03-19,Morning,3,1,3.0,1,2,64
202400007442,2024-03-19,Morning,4,1,7.0,1,2,64
202400007443,2024-03-19,Afternoon,3,1,3.0,1,2,62
202400007444,2024-03-19,Afternoon,4,1,1.0,1,2,62
202400007445,2024-03-19,Afternoon,4,1,3.0,1,1,59
202400007446,2024-03-18,Afternoon,4,7,6.0,1,2,59
202400007447,2024-03-18,Morning,4,1,6.0,1,2,59
202400007448,2024-03-16,Morning,4,1,6.0,5,2,58
202400007449,2024-03-19,Morning,4,1,3.0,1,2,56
202400007450,2024-03-18,Morning,4,8,7.0,2,2,56
202400007451,2024-03-17,Night,4,1,7.0,5,2,55
202400007452,2024-03-04,Morning,4,1,7.0,1,2,55
202400007453,2024-03-18,Evening,4,2,1.0,5,2,54
202400007454,2024-03-18,Evening,4,2,3.0,1,2,54
202400007455,2024-03-18,Afternoon,4,1,6.0,1,2,54
202400007456,2024-03-18,Morning,4,2,1.0,1,1,54
202400007457,2024-03-19,Evening,4,1,3.0,2,2,54
202400007458,2024-03-19,Afternoon,4,1,3.0,1,1,54
202400007459,2024-03-16,Afternoon,4,1,6.0,1,2,50
202400007460,2024-01-27,Night,2,1,6.0,3,1,49
202400007461,2024-07-05,Afternoon,3,1,3.0,1,1,17
202400007462,2024-03-18,Evening,4,1,4.0,1,1,49
202400007463,2024-07-06,Morning,4,1,6.0,1,2,13
202400007464,2024-03-18,Evening,4,1,3.0,2,2,49
202400007465,2024-07-06,Evening,4,1,6.0,1,2,13
202400007466,2024-03-18,Afternoon,4,1,5.0,1,2,49
202400007467,2024-07-06,Night,4,1,3.0,5,2,13
202400007468,2024-07-05,Afternoon,4,1,1.0,1,2,13
202400007469,2024-01-28,Afternoon,4,1,3.0,1,2,46
202400007470,2024-07-05,Evening,4,1,3.0,1,2,13
202400007471,2024-03-19,Afternoon,3,1,6.0,1,2,44
202400007472,2024-07-06,Night,3,1,6.0,5,2,10
202400007473,2024-03-18,Morning,4,1,6.0,1,2,43
202400007474,2024-03-18,Afternoon,4,1,6.0,1,2,42
202400007475,2024-07-05,Afternoon,3,1,3.0,1,2,06
202400007476,2024-07-06,Evening,3,1,6.0,1,2,02
202400007477,2024-03-19,Afternoon,4,1,4.0,1,2,41
202400007478,2024-07-06,Morning,4,2,6.0,1,2,01
202400007479,2024-03-18,Afternoon,3,7,3.0,1,2,40
202400007480,2024-03-18,Evening,2,1,7.0,1,1,40
202400007481,2024-07-06,Afternoon,4,1,3.0,1,2,75
202400007482,2024-02-22,Evening,3,1,6.0,2,2,40
202400007483,2024-07-06,Morning,4,1,6.0,1,2,75
202400007484,2024-03-19,Morning,4,1,3.0,1,2,37
202400007485,2024-07-06,Afternoon,4,1,3.0,1,2,75
202400007486,2024-02-16,Night,4,1,7.0,5,2,35
202400007487,2024-07-05,Afternoon,4,1,6.0,1,2,75
202400007488,2024-03-19,Evening,4,1,3.0,5,2,33
202400007489,2024-07-06,Night,4,1,3.0,5,2,75
202400007490,2024-07-06,Evening,4,1,3.0,1,2,75
202400007491,2024-07-06,Afternoon,4,1,6.0,1,2,75
202400007492,2024-03-19,Evening,4,1,3.0,1,2,33
202400007493,2024-07-06,Night,4,1,3.0,5,2,75
202400007494,2024-03-19,Evening,4,1,3.0,1,2,33
202400007495,2024-07-06,Evening,4,1,7.0,1,2,75
202400007496,2024-07-06,Evening,4,1,2.0,2,2,94
202400007497,2024-07-06,Night,4,1,6.0,3,2,94
202400007498,2024-07-05,Morning,4,1,2.0,1,2,94
202400007499,2024-03-19,Morning,3,1,3.0,1,2,31
202400007500,2024-07-06,Evening,4,1,3.0,1,2,93
202400007501,2024-03-19,Afternoon,4,1,6.0,1,2,25
202400007502,2024-03-18,Morning,4,1,2.0,1,2,22
202400007503,2024-07-06,Afternoon,3,1,3.0,1,2,93
202400007504,2024-07-06,Night,4,1,3.0,5,2,92
202400007505,2024-03-19,Night,4,1,2.0,3,2,16
202400007506,2024-07-06,Afternoon,4,1,3.0,1,2,92
202400007507,2024-07-06,Evening,4,1,7.0,1,2,92
202400007508,2024-03-19,Afternoon,4,1,2.0,1,2,14
202400007509,2024-07-06,Afternoon,4,1,6.0,1,2,92
202400007510,2024-03-19,Evening,4,1,2.0,3,1,13
202400007511,2024-07-06,Evening,4,1,3.0,1,2,92
202400007512,2024-07-06,Afternoon,4,1,3.0,1,2,92
202400007513,2024-03-18,Afternoon,4,1,3.0,1,2,13
202400007514,2024-03-19,Afternoon,4,1,6.0,1,2,06
202400007516,2024-03-18,Afternoon,4,1,3.0,1,1,06
202400007517,2024-07-06,Night,3,1,2.0,2,1,40
202400007518,2024-03-19,Morning,4,1,2.0,1,1,06
202400007519,2024-06-28,Morning,4,1,1.0,1,2,59
202400007520,2024-07-07,Night,2,1,6.0,5,2,06
202400007521,2024-03-19,Evening,4,1,3.0,2,2,75
202400007522,2024-07-07,Afternoon,3,1,6.0,1,2,40
202400007523,2024-03-18,Afternoon,4,1,2.0,1,2,75
202400007524,2024-07-07,Night,3,1,6.0,3,1,81
202400007525,2024-03-19,Afternoon,4,1,7.0,1,2,75
202400007526,2024-07-07,Morning,4,1,3.0,1,1,68
202400007527,2024-03-18,Afternoon,3,1,6.0,1,2,75
202400007529,2024-03-19,Afternoon,4,1,6.0,1,2,75
202400007531,2024-03-19,Evening,4,1,6.0,5,2,75
202400007532,2024-07-07,Evening,3,1,6.0,1,1,11
202400007533,2024-03-19,Afternoon,4,1,3.0,1,2,75
202400007534,2024-07-07,Afternoon,3,1,3.0,1,1,01
202400007536,2024-03-19,Afternoon,4,1,3.0,1,2,75
202400007537,2024-07-06,Evening,4,2,6.0,1,1,42
202400007538,2024-07-07,Morning,3,1,7.0,1,1,51
202400007539,2024-03-19,Evening,4,1,7.0,5,2,75
202400007540,2024-07-07,Afternoon,4,1,7.0,1,1,77
202400007541,2024-03-19,Afternoon,4,1,6.0,1,2,75
202400007542,2024-03-19,Morning,4,1,6.0,1,2,75
202400007543,2024-03-19,Morning,4,1,7.0,1,2,75
202400007544,2024-07-07,Morning,3,1,3.0,1,1,80
202400007545,2024-07-07,Afternoon,4,1,7.0,1,1,63
202400007546,2024-03-19,Afternoon,4,1,6.0,1,2,75
202400007547,2024-07-06,Night,4,2,6.0,3,1,61
202400007548,2024-03-19,Evening,4,1,6.0,5,2,75
202400007549,2024-07-06,Morning,4,2,7.0,1,1,49
202400007550,2024-03-19,Morning,4,1,4.0,1,2,75
202400007551,2024-07-07,Evening,3,1,6.0,1,2,12
202400007552,2024-07-07,Afternoon,3,1,6.0,1,2,39
202400007553,2024-03-19,Morning,4,1,6.0,1,2,75
202400007554,2024-07-07,Afternoon,3,1,1.0,1,1,44
202400007555,2024-03-19,Afternoon,3,1,6.0,1,2,75
202400007556,2024-07-06,Afternoon,3,1,3.0,1,1,44
202400007557,2024-03-19,Afternoon,4,1,6.0,1,2,75
202400007558,2024-07-06,Night,3,1,6.0,4,2,35
202400007559,2024-03-18,Evening,4,1,5.0,1,2,94
202400007560,2024-07-07,Morning,3,1,3.0,1,2,29
202400007561,2024-07-06,Night,3,1,7.0,1,1,29
202400007562,2024-03-19,Morning,4,1,6.0,1,2,94
202400007563,2024-07-06,Morning,4,1,6.0,1,1,31
202400007564,2024-03-18,Evening,4,1,6.0,3,2,94
202400007565,2024-07-07,Afternoon,3,1,6.0,1,1,38
202400007566,2024-03-19,Afternoon,4,1,2.0,1,2,94
202400007567,2024-07-06,Afternoon,4,3,6.0,1,1,01
202400007568,2024-03-19,Morning,4,1,2.0,1,2,94
202400007569,2024-07-04,Morning,2,7,6.0,1,2,26
202400007570,2024-03-18,Evening,3,1,3.0,2,2,93
202400007571,2024-03-19,Evening,4,1,3.0,2,2,93
202400007572,2024-07-07,Night,2,1,7.0,3,1,72
202400007573,2024-03-19,Afternoon,4,1,3.0,1,2,93
202400007574,2024-07-07,Afternoon,4,1,1.0,1,1,06
202400007575,2024-03-19,Afternoon,4,1,6.0,1,2,93
202400007576,2024-07-02,Night,4,1,1.0,3,1,45
202400007577,2024-03-19,Afternoon,4,1,6.0,1,2,93
202400007578,2024-07-06,Afternoon,3,2,1.0,1,1,64
202400007579,2024-03-19,Night,4,1,3.0,3,2,93
202400007580,2024-03-19,Morning,4,1,3.0,1,2,93
202400007581,2024-07-07,Morning,4,1,3.0,1,2,73
202400007582,2024-03-19,Evening,3,1,3.0,5,2,93
202400007583,2024-07-07,Night,4,1,6.0,3,1,36
202400007584,2024-03-18,Morning,4,1,6.0,1,2,93
202400007585,2024-07-05,Evening,4,1,6.0,2,1,53
202400007586,2024-03-19,Afternoon,4,1,4.0,1,2,92
202400007587,2024-07-06,Evening,3,1,7.0,1,1,85
202400007588,2024-07-06,Afternoon,3,1,7.0,1,1,17
202400007589,2024-03-19,Morning,4,1,6.0,1,2,92
202400007590,2024-07-07,Afternoon,4,8,7.0,1,1,52
202400007591,2024-03-18,Afternoon,4,1,6.0,1,2,92
202400007592,2024-03-18,Evening,4,1,6.0,5,2,92
202400007594,2024-07-06,Morning,3,1,6.0,1,1,72
202400007595,2024-03-19,Morning,4,1,6.0,1,2,92
202400007596,2024-07-06,Afternoon,4,1,6.0,1,1,89
202400007597,2024-03-19,Morning,4,1,6.0,1,2,92
202400007598,2024-03-19,Evening,3,1,3.0,3,2,24
202400007599,2024-06-06,Afternoon,3,1,3.0,1,1,34
202400007602,2024-07-06,Evening,4,1,7.0,1,2,29
202400007603,2024-03-19,Afternoon,2,1,2.0,1,1,12
202400007604,2024-07-06,Night,4,1,3.0,2,1,91
202400007605,2024-03-10,Evening,4,2,1.0,3,1,83
202400007606,2024-07-06,Night,4,1,7.0,3,2,91
202400007607,2024-03-20,Afternoon,3,1,3.0,1,1,11
202400007608,2024-07-06,Evening,3,3,6.0,5,1,66
202400007609,2024-03-20,Morning,4,1,6.0,1,2,83
202400007610,2024-07-07,Morning,4,1,1.0,1,1,84
202400007611,2024-03-19,Afternoon,3,1,2.0,1,1,24
202400007612,2024-07-06,Afternoon,4,1,1.0,1,2,06
202400007613,2024-03-20,Afternoon,3,1,1.0,1,2,59
202400007614,2024-07-07,Morning,4,1,7.0,1,1,54
202400007615,2024-03-20,Evening,3,1,6.0,3,2,80
202400007616,2024-07-07,Afternoon,3,1,1.0,1,2,42
202400007617,2024-03-19,Afternoon,4,7,1.0,1,2,80
202400007618,2024-03-19,Morning,3,1,1.0,1,1,82
202400007619,2024-07-06,Night,4,3,1.0,3,1,07
202400007620,2024-03-11,Afternoon,4,1,6.0,1,2,42
202400007621,2024-07-07,Morning,4,1,6.0,1,2,01
202400007622,2024-03-20,Morning,3,1,3.0,1,2,46
202400007623,2024-07-07,Morning,4,1,1.0,1,2,60
202400007624,2024-03-19,Evening,4,1,2.0,2,1,68
202400007625,2024-03-18,Night,3,1,6.0,3,1,29
202400007626,2024-07-07,Night,2,1,1.0,3,1,80
202400007627,2024-03-20,Afternoon,4,1,2.0,1,2,15
202400007628,2024-07-07,Afternoon,4,1,2.0,1,1,80
202400007629,2024-03-18,Afternoon,4,1,3.0,1,2,70
202400007630,2024-03-20,Afternoon,4,1,1.0,1,2,06
202400007631,2024-07-06,Evening,2,1,6.0,1,2,62
202400007632,2024-03-17,Morning,3,1,6.0,1,2,10
202400007633,2024-07-07,Night,4,1,3.0,3,1,59
202400007634,2024-03-18,Night,3,1,6.0,3,1,24
202400007635,2024-07-05,Night,4,1,3.0,3,1,13
202400007636,2024-03-19,Afternoon,3,1,2.0,1,1,27
202400007637,2024-07-02,Night,4,1,2.0,3,1,13
202400007638,2024-03-20,Morning,3,1,1.0,1,1,37
202400007639,2024-07-05,Afternoon,4,1,7.0,1,1,13
202400007640,2024-03-19,Afternoon,3,1,3.0,1,1,24
202400007641,2024-07-05,Evening,4,1,2.0,1,1,91
202400007642,2024-03-20,Morning,4,1,4.0,1,1,06
202400007643,2024-07-05,Afternoon,4,1,2.0,1,1,91
202400007644,2024-07-06,Morning,4,1,6.0,2,1,92
202400007645,2024-03-18,Afternoon,3,1,2.0,1,1,86
202400007646,2024-07-05,Night,4,1,2.0,3,1,93
202400007649,2024-07-05,Evening,4,1,5.0,1,1,95
202400007650,2024-03-20,Night,4,1,7.0,3,1,2B
202400007651,2024-07-05,Evening,4,1,2.0,1,1,93
202400007652,2024-03-19,Evening,2,1,6.0,2,1,34
202400007653,2024-07-05,Evening,4,1,3.0,1,1,95
202400007654,2024-07-06,Morning,3,1,6.0,1,1,94
202400007655,2024-03-20,Evening,2,1,1.0,1,1,01
202400007656,2024-07-05,Morning,4,1,6.0,1,1,93
202400007657,2024-03-17,Night,3,1,6.0,5,2,09
202400007659,2024-03-19,Evening,4,1,3.0,5,2,33
202400007661,2024-03-19,Evening,4,1,3.0,2,1,35
202400007663,2024-03-20,Morning,3,1,3.0,1,1,76
202400007664,2024-07-05,Morning,4,1,3.0,1,2,69
202400007666,2024-03-19,Evening,4,1,5.0,2,1,60
202400007667,2024-03-19,Evening,2,1,6.0,5,2,80
202400007668,2024-07-02,Morning,3,1,2.0,1,2,69
202400007669,2024-03-18,Afternoon,4,1,6.0,1,2,13
202400007671,2024-03-17,Evening,4,1,6.0,3,1,13
202400007673,2024-03-19,Afternoon,4,1,2.0,1,1,33
202400007675,2024-03-15,Morning,4,2,4.0,1,1,59
202400007677,2024-07-05,Afternoon,4,1,6.0,1,2,2A
202400007678,2024-07-05,Afternoon,4,1,3.0,1,2,95
202400007679,2024-07-05,Morning,4,1,3.0,1,2,91
202400007680,2024-07-04,Morning,4,1,6.0,1,2,91
202400007681,2024-07-06,Night,4,1,2.0,5,2,91
202400007682,2024-07-06,Night,4,1,2.0,5,2,91
202400007683,2024-07-03,Night,4,1,3.0,5,2,91
202400007684,2024-07-04,Evening,4,1,2.0,1,1,91
202400007685,2024-07-03,Afternoon,3,1,3.0,1,2,89
202400007686,2024-07-04,Evening,4,1,6.0,1,1,87
202400007687,2024-07-04,Afternoon,4,1,3.0,1,1,87
202400007688,2024-07-02,Evening,4,1,2.0,1,2,85
202400007689,2024-07-05,Afternoon,4,1,2.0,1,2,84
202400007690,2024-07-06,Night,4,1,6.0,5,2,84
202400007691,2024-07-05,Afternoon,4,1,3.0,1,2,84
202400007692,2024-07-04,Afternoon,4,1,6.0,1,2,84
202400007693,2024-07-05,Evening,4,1,7.0,1,2,80
202400007694,2024-07-05,Afternoon,4,1,7.0,1,2,80
202400007695,2024-07-05,Afternoon,4,1,7.0,1,2,80
202400007696,2024-07-05,Night,4,1,4.0,5,1,78
202400007697,2024-07-05,Evening,3,1,6.0,1,2,77
202400007698,2024-07-05,Evening,3,1,6.0,1,2,76
202400007699,2024-07-04,Afternoon,3,1,6.0,1,2,69
202400007700,2024-07-05,Afternoon,4,1,3.0,1,2,67
202400007701,2024-07-05,Afternoon,4,1,3.0,1,2,67