Num_Acc,date,time_of_day,max_severity,weather,collision_type,lighting,urban_area,department
202400007702,2024-07-03,Evening,4,1,3.0,1,2,65
202400007703,2024-07-05,Evening,4,1,6.0,1,2,64
202400007704,2024-07-05,Evening,4,1,3.0,1,2,64
202400007705,2024-07-05,Afternoon,3,1,3.0,1,2,64
202400007706,2024-07-04,Evening,4,1,4.0,1,1,64
202400007707,2024-07-04,Afternoon,4,1,3.0,1,2,64
202400007708,2024-07-05,Afternoon,3,7,3.0,1,2,64
202400007709,2024-07-06,Night,3,1,3.0,5,2,63
202400007710,2024-07-05,Morning,3,3,6.0,1,2,62
202400007711,2024-07-05,Afternoon,4,1,6.0,1,2,59
202400007712,2024-07-06,Night,4,1,3.0,5,2,59
202400007713,2024-07-05,Evening,4,8,1.0,1,2,59
202400007714,2024-07-04,Afternoon,4,1,6.0,1,2,56
202400007715,2024-07-05,Afternoon,4,1,2.0,1,2,54
202400007716,2024-07-05,Morning,4,1,2.0,1,2,54
202400007717,2024-07-04,Afternoon,4,1,2.0,1,2,51
202400007718,2024-07-05,Afternoon,4,1,3.0,1,2,49
202400007719,2024-07-05,Afternoon,4,1,2.0,1,2,49
202400007720,2024-07-05,Afternoon,4,1,3.0,1,2,45
202400007721,2024-07-05,Evening,4,1,1.0,1,2,41
202400007722,2024-07-05,Morning,3,1,6.0,1,2,41
202400007723,2024-07-06,Night,4,1,1.0,5,2,38
202400007724,2024-07-05,Evening,4,1,1.0,1,2,37
202400007725,2024-07-05,Evening,4,1,2.0,1,2,37
202400007726,2024-07-05,Afternoon,4,1,3.0,1,2,37
202400007727,2024-07-05,Afternoon,4,1,3.0,1,2,36
202400007728,2024-07-05,Afternoon,4,1,3.0,1,2,35
202400007729,2024-07-05,Afternoon,4,1,4.0,1,1,35
202400007730,2024-07-05,Afternoon,4,1,3.0,1,1,35
202400007731,2024-07-05,Evening,4,1,2.0,1,2,33
202400007732,2024-07-06,Night,4,1,2.0,3,1,29
202400007733,2024-07-05,Afternoon,3,1,6.0,1,2,22
202400007734,2024-07-02,Afternoon,4,1,4.0,1,2,22
202400007735,2024-07-04,Night,3,1,1.0,5,2,16
202400007736,2024-07-04,Morning,4,2,7.0,1,1,15
202400007737,2024-05-06,Afternoon,4,1,3.0,1,2,14
202400007738,2024-06-27,Night,2,1,6.0,5,2,13
202400007739,2024-07-05,Evening,4,1,1.0,1,2,13
202400007740,2024-07-05,Night,4,1,3.0,5,2,13
202400007741,2024-07-04,Evening,4,1,3.0,1,2,13
202400007742,2024-07-05,Morning,3,1,3.0,1,1,12
202400007743,2024-07-05,Evening,4,1,5.0,1,2,06
202400007744,2024-07-05,Afternoon,3,1,3.0,1,1,06
202400007745,2024-07-05,Evening,4,1,3.0,1,2,06
202400007746,2024-07-05,Morning,4,1,6.0,1,2,04
202400007747,2024-07-05,Night,3,1,2.0,5,2,03
202400007748,2024-07-05,Afternoon,4,1,7.0,1,2,75
202400007749,2024-07-04,Morning,4,1,5.0,1,2,75
202400007750,2024-07-04,Night,4,1,2.0,5,2,75
202400007751,2024-07-05,Afternoon,4,1,1.0,1,2,75
202400007752,2024-07-04,Afternoon,4,1,1.0,1,2,75
202400007753,2024-07-05,Night,4,1,3.0,5,2,75
202400007754,2024-07-05,Afternoon,4,1,6.0,1,2,75
202400007755,2024-07-14,Afternoon,3,1,6.0,1,1,84
202400007756,2024-06-17,Night,4,1,3.0,3,1,84
202400007761,2024-09-14,Night,4,1,1.0,5,2,69
202400007762,2024-09-14,Night,4,1,6.0,5,2,69
202400007763,2024-09-13,Afternoon,4,2,6.0,1,2,95
202400007764,2024-09-14,Afternoon,4,1,4.0,1,2,91
202400007765,2024-09-01,Evening,4,1,1.0,3,1,89
202400007766,2024-09-14,Morning,4,6,3.0,1,2,84
202400007767,2024-09-13,Afternoon,4,1,6.0,1,2,83
202400007768,2024-09-14,Afternoon,4,1,2.0,1,1,80
202400007769,2024-09-13,Evening,4,1,5.0,1,2,79
202400007770,2024-09-14,Afternoon,4,1,6.0,1,2,78
202400007771,2024-09-13,Morning,4,1,6.0,1,2,72
202400007772,2024-09-14,Morning,4,1,3.0,1,2,71
202400007773,2024-09-14,Evening,4,1,6.0,2,2,69
202400007774,2024-09-14,Evening,4,1,6.0,1,2,69
202400007775,2024-09-13,Afternoon,4,1,6.0,1,2,69
202400007776,2024-09-14,Night,3,1,7.0,5,2,67
202400007777,2024-09-14,Evening,4,1,2.0,1,2,64
202400007778,2024-09-14,Afternoon,4,1,2.0,1,2,64
202400007779,2024-09-14,Evening,4,1,4.0,2,1,64
202400007780,2024-09-13,Afternoon,4,1,2.0,1,2,64
202400007781,2024-09-14,Evening,4,1,2.0,1,2,64
202400007782,2024-07-18,Morning,4,1,2.0,1,1,13
202400007783,2024-07-09,Evening,3,1,7.0,1,1,13
202400007784,2024-09-14,Morning,4,1,3.0,1,2,64
202400007785,2024-07-04,Morning,4,1,3.0,1,2,13
202400007786,2024-09-11,Evening,3,1,3.0,1,2,62
202400007787,2024-07-08,Morning,4,1,2.0,1,1,13
202400007788,2024-07-02,Afternoon,4,1,3.0,1,1,13
202400007789,2024-09-13,Afternoon,4,1,1.0,1,2,58
202400007792,2024-09-14,Evening,3,1,3.0,3,1,49
202400007793,2024-09-14,Morning,3,7,6.0,1,2,44
202400007795,2024-09-14,Afternoon,4,1,6.0,1,2,37
202400007797,2024-09-14,Afternoon,4,1,2.0,1,2,37
202400007800,2024-09-14,Morning,4,1,2.0,1,2,35
202400007803,2024-09-13,Afternoon,4,1,3.0,1,2,35
202400007804,2024-04-27,Night,4,2,6.0,5,1,83
202400007805,2024-09-14,Evening,4,1,3.0,1,2,34
202400007808,2024-11-26,Evening,4,1,6.0,5,2,69
202400007809,2024-09-14,Afternoon,4,1,3.0,1,2,30
202400007811,2024-11-26,Night,3,1,3.0,5,2,69
202400007812,2024-09-09,Evening,4,1,2.0,3,1,29
202400007813,2024-09-13,Night,4,1,7.0,3,1,27
202400007814,2024-04-26,Afternoon,4,1,3.0,1,2,95
202400007815,2024-11-26,Afternoon,3,1,1.0,1,2,69
202400007816,2024-09-13,Afternoon,4,1,2.0,1,1,22
202400007817,2024-11-26,Morning,4,8,3.0,1,2,69
202400007818,2024-04-15,Morning,3,1,6.0,1,2,91
202400007819,2024-09-14,Night,4,1,6.0,4,1,22
202400007821,2024-09-14,Evening,4,1,3.0,1,2,19
202400007822,2024-04-27,Night,4,2,2.0,5,1,91
202400007824,2024-09-14,Morning,2,1,2.0,1,2,14
202400007825,2024-04-27,Afternoon,2,2,1.0,1,1,78
202400007826,2024-04-27,Morning,3,1,6.0,2,1,2B
202400007828,2024-09-13,Evening,4,1,4.0,1,1,14
202400007830,2024-04-27,Afternoon,3,1,3.0,1,2,83
202400007831,2024-09-15,Night,4,1,1.0,5,2,13
202400007832,2024-11-26,Afternoon,4,1,3.0,1,2,69
202400007833,2024-04-27,Morning,4,1,4.0,1,2,38
202400007834,2024-09-14,Afternoon,4,1,5.0,1,2,13
202400007835,2024-11-26,Morning,4,1,3.0,1,2,95
202400007836,2024-04-26,Morning,3,1,6.0,1,1,31
202400007837,2024-04-26,Evening,2,1,7.0,1,1,17
202400007838,2024-09-14,Night,4,1,1.0,5,2,13
202400007839,2024-11-26,Morning,4,1,4.0,1,2,95
202400007840,2024-04-26,Night,3,1,2.0,3,2,72
202400007841,2024-09-14,Evening,3,1,3.0,1,2,13
202400007842,2024-04-24,Afternoon,4,2,2.0,1,2,49
202400007843,2024-11-26,Afternoon,4,1,3.0,1,2,91
202400007844,2024-09-14,Morning,3,1,5.0,1,2,06
202400007845,2024-11-25,Afternoon,4,2,6.0,1,2,91
202400007846,2024-04-24,Morning,3,1,3.0,1,2,44
202400007847,2024-11-25,Afternoon,4,3,6.0,3,2,88
202400007848,2024-09-13,Morning,4,1,2.0,1,2,04
202400007849,2024-04-27,Morning,3,1,1.0,1,1,50
202400007850,2024-11-26,Afternoon,3,1,1.0,1,1,86
202400007851,2024-04-26,Night,4,2,2.0,3,1,60
202400007852,2024-09-13,Afternoon,4,1,3.0,1,2,03
202400007853,2024-11-21,Afternoon,3,6,6.0,1,2,86
202400007854,2024-04-27,Night,4,1,1.0,3,1,02
202400007855,2024-09-13,Afternoon,4,1,3.0,1,2,75
202400007856,2024-04-27,Morning,4,1,1.0,1,1,59
202400007857,2024-11-12,Morning,4,1,6.0,1,1,84
202400007858,2024-09-13,Night,4,1,3.0,5,2,75
202400007859,2024-04-25,Morning,4,1,2.0,1,1,83
202400007860,2024-11-26,Afternoon,4,1,6.0,1,2,83
202400007861,2024-09-14,Morning,4,1,3.0,1,2,75
202400007862,2024-04-25,Afternoon,3,1,6.0,1,1,42
202400007863,2024-11-26,Afternoon,3,1,6.0,5,2,83
202400007864,2024-09-14,Morning,4,1,3.0,1,2,75
202400007865,2024-11-25,Afternoon,4,1,1.0,1,1,83
202400007866,2024-04-26,Afternoon,4,2,4.0,1,1,33
202400007867,2024-08-23,Afternoon,3,1,7.0,1,2,75
202400007868,2024-04-24,Evening,4,1,2.0,1,1,33
202400007869,2024-11-25,Afternoon,4,2,5.0,1,1,80
202400007870,2024-09-14,Morning,4,1,6.0,1,2,75
202400007871,2024-11-24,Morning,4,6,3.0,1,1,80
202400007872,2024-04-26,Morning,4,1,5.0,1,1,93
202400007873,2024-09-14,Night,4,1,6.0,5,2,75
202400007874,2024-11-12,Morning,3,8,6.0,1,2,95
202400007875,2024-04-26,Afternoon,4,1,4.0,1,1,95
202400007876,2024-09-14,Afternoon,4,1,6.0,1,2,94
202400007877,2024-04-26,Morning,3,1,5.0,1,1,93
202400007878,2024-09-14,Afternoon,4,1,3.0,1,2,94
202400007879,2024-11-26,Evening,4,1,4.0,3,1,77
202400007880,2024-04-26,Night,4,1,6.0,3,1,95
202400007881,2024-09-13,Evening,3,2,1.0,5,2,94
202400007882,2024-11-26,Morning,4,1,3.0,1,1,76
202400007884,2024-09-14,Evening,4,1,3.0,5,2,93
202400007885,2024-11-26,Morning,4,1,2.0,1,2,76
202400007886,2024-04-25,Night,4,1,3.0,5,2,69
202400007887,2024-11-26,Morning,4,5,2.0,1,1,72
202400007888,2024-09-14,Afternoon,4,1,2.0,1,2,93
202400007889,2024-04-25,Afternoon,4,1,3.0,1,2,69
202400007890,2024-11-25,Afternoon,4,1,3.0,1,2,72
202400007892,2024-11-25,Afternoon,4,1,6.0,1,2,71
202400007893,2024-11-26,Afternoon,3,1,3.0,1,2,67
202400007895,2024-09-14,Night,4,1,6.0,5,2,93
202400007896,2024-11-26,Morning,4,1,3.0,1,2,67
202400007897,2024-09-13,Night,4,1,6.0,3,2,93
202400007898,2024-04-26,Night,4,2,3.0,5,2,69
202400007899,2024-11-25,Afternoon,4,8,1.0,5,2,64
202400007900,2024-04-25,Afternoon,3,1,6.0,1,2,69
202400007901,2024-09-14,Evening,4,1,3.0,1,2,93
202400007903,2024-11-25,Afternoon,4,8,2.0,1,2,64
202400007904,2024-09-14,Morning,4,1,2.0,1,2,93
202400007906,2024-11-25,Morning,4,3,3.0,1,2,64
202400007908,2024-09-13,Night,4,1,3.0,5,2,93
202400007909,2024-11-25,Afternoon,4,2,6.0,5,2,63
202400007910,2024-04-25,Afternoon,4,1,1.0,1,2,91
202400007911,2024-11-25,Afternoon,4,2,6.0,5,2,63
202400007912,2024-09-14,Afternoon,4,1,3.0,1,2,93
202400007913,2024-04-24,Evening,3,1,7.0,1,2,91
202400007914,2024-11-26,Morning,3,2,6.0,5,2,59
202400007915,2024-09-13,Evening,4,1,3.0,2,2,93
202400007916,2024-04-23,Afternoon,4,1,6.0,1,2,87
202400007917,2024-09-14,Morning,4,1,6.0,1,2,92
202400007918,2024-04-22,Morning,3,1,3.0,1,2,85
202400007919,2024-11-25,Evening,4,8,3.0,5,2,59
202400007920,2024-09-14,Afternoon,4,1,6.0,1,2,92
202400007921,2024-04-24,Afternoon,4,1,3.0,1,2,84
202400007922,2024-09-14,Night,4,1,6.0,5,2,92
202400007923,2024-11-26,Morning,4,3,6.0,2,2,59
202400007924,2024-04-25,Afternoon,3,1,1.0,1,2,83
202400007925,2024-09-14,Evening,4,1,3.0,1,2,92
202400007926,2024-11-26,Morning,4,2,3.0,1,2,59
202400007927,2024-04-25,Afternoon,4,1,3.0,1,2,83
202400007928,2024-09-14,Evening,4,1,6.0,1,2,92
202400007929,2024-11-25,Afternoon,4,2,2.0,3,2,56
202400007930,2024-09-14,Evening,4,1,7.0,1,2,92
202400007931,2024-04-25,Evening,4,1,5.0,1,2,81
202400007932,2024-11-26,Morning,4,1,6.0,1,2,54
202400007933,2024-09-15,Night,4,1,7.0,5,2,09
202400007934,2024-04-25,Evening,3,1,1.0,2,2,78
202400007935,2024-09-15,Afternoon,2,1,6.0,1,2,60
202400007936,2024-11-25,Morning,4,6,3.0,1,2,54
202400007937,2024-04-25,Afternoon,3,1,7.0,1,2,78
202400007938,2024-09-14,Evening,4,1,3.0,5,2,80
202400007939,2024-11-26,Afternoon,4,1,3.0,1,2,51
202400007940,2024-09-14,Morning,4,1,7.0,1,1,71
202400007941,2024-11-25,Afternoon,4,2,1.0,1,2,51
202400007942,2024-04-25,Evening,3,1,1.0,1,1,77
202400007943,2024-09-15,Morning,4,7,6.0,1,2,49
202400007944,2024-11-26,Morning,4,1,3.0,2,2,49
202400007945,2024-04-24,Afternoon,3,1,2.0,1,2,77
202400007946,2024-09-15,Morning,2,1,3.0,1,1,68
202400007947,2024-11-25,Evening,4,2,6.0,2,2,49
202400007948,2024-04-24,Morning,4,1,6.0,1,2,77
202400007949,2024-09-14,Evening,3,1,6.0,3,1,22
202400007950,2024-11-25,Morning,4,2,3.0,1,2,49
202400007952,2024-04-24,Afternoon,3,1,4.0,1,1,76
202400007953,2024-11-26,Afternoon,4,1,6.0,1,2,46
202400007954,2024-04-25,Morning,4,1,6.0,1,2,76
202400007955,2024-09-15,Morning,3,1,3.0,3,1,50
202400007956,2024-11-26,Afternoon,4,1,3.0,1,2,45
202400007957,2024-04-25,Evening,4,1,6.0,1,2,74
202400007958,2024-11-26,Morning,4,8,6.0,1,2,45
202400007959,2024-04-24,Afternoon,4,1,6.0,1,2,71
202400007960,2024-09-14,Afternoon,4,1,3.0,1,1,35
202400007961,2024-11-26,Evening,4,1,6.0,5,2,44
202400007962,2024-09-15,Night,3,1,6.0,3,1,57
202400007963,2024-04-25,Night,4,1,3.0,5,2,69
202400007964,2024-11-25,Afternoon,4,6,3.0,5,2,43
202400007965,2024-04-25,Evening,4,1,3.0,5,2,69
202400007966,2024-08-13,Afternoon,4,1,1.0,1,1,19
202400007967,2024-11-22,Evening,4,1,6.0,5,2,40
202400007968,2024-04-25,Morning,4,1,3.0,5,2,69
202400007969,2024-09-14,Afternoon,3,1,1.0,1,1,56
202400007970,2024-04-25,Morning,3,1,3.0,1,2,65
202400007971,2024-11-20,Afternoon,4,1,4.0,1,2,40
202400007972,2024-04-26,Night,4,2,7.0,5,2,64
202400007973,2024-11-15,Morning,3,1,6.0,1,2,38
202400007974,2024-04-25,Morning,4,3,3.0,1,2,64
202400007975,2024-11-26,Evening,4,1,6.0,5,2,35
202400007976,2024-04-25,Morning,4,1,3.0,1,2,63
202400007977,2024-09-15,Afternoon,3,1,1.0,1,1,56
202400007978,2024-04-24,Afternoon,4,1,3.0,1,2,62
202400007979,2024-11-26,Morning,4,1,2.0,1,1,35
202400007980,2024-09-15,Afternoon,2,1,7.0,1,1,76
202400007981,2024-04-24,Afternoon,3,1,1.0,1,2,62
202400007982,2024-04-19,Morning,4,1,6.0,1,2,62
202400007983,2024-09-15,Morning,4,1,7.0,1,1,81
202400007984,2024-11-25,Afternoon,3,1,6.0,1,2,34
202400007985,2024-04-23,Morning,3,7,3.0,1,2,62
202400007986,2024-09-14,Evening,4,1,7.0,1,1,81
202400007987,2024-11-26,Afternoon,4,1,2.0,1,2,33
202400007988,2024-04-11,Afternoon,4,1,2.0,1,1,61
202400007989,2024-09-15,Evening,4,1,6.0,1,1,39
202400007990,2024-11-06,Afternoon,4,8,3.0,1,2,33
202400007991,2024-04-25,Morning,4,1,3.0,1,2,59
202400007992,2024-11-26,Evening,3,1,6.0,5,2,31
202400007993,2024-04-25,Evening,3,1,3.0,2,2,59
202400007994,2024-09-14,Afternoon,3,1,3.0,1,1,44
202400007995,2024-04-24,Afternoon,4,1,3.0,1,2,59
202400007996,2024-10-23,Afternoon,3,1,7.0,1,2,30
202400007997,2024-09-14,Afternoon,3,1,6.0,1,1,38
202400007998,2024-04-25,Morning,4,1,2.0,1,2,56
202400007999,2024-11-26,Afternoon,4,1,3.0,2,2,30
202400008000,2024-09-15,Night,3,1,7.0,3,1,38
202400008001,2024-04-24,Morning,4,7,3.0,1,2,56
202400008002,2024-11-25,Afternoon,4,1,1.0,1,2,29
202400008003,2024-04-25,Morning,3,1,3.0,1,2,54
202400008004,2024-11-25,Morning,4,2,2.0,2,2,29
202400008005,2024-04-24,Afternoon,4,3,6.0,1,2,54
202400008006,2024-09-15,Afternoon,2,1,5.0,1,1,38
202400008007,2024-11-20,Afternoon,4,1,3.0,1,2,28
202400008008,2024-04-24,Morning,4,1,6.0,1,2,54
202400008009,2024-11-26,Evening,3,1,6.0,5,2,27
202400008010,2024-09-15,Evening,3,1,1.0,1,2,02
202400008011,2024-09-15,Morning,4,1,4.0,1,2,02
202400008012,2024-04-25,Afternoon,3,1,3.0,1,2,53
202400008013,2024-09-14,Morning,3,1,6.0,1,1,02
202400008014,2024-11-26,Afternoon,4,1,2.0,3,1,25
202400008015,2024-04-24,Evening,4,1,2.0,1,2,50
202400008016,2024-09-14,Afternoon,4,1,1.0,1,1,03
202400008017,2024-11-26,Afternoon,4,1,6.0,2,2,17
202400008018,2024-04-25,Morning,4,1,3.0,1,2,43
202400008019,2024-09-15,Afternoon,4,1,7.0,1,1,01
202400008020,2024-04-25,Morning,4,1,6.0,1,2,41
202400008021,2024-11-26,Evening,4,1,2.0,5,2,14
202400008022,2024-04-25,Afternoon,4,2,2.0,1,2,37
202400008023,2024-09-15,Afternoon,4,1,7.0,1,1,58
202400008024,2024-11-25,Evening,4,2,2.0,5,2,14
202400008025,2024-09-14,Afternoon,4,1,6.0,1,1,06
202400008026,2024-04-25,Morning,4,1,2.0,1,1,37
202400008027,2024-09-14,Afternoon,3,1,6.0,1,1,05
202400008028,2024-04-25,Morning,4,1,3.0,1,2,35
202400008029,2024-09-14,Evening,3,8,6.0,1,1,09
202400008030,2024-11-25,Morning,4,2,4.0,1,1,14
202400008031,2024-04-25,Afternoon,4,1,3.0,1,2,34
202400008032,2024-09-14,Afternoon,4,1,3.0,1,2,45
202400008033,2024-04-24,Night,4,1,3.0,5,2,34
202400008034,2024-11-26,Afternoon,3,1,3.0,2,2,13
202400008035,2024-04-25,Afternoon,4,1,6.0,1,2,33
202400008036,2024-09-15,Morning,3,5,1.0,1,1,10
202400008037,2024-04-24,Evening,4,2,6.0,1,2,33
202400008038,2024-11-26,Morning,4,1,1.0,1,2,13
202400008039,2024-09-15,Morning,4,1,7.0,1,1,07
202400008040,2024-04-25,Afternoon,4,1,4.0,1,1,31
202400008041,2024-11-26,Night,4,1,3.0,5,2,13
202400008042,2024-09-14,Afternoon,3,1,3.0,1,1,21
202400008043,2024-04-25,Morning,4,1,3.0,1,1,31
202400008044,2024-11-26,Afternoon,4,1,2.0,1,2,13
202400008045,2024-04-25,Night,4,2,6.0,5,1,31
202400008046,2024-09-15,Afternoon,4,1,1.0,1,1,04
202400008047,2024-11-17,Night,4,1,3.0,5,2,13
202400008048,2024-04-21,Evening,4,1,7.0,1,1,30
202400008049,2024-09-15,Morning,3,1,7.0,1,1,85
202400008050,2024-04-24,Afternoon,4,1,2.0,1,2,30
202400008051,2024-11-25,Afternoon,4,1,2.0,1,2,13
202400008052,2024-11-26,Morning,4,1,7.0,1,2,13
202400008053,2024-04-25,Night,4,1,3.0,5,2,28
202400008054,2024-09-10,Evening,3,1,6.0,3,1,67
202400008055,2024-11-26,Morning,4,8,3.0,1,2,13
202400008056,2024-04-24,Afternoon,4,1,6.0,1,2,27
202400008057,2024-11-24,Afternoon,3,1,6.0,1,2,11
202400008058,2024-04-25,Afternoon,4,1,6.0,1,2,27
202400008059,2024-11-26,Morning,3,7,3.0,1,2,07
202400008060,2024-04-24,Evening,4,1,3.0,1,2,25
202400008061,2024-11-26,Afternoon,4,1,2.0,5,2,04
202400008062,2024-04-24,Afternoon,4,1,3.0,1,2,25
202400008063,2024-11-26,Evening,4,1,1.0,5,2,04
202400008064,2024-11-26,Afternoon,4,1,1.0,1,1,01
202400008065,2024-04-25,Afternoon,4,1,3.0,1,2,25
202400008066,2024-04-24,Afternoon,3,2,6.0,1,2,25
202400008067,2024-11-26,Afternoon,4,1,2.0,1,2,75
202400008068,2024-04-24,Evening,4,1,6.0,1,2,22
202400008069,2024-11-26,Morning,4,1,6.0,1,2,75
202400008070,2024-04-24,Afternoon,4,1,4.0,1,2,22
202400008071,2024-09-05,Night,4,3,7.0,3,1,18
202400008072,2024-11-26,Evening,3,1,3.0,5,2,75
202400008073,2024-09-14,Afternoon,4,1,7.0,1,1,36
202400008074,2024-04-24,Afternoon,4,1,3.0,1,2,19
202400008075,2024-11-26,Afternoon,4,1,6.0,1,2,75
202400008076,2024-11-26,Afternoon,4,1,6.0,2,2,75
202400008077,2024-11-25,Evening,3,1,3.0,5,2,75
202400008078,2024-04-24,Morning,3,1,1.0,1,2,19
202400008079,2024-09-15,Afternoon,3,1,3.0,1,1,77
202400008080,2024-11-25,Morning,4,3,7.0,1,2,75
202400008081,2024-04-25,Night,4,1,6.0,3,2,13
202400008082,2024-11-26,Afternoon,4,1,3.0,1,2,75
202400008083,2024-04-04,Morning,4,1,6.0,1,1,13
202400008084,2024-11-26,Morning,4,1,3.0,1,2,75
202400008085,2024-04-25,Evening,4,1,3.0,1,2,13
202400008086,2024-11-26,Evening,4,1,2.0,5,2,75
202400008087,2024-09-14,Evening,4,1,4.0,1,1,30
202400008088,2024-04-25,Afternoon,4,1,2.0,1,2,13
202400008089,2024-09-15,Morning,3,1,7.0,1,1,83
202400008090,2024-11-26,Morning,4,8,3.0,1,2,75
202400008091,2024-04-24,Afternoon,4,1,6.0,1,2,13
202400008092,2024-11-25,Afternoon,4,2,7.0,5,2,75
202400008093,2024-04-25,Morning,3,1,3.0,1,2,13
202400008094,2024-09-15,Afternoon,3,1,2.0,1,1,13
202400008095,2024-11-26,Afternoon,4,1,3.0,1,2,94
202400008096,2024-04-24,Morning,4,1,2.0,1,2,13
202400008097,2024-11-26,Afternoon,4,1,3.0,2,2,94
202400008098,2024-09-15,Afternoon,4,1,2.0,1,1,25
202400008099,2024-11-26,Morning,4,2,3.0,1,2,94
202400008100,2024-09-15,Morning,3,1,3.0,1,1,68
202400008101,2024-04-25,Morning,4,1,3.0,1,1,13
202400008102,2024-11-26,Evening,4,1,2.0,5,1,94
202400008103,2024-04-25,Morning,4,1,6.0,1,2,11
202400008104,2024-09-15,Evening,2,1,7.0,1,2,55
202400008105,2024-09-15,Morning,3,1,6.0,1,1,03
202400008106,2024-11-26,Night,4,2,3.0,5,1,94
202400008107,2024-04-20,Afternoon,4,1,3.0,1,2,05
202400008108,2024-11-26,Evening,4,1,6.0,5,2,94
202400008109,2024-09-14,Afternoon,4,1,3.0,1,1,17
202400008110,2024-04-25,Morning,4,1,4.0,1,2,75
202400008111,2024-04-25,Morning,4,1,2.0,1,2,75
202400008112,2024-11-26,Evening,4,8,1.0,5,2,94
202400008113,2024-09-14,Afternoon,4,1,4.0,1,2,33
202400008114,2024-11-26,Morning,4,2,6.0,5,2,94
202400008115,2024-04-25,Morning,4,1,5.0,1,2,75
202400008116,2024-09-10,Afternoon,3,1,6.0,1,1,22
202400008117,2024-04-24,Evening,4,1,6.0,5,2,75
202400008118,2024-11-26,Morning,4,8,6.0,1,2,94
202400008119,2024-09-15,Morning,2,1,6.0,3,1,35
202400008120,2024-11-25,Evening,4,2,6.0,5,2,94
202400008121,2024-04-25,Morning,4,1,3.0,1,2,75
202400008122,2024-09-14,Afternoon,4,1,2.0,1,1,76
202400008123,2024-11-26,Afternoon,4,1,6.0,1,2,93
202400008124,2024-09-13,Evening,4,1,6.0,5,1,13
202400008125,2024-04-24,Afternoon,4,1,6.0,1,2,75
202400008126,2024-11-25,Night,4,2,2.0,5,2,93
202400008127,2024-04-25,Morning,4,1,6.0,1,2,75
202400008128,2024-09-14,Morning,4,1,4.0,1,1,94
202400008129,2024-11-26,Night,4,2,3.0,5,2,93
202400008130,2024-03-15,Afternoon,4,1,2.0,1,1,13
202400008131,2024-09-14,Morning,4,1,2.0,1,1,78
202400008132,2024-04-25,Evening,4,1,3.0,1,2,75
202400008133,2024-04-25,Morning,4,1,6.0,1,2,75
202400008134,2024-11-12,Evening,4,1,1.0,5,2,93
202400008135,2024-09-13,Evening,4,1,2.0,1,1,78
202400008136,2024-03-23,Afternoon,4,1,3.0,1,1,32
202400008137,2024-11-26,Night,3,1,6.0,5,2,93
202400008138,2024-04-25,Afternoon,4,1,3.0,1,2,75
202400008139,2024-09-14,Evening,4,1,2.0,3,1,93
202400008140,2024-11-26,Afternoon,3,1,6.0,1,2,93
202400008142,2024-04-24,Afternoon,4,1,3.0,1,2,75
202400008143,2024-09-14,Afternoon,4,1,4.0,1,1,92
202400008144,2024-11-25,Afternoon,4,2,3.0,2,2,93
202400008146,2024-04-25,Morning,4,1,7.0,1,2,75
202400008147,2024-11-26,Afternoon,4,1,6.0,1,2,93
202400008148,2024-09-14,Night,4,1,2.0,3,1,93
202400008150,2024-04-25,Morning,4,1,6.0,1,2,75
202400008151,2024-04-25,Afternoon,4,1,6.0,1,2,75
202400008152,2024-11-16,Evening,4,1,4.0,5,2,92
202400008153,2024-09-13,Morning,4,1,2.0,2,1,95
202400008155,2024-11-26,Evening,4,1,3.0,5,2,92
202400008156,2024-04-25,Afternoon,4,1,2.0,1,2,75
202400008157,2024-09-14,Night,4,1,2.0,3,1,94
202400008159,2024-04-25,Morning,3,1,6.0,1,2,75
202400008160,2024-11-26,Afternoon,4,1,2.0,1,2,92
202400008161,2024-09-14,Evening,4,1,5.0,1,1,94
202400008162,2024-11-26,Evening,4,1,7.0,5,2,92
202400008164,2024-04-25,Morning,4,1,3.0,1,2,94
202400008165,2024-11-25,Afternoon,4,1,2.0,1,2,92
202400008166,2024-09-14,Night,4,2,7.0,3,1,77
202400008168,2024-04-25,Evening,4,1,3.0,2,2,94
202400008169,2024-11-26,Morning,4,1,3.0,1,2,92
202400008170,2024-09-13,Night,4,1,2.0,5,1,77
202400008171,2024-04-25,Morning,4,1,3.0,1,1,94
202400008173,2024-11-25,Afternoon,4,1,3.0,1,2,92
202400008174,2024-09-13,Night,4,1,6.0,3,1,77
202400008176,2024-04-25,Morning,4,1,6.0,1,2,93
202400008177,2024-11-26,Evening,4,1,3.0,5,2,92
202400008179,2024-04-24,Morning,4,1,2.0,1,2,93
202400008181,2024-11-26,Afternoon,4,1,6.0,1,2,92
202400008183,2024-04-25,Afternoon,4,1,6.0,1,2,93
202400008184,2024-11-26,Afternoon,4,7,3.0,1,2,80
202400008185,2024-08-08,Morning,4,1,3.0,1,2,69
202400008187,2024-04-25,Morning,4,1,3.0,1,2,93
202400008188,2024-11-27,Morning,4,1,5.0,2,1,54
202400008189,2024-08-08,Morning,4,1,1.0,1,2,69
202400008190,2024-04-25,Afternoon,4,1,3.0,1,2,93
202400008192,2024-11-27,Morning,4,1,6.0,1,2,68