Num_Acc,date,time_of_day,max_severity,weather,collision_type,lighting,urban_area,department
202400008193,2024-08-07,Evening,3,1,7.0,1,2,87
202400008195,2024-04-25,Morning,4,1,3.0,1,2,93
202400008196,2024-08-07,Morning,4,1,7.0,1,2,87
202400008197,2024-11-13,Morning,3,7,1.0,1,1,33
202400008199,2024-08-05,Afternoon,3,1,6.0,1,1,87
202400008200,2024-04-25,Morning,4,1,3.0,1,2,93
202400008201,2024-11-26,Afternoon,3,1,3.0,3,1,10
202400008203,2024-08-07,Afternoon,4,1,1.0,1,1,86
202400008204,2024-04-25,Evening,4,1,1.0,1,2,93
202400008205,2024-11-27,Afternoon,3,2,1.0,1,1,10
202400008206,2024-09-13,Evening,4,1,6.0,1,2,69
202400008207,2024-04-25,Afternoon,4,1,3.0,1,2,92
202400008208,2024-08-08,Afternoon,4,1,2.0,1,2,84
202400008209,2024-09-13,Afternoon,4,1,3.0,1,2,69
202400008210,2024-11-26,Evening,3,1,5.0,5,2,01
202400008211,2024-04-02,Afternoon,4,2,3.0,1,2,92
202400008212,2024-08-08,Morning,4,1,3.0,1,2,30
202400008213,2024-11-27,Afternoon,4,2,6.0,5,2,60
202400008214,2024-09-13,Afternoon,4,1,6.0,1,2,69
202400008215,2024-04-25,Morning,4,1,3.0,1,2,92
202400008216,2024-08-05,Night,3,1,6.0,2,2,83
202400008217,2024-04-23,Afternoon,4,1,3.0,1,2,92
202400008218,2024-11-27,Afternoon,4,1,2.0,1,1,30
202400008219,2024-09-13,Morning,4,1,1.0,1,2,69
202400008220,2024-04-23,Morning,3,1,3.0,2,1,95
202400008221,2024-08-08,Morning,4,1,6.0,1,2,82
202400008223,2024-11-26,Afternoon,4,1,1.0,1,1,19
202400008224,2024-08-07,Morning,4,1,6.0,1,2,80
202400008225,2024-04-25,Afternoon,4,1,3.0,1,2,17
202400008226,2024-11-27,Morning,4,3,7.0,1,2,56
202400008227,2024-08-07,Afternoon,4,1,3.0,1,2,80
202400008229,2024-04-25,Morning,4,1,6.0,1,1,11
202400008230,2024-11-27,Afternoon,3,1,1.0,1,1,2B
202400008231,2024-09-14,Night,4,1,2.0,5,2,69
202400008233,2024-08-08,Afternoon,4,1,2.0,1,1,78
202400008234,2024-11-27,Afternoon,2,1,1.0,1,2,33
202400008235,2024-09-13,Morning,4,8,3.0,1,2,2B
202400008236,2024-04-25,Night,3,1,6.0,3,1,35
202400008237,2024-08-08,Morning,4,1,3.0,1,2,78
202400008238,2024-11-27,Afternoon,4,1,1.0,1,1,63
202400008239,2024-04-25,Evening,3,1,6.0,1,1,62
202400008241,2024-04-25,Morning,4,1,7.0,1,1,56
202400008242,2024-08-07,Afternoon,3,1,6.0,1,2,77
202400008243,2024-11-25,Evening,2,1,6.0,5,2,61
202400008245,2024-04-26,Night,4,1,3.0,3,1,2B
202400008246,2024-08-08,Morning,4,1,3.0,1,2,77
202400008247,2024-11-26,Morning,4,1,1.0,1,1,61
202400008249,2024-08-07,Afternoon,4,1,6.0,1,1,77
202400008250,2024-04-26,Morning,4,1,3.0,1,1,61
202400008252,2024-11-27,Morning,2,2,5.0,3,1,49
202400008253,2024-04-26,Afternoon,3,1,6.0,1,2,12
202400008254,2024-08-07,Evening,4,1,3.0,1,2,76
202400008255,2024-04-23,Night,4,1,6.0,3,1,46
202400008257,2024-11-26,Morning,3,5,3.0,2,1,49
202400008258,2024-08-05,Evening,4,1,3.0,1,2,76
202400008259,2024-09-13,Evening,4,1,6.0,1,2,95
202400008260,2024-04-22,Afternoon,4,1,3.0,1,1,41
202400008261,2024-11-25,Afternoon,4,2,3.0,5,2,49
202400008262,2024-04-25,Morning,2,1,6.0,1,2,41
202400008263,2024-08-08,Afternoon,4,1,1.0,1,2,76
202400008264,2024-04-25,Afternoon,3,1,4.0,1,1,68
202400008265,2024-09-13,Evening,4,1,4.0,5,1,91
202400008266,2024-08-08,Evening,4,1,6.0,5,1,74
202400008267,2024-04-25,Night,4,5,6.0,4,2,39
202400008268,2024-09-13,Evening,4,1,6.0,1,2,91
202400008269,2024-11-27,Afternoon,4,1,1.0,1,2,68
202400008270,2024-08-08,Night,3,1,7.0,3,1,73
202400008271,2024-04-26,Evening,4,1,3.0,1,2,39
202400008272,2024-09-13,Night,4,8,3.0,5,2,91
202400008273,2024-08-07,Afternoon,4,1,3.0,1,2,72
202400008274,2024-04-26,Afternoon,4,8,7.0,1,1,84
202400008275,2024-11-27,Morning,3,1,4.0,2,1,68
202400008276,2024-04-25,Evening,4,2,7.0,2,1,03
202400008277,2024-09-13,Morning,3,1,3.0,1,2,91
202400008278,2024-11-25,Evening,4,1,1.0,3,1,44
202400008279,2024-08-08,Morning,4,1,5.0,1,2,69
202400008280,2024-04-25,Afternoon,3,1,5.0,1,1,21
202400008281,2024-11-27,Afternoon,2,1,6.0,1,1,31
202400008282,2024-09-12,Night,4,2,3.0,3,2,86
202400008283,2024-08-08,Evening,4,1,3.0,2,2,67
202400008284,2024-04-26,Afternoon,4,1,4.0,1,1,40
202400008285,2024-04-26,Morning,2,1,7.0,1,2,17
202400008286,2024-08-08,Night,4,8,6.0,2,2,67
202400008287,2024-09-12,Afternoon,3,1,3.0,1,2,86
202400008288,2024-11-26,Morning,4,1,3.0,1,1,03
202400008289,2024-11-26,Afternoon,3,1,7.0,2,1,15
202400008290,2024-09-10,Morning,3,1,6.0,1,2,83
202400008291,2024-08-07,Night,4,1,3.0,5,2,67
202400008292,2024-04-26,Morning,4,3,4.0,1,1,30
202400008293,2024-11-27,Night,3,5,6.0,3,1,70
202400008294,2024-09-13,Morning,3,6,3.0,1,2,83
202400008295,2024-08-08,Afternoon,4,1,3.0,1,2,64
202400008296,2024-04-25,Night,3,1,2.0,5,1,56
202400008297,2024-11-26,Night,2,5,2.0,3,1,24
202400008298,2024-09-13,Afternoon,3,1,1.0,1,2,77
202400008299,2024-04-14,Afternoon,3,1,6.0,1,1,53
202400008300,2024-08-07,Afternoon,3,1,1.0,1,2,64
202400008301,2024-11-27,Afternoon,2,1,6.0,1,1,24
202400008302,2024-09-12,Afternoon,4,1,3.0,1,2,77
202400008303,2024-11-27,Morning,3,2,6.0,5,2,85
202400008304,2024-04-26,Afternoon,4,8,3.0,1,1,13
202400008305,2024-08-02,Evening,4,1,3.0,1,2,62
202400008306,2024-04-26,Afternoon,4,2,6.0,1,1,06
202400008307,2024-09-12,Afternoon,4,1,6.0,1,2,76
202400008308,2024-11-18,Afternoon,4,3,3.0,5,2,27
202400008309,2024-08-07,Evening,3,1,6.0,1,2,62
202400008310,2024-09-13,Afternoon,4,1,2.0,1,2,72
202400008311,2024-11-15,Afternoon,3,8,3.0,3,1,27
202400008312,2024-04-26,Morning,3,1,1.0,1,1,42
202400008313,2024-08-07,Morning,4,1,3.0,1,2,62
202400008314,2024-09-12,Morning,4,1,6.0,1,2,72
202400008315,2024-08-07,Morning,4,1,3.0,1,1,62
202400008316,2024-11-26,Afternoon,4,1,1.0,3,2,17
202400008317,2024-04-26,Night,2,1,3.0,3,1,91
202400008318,2024-09-13,Morning,4,1,6.0,1,2,69
202400008319,2024-08-04,Afternoon,3,1,3.0,1,1,62
202400008320,2024-04-26,Afternoon,4,8,6.0,1,1,51
202400008321,2024-11-26,Morning,4,1,1.0,2,2,37
202400008322,2024-09-13,Morning,4,1,3.0,1,2,69
202400008323,2024-04-26,Night,4,2,2.0,3,1,30
202400008324,2024-08-04,Morning,4,1,3.0,1,2,62
202400008325,2024-09-12,Morning,4,2,3.0,1,2,69
202400008327,2024-04-26,Night,4,1,2.0,3,1,30
202400008328,2024-11-27,Afternoon,3,1,6.0,1,1,73
202400008329,2024-09-13,Morning,4,1,6.0,1,2,66
202400008331,2024-08-08,Morning,4,1,6.0,1,2,59
202400008334,2024-09-13,Afternoon,4,1,3.0,1,1,64
202400008335,2024-08-06,Morning,3,1,6.0,1,2,57
202400008336,2024-04-23,Morning,3,1,3.0,2,2,33
202400008337,2024-09-13,Evening,3,1,6.0,5,2,64
202400008338,2024-11-27,Night,4,1,6.0,3,1,77
202400008339,2024-08-07,Morning,4,1,3.0,1,2,56
202400008340,2024-04-26,Night,2,1,6.0,4,2,28
202400008341,2024-08-08,Night,4,1,6.0,3,1,56
202400008342,2024-09-13,Afternoon,4,1,3.0,1,2,64
202400008343,2024-04-22,Morning,2,1,3.0,2,2,45
202400008344,2024-11-26,Morning,4,1,6.0,1,2,34
202400008345,2024-09-13,Morning,3,1,6.0,2,2,64
202400008346,2024-08-06,Evening,4,1,3.0,1,2,56
202400008347,2024-04-05,Afternoon,3,1,6.0,1,2,45
202400008348,2024-04-25,Afternoon,4,1,6.0,1,1,13
202400008349,2024-11-13,Evening,3,1,6.0,5,2,34
202400008350,2024-08-06,Afternoon,4,1,3.0,1,2,56
202400008351,2024-09-12,Morning,4,1,2.0,1,1,63
202400008352,2024-04-26,Afternoon,3,8,1.0,1,1,13
202400008353,2024-11-26,Afternoon,4,1,1.0,1,2,68
202400008354,2024-08-06,Afternoon,4,1,2.0,1,1,56
202400008355,2024-04-25,Evening,3,1,7.0,1,1,88
202400008356,2024-09-13,Evening,3,1,7.0,5,1,62
202400008357,2024-10-28,Afternoon,4,1,2.0,1,1,67
202400008358,2024-08-07,Morning,4,1,3.0,1,2,51
202400008359,2024-04-26,Afternoon,2,1,6.0,1,1,73
202400008360,2024-09-13,Afternoon,4,1,2.0,1,2,59
202400008361,2024-08-08,Afternoon,4,1,6.0,1,2,51
202400008362,2024-11-27,Morning,4,5,3.0,2,2,01
202400008363,2024-09-13,Night,4,1,6.0,5,2,59
202400008364,2024-08-08,Evening,4,1,6.0,1,2,50
202400008365,2024-11-12,Afternoon,3,1,3.0,1,2,35
202400008366,2024-04-25,Evening,2,7,3.0,2,1,33
202400008367,2024-09-13,Morning,3,1,3.0,1,2,59
202400008368,2024-11-27,Afternoon,4,1,7.0,2,1,27
202400008369,2024-04-25,Afternoon,4,1,1.0,1,1,33
202400008370,2024-08-06,Afternoon,4,1,3.0,1,2,49
202400008371,2024-11-26,Morning,4,1,2.0,1,1,13
202400008372,2024-08-08,Afternoon,3,1,6.0,1,2,45
202400008373,2024-04-26,Afternoon,4,2,3.0,1,1,50
202400008374,2024-11-25,Night,4,1,6.0,3,1,13
202400008375,2024-08-08,Evening,4,1,3.0,1,2,45
202400008376,2024-11-26,Night,4,1,6.0,3,1,83
202400008377,2024-08-09,Night,4,1,7.0,5,2,43
202400008378,2024-04-26,Night,3,1,7.0,3,1,60
202400008379,2024-11-16,Night,4,1,4.0,5,2,69
202400008380,2024-04-21,Afternoon,4,1,2.0,1,2,13
202400008381,2024-08-08,Morning,4,1,1.0,1,1,43
202400008382,2024-11-25,Morning,4,1,2.0,2,1,67
202400008383,2024-08-08,Morning,4,1,6.0,1,2,42
202400008384,2024-11-26,Afternoon,4,1,2.0,1,1,33
202400008385,2024-04-24,Morning,4,1,2.0,1,1,69
202400008386,2024-08-08,Morning,3,1,6.0,1,2,38
202400008387,2024-04-25,Evening,4,1,2.0,1,1,91
202400008388,2024-04-25,Afternoon,4,1,7.0,1,1,91
202400008389,2024-04-25,Afternoon,4,1,2.0,1,1,75
202400008390,2024-08-07,Night,4,1,3.0,4,2,35
202400008391,2024-11-26,Afternoon,4,1,5.0,3,1,91
202400008392,2024-11-26,Morning,4,1,7.0,1,1,77
202400008393,2024-08-08,Evening,4,1,2.0,1,2,35
202400008394,2024-11-26,Morning,4,1,2.0,1,1,91
202400008395,2024-08-08,Afternoon,4,1,3.0,1,2,35
202400008396,2024-11-26,Morning,4,1,7.0,1,1,78
202400008397,2024-08-07,Afternoon,3,1,7.0,1,2,35
202400008398,2024-08-08,Night,4,1,7.0,5,2,34
202400008399,2024-08-07,Evening,4,1,3.0,1,2,34
202400008400,2024-11-26,Evening,4,2,3.0,3,1,95
202400008401,2024-08-08,Night,3,1,6.0,3,1,33
202400008402,2024-08-08,Night,3,1,6.0,5,2,33
202400008404,2024-02-06,Morning,4,1,6.0,1,2,2A
202400008405,2024-08-07,Afternoon,4,1,3.0,1,2,26
202400008406,2024-01-26,Night,3,1,3.0,3,1,89
202400008407,2024-08-06,Morning,4,1,3.0,1,2,25
202400008408,2024-02-06,Afternoon,4,1,3.0,1,2,84
202400008409,2024-08-08,Evening,3,1,3.0,1,2,25
202400008410,2024-08-08,Afternoon,2,1,6.0,1,2,25
202400008411,2024-02-05,Afternoon,4,1,6.0,1,2,83
202400008412,2024-08-08,Afternoon,3,7,3.0,1,2,25
202400008413,2024-01-27,Afternoon,3,1,2.0,1,1,83
202400008414,2024-08-07,Night,3,1,6.0,5,2,18
202400008415,2024-02-04,Evening,4,8,7.0,5,2,80
202400008416,2024-08-07,Afternoon,3,1,7.0,1,2,14
202400008417,2024-02-03,Evening,4,2,6.0,5,2,80
202400008418,2024-07-11,Afternoon,4,1,2.0,1,1,14
202400008419,2024-08-07,Afternoon,4,1,5.0,1,1,13
202400008420,2024-02-06,Night,4,1,3.0,5,2,76
202400008421,2024-02-06,Morning,4,1,6.0,5,2,76
202400008422,2024-08-07,Afternoon,4,1,2.0,1,2,13
202400008423,2024-08-08,Evening,4,1,1.0,5,2,13
202400008424,2024-02-06,Morning,4,1,2.0,1,1,76
202400008425,2024-08-07,Afternoon,3,7,1.0,1,2,13
202400008426,2024-02-06,Morning,4,1,1.0,1,2,74
202400008427,2024-07-18,Morning,4,1,5.0,1,2,12
202400008428,2024-02-06,Morning,4,1,3.0,1,2,72
202400008429,2024-08-05,Afternoon,3,1,6.0,1,1,12
202400008430,2024-08-08,Evening,3,1,7.0,1,1,08
202400008431,2024-02-05,Morning,4,1,6.0,1,2,72
202400008432,2024-08-08,Evening,3,1,3.0,5,2,06
202400008433,2024-02-06,Morning,4,1,3.0,1,2,71
202400008434,2024-08-08,Morning,4,1,6.0,1,2,06
202400008435,2024-07-24,Evening,3,1,6.0,1,2,06
202400008436,2024-02-06,Morning,3,1,3.0,1,2,69
202400008437,2024-02-06,Morning,4,5,7.0,1,1,69
202400008438,2024-08-08,Evening,4,1,2.0,1,2,05
202400008439,2024-02-05,Afternoon,3,1,7.0,1,2,69
202400008440,2024-08-08,Night,4,1,6.0,5,2,75
202400008441,2024-08-07,Evening,4,1,2.0,1,2,75
202400008442,2024-02-05,Evening,4,1,4.0,2,1,69
202400008443,2024-08-07,Afternoon,4,1,2.0,1,2,75
202400008444,2024-02-06,Afternoon,3,1,3.0,1,2,65
202400008445,2024-08-07,Evening,3,1,3.0,5,2,75
202400008446,2024-02-06,Afternoon,4,1,2.0,1,2,64
202400008447,2024-02-05,Evening,4,1,7.0,5,2,64
202400008448,2024-08-07,Afternoon,4,1,3.0,1,2,75
202400008449,2024-02-06,Afternoon,4,1,6.0,1,2,63
202400008450,2024-08-07,Morning,4,1,3.0,1,2,75
202400008451,2024-02-05,Afternoon,4,1,6.0,1,2,60
202400008452,2024-08-08,Morning,4,1,3.0,1,2,75
202400008453,2024-02-06,Evening,4,1,6.0,5,2,59
202400008454,2024-08-08,Evening,4,1,1.0,1,2,75
202400008455,2024-02-06,Evening,4,1,3.0,5,2,59
202400008456,2024-08-08,Evening,4,1,6.0,2,2,75
202400008457,2024-08-05,Night,3,1,1.0,2,2,75
202400008458,2024-02-06,Morning,4,1,1.0,1,2,59
202400008459,2024-08-08,Afternoon,4,1,2.0,1,2,75
202400008460,2024-02-06,Afternoon,4,1,6.0,1,2,57
202400008461,2024-08-08,Evening,4,1,2.0,1,2,75
202400008462,2024-11-10,Night,4,1,2.0,3,1,69
202400008463,2024-02-06,Evening,4,1,3.0,5,2,51
202400008464,2024-08-08,Afternoon,4,1,3.0,1,2,75
202400008466,2024-02-06,Morning,4,1,5.0,1,1,51
202400008467,2024-08-08,Morning,4,1,6.0,1,2,75
202400008468,2024-04-23,Evening,4,1,6.0,1,2,38
202400008469,2024-02-05,Evening,4,2,7.0,4,1,49
202400008470,2024-08-07,Night,4,1,3.0,5,2,75
202400008471,2024-02-05,Morning,3,8,6.0,5,2,49
202400008472,2024-12-17,Evening,2,1,6.0,3,1,69
202400008473,2024-08-07,Evening,4,1,1.0,1,2,75
202400008474,2024-02-06,Evening,4,1,3.0,5,2,47
202400008475,2024-08-07,Morning,4,2,6.0,1,2,75
202400008476,2024-02-06,Evening,4,8,3.0,3,1,45
202400008477,2024-09-30,Morning,4,1,1.0,1,2,62
202400008478,2024-08-08,Night,4,1,3.0,5,2,75
202400008480,2024-02-06,Night,3,1,3.0,5,2,44
202400008481,2024-08-08,Night,4,1,3.0,5,2,75
202400008482,2024-10-17,Evening,4,1,6.0,5,2,73
202400008483,2024-08-08,Afternoon,3,7,6.0,1,2,75
202400008484,2024-02-05,Evening,4,1,3.0,5,2,42
202400008485,2024-10-08,Afternoon,4,2,6.0,1,2,73
202400008486,2024-08-08,Evening,4,1,2.0,1,2,75
202400008487,2024-02-06,Morning,4,8,6.0,5,2,36
202400008488,2024-11-17,Afternoon,4,1,3.0,1,2,94
202400008489,2024-08-08,Afternoon,4,9,6.0,1,2,94
202400008490,2024-02-04,Afternoon,3,1,3.0,1,2,34
202400008491,2024-12-05,Night,3,1,2.0,5,2,83
202400008492,2024-08-08,Afternoon,4,1,3.0,1,2,93
202400008493,2024-02-06,Morning,4,5,3.0,1,2,33
202400008494,2024-08-08,Afternoon,4,1,3.0,1,2,93
202400008495,2024-12-28,Morning,3,5,3.0,1,1,37
202400008496,2024-02-05,Evening,4,1,2.0,5,2,33
202400008497,2024-08-08,Night,4,1,6.0,5,2,93
202400008498,2024-11-17,Night,4,1,6.0,5,2,77
202400008499,2024-02-05,Morning,4,1,6.0,5,2,33
202400008500,2024-11-09,Afternoon,4,1,2.0,1,2,13
202400008501,2024-08-08,Morning,4,1,3.0,1,2,93
202400008502,2024-02-06,Evening,4,1,3.0,5,2,33
202400008503,2024-08-08,Morning,4,1,2.0,1,1,92
202400008504,2024-11-18,Afternoon,4,2,3.0,5,2,94
202400008505,2024-02-06,Morning,4,1,2.0,1,1,31
202400008506,2024-08-07,Morning,4,1,3.0,1,2,92
202400008507,2024-11-19,Night,4,2,1.0,5,2,93
202400008508,2024-08-08,Afternoon,4,1,7.0,1,2,92
202400008509,2024-01-23,Evening,4,1,1.0,5,2,30
202400008510,2024-02-06,Afternoon,4,1,2.0,1,2,30
202400008511,2024-05-29,Afternoon,4,3,5.0,1,2,93
202400008512,2024-08-08,Evening,4,1,3.0,3,2,51
202400008513,2024-02-05,Morning,4,1,3.0,1,2,30
202400008514,2024-07-29,Morning,4,1,3.0,1,2,51
202400008515,2024-05-23,Morning,4,1,2.0,1,2,93
202400008517,2024-02-06,Evening,4,1,4.0,2,2,29
202400008518,2024-08-08,Evening,4,1,5.0,1,1,85
202400008519,2024-08-01,Afternoon,3,1,2.0,1,2,63
202400008520,2024-07-23,Morning,2,1,7.0,1,1,18
202400008521,2024-08-08,Afternoon,4,1,1.0,1,2,59
202400008522,2024-02-06,Afternoon,4,1,3.0,1,2,26
202400008523,2024-11-19,Afternoon,4,2,6.0,5,2,74
202400008524,2024-08-09,Night,3,1,3.0,4,2,85
202400008525,2024-02-05,Afternoon,4,1,6.0,1,2,23
202400008526,2024-08-08,Night,3,1,6.0,3,2,85
202400008527,2024-11-19,Morning,4,2,7.0,1,2,75
202400008528,2024-08-09,Morning,3,1,6.0,1,1,37
202400008529,2024-01-04,Afternoon,4,3,2.0,2,2,22
202400008530,2024-11-18,Afternoon,4,1,7.0,1,2,75
202400008531,2024-08-02,Afternoon,4,1,1.0,1,1,62
202400008532,2024-02-06,Evening,4,1,7.0,3,2,17
202400008533,2024-08-07,Evening,4,1,7.0,1,1,62
202400008534,2024-11-18,Evening,4,2,4.0,5,2,93
202400008535,2024-02-06,Morning,4,8,3.0,2,2,13
202400008536,2024-08-07,Evening,3,1,7.0,1,2,30
202400008537,2024-11-18,Evening,4,2,6.0,5,2,93
202400008538,2024-01-31,Evening,2,1,1.0,2,2,13
202400008539,2024-08-09,Morning,3,1,6.0,1,2,56
202400008540,2024-07-05,Afternoon,4,1,2.0,1,1,27
202400008541,2024-08-08,Afternoon,3,1,7.0,1,2,56
202400008542,2024-02-06,Afternoon,4,1,3.0,1,2,13
202400008544,2024-08-09,Morning,4,1,3.0,1,2,2B
202400008545,2024-02-06,Afternoon,3,1,3.0,1,2,13
202400008546,2024-08-09,Evening,4,1,2.0,1,2,80
202400008547,2024-02-06,Morning,4,1,3.0,1,2,13
202400008548,2024-02-12,Evening,2,1,7.0,5,2,82
202400008549,2024-02-06,Afternoon,4,1,7.0,2,1,13
202400008550,2024-08-09,Morning,4,1,6.0,1,1,82
202400008551,2024-12-26,Morning,3,1,3.0,1,1,35
202400008552,2024-08-08,Afternoon,4,1,6.0,1,1,71
202400008553,2024-02-06,Evening,4,1,1.0,5,2,06
202400008554,2024-12-29,Morning,3,1,7.0,3,1,38
202400008555,2024-08-09,Night,2,1,6.0,3,1,89
202400008556,2024-02-06,Morning,3,1,1.0,5,2,06
202400008557,2024-08-08,Afternoon,4,1,3.0,1,1,61
202400008558,2024-02-06,Afternoon,4,1,3.0,1,2,75
202400008559,2024-10-24,Afternoon,4,1,5.0,1,1,28
202400008560,2024-11-24,Evening,3,1,6.0,3,1,76
202400008561,2024-08-09,Morning,4,1,1.0,1,1,49
202400008562,2024-02-06,Afternoon,4,1,6.0,1,2,75
202400008563,2024-08-24,Night,2,1,6.0,4,2,63
202400008564,2024-08-09,Morning,2,7,6.0,1,1,12
202400008565,2024-02-06,Afternoon,4,1,6.0,1,2,75
202400008566,2024-08-08,Morning,3,1,6.0,2,2,42
202400008567,2024-10-02,Afternoon,4,1,1.0,1,2,34
202400008568,2024-02-06,Morning,4,1,6.0,1,2,75
202400008569,2024-08-08,Afternoon,4,1,1.0,1,1,42
202400008570,2024-11-22,Afternoon,4,1,1.0,2,2,74
202400008571,2024-02-05,Morning,4,8,6.0,1,2,75
202400008572,2024-08-09,Afternoon,3,1,1.0,1,1,47
202400008573,2024-11-19,Evening,4,3,1.0,3,2,74
202400008574,2024-02-05,Morning,4,1,6.0,2,2,75
202400008575,2024-11-20,Morning,4,2,6.0,5,2,74
202400008576,2024-08-05,Morning,4,7,6.0,1,2,34
202400008577,2024-02-06,Morning,4,1,3.0,1,2,75
202400008578,2024-08-07,Evening,4,1,3.0,1,1,22
202400008579,2024-11-13,Afternoon,4,1,4.0,3,1,74
202400008580,2024-02-05,Night,3,1,1.0,5,2,94
202400008581,2024-08-09,Afternoon,4,1,1.0,1,1,25
202400008582,2024-11-19,Morning,4,3,6.0,2,2,74
202400008583,2024-02-06,Afternoon,4,2,3.0,5,2,94
202400008584,2024-08-08,Morning,4,1,1.0,1,1,25
202400008585,2024-11-20,Afternoon,4,1,3.0,1,2,74
202400008586,2024-02-06,Morning,4,1,3.0,1,2,94
202400008587,2024-08-08,Afternoon,4,2,6.0,1,2,29
202400008588,2024-02-06,Morning,4,1,2.0,1,2,93
202400008589,2024-11-20,Morning,3,1,3.0,3,1,74
202400008590,2024-08-09,Morning,2,1,1.0,1,1,02
202400008591,2024-11-15,Evening,3,1,6.0,3,2,74
202400008592,2024-02-06,Afternoon,4,1,3.0,1,2,93
202400008593,2024-08-08,Evening,4,1,7.0,2,1,15
202400008594,2024-02-04,Night,4,1,3.0,5,2,93
202400008595,2024-11-14,Afternoon,4,1,3.0,2,2,74
202400008596,2024-08-08,Evening,4,1,6.0,2,1,01
202400008597,2024-02-06,Afternoon,4,1,3.0,1,2,93
202400008598,2024-08-09,Evening,3,1,7.0,1,2,06
202400008599,2024-11-10,Night,3,5,6.0,3,1,74
202400008600,2024-02-06,Evening,4,1,3.0,4,2,92
202400008601,2024-08-07,Evening,4,1,5.0,1,1,14
202400008602,2024-11-07,Afternoon,4,1,7.0,1,2,74
202400008603,2024-02-05,Night,3,1,6.0,5,2,92
202400008604,2024-02-06,Afternoon,4,1,7.0,1,2,92
202400008605,2024-08-07,Night,4,1,6.0,3,1,14
202400008606,2024-02-06,Night,4,1,2.0,5,2,92
202400008607,2024-11-01,Afternoon,4,1,1.0,1,1,74
202400008608,2024-08-08,Evening,4,1,7.0,3,2,14
202400008609,2024-11-18,Afternoon,4,2,6.0,5,2,94
202400008610,2024-08-08,Afternoon,4,1,5.0,1,1,60
202400008611,2024-02-06,Morning,4,1,3.0,1,2,92
202400008612,2024-08-09,Afternoon,3,1,6.0,1,2,64
202400008613,2024-11-01,Night,4,9,7.0,3,1,57
202400008614,2024-02-06,Evening,3,1,3.0,2,2,71
202400008615,2024-08-07,Morning,3,1,6.0,1,1,43
202400008616,2024-08-08,Afternoon,4,7,1.0,1,1,10
202400008617,2024-02-07,Night,4,1,2.0,3,1,28
202400008618,2024-11-25,Morning,4,1,6.0,1,2,13
202400008619,2024-08-09,Afternoon,3,1,7.0,1,1,16
202400008620,2024-02-07,Afternoon,3,2,6.0,1,1,51
202400008621,2024-11-18,Afternoon,3,2,6.0,1,1,88
202400008622,2024-08-09,Evening,3,1,2.0,1,2,07
202400008623,2024-02-07,Night,4,2,5.0,3,1,25
202400008624,2024-11-12,Evening,4,1,6.0,5,2,88
202400008625,2024-08-08,Afternoon,4,1,3.0,1,1,21
202400008626,2024-02-04,Afternoon,3,1,3.0,1,2,62
202400008627,2024-11-22,Afternoon,4,4,1.0,1,2,88
202400008628,2024-08-08,Evening,2,1,7.0,3,1,85
202400008629,2024-01-24,Morning,3,1,6.0,1,2,68
202400008630,2024-02-05,Evening,4,1,7.0,3,1,44
202400008631,2024-11-13,Morning,4,1,3.0,2,2,88
202400008632,2024-08-09,Afternoon,4,1,6.0,1,1,37
202400008633,2024-02-07,Morning,2,2,1.0,1,1,50
202400008634,2024-11-12,Afternoon,3,1,3.0,1,1,88
202400008635,2024-08-09,Afternoon,3,1,3.0,1,1,37
202400008636,2024-02-07,Night,2,6,6.0,3,1,51
202400008637,2024-08-02,Morning,3,1,7.0,1,2,62
202400008638,2024-08-09,Afternoon,3,1,2.0,1,2,30
202400008639,2024-02-06,Morning,3,1,3.0,3,2,59
202400008640,2024-08-01,Morning,4,1,6.0,1,2,62
202400008641,2024-08-09,Morning,4,1,2.0,1,1,18
202400008642,2024-02-06,Afternoon,3,1,7.0,1,2,79
202400008643,2024-07-19,Afternoon,4,1,1.0,1,2,62
202400008644,2024-08-08,Afternoon,4,1,3.0,1,1,06
202400008645,2024-02-06,Afternoon,2,1,1.0,1,1,32
202400008646,2024-09-28,Afternoon,4,1,3.0,1,1,59
202400008647,2024-02-06,Night,4,1,6.0,3,2,49
202400008648,2024-08-08,Afternoon,3,1,2.0,1,1,06
202400008649,2024-07-20,Morning,3,1,3.0,1,2,73
202400008650,2024-02-06,Morning,4,1,3.0,1,1,49
202400008651,2024-08-09,Afternoon,4,7,3.0,1,1,21
202400008652,2024-02-07,Morning,2,1,1.0,1,1,46
202400008653,2024-08-02,Afternoon,3,1,2.0,1,1,30
202400008654,2024-02-06,Afternoon,4,1,3.0,1,1,44
202400008655,2024-07-24,Afternoon,3,7,6.0,1,1,11
202400008656,2024-11-17,Night,4,1,2.0,3,1,17
202400008657,2024-02-07,Afternoon,4,1,3.0,1,1,31
202400008659,2024-11-17,Night,3,1,7.0,5,2,13
202400008660,2024-02-05,Night,2,1,7.0,3,1,38
202400008662,2024-02-07,Afternoon,4,1,1.0,1,2,06
202400008663,2024-07-05,Night,3,1,2.0,5,2,13
202400008665,2024-02-06,Morning,4,1,6.0,5,2,21
202400008667,2024-02-07,Morning,3,1,7.0,1,2,40
202400008668,2024-11-19,Afternoon,4,1,2.0,1,2,75