Num_Acc,date,time_of_day,max_severity,weather,collision_type,lighting,urban_area,department
202400008669,2024-02-06,Afternoon,3,1,1.0,1,1,40
202400008671,2024-11-19,Evening,4,2,6.0,5,2,75
202400008672,2024-08-07,Afternoon,4,7,6.0,1,2,29
202400008673,2024-02-02,Morning,4,1,5.0,1,1,30
202400008674,2024-11-19,Morning,4,2,3.0,2,2,75
202400008675,2024-08-08,Afternoon,2,1,6.0,1,2,77
202400008676,2024-11-18,Morning,4,2,3.0,1,2,75
202400008677,2024-01-21,Morning,4,1,6.0,3,1,80
202400008678,2024-08-07,Evening,3,1,7.0,1,1,95
202400008679,2024-11-18,Afternoon,4,2,3.0,1,2,75
202400008680,2024-08-09,Morning,3,1,3.0,1,1,78
202400008681,2024-11-17,Evening,4,1,2.0,5,1,94
202400008682,2024-11-19,Evening,4,2,2.0,5,2,93
202400008683,2024-02-06,Afternoon,4,1,3.0,1,1,34
202400008684,2024-08-08,Evening,4,1,2.0,1,1,66
202400008686,2024-11-16,Night,4,3,2.0,3,1,59
202400008687,2024-02-07,Morning,4,1,3.0,1,1,06
202400008688,2024-08-05,Afternoon,3,1,3.0,1,1,13
202400008689,2024-11-16,Evening,4,1,3.0,5,2,25
202400008690,2024-08-09,Night,3,1,7.0,3,1,13
202400008691,2024-02-06,Morning,3,1,3.0,1,2,06
202400008692,2024-12-20,Night,4,1,2.0,5,2,93
202400008694,2024-08-08,Morning,4,1,6.0,1,2,63
202400008696,2024-08-09,Afternoon,3,1,1.0,1,1,38
202400008697,2024-12-22,Afternoon,4,3,2.0,1,1,85
202400008698,2024-08-08,Night,4,1,1.0,4,1,09
202400008699,2024-02-06,Afternoon,4,1,5.0,1,1,37
202400008700,2024-12-20,Afternoon,4,1,3.0,1,1,48
202400008701,2024-08-09,Night,2,1,2.0,3,2,31
202400008702,2024-02-05,Morning,3,1,3.0,2,2,34
202400008703,2024-11-14,Morning,3,1,3.0,1,2,13
202400008704,2024-08-09,Evening,4,1,6.0,1,2,40
202400008705,2024-10-23,Afternoon,3,1,7.0,1,1,30
202400008706,2024-02-06,Evening,3,1,3.0,3,1,13
202400008707,2024-08-09,Morning,4,1,1.0,1,1,33
202400008708,2024-12-09,Evening,2,1,6.0,4,2,93
202400008709,2024-01-25,Afternoon,3,1,1.0,1,2,69
202400008710,2024-08-08,Morning,4,1,4.0,1,1,85
202400008711,2024-11-18,Afternoon,3,2,6.0,5,2,93
202400008712,2024-12-20,Afternoon,2,1,7.0,1,1,18
202400008713,2024-08-09,Morning,3,2,2.0,1,2,50
202400008714,2024-08-08,Morning,3,1,7.0,1,1,22
202400008715,2024-12-18,Afternoon,3,1,3.0,1,2,21
202400008716,2024-02-01,Afternoon,4,1,4.0,1,1,33
202400008717,2024-08-09,Afternoon,4,1,6.0,1,2,02
202400008718,2024-12-20,Afternoon,3,3,6.0,5,2,33
202400008719,2024-02-01,Afternoon,4,1,6.0,1,1,33
202400008720,2024-07-15,Afternoon,3,2,6.0,1,2,62
202400008721,2024-02-07,Morning,3,2,6.0,1,1,62
202400008722,2024-02-06,Afternoon,4,1,3.0,2,2,13
202400008723,2024-07-11,Night,3,1,3.0,5,2,62
202400008724,2024-02-05,Morning,3,1,2.0,1,1,13
202400008725,2024-07-02,Evening,4,1,3.0,1,2,62
202400008726,2024-02-05,Evening,4,1,4.0,3,1,13
202400008727,2024-06-27,Night,4,1,7.0,5,2,62
202400008728,2024-02-05,Afternoon,4,1,3.0,1,1,13
202400008729,2024-09-14,Afternoon,4,1,1.0,1,1,84
202400008730,2024-02-05,Afternoon,4,1,2.0,1,2,13
202400008731,2024-09-14,Morning,3,1,3.0,1,1,84
202400008732,2024-02-05,Afternoon,4,1,4.0,1,1,13
202400008733,2024-10-24,Night,3,1,6.0,3,1,84
202400008734,2024-10-16,Afternoon,3,8,6.0,1,2,84
202400008735,2024-02-06,Morning,4,5,5.0,3,1,69
202400008736,2024-02-06,Evening,4,1,7.0,3,1,91
202400008737,2024-10-11,Morning,3,1,6.0,1,2,84
202400008738,2024-02-06,Afternoon,4,1,3.0,1,1,91
202400008739,2024-10-07,Evening,4,1,6.0,1,1,84
202400008740,2024-10-05,Morning,3,7,6.0,1,2,84
202400008741,2024-02-06,Morning,4,1,4.0,1,1,91
202400008742,2024-10-04,Afternoon,3,1,6.0,1,1,84
202400008743,2024-02-06,Morning,4,1,2.0,1,1,91
202400008744,2024-11-19,Morning,4,2,2.0,1,2,75
202400008745,2024-02-05,Night,4,1,2.0,3,1,94
202400008746,2024-09-28,Afternoon,3,6,7.0,1,1,2B
202400008747,2024-02-06,Morning,4,1,3.0,2,1,91
202400008748,2024-09-15,Afternoon,4,1,3.0,1,1,2B
202400008749,2024-02-05,Evening,4,1,6.0,5,1,92
202400008750,2024-09-15,Morning,4,1,1.0,1,2,2B
202400008751,2024-02-05,Evening,4,2,2.0,5,1,78
202400008752,2024-09-12,Afternoon,4,1,6.0,1,1,2B
202400008753,2024-02-06,Afternoon,4,2,2.0,3,1,94
202400008754,2024-07-28,Night,4,1,1.0,5,2,84
202400008755,2024-01-18,Night,4,8,6.0,5,2,93
202400008756,2024-02-06,Morning,3,8,5.0,4,1,94
202400008757,2024-12-20,Morning,4,1,5.0,1,2,01
202400008759,2024-10-27,Morning,3,7,1.0,1,2,69
202400008762,2024-11-18,Evening,4,2,3.0,5,2,75
202400008764,2024-11-18,Morning,4,2,3.0,1,2,75
202400008766,2024-11-18,Afternoon,4,2,6.0,5,2,94
202400008768,2024-12-04,Evening,3,1,1.0,3,1,34
202400008769,2024-02-05,Afternoon,4,1,6.0,1,2,95
202400008770,2024-11-17,Afternoon,4,1,6.0,1,2,95
202400008771,2024-11-16,Morning,4,1,6.0,1,2,77
202400008772,2024-02-04,Morning,4,5,1.0,2,1,87
202400008773,2024-11-16,Afternoon,3,1,7.0,1,2,32
202400008774,2024-02-02,Afternoon,4,1,6.0,1,1,87
202400008775,2024-10-25,Morning,4,7,6.0,1,2,13
202400008776,2024-02-02,Morning,4,1,3.0,1,2,87
202400008777,2024-10-28,Afternoon,3,1,2.0,1,1,74
202400008778,2024-11-12,Evening,3,1,7.0,5,2,74
202400008779,2024-10-31,Afternoon,4,1,7.0,1,1,74
202400008780,2024-02-04,Night,4,1,3.0,5,2,86
202400008781,2024-02-01,Morning,3,1,3.0,1,2,83
202400008782,2024-11-02,Afternoon,3,1,1.0,1,1,74
202400008783,2024-02-05,Afternoon,3,1,6.0,1,2,80
202400008784,2024-10-31,Afternoon,3,1,1.0,1,1,74
202400008785,2024-11-05,Morning,3,1,7.0,1,1,74
202400008786,2024-10-31,Evening,3,1,3.0,5,2,74
202400008787,2024-10-31,Morning,4,1,1.0,1,2,74
202400008788,2024-02-05,Evening,3,1,3.0,5,2,77
202400008789,2024-10-27,Evening,4,1,3.0,5,2,74
202400008790,2024-02-05,Morning,4,1,3.0,1,1,77
202400008791,2024-10-17,Morning,4,8,7.0,1,2,43
202400008792,2024-10-17,Night,3,2,7.0,3,1,43
202400008793,2024-10-12,Evening,3,6,6.0,3,1,43
202400008794,2024-02-05,Afternoon,4,1,6.0,1,2,76
202400008795,2024-10-11,Afternoon,4,1,6.0,1,1,43
202400008796,2024-02-04,Night,4,2,1.0,5,2,76
202400008797,2024-09-30,Afternoon,4,1,4.0,1,2,2B
202400008798,2024-02-05,Evening,4,1,1.0,5,2,69
202400008799,2024-09-27,Afternoon,4,1,6.0,1,1,2B
202400008800,2024-02-05,Morning,4,1,6.0,1,2,69
202400008801,2024-10-25,Morning,2,2,1.0,1,1,50
202400008802,2024-02-04,Afternoon,3,1,3.0,2,2,69
202400008804,2024-02-04,Night,4,1,3.0,5,2,69
202400008805,2024-02-03,Morning,4,1,6.0,1,2,67
202400008806,2024-12-27,Evening,4,1,3.0,5,2,77
202400008807,2024-02-05,Morning,4,1,6.0,1,2,64
202400008809,2024-02-04,Evening,4,1,2.0,5,2,64
202400008810,2024-12-18,Afternoon,4,1,3.0,1,2,26
202400008811,2024-02-05,Evening,2,1,6.0,4,2,63
202400008812,2024-05-18,Evening,4,1,3.0,1,1,85
202400008813,2024-02-05,Afternoon,4,1,3.0,1,2,63
202400008814,2024-12-24,Afternoon,3,1,6.0,1,2,27
202400008815,2024-08-21,Evening,4,1,6.0,1,2,91
202400008816,2024-01-31,Night,4,2,3.0,5,2,62
202400008817,2024-08-09,Night,4,1,6.0,5,2,91
202400008818,2024-02-05,Evening,4,1,3.0,1,2,59
202400008819,2024-02-05,Morning,4,8,3.0,5,2,59
202400008820,2024-10-18,Night,4,1,6.0,3,2,50
202400008821,2024-02-03,Afternoon,3,2,7.0,1,2,52
202400008822,2024-10-16,Night,3,2,6.0,3,1,50
202400008823,2024-02-05,Evening,3,1,3.0,5,2,51
202400008824,2024-06-24,Afternoon,3,1,5.0,1,1,57
202400008825,2024-02-04,Evening,4,2,1.0,5,2,51
202400008826,2024-12-24,Afternoon,4,8,3.0,5,2,93
202400008827,2024-02-02,Afternoon,4,1,3.0,1,2,49
202400008828,2024-12-29,Evening,4,5,6.0,3,1,60
202400008829,2024-02-05,Evening,4,8,2.0,5,2,37
202400008831,2024-12-19,Night,2,6,6.0,3,1,11
202400008832,2024-02-04,Evening,4,8,3.0,2,2,37
202400008833,2024-02-05,Morning,3,1,6.0,2,2,34
202400008834,2024-12-27,Morning,4,1,1.0,1,1,42
202400008835,2024-11-19,Night,4,2,6.0,3,1,94
202400008836,2024-02-05,Afternoon,4,1,3.0,1,2,31
202400008837,2024-02-05,Afternoon,4,1,6.0,1,2,31
202400008838,2024-05-30,Night,4,2,3.0,3,2,91
202400008839,2024-05-03,Afternoon,4,1,6.0,1,2,91
202400008840,2024-02-05,Afternoon,4,1,3.0,1,2,29
202400008841,2024-04-28,Morning,3,2,1.0,1,2,91
202400008842,2024-02-05,Afternoon,4,1,3.0,1,2,29
202400008843,2024-02-05,Afternoon,4,1,3.0,1,2,25
202400008844,2024-04-24,Evening,4,1,5.0,1,1,91
202400008845,2024-02-05,Morning,4,1,6.0,5,2,25
202400008846,2024-08-31,Night,4,1,2.0,3,2,38
202400008847,2024-02-03,Afternoon,4,7,2.0,1,2,15
202400008848,2024-08-27,Morning,4,1,2.0,1,2,38
202400008849,2024-02-05,Afternoon,3,1,3.0,1,2,13
202400008850,2024-10-26,Night,3,1,1.0,5,2,74
202400008851,2024-02-05,Morning,4,1,6.0,1,2,13
202400008852,2024-10-25,Afternoon,4,1,3.0,1,1,74
202400008853,2024-02-05,Afternoon,4,1,6.0,1,2,13
202400008854,2024-10-25,Evening,3,1,7.0,5,1,74
202400008855,2024-02-05,Night,4,1,3.0,5,2,10
202400008856,2024-10-24,Afternoon,4,1,1.0,1,2,74
202400008857,2024-10-24,Morning,4,1,6.0,1,2,74
202400008858,2024-02-05,Evening,4,1,3.0,5,2,06
202400008859,2024-10-24,Morning,3,1,6.0,1,2,74
202400008860,2024-02-05,Afternoon,4,1,7.0,1,1,05
202400008861,2024-10-21,Evening,2,1,4.0,3,1,74
202400008862,2024-01-23,Afternoon,4,1,3.0,1,2,05
202400008863,2024-10-17,Morning,3,2,4.0,2,1,74
202400008864,2024-02-05,Evening,4,1,6.0,5,2,75
202400008865,2024-10-21,Afternoon,3,1,3.0,1,1,74
202400008866,2024-02-05,Afternoon,4,1,2.0,1,2,75
202400008867,2024-10-14,Afternoon,4,1,1.0,1,1,74
202400008868,2024-02-05,Morning,4,1,3.0,1,2,75
202400008869,2024-10-13,Evening,3,8,1.0,3,1,74
202400008870,2024-02-05,Morning,4,1,6.0,1,2,75
202400008871,2024-10-12,Night,3,5,2.0,4,1,74
202400008872,2024-02-05,Morning,4,1,3.0,5,2,75
202400008873,2024-02-05,Night,4,1,2.0,5,2,94
202400008874,2024-10-05,Night,4,1,1.0,3,1,74
202400008875,2024-02-05,Afternoon,4,1,6.0,1,2,94
202400008876,2024-09-01,Afternoon,3,2,6.0,1,2,74
202400008877,2024-02-04,Afternoon,4,1,3.0,1,2,94
202400008878,2024-12-04,Evening,3,2,3.0,5,2,68
202400008879,2024-02-04,Morning,4,2,3.0,2,2,93
202400008880,2024-12-05,Afternoon,4,1,6.0,1,2,46
202400008881,2024-02-05,Afternoon,4,1,3.0,1,2,93
202400008882,2024-02-05,Morning,4,1,3.0,1,2,93
202400008883,2024-01-13,Morning,4,1,3.0,1,2,94
202400008884,2024-12-20,Morning,4,1,6.0,1,2,38
202400008885,2024-02-03,Morning,4,2,3.0,1,2,93
202400008886,2024-11-28,Afternoon,3,1,3.0,1,2,34
202400008887,2024-02-04,Morning,4,2,7.0,5,2,93
202400008889,2024-02-05,Morning,4,1,3.0,1,2,92
202400008895,2024-06-08,Morning,4,1,2.0,1,1,59
202400008896,2024-09-20,Afternoon,3,1,6.0,1,2,43
202400008897,2024-12-28,Afternoon,4,5,6.0,3,1,02
202400008898,2024-10-27,Afternoon,3,7,1.0,1,1,73
202400008899,2024-10-26,Afternoon,4,1,6.0,1,1,73
202400008900,2024-06-22,Morning,4,1,4.0,1,1,84
202400008901,2024-09-27,Afternoon,4,1,4.0,1,1,84
202400008902,2024-10-25,Afternoon,3,8,6.0,1,1,19
202400008903,2024-11-06,Night,2,5,2.0,3,2,19
202400008904,2024-10-24,Afternoon,4,1,7.0,1,1,19
202400008905,2024-08-05,Afternoon,3,1,3.0,1,2,19
202400008906,2024-11-11,Evening,4,8,5.0,5,2,42
202400008907,2024-11-29,Afternoon,3,1,2.0,1,1,68
202400008908,2024-08-22,Evening,2,1,6.0,1,1,33
202400008909,2024-08-28,Afternoon,3,1,1.0,1,1,27
202400008910,2024-12-16,Afternoon,4,1,2.0,1,2,77
202400008911,2024-12-09,Morning,4,1,3.0,1,2,45
202400008912,2024-09-13,Afternoon,4,1,7.0,1,2,28
202400008913,2024-08-22,Evening,4,1,2.0,2,2,84
202400008914,2024-07-11,Afternoon,4,1,3.0,1,1,84
202400008915,2024-06-03,Afternoon,4,1,2.0,1,2,78
202400008916,2024-06-02,Night,4,8,2.0,5,2,77
202400008917,2024-06-03,Morning,4,1,3.0,1,1,77
202400008918,2024-06-02,Afternoon,3,1,3.0,1,2,76
202400008919,2024-06-02,Evening,4,1,7.0,2,2,76
202400008920,2024-06-03,Night,4,1,7.0,4,2,76
202400008921,2024-06-01,Night,4,1,7.0,5,2,76
202400008922,2024-06-03,Morning,4,1,2.0,1,2,74
202400008923,2024-05-10,Afternoon,4,1,3.0,1,2,73
202400008924,2024-06-01,Afternoon,4,1,3.0,1,1,72
202400008925,2024-06-03,Morning,4,1,2.0,1,2,71
202400008926,2024-06-03,Morning,3,1,1.0,1,2,64
202400008927,2024-06-03,Morning,4,7,6.0,1,2,64
202400008928,2024-06-02,Morning,4,1,6.0,1,2,64
202400008929,2024-05-18,Night,4,1,6.0,5,2,64
202400008930,2024-06-02,Afternoon,4,1,3.0,1,2,64
202400008931,2024-05-11,Evening,3,1,7.0,1,2,62
202400008932,2024-06-03,Evening,4,1,2.0,1,2,62
202400008933,2024-06-03,Morning,3,1,6.0,1,2,59
202400008934,2024-05-25,Afternoon,4,1,5.0,1,2,59
202400008935,2024-06-03,Afternoon,4,1,3.0,1,2,51
202400008936,2024-06-03,Afternoon,4,1,2.0,1,2,51
202400008937,2024-06-03,Afternoon,2,1,3.0,1,2,51
202400008938,2024-06-02,Morning,4,2,6.0,1,2,51
202400008939,2024-06-02,Afternoon,4,1,1.0,1,1,50
202400008940,2024-06-01,Afternoon,2,2,3.0,1,1,46
202400008941,2024-06-04,Night,4,1,6.0,3,1,45
202400008942,2024-06-03,Afternoon,3,1,6.0,1,2,44
202400008943,2024-06-03,Afternoon,4,1,7.0,1,2,43
202400008944,2024-05-11,Night,4,1,3.0,5,2,42
202400008945,2024-06-03,Morning,4,1,3.0,1,2,37
202400008946,2024-06-03,Morning,4,7,3.0,1,2,35
202400008947,2024-06-02,Afternoon,3,1,2.0,1,1,34
202400008948,2024-06-03,Afternoon,4,1,2.0,1,2,33
202400008949,2024-06-03,Afternoon,3,1,2.0,1,2,33
202400008950,2024-06-03,Afternoon,3,1,6.0,1,2,33
202400008951,2024-06-03,Night,4,1,3.0,3,2,31
202400008952,2024-06-03,Evening,4,1,2.0,1,2,31
202400008953,2024-06-03,Morning,3,1,3.0,1,2,31
202400008954,2024-06-03,Morning,4,1,1.0,1,2,30
202400008955,2024-06-03,Morning,4,1,6.0,1,2,28
202400008956,2024-06-03,Afternoon,4,1,3.0,1,2,27
202400008957,2024-06-03,Afternoon,4,1,3.0,1,2,27
202400008958,2024-06-03,Afternoon,4,1,6.0,1,2,17
202400008959,2024-06-03,Evening,4,1,3.0,1,2,16
202400008960,2024-06-01,Afternoon,4,1,2.0,1,2,15
202400008961,2024-06-03,Afternoon,4,1,3.0,1,1,13
202400008962,2024-06-03,Morning,4,1,3.0,1,2,13
202400008963,2024-06-03,Afternoon,4,1,3.0,1,2,13
202400008964,2024-06-03,Evening,4,1,3.0,1,2,13
202400008965,2024-06-03,Afternoon,4,1,3.0,1,2,07
202400008966,2024-06-03,Morning,4,1,6.0,1,2,06
202400008967,2024-06-03,Morning,4,1,3.0,1,2,03
202400008968,2024-06-03,Morning,4,1,3.0,1,2,01
202400008969,2024-06-02,Night,3,1,7.0,5,2,75
202400008970,2024-06-03,Morning,4,1,6.0,1,2,75
202400008971,2024-06-03,Morning,4,1,6.0,1,2,75
202400008972,2024-06-01,Night,4,2,3.0,5,2,75
202400008973,2024-06-01,Morning,4,2,6.0,1,2,75
202400008974,2024-06-03,Afternoon,4,1,6.0,1,2,75
202400008975,2024-06-03,Afternoon,4,1,1.0,1,2,75
202400008976,2024-06-03,Afternoon,4,1,6.0,1,2,75
202400008977,2024-06-03,Morning,4,1,3.0,1,2,75
202400008978,2024-06-03,Evening,4,1,2.0,1,2,75
202400008979,2024-06-02,Night,4,1,3.0,5,2,94
202400008980,2024-06-03,Morning,4,1,3.0,1,2,94
202400008981,2024-06-03,Afternoon,4,1,6.0,1,2,94
202400008982,2024-06-02,Evening,4,1,6.0,1,2,94
202400008983,2024-06-03,Afternoon,3,1,6.0,1,2,94
202400008984,2024-10-20,Afternoon,3,1,6.0,1,1,52
202400008985,2024-06-03,Morning,3,1,5.0,1,2,94
202400008986,2024-10-16,Evening,2,2,7.0,3,1,88
202400008987,2024-06-03,Morning,4,1,3.0,1,2,93
202400008988,2024-06-02,Evening,4,1,3.0,5,2,93
202400008989,2024-10-20,Night,4,2,6.0,3,1,95
202400008990,2024-06-02,Evening,4,1,3.0,1,2,93
202400008992,2024-06-03,Evening,3,1,6.0,1,2,92
202400008993,2024-06-03,Afternoon,4,1,2.0,1,2,92
202400008995,2024-06-03,Evening,4,1,3.0,1,2,92
202400008996,2024-06-03,Night,4,1,6.0,5,2,92
202400008997,2024-10-19,Evening,3,1,6.0,3,2,69
202400008998,2024-06-03,Evening,4,1,3.0,1,2,92
202400008999,2024-06-03,Morning,4,1,6.0,1,2,92
202400009000,2024-10-19,Morning,4,1,7.0,1,1,72
202400009001,2024-06-03,Afternoon,4,1,6.0,1,2,92
202400009003,2024-06-04,Evening,3,8,3.0,1,1,50
202400009004,2024-06-04,Night,4,1,6.0,2,1,06
202400009005,2024-10-20,Afternoon,4,1,1.0,1,2,33
202400009006,2024-06-04,Afternoon,3,1,6.0,1,2,95
202400009007,2024-10-19,Night,3,2,6.0,3,2,91
202400009008,2024-06-04,Afternoon,3,1,6.0,1,2,95
202400009009,2024-10-20,Afternoon,4,1,3.0,1,2,66
202400009010,2024-06-03,Afternoon,3,1,7.0,1,1,49
202400009011,2024-10-19,Night,3,1,6.0,3,1,66
202400009012,2024-06-03,Morning,3,5,3.0,1,1,63
202400009013,2024-10-19,Morning,3,2,6.0,3,1,34
202400009014,2024-06-03,Afternoon,3,1,3.0,1,1,62
202400009015,2024-06-04,Morning,4,1,6.0,1,1,83
202400009016,2024-10-19,Afternoon,4,2,6.0,1,1,05
202400009017,2024-10-20,Afternoon,3,1,6.0,1,2,04
202400009018,2024-06-03,Afternoon,3,1,2.0,1,1,30
202400009019,2024-10-20,Morning,3,1,6.0,1,1,03
202400009020,2024-06-04,Morning,3,1,3.0,1,1,56
202400009021,2024-06-03,Morning,4,1,3.0,1,1,77
202400009022,2024-05-15,Night,3,1,6.0,4,2,61
202400009023,2024-10-20,Afternoon,4,1,5.0,1,1,01
202400009024,2024-06-04,Evening,4,1,6.0,1,1,55
202400009025,2024-06-03,Evening,3,1,1.0,1,1,49
202400009026,2024-10-19,Afternoon,4,1,4.0,1,2,17
202400009027,2024-06-03,Evening,2,2,1.0,2,1,25
202400009028,2024-06-04,Afternoon,3,1,6.0,1,1,25
202400009029,2024-10-18,Night,4,2,6.0,3,1,40
202400009030,2024-10-20,Morning,2,1,6.0,3,1,24
202400009031,2024-06-02,Afternoon,4,1,4.0,1,2,44
202400009032,2024-06-03,Afternoon,4,7,3.0,1,1,07
202400009033,2024-06-02,Night,3,1,6.0,5,2,40
202400009034,2024-10-19,Evening,4,1,6.0,3,1,50
202400009035,2024-06-03,Afternoon,3,1,3.0,1,1,24
202400009036,2024-10-20,Night,3,1,3.0,3,1,80
202400009037,2024-06-04,Afternoon,4,1,3.0,1,1,30
202400009038,2024-06-02,Morning,3,1,6.0,1,1,08
202400009039,2024-09-27,Evening,3,1,5.0,1,1,69
202400009040,2024-06-04,Morning,3,1,7.0,1,1,06
202400009043,2024-10-18,Afternoon,4,1,2.0,1,1,92
202400009044,2024-10-18,Afternoon,4,8,2.0,1,1,92
202400009045,2024-06-03,Evening,3,1,3.0,1,1,78
202400009046,2024-06-03,Afternoon,3,1,1.0,1,1,13
202400009047,2024-05-28,Morning,3,1,6.0,1,1,40
202400009048,2024-10-18,Night,4,1,2.0,5,1,95
202400009049,2024-06-03,Afternoon,3,1,2.0,1,1,33
202400009050,2024-06-03,Afternoon,3,1,3.0,1,1,33
202400009051,2024-10-18,Afternoon,4,8,3.0,1,1,77
202400009052,2024-06-02,Morning,4,1,6.0,1,2,50
202400009053,2024-10-18,Evening,4,1,3.0,5,2,69
202400009054,2024-06-03,Morning,4,1,3.0,2,1,14
202400009055,2024-10-18,Afternoon,4,1,3.0,1,2,69
202400009056,2024-06-03,Evening,4,1,3.0,1,1,22
202400009057,2024-06-03,Afternoon,4,1,2.0,1,2,22
202400009058,2024-10-18,Evening,4,1,3.0,5,2,2B
202400009059,2024-05-31,Afternoon,4,1,2.0,1,1,67
202400009061,2024-06-03,Night,4,1,2.0,3,1,33
202400009062,2024-05-31,Morning,4,1,6.0,1,1,59
202400009064,2024-06-03,Evening,4,1,3.0,1,1,94
202400009065,2024-10-18,Morning,4,1,3.0,1,2,2A
202400009066,2024-06-03,Morning,4,1,2.0,1,1,94
202400009067,2024-10-18,Morning,4,8,3.0,1,1,91
202400009068,2024-06-03,Morning,4,1,3.0,1,1,92
202400009069,2024-06-03,Morning,4,1,3.0,2,1,92
202400009070,2024-10-18,Morning,4,8,3.0,1,2,91
202400009071,2024-06-01,Afternoon,2,1,7.0,1,1,78
202400009072,2024-10-18,Morning,4,2,1.0,3,2,91
202400009073,2024-05-31,Night,4,2,7.0,3,1,78
202400009074,2024-10-17,Night,4,1,2.0,5,2,88
202400009075,2024-06-02,Night,4,2,6.0,4,1,95
202400009076,2024-10-18,Evening,4,1,3.0,5,2,86
202400009077,2024-04-11,Morning,4,8,5.0,1,2,44
202400009078,2024-04-11,Afternoon,4,1,6.0,1,2,44
202400009079,2024-10-18,Morning,4,8,2.0,1,2,84
202400009080,2024-04-09,Night,4,1,7.0,5,2,44
202400009081,2024-10-18,Evening,4,8,6.0,1,1,81
202400009082,2024-04-09,Afternoon,4,8,3.0,1,2,44
202400009083,2024-10-18,Evening,4,1,7.0,2,1,80
202400009084,2024-04-09,Morning,4,1,3.0,1,2,44
202400009085,2024-04-09,Morning,4,1,7.0,1,2,44
202400009086,2024-04-08,Morning,4,8,6.0,1,2,44
202400009087,2024-09-08,Night,3,3,6.0,3,2,78
202400009088,2024-04-05,Morning,4,1,3.0,2,2,44
202400009089,2024-05-26,Morning,4,1,6.0,1,2,62
202400009090,2024-10-18,Evening,4,8,7.0,5,2,78
202400009092,2024-10-18,Afternoon,4,8,2.0,1,2,78
202400009093,2024-06-02,Evening,4,1,3.0,1,2,69
202400009094,2024-05-27,Afternoon,4,1,3.0,1,2,69
202400009095,2024-06-02,Night,4,1,3.0,5,2,69
202400009096,2024-10-17,Afternoon,4,1,3.0,1,1,77
202400009097,2024-06-02,Afternoon,4,1,3.0,1,2,2A
202400009098,2024-06-02,Afternoon,4,1,3.0,1,2,95
202400009099,2024-10-17,Afternoon,4,1,6.0,1,2,77
202400009100,2024-06-01,Afternoon,4,1,1.0,1,1,84
202400009101,2024-10-18,Night,4,2,6.0,3,1,77
202400009102,2024-06-02,Evening,4,1,3.0,1,2,83
202400009103,2024-06-02,Morning,3,1,3.0,1,2,79
202400009104,2024-06-02,Evening,4,1,1.0,1,2,76
202400009105,2024-06-02,Morning,4,1,3.0,1,2,73
202400009106,2024-10-18,Night,4,2,6.0,5,2,74
202400009107,2024-06-02,Afternoon,4,2,3.0,1,2,69
202400009108,2024-06-01,Afternoon,4,1,3.0,1,2,69
202400009109,2024-06-02,Night,3,1,6.0,5,2,66
202400009110,2024-10-17,Evening,4,2,3.0,2,2,72
202400009111,2024-06-01,Morning,4,1,6.0,1,2,65
202400009112,2024-06-02,Afternoon,4,1,2.0,1,2,64
202400009113,2024-10-17,Evening,4,2,7.0,5,2,71
202400009114,2024-10-18,Evening,3,8,3.0,1,1,71
202400009115,2024-06-02,Evening,4,1,2.0,1,2,62
202400009116,2024-06-02,Morning,4,1,3.0,1,2,60
202400009117,2024-06-02,Evening,4,1,6.0,1,2,59
202400009118,2024-10-18,Evening,4,1,1.0,5,2,64
202400009119,2024-06-02,Afternoon,4,1,1.0,1,1,57
202400009120,2024-06-02,Evening,4,1,6.0,1,2,56
202400009121,2024-10-17,Afternoon,3,3,3.0,1,2,64
202400009122,2024-06-02,Afternoon,3,1,6.0,1,2,44
202400009123,2024-10-18,Evening,4,2,1.0,3,2,63
202400009124,2024-06-02,Night,4,1,3.0,5,2,35
202400009125,2024-10-18,Evening,3,1,3.0,5,2,62
202400009126,2024-06-02,Night,3,1,1.0,3,1,33
202400009127,2024-10-18,Afternoon,4,1,6.0,1,2,59
202400009128,2024-06-02,Night,4,1,6.0,4,2,31
202400009129,2024-10-18,Afternoon,4,2,5.0,1,2,59
202400009130,2024-06-02,Evening,4,2,3.0,1,2,25
202400009131,2024-10-17,Night,4,3,1.0,5,2,58
202400009132,2024-05-31,Afternoon,4,1,2.0,1,1,22
202400009133,2024-06-01,Afternoon,4,8,1.0,1,2,18
202400009134,2024-10-15,Afternoon,4,1,3.0,1,2,57
202400009135,2024-10-17,Afternoon,4,1,3.0,1,2,56
202400009136,2024-06-02,Afternoon,3,1,3.0,1,2,13
202400009137,2024-10-17,Morning,4,8,3.0,2,2,56
202400009138,2024-06-02,Evening,4,1,3.0,1,2,13
202400009139,2024-06-02,Afternoon,3,1,6.0,1,1,11
202400009140,2024-10-17,Afternoon,4,1,2.0,1,2,54
202400009141,2024-06-02,Evening,4,1,3.0,1,2,10
202400009142,2024-10-18,Evening,4,2,2.0,5,2,51
202400009143,2024-06-02,Evening,4,1,4.0,1,2,75
202400009144,2024-10-18,Morning,4,8,3.0,1,2,51
202400009145,2024-06-02,Afternoon,4,1,3.0,1,2,75
202400009146,2024-10-16,Afternoon,4,1,2.0,1,2,51