Num_Acc,date,time_of_day,max_severity,weather,collision_type,lighting,urban_area,department
202400009147,2024-06-02,Night,4,1,2.0,5,2,75
202400009148,2024-10-18,Afternoon,4,1,5.0,1,2,49
202400009149,2024-06-02,Morning,4,8,3.0,2,2,75
202400009150,2024-10-17,Evening,3,3,6.0,5,2,46
202400009151,2024-06-02,Evening,4,1,3.0,1,2,75
202400009152,2024-10-18,Morning,4,8,6.0,2,2,44
202400009153,2024-06-02,Evening,4,1,6.0,1,2,75
202400009154,2024-06-02,Morning,4,1,3.0,1,2,75
202400009155,2024-10-19,Night,4,1,1.0,3,2,42
202400009156,2024-06-02,Evening,4,1,1.0,1,2,75
202400009157,2024-06-02,Morning,4,1,6.0,2,2,75
202400009158,2024-10-18,Night,3,1,6.0,3,1,37
202400009159,2024-06-02,Night,4,8,7.0,5,2,75
202400009160,2024-06-02,Afternoon,3,2,2.0,1,2,94
202400009161,2024-10-18,Evening,4,1,3.0,5,2,35
202400009162,2024-06-02,Evening,4,1,2.0,1,2,94
202400009163,2024-10-18,Afternoon,4,1,1.0,1,2,35
202400009164,2024-06-02,Evening,4,1,3.0,1,2,93
202400009165,2024-10-18,Evening,4,1,3.0,1,2,34
202400009166,2024-06-02,Afternoon,4,2,3.0,1,2,93
202400009167,2024-10-18,Evening,4,1,3.0,3,1,33
202400009168,2024-06-01,Evening,4,1,3.0,1,2,93
202400009169,2024-10-18,Afternoon,3,1,6.0,1,2,33
202400009170,2024-06-02,Evening,4,1,3.0,1,2,92
202400009171,2024-10-18,Afternoon,3,3,6.0,1,2,31
202400009172,2024-06-02,Afternoon,4,1,6.0,1,2,92
202400009173,2024-10-17,Evening,4,1,3.0,2,2,29
202400009174,2024-10-18,Night,2,2,7.0,3,1,26
202400009175,2024-06-01,Evening,4,3,3.0,1,2,92
202400009176,2024-10-18,Morning,3,2,1.0,2,1,25
202400009177,2024-06-02,Afternoon,4,1,1.0,1,2,92
202400009178,2024-10-18,Morning,4,2,6.0,2,2,19
202400009179,2024-06-02,Evening,4,1,2.0,1,2,92
202400009180,2024-10-18,Afternoon,4,1,1.0,1,2,17
202400009181,2024-06-02,Evening,4,1,3.0,1,2,92
202400009182,2024-10-17,Morning,4,1,6.0,2,2,15
202400009183,2024-06-03,Morning,4,1,6.0,1,1,95
202400009184,2024-10-18,Morning,4,1,6.0,1,2,14
202400009185,2024-06-02,Afternoon,4,1,1.0,1,1,31
202400009186,2024-10-16,Evening,4,3,3.0,5,2,14
202400009188,2024-10-10,Afternoon,3,1,3.0,1,2,13
202400009189,2024-10-18,Afternoon,3,1,3.0,1,2,13
202400009190,2024-06-03,Afternoon,3,1,6.0,1,2,83
202400009191,2024-10-18,Morning,4,1,3.0,1,2,10
202400009192,2024-06-03,Afternoon,3,1,1.0,1,1,62
202400009193,2024-10-17,Morning,4,8,7.0,1,2,10
202400009194,2024-06-03,Evening,4,1,6.0,1,1,22
202400009195,2024-10-17,Afternoon,4,2,3.0,1,2,75
202400009196,2024-06-02,Afternoon,3,8,6.0,1,1,23
202400009197,2024-10-17,Afternoon,4,8,6.0,1,2,75
202400009198,2024-10-18,Evening,4,8,6.0,1,2,75
202400009199,2024-10-18,Night,4,8,6.0,5,2,75
202400009200,2024-05-31,Afternoon,4,1,7.0,1,2,35
202400009201,2024-10-18,Afternoon,4,1,3.0,1,2,75
202400009202,2024-10-18,Evening,4,1,3.0,2,2,75
202400009203,2024-10-18,Evening,4,1,3.0,1,2,75
202400009204,2024-10-17,Morning,3,2,6.0,1,2,75
202400009205,2024-10-18,Afternoon,4,1,6.0,1,2,75
202400009206,2024-10-18,Morning,4,2,2.0,1,2,75
202400009207,2024-10-18,Night,4,3,2.0,5,2,75
202400009208,2024-10-18,Night,4,2,7.0,5,2,75
202400009209,2024-10-18,Afternoon,4,2,6.0,1,2,75
202400009210,2024-10-18,Morning,4,2,7.0,2,2,75
202400009211,2024-10-18,Night,4,2,3.0,5,2,75
202400009212,2024-10-17,Evening,4,2,6.0,5,2,75
202400009213,2024-10-18,Morning,4,2,2.0,3,2,94
202400009214,2024-10-18,Morning,4,2,3.0,1,2,94
202400009215,2024-10-18,Afternoon,4,2,1.0,1,2,94
202400009216,2024-10-17,Evening,4,3,3.0,2,2,93
202400009217,2024-10-18,Morning,4,2,1.0,1,2,93
202400009218,2024-10-18,Evening,4,1,3.0,5,2,93
202400009219,2024-10-18,Afternoon,4,1,6.0,1,2,93
202400009220,2024-10-15,Morning,2,1,6.0,1,2,92
202400009221,2024-10-18,Morning,4,2,7.0,1,2,92
202400009222,2024-10-21,Morning,4,8,2.0,1,2,92
202400009223,2024-10-18,Morning,4,2,3.0,1,2,92
202400009224,2024-10-18,Afternoon,4,2,3.0,1,2,92
202400009225,2024-10-18,Morning,4,1,3.0,1,2,92
202400009226,2024-10-18,Morning,4,2,2.0,2,2,92
202400009227,2024-10-17,Afternoon,4,3,3.0,1,2,92
202400009228,2024-10-18,Evening,4,1,3.0,5,2,92
202400009229,2024-10-18,Afternoon,3,8,6.0,1,1,39
202400009230,2024-10-18,Afternoon,4,2,3.0,1,1,21
202400009233,2024-10-18,Evening,3,1,6.0,2,1,27
202400009234,2024-10-18,Afternoon,3,8,6.0,1,1,80
202400009235,2024-10-19,Afternoon,4,1,1.0,1,1,12
202400009236,2024-10-15,Afternoon,4,1,3.0,1,1,46
202400009237,2024-10-18,Evening,4,5,1.0,3,1,25
202400009238,2024-10-17,Night,3,1,2.0,3,1,44
202400009239,2024-10-18,Evening,4,1,2.0,2,1,44
202400009240,2024-10-18,Night,3,8,6.0,3,1,15
202400009241,2024-10-19,Night,4,1,6.0,3,1,01
202400009242,2024-10-18,Afternoon,3,1,1.0,1,1,70
202400009243,2024-10-19,Afternoon,4,1,2.0,1,1,26
202400009244,2024-10-19,Evening,2,1,6.0,3,2,58
202400009245,2024-10-18,Afternoon,3,1,2.0,1,1,14
202400009246,2024-10-18,Morning,4,3,1.0,1,1,64
202400009247,2024-10-18,Afternoon,3,8,3.0,1,2,87
202400009248,2024-10-19,Morning,3,7,7.0,1,2,13
202400009249,2024-10-18,Afternoon,4,1,2.0,1,1,13
202400009250,2024-10-19,Night,4,1,2.0,3,1,06
202400009251,2024-10-19,Afternoon,4,2,1.0,1,1,95
202400009252,2024-10-05,Morning,4,1,1.0,1,2,91
202400009253,2024-10-19,Night,4,1,7.0,3,1,13
202400009254,2024-10-19,Afternoon,4,1,3.0,1,1,38
202400009255,2024-10-13,Night,3,1,6.0,4,2,86
202400009256,2024-10-19,Night,2,3,6.0,3,1,33
202400009257,2024-10-18,Afternoon,2,1,7.0,1,1,72
202400009258,2024-10-19,Afternoon,3,7,3.0,1,1,29
202400009259,2024-10-19,Afternoon,2,1,1.0,1,1,22
202400009260,2024-10-19,Morning,4,2,5.0,1,1,60
202400009261,2024-10-17,Afternoon,4,1,3.0,1,1,13
202400009262,2024-10-18,Night,2,1,6.0,3,1,69
202400009263,2024-10-17,Night,2,1,1.0,3,1,57
202400009264,2024-10-18,Evening,4,1,4.0,5,1,33
202400009265,2024-10-18,Afternoon,4,1,6.0,1,1,92
202400009266,2024-10-18,Afternoon,4,1,2.0,1,1,78
202400009267,2024-10-18,Morning,4,2,3.0,2,1,78
202400009268,2024-10-17,Evening,4,3,6.0,1,1,78
202400009269,2024-10-17,Afternoon,4,3,6.0,1,1,78
202400009270,2024-10-17,Morning,4,2,7.0,1,1,92
202400009271,2024-10-16,Afternoon,4,1,2.0,1,1,78
202400009272,2024-10-18,Night,4,3,6.0,3,1,95
202400009273,2024-10-18,Night,4,3,2.0,3,1,93
202400009274,2024-10-18,Afternoon,4,1,3.0,1,1,94
202400009275,2024-10-18,Afternoon,4,1,2.0,1,1,94
202400009276,2024-10-18,Morning,4,2,6.0,1,1,77
202400009277,2024-10-17,Night,4,2,2.0,3,1,94
202400009278,2024-05-10,Night,4,1,5.0,3,1,32
202400009279,2024-08-19,Morning,2,1,7.0,1,1,29
202400009287,2024-10-17,Morning,4,3,6.0,1,2,69
202400009288,2024-10-16,Morning,4,1,1.0,1,2,69
202400009289,2024-10-17,Morning,4,3,6.0,1,2,69
202400009290,2024-10-17,Night,4,8,5.0,5,2,95
202400009291,2024-10-17,Evening,4,3,5.0,3,1,95
202400009292,2024-10-17,Afternoon,4,2,6.0,1,2,91
202400009293,2024-10-17,Morning,4,8,1.0,1,2,91
202400009294,2024-10-16,Afternoon,4,1,1.0,1,2,87
202400009295,2024-10-16,Evening,4,1,3.0,5,2,81
202400009296,2024-10-17,Night,4,1,2.0,5,2,78
202400009297,2024-10-17,Afternoon,4,2,2.0,1,2,78
202400009298,2024-03-19,Morning,4,1,7.0,1,1,91
202400009299,2024-03-19,Night,4,1,2.0,3,1,91
202400009300,2024-03-18,Afternoon,4,1,2.0,1,1,92
202400009301,2024-03-18,Morning,4,1,3.0,1,1,92
202400009302,2024-03-19,Afternoon,4,1,3.0,1,1,93
202400009303,2024-03-19,Evening,4,1,3.0,1,1,93
202400009304,2024-03-19,Morning,4,1,3.0,1,1,95
202400009305,2024-03-18,Afternoon,4,1,5.0,1,1,95
202400009306,2024-03-18,Afternoon,4,1,2.0,1,1,95
202400009307,2024-03-18,Afternoon,4,1,2.0,1,1,95
202400009308,2024-03-18,Morning,3,1,3.0,1,1,93
202400009315,2024-03-18,Morning,4,8,3.0,1,2,69
202400009319,2024-03-18,Evening,4,1,6.0,2,2,2A
202400009320,2024-03-18,Afternoon,4,1,6.0,1,2,95
202400009321,2024-03-18,Morning,4,7,2.0,1,2,91
202400009322,2024-03-17,Evening,3,1,6.0,5,2,87
202400009323,2024-03-18,Morning,4,2,1.0,1,2,86
202400009324,2024-03-17,Morning,4,1,2.0,1,2,84
202400009325,2024-03-18,Evening,4,1,6.0,5,2,76
202400009326,2024-03-15,Night,4,2,6.0,5,2,76
202400009327,2024-03-17,Afternoon,4,2,2.0,1,2,72
202400009328,2024-03-17,Afternoon,4,2,2.0,1,2,72
202400009329,2024-03-17,Morning,4,2,5.0,1,2,72
202400009330,2024-02-29,Morning,3,1,1.0,2,2,68
202400009331,2024-03-16,Evening,4,1,3.0,5,2,64
202400009332,2024-03-18,Morning,4,1,2.0,1,2,64
202400009333,2024-03-18,Afternoon,4,1,3.0,1,2,60
202400009334,2024-03-18,Morning,4,2,6.0,4,2,59
202400009335,2024-03-18,Evening,3,1,6.0,5,2,59
202400009336,2024-03-18,Morning,4,1,3.0,1,2,59
202400009337,2024-03-16,Afternoon,4,1,6.0,1,2,56
202400009338,2024-03-16,Evening,4,1,3.0,1,2,50
202400009339,2024-03-18,Morning,4,2,3.0,1,2,47
202400009340,2024-03-18,Afternoon,4,1,6.0,1,2,44
202400009341,2024-03-18,Afternoon,4,1,5.0,1,2,44
202400009342,2024-03-18,Morning,4,8,3.0,4,2,44
202400009343,2024-03-18,Afternoon,4,1,4.0,1,2,37
202400009344,2024-03-18,Morning,4,8,4.0,1,1,37
202400009345,2024-03-17,Evening,4,1,3.0,2,2,37
202400009346,2024-03-14,Evening,4,1,3.0,1,2,35
202400009347,2024-03-17,Night,4,1,6.0,3,1,35
202400009348,2024-03-17,Evening,3,1,3.0,5,2,34
202400009349,2024-03-18,Evening,4,1,1.0,1,2,33
202400009350,2024-03-18,Night,4,1,3.0,5,2,31
202400009351,2024-03-18,Afternoon,4,1,7.0,1,2,30
202400009352,2024-03-18,Evening,4,1,7.0,3,1,28
202400009353,2024-03-18,Afternoon,3,1,5.0,1,2,25
202400009354,2024-03-18,Evening,4,1,2.0,1,2,22
202400009355,2024-03-14,Afternoon,4,1,3.0,1,2,22
202400009356,2024-03-17,Evening,4,1,3.0,5,2,19
202400009357,2024-03-18,Evening,4,1,6.0,2,2,17
202400009358,2024-03-17,Morning,4,1,6.0,1,2,15
202400009359,2024-03-18,Morning,4,1,4.0,1,2,13
202400009360,2024-03-18,Afternoon,4,1,6.0,1,2,13
202400009361,2024-03-17,Night,4,1,6.0,5,2,10
202400009362,2024-07-03,Evening,4,1,6.0,1,2,75
202400009363,2024-03-13,Afternoon,4,1,3.0,1,2,10
202400009364,2024-07-05,Afternoon,4,1,6.0,1,2,75
202400009365,2024-03-18,Morning,4,1,7.0,1,2,06
202400009366,2024-06-24,Evening,4,1,3.0,1,2,75
202400009367,2024-03-18,Morning,4,1,3.0,1,2,06
202400009368,2024-07-05,Evening,4,1,3.0,1,2,75
202400009369,2024-03-19,Night,3,1,7.0,5,2,06
202400009370,2024-07-05,Afternoon,4,1,6.0,1,2,75
202400009371,2024-03-18,Morning,4,1,5.0,2,2,06
202400009372,2024-07-05,Night,4,1,6.0,5,2,75
202400009373,2024-07-05,Afternoon,4,1,7.0,1,2,75
202400009374,2024-03-18,Morning,4,1,2.0,1,2,75
202400009375,2024-07-05,Morning,4,1,6.0,1,2,75
202400009376,2024-03-17,Night,4,1,2.0,5,2,75
202400009377,2024-07-05,Evening,4,1,7.0,1,2,75
202400009378,2024-03-18,Morning,4,1,3.0,1,2,75
202400009379,2024-07-05,Afternoon,4,1,3.0,1,2,75
202400009380,2024-03-17,Morning,4,2,3.0,1,2,75
202400009381,2024-07-05,Afternoon,4,1,3.0,1,2,75
202400009382,2024-07-05,Morning,4,1,7.0,1,2,75
202400009383,2024-03-18,Afternoon,4,1,6.0,1,2,75
202400009384,2024-07-04,Night,4,1,2.0,5,2,75
202400009385,2024-07-03,Evening,4,1,3.0,2,2,75
202400009386,2024-03-18,Morning,4,1,6.0,1,2,75
202400009387,2024-07-05,Evening,3,1,2.0,1,2,94
202400009388,2024-03-17,Night,4,9,3.0,5,2,75
202400009389,2024-07-04,Evening,4,1,3.0,1,2,94
202400009390,2024-03-18,Afternoon,3,1,3.0,1,2,75
202400009391,2024-07-04,Afternoon,3,1,6.0,1,2,94
202400009392,2024-03-18,Night,4,2,4.0,5,2,94
202400009393,2024-07-05,Afternoon,4,1,6.0,1,2,94
202400009394,2024-07-05,Morning,4,1,3.0,1,2,94
202400009395,2024-03-18,Evening,4,1,3.0,1,2,94
202400009396,2024-07-05,Evening,4,1,2.0,1,2,94
202400009397,2024-03-18,Afternoon,4,1,4.0,1,2,93
202400009398,2024-07-05,Morning,4,1,2.0,1,2,94
202400009399,2024-03-18,Morning,4,1,3.0,1,2,93
202400009400,2024-07-05,Afternoon,4,1,6.0,1,2,94
202400009401,2024-03-18,Afternoon,4,1,6.0,1,2,93
202400009402,2024-07-03,Morning,4,8,4.0,1,2,94
202400009403,2024-03-18,Morning,4,1,3.0,2,2,93
202400009404,2024-07-04,Evening,4,1,1.0,1,1,93
202400009405,2024-07-05,Afternoon,4,1,3.0,1,2,93
202400009406,2024-03-18,Morning,4,1,3.0,1,2,93
202400009407,2024-07-05,Evening,4,1,6.0,1,2,93
202400009408,2024-03-18,Morning,4,1,3.0,1,2,93
202400009409,2024-07-05,Morning,3,1,3.0,1,2,93
202400009410,2024-03-18,Afternoon,4,1,6.0,1,2,93
202400009411,2024-07-05,Morning,4,1,3.0,1,2,93
202400009412,2024-03-18,Morning,4,1,6.0,1,2,93
202400009413,2024-07-04,Afternoon,4,1,6.0,1,2,93
202400009414,2024-03-18,Evening,4,1,3.0,2,2,92
202400009415,2024-07-04,Evening,4,1,3.0,1,2,93
202400009416,2024-03-17,Evening,4,1,3.0,1,2,92
202400009417,2024-03-17,Afternoon,4,2,7.0,1,2,92
202400009418,2024-07-05,Afternoon,4,1,3.0,1,2,93
202400009419,2024-07-05,Afternoon,4,1,3.0,1,2,93
202400009420,2024-03-18,Morning,4,1,4.0,1,2,92
202400009421,2024-07-05,Afternoon,4,1,2.0,1,2,93
202400009422,2024-03-17,Afternoon,4,1,2.0,1,2,92
202400009423,2024-07-05,Morning,4,1,3.0,1,2,92
202400009424,2024-03-14,Afternoon,3,1,3.0,1,1,60
202400009425,2024-07-05,Afternoon,4,1,2.0,1,2,92
202400009426,2024-07-05,Evening,4,1,3.0,1,2,92
202400009428,2024-07-05,Afternoon,4,1,6.0,1,2,92
202400009430,2024-03-19,Afternoon,2,1,6.0,1,1,24
202400009431,2024-05-02,Morning,4,1,3.0,1,2,92
202400009432,2024-07-04,Morning,4,1,3.0,1,2,92
202400009433,2024-03-17,Evening,3,1,5.0,5,2,40
202400009434,2024-07-04,Afternoon,4,7,3.0,1,2,92
202400009435,2024-03-17,Afternoon,4,1,6.0,1,1,71
202400009436,2024-03-17,Night,3,1,7.0,3,1,17
202400009437,2024-07-05,Morning,4,1,3.0,1,2,92
202400009438,2024-03-18,Morning,4,1,2.0,1,1,14
202400009439,2024-07-05,Night,4,1,3.0,3,2,92
202400009440,2024-07-05,Afternoon,3,1,6.0,1,1,63
202400009441,2024-03-18,Evening,4,1,3.0,2,1,65
202400009442,2024-07-05,Morning,3,1,2.0,1,1,12
202400009443,2024-07-06,Afternoon,3,1,1.0,1,1,85
202400009444,2024-03-19,Afternoon,4,1,1.0,1,1,63
202400009445,2024-07-05,Night,4,1,1.0,2,2,62
202400009446,2024-03-17,Evening,3,1,6.0,2,2,47
202400009447,2024-07-05,Afternoon,2,1,6.0,1,2,41
202400009448,2024-03-19,Evening,3,1,3.0,1,1,68
202400009449,2024-07-05,Afternoon,4,1,3.0,1,2,66
202400009450,2024-03-19,Morning,4,7,3.0,1,2,44
202400009451,2024-07-04,Night,3,1,6.0,3,2,62
202400009452,2024-03-19,Afternoon,2,1,6.0,1,1,44
202400009453,2024-07-06,Afternoon,4,6,3.0,1,2,62
202400009454,2024-03-05,Evening,3,1,3.0,3,1,35
202400009455,2024-07-04,Afternoon,4,7,1.0,1,2,51
202400009456,2024-03-19,Morning,4,1,1.0,2,1,29
202400009457,2024-07-05,Evening,3,1,1.0,1,1,56
202400009458,2024-03-19,Afternoon,2,1,7.0,1,1,29
202400009459,2024-07-06,Night,4,1,6.0,3,1,2B
202400009460,2024-03-18,Morning,3,1,3.0,1,1,31
202400009461,2024-03-18,Afternoon,3,1,6.0,1,2,38
202400009462,2024-07-05,Evening,4,1,1.0,2,2,65
202400009463,2024-03-19,Afternoon,3,1,3.0,1,1,84
202400009464,2024-03-18,Evening,4,1,1.0,1,1,64
202400009465,2024-07-06,Afternoon,4,2,2.0,1,1,71
202400009466,2024-03-19,Afternoon,4,1,2.0,1,1,43
202400009467,2024-03-17,Afternoon,3,1,7.0,1,1,07
202400009468,2024-07-06,Afternoon,3,3,5.0,1,1,71
202400009469,2024-03-15,Evening,3,3,3.0,5,2,88
202400009471,2024-06-28,Evening,3,1,3.0,1,1,89
202400009472,2024-03-19,Afternoon,4,1,3.0,2,1,06
202400009473,2024-07-06,Evening,4,1,3.0,1,2,76
202400009475,2024-07-06,Evening,4,1,3.0,1,2,47
202400009476,2024-03-18,Afternoon,4,1,2.0,1,1,06
202400009477,2024-07-06,Morning,4,2,1.0,1,1,39
202400009479,2024-06-24,Night,3,1,6.0,2,2,44
202400009481,2024-03-18,Morning,3,1,6.0,1,2,84
202400009482,2024-07-05,Evening,2,1,1.0,1,1,44
202400009483,2024-07-05,Evening,2,1,6.0,2,1,44
202400009484,2024-03-18,Evening,4,1,7.0,5,1,55
202400009485,2024-03-18,Evening,3,1,6.0,1,2,46
202400009486,2024-07-05,Afternoon,3,7,3.0,1,2,31
202400009487,2024-07-06,Night,4,1,6.0,4,2,38
202400009488,2024-03-15,Afternoon,4,1,1.0,1,1,33
202400009489,2024-07-05,Afternoon,3,1,3.0,1,1,03
202400009490,2024-03-18,Afternoon,4,1,1.0,1,1,35
202400009491,2024-03-18,Afternoon,4,1,6.0,1,2,60
202400009492,2024-07-05,Evening,3,1,2.0,1,1,70
202400009493,2024-03-14,Morning,3,1,3.0,1,1,13
202400009494,2024-07-05,Morning,3,1,3.0,1,1,72
202400009495,2024-03-18,Morning,4,1,4.0,1,1,83
202400009496,2024-06-25,Afternoon,3,1,3.0,1,1,72
202400009497,2024-07-03,Afternoon,4,1,1.0,1,1,09
202400009498,2024-03-16,Afternoon,4,1,4.0,1,1,57
202400009499,2024-03-15,Morning,3,8,7.0,1,1,59
202400009500,2024-07-05,Evening,4,1,5.0,1,2,45
202400009501,2024-03-15,Afternoon,4,2,6.0,1,1,95
202400009503,2024-07-05,Evening,4,1,6.0,2,1,73
202400009505,2024-07-05,Afternoon,3,1,3.0,1,1,18
202400009507,2024-07-05,Afternoon,4,1,3.0,1,2,10
202400009508,2024-07-05,Evening,3,1,6.0,2,1,36
202400009509,2024-03-17,Morning,3,8,3.0,1,2,69
202400009511,2024-07-06,Afternoon,3,1,1.0,1,1,07
202400009513,2024-07-05,Evening,3,1,7.0,1,2,07
202400009515,2024-07-05,Evening,3,1,3.0,1,2,07
202400009517,2024-07-06,Morning,3,1,2.0,1,1,53
202400009518,2024-03-17,Afternoon,3,2,3.0,2,2,69
202400009519,2024-03-17,Evening,4,2,7.0,5,2,69
202400009520,2024-07-05,Evening,2,1,7.0,1,1,21
202400009521,2024-07-06,Evening,3,1,6.0,2,1,21
202400009522,2024-03-16,Afternoon,4,1,1.0,1,2,76
202400009523,2024-03-16,Afternoon,3,1,7.0,1,1,70
202400009524,2024-07-05,Evening,3,1,3.0,1,2,40
202400009525,2024-07-06,Night,3,1,6.0,3,1,04
202400009526,2024-03-17,Afternoon,4,8,1.0,1,2,69
202400009527,2024-07-06,Morning,4,1,6.0,1,1,85
202400009528,2024-03-17,Afternoon,4,1,1.0,1,2,64
202400009529,2024-07-06,Night,4,1,1.0,3,1,68
202400009530,2024-03-16,Night,2,1,6.0,3,2,62
202400009531,2024-07-06,Morning,4,1,7.0,1,1,10
202400009532,2024-03-16,Afternoon,3,1,3.0,1,2,62
202400009533,2024-07-06,Morning,3,1,3.0,1,2,06
202400009534,2024-03-16,Night,4,2,3.0,4,2,61
202400009535,2024-07-05,Evening,3,1,3.0,1,2,69
202400009536,2024-03-15,Evening,4,2,6.0,5,2,60
202400009537,2024-07-05,Afternoon,3,1,2.0,1,1,13
202400009538,2024-03-17,Night,4,1,3.0,4,2,59
202400009539,2024-07-05,Morning,3,1,2.0,1,1,17
202400009540,2024-03-17,Night,4,2,6.0,5,2,59
202400009541,2024-07-06,Afternoon,3,1,2.0,1,1,59
202400009542,2024-03-17,Afternoon,4,1,7.0,1,2,56
202400009543,2024-03-17,Morning,3,1,6.0,2,1,42
202400009544,2024-07-03,Afternoon,4,1,2.0,1,1,13
202400009546,2024-03-16,Afternoon,4,1,2.0,1,2,38
202400009548,2024-03-16,Night,4,1,6.0,5,1,38
202400009549,2024-03-02,Evening,4,2,6.0,2,2,36
202400009550,2024-07-06,Night,4,1,3.0,3,1,77
202400009551,2024-07-04,Night,4,1,6.0,3,1,95
202400009552,2024-03-16,Night,4,8,3.0,3,1,36
202400009553,2024-07-05,Evening,3,7,6.0,1,2,34
202400009554,2024-03-17,Afternoon,4,1,7.0,1,2,34
202400009555,2024-07-06,Afternoon,4,1,3.0,1,2,83
202400009556,2024-03-17,Night,4,2,7.0,5,2,28
202400009557,2024-07-05,Afternoon,3,1,3.0,1,1,13
202400009558,2024-07-06,Afternoon,3,2,3.0,1,2,58
202400009559,2024-03-17,Morning,4,1,3.0,1,2,25
202400009560,2024-07-02,Night,4,1,6.0,3,1,73
202400009561,2024-03-17,Night,4,1,6.0,5,2,25
202400009562,2024-07-05,Evening,3,1,2.0,2,2,38
202400009563,2024-03-17,Evening,3,1,6.0,5,2,22
202400009564,2024-06-20,Afternoon,3,3,6.0,1,1,07
202400009565,2024-03-15,Afternoon,4,2,3.0,1,2,14
202400009566,2024-07-06,Afternoon,3,2,3.0,1,2,01
202400009567,2024-03-17,Evening,4,1,3.0,2,2,13
202400009568,2024-07-04,Afternoon,3,1,6.0,1,2,01
202400009569,2024-07-05,Evening,4,1,3.0,2,1,81
202400009570,2024-03-17,Night,4,1,4.0,4,2,13
202400009571,2024-06-30,Evening,4,1,1.0,1,1,31
202400009572,2024-07-06,Afternoon,3,1,7.0,1,1,17
202400009573,2024-03-17,Afternoon,4,1,3.0,1,2,13
202400009574,2024-07-06,Afternoon,3,1,6.0,1,1,16
202400009575,2024-07-03,Morning,2,1,7.0,1,2,85
202400009576,2024-07-05,Evening,4,1,7.0,1,1,53
202400009577,2024-03-17,Night,4,1,3.0,5,2,13
202400009578,2024-07-06,Afternoon,3,1,3.0,1,1,22
202400009579,2024-03-17,Afternoon,4,1,3.0,1,2,06
202400009580,2024-07-06,Afternoon,4,2,1.0,1,1,22
202400009581,2024-03-17,Afternoon,4,2,3.0,1,2,75
202400009582,2024-03-16,Afternoon,4,1,7.0,1,2,75
202400009583,2024-07-06,Morning,3,1,6.0,1,2,60
202400009584,2024-07-06,Evening,4,7,1.0,1,1,60
202400009585,2024-07-05,Night,2,1,6.0,2,2,80
202400009586,2024-03-15,Afternoon,4,1,3.0,1,2,75
202400009587,2024-07-05,Evening,4,1,2.0,1,1,80
202400009588,2024-03-17,Evening,4,1,6.0,5,2,75
202400009589,2024-07-04,Evening,4,1,2.0,1,1,13
202400009590,2024-03-16,Evening,3,1,3.0,5,2,94
202400009591,2024-06-30,Evening,4,1,3.0,1,1,13
202400009592,2024-03-16,Night,4,1,1.0,5,2,93
202400009593,2024-07-05,Night,4,1,2.0,3,1,13
202400009594,2024-07-03,Night,4,1,6.0,5,1,13
202400009595,2024-07-04,Afternoon,4,1,4.0,1,2,83
202400009596,2024-07-05,Night,2,1,2.0,3,1,33
202400009597,2024-03-17,Afternoon,4,2,6.0,1,2,93
202400009598,2024-07-05,Morning,4,1,3.0,1,1,91
202400009599,2024-03-17,Evening,4,1,3.0,1,2,92
202400009600,2024-07-04,Afternoon,4,1,3.0,1,1,78
202400009601,2024-03-16,Afternoon,4,1,6.0,1,2,92
202400009602,2024-07-04,Morning,4,1,2.0,1,1,78
202400009603,2024-03-16,Afternoon,4,1,4.0,1,2,92
202400009604,2024-07-03,Afternoon,4,8,2.0,1,1,78
202400009605,2024-07-05,Afternoon,4,1,2.0,1,1,93
202400009606,2024-03-17,Afternoon,4,1,7.0,1,1,60
202400009607,2024-07-05,Afternoon,4,1,2.0,1,1,93
202400009608,2024-03-18,Afternoon,3,1,3.0,1,1,59
202400009609,2024-07-05,Afternoon,4,1,6.0,1,1,95
202400009610,2024-03-16,Afternoon,3,1,3.0,1,1,80
202400009611,2024-07-05,Afternoon,4,1,7.0,1,1,95
202400009612,2024-03-17,Afternoon,4,1,6.0,1,1,82
202400009613,2024-02-07,Morning,3,1,6.0,1,2,82
202400009614,2024-03-17,Night,3,2,6.0,3,1,41
202400009616,2024-03-15,Afternoon,3,1,7.0,1,2,22
202400009619,2024-03-18,Afternoon,3,1,1.0,2,1,31
202400009626,2024-07-04,Night,4,1,3.0,5,2,69
202400009629,2024-07-03,Morning,4,1,3.0,1,2,69
202400009630,2024-07-04,Afternoon,4,1,2.0,1,2,2B
202400009632,2024-07-04,Afternoon,4,1,3.0,1,2,2A
202400009633,2024-07-04,Evening,4,1,3.0,1,2,95
202400009634,2024-07-04,Afternoon,4,1,3.0,1,2,95
202400009635,2024-07-03,Evening,4,1,2.0,1,2,91
202400009636,2024-07-03,Afternoon,4,8,2.0,1,2,91
202400009637,2024-07-04,Night,3,1,7.0,3,1,88
202400009638,2024-07-03,Evening,3,1,6.0,1,1,87
202400009639,2024-07-03,Afternoon,4,1,1.0,1,2,84
202400009640,2024-07-04,Afternoon,3,1,6.0,1,2,83
202400009641,2024-07-04,Morning,3,1,3.0,1,1,83
202400009642,2024-06-29,Night,3,1,1.0,3,2,83
202400009643,2024-07-03,Morning,4,2,3.0,1,2,81
202400009644,2024-07-04,Evening,4,1,2.0,2,1,81