Num_Acc,date,time_of_day,max_severity,weather,collision_type,lighting,urban_area,department
202400009645,2024-07-04,Afternoon,3,1,3.0,1,2,79
202400009646,2024-06-21,Evening,4,1,4.0,1,2,77
202400009647,2024-07-04,Evening,4,1,3.0,1,2,76
202400009648,2024-07-04,Night,4,2,6.0,5,2,76
202400009649,2024-07-03,Morning,4,1,6.0,1,2,74
202400009650,2024-07-03,Evening,4,1,3.0,1,1,74
202400009651,2024-07-03,Afternoon,4,1,3.0,1,2,72
202400009652,2024-07-04,Morning,4,1,1.0,1,2,71
202400009653,2024-07-03,Morning,4,8,3.0,1,2,69
202400009654,2024-07-04,Evening,4,1,2.0,1,2,69
202400009655,2024-07-04,Night,4,1,3.0,5,2,68
202400009656,2024-07-03,Afternoon,4,1,3.0,1,2,65
202400009657,2024-07-03,Afternoon,2,1,6.0,1,2,64
202400009658,2024-07-04,Afternoon,4,8,3.0,1,2,64
202400009659,2024-07-04,Morning,4,1,3.0,1,2,64
202400009660,2024-07-04,Morning,4,1,3.0,1,1,63
202400009661,2024-07-03,Morning,3,1,6.0,1,2,62
202400009662,2024-07-04,Afternoon,3,1,3.0,1,2,62
202400009663,2024-07-04,Morning,3,1,7.0,1,2,62
202400009664,2024-06-28,Evening,4,1,3.0,1,1,59
202400009665,2024-07-04,Evening,4,1,4.0,1,2,56
202400009666,2024-07-03,Afternoon,4,1,3.0,1,2,56
202400009667,2024-07-03,Afternoon,4,2,7.0,1,2,56
202400009668,2024-07-04,Morning,4,1,3.0,1,2,51
202400009669,2024-07-04,Night,4,2,3.0,5,2,51
202400009670,2024-07-03,Evening,4,1,4.0,1,2,51
202400009671,2024-07-03,Afternoon,4,1,3.0,1,2,50
202400009672,2024-07-03,Morning,4,1,3.0,1,2,50
202400009673,2024-06-12,Morning,4,1,3.0,1,2,49
202400009674,2024-07-04,Afternoon,4,1,1.0,1,2,47
202400009675,2024-07-03,Afternoon,4,1,2.0,1,2,47
202400009676,2024-07-04,Afternoon,3,1,6.0,1,2,45
202400009677,2024-07-03,Evening,4,1,6.0,2,1,45
202400009678,2024-07-03,Night,4,1,6.0,3,2,45
202400009679,2024-07-04,Evening,4,1,6.0,1,2,44
202400009680,2024-11-26,Afternoon,4,1,3.0,2,1,95
202400009681,2024-11-25,Afternoon,4,2,2.0,1,1,93
202400009682,2024-11-25,Morning,4,2,3.0,1,1,93
202400009683,2024-11-25,Morning,4,2,3.0,5,1,95
202400009684,2024-11-23,Evening,4,1,4.0,3,1,95
202400009685,2024-11-26,Evening,4,1,2.0,3,1,94
202400009686,2024-09-23,Morning,4,8,6.0,1,1,82
202400009687,2024-09-15,Afternoon,4,1,6.0,1,1,84
202400009688,2024-09-15,Night,4,6,6.0,4,1,84
202400009689,2024-09-14,Morning,4,1,2.0,1,1,84
202400009690,2024-09-13,Afternoon,4,1,7.0,1,2,84
202400009691,2024-09-12,Evening,4,1,1.0,1,2,84
202400009692,2024-04-30,Evening,4,1,6.0,1,2,93
202400009693,2024-09-09,Morning,3,2,1.0,1,1,74
202400009694,2024-04-27,Evening,4,2,2.0,1,2,93
202400009695,2024-04-23,Afternoon,4,1,3.0,1,2,93
202400009696,2024-03-19,Afternoon,4,1,2.0,1,2,93
202400009697,2024-03-13,Morning,4,2,3.0,5,2,93
202400009698,2024-03-07,Morning,4,1,3.0,1,2,93
202400009699,2024-03-05,Morning,4,2,6.0,1,2,93
202400009700,2024-03-04,Morning,4,1,3.0,1,2,93
202400009701,2024-03-29,Afternoon,3,1,3.0,1,2,93
202400009702,2024-02-21,Afternoon,4,8,3.0,1,2,93
202400009703,2024-09-12,Night,3,1,3.0,3,2,56
202400009704,2024-02-11,Afternoon,4,8,6.0,1,2,93
202400009705,2024-09-13,Afternoon,4,1,3.0,1,2,54
202400009706,2024-02-10,Afternoon,4,3,1.0,1,2,93
202400009707,2024-09-13,Afternoon,3,7,6.0,1,2,54
202400009708,2024-02-09,Night,4,1,6.0,5,2,93
202400009709,2024-09-12,Night,4,2,3.0,3,2,51
202400009710,2024-02-02,Afternoon,4,1,3.0,1,2,93
202400009711,2024-09-12,Evening,4,1,6.0,1,2,51
202400009712,2024-01-24,Evening,4,1,6.0,5,2,93
202400009713,2024-09-13,Morning,4,1,6.0,1,2,50
202400009714,2024-01-16,Morning,4,1,6.0,1,2,93
202400009715,2024-09-14,Night,4,1,6.0,5,2,49
202400009716,2024-01-02,Afternoon,4,2,6.0,1,2,93
202400009717,2024-09-13,Afternoon,4,1,3.0,1,2,49
202400009718,2024-01-06,Evening,4,2,3.0,5,2,93
202400009719,2024-09-13,Afternoon,4,1,3.0,1,2,45
202400009720,2024-09-13,Evening,3,1,3.0,1,2,44
202400009722,2024-09-13,Night,4,1,6.0,4,2,42
202400009723,2024-04-25,Afternoon,4,1,2.0,1,1,78
202400009725,2024-09-13,Afternoon,4,1,7.0,1,2,37
202400009726,2024-09-13,Morning,4,1,2.0,1,2,37
202400009727,2024-04-24,Morning,4,1,2.0,1,1,92
202400009729,2024-04-25,Morning,4,1,2.0,1,1,93
202400009731,2024-09-13,Evening,3,1,3.0,5,2,35
202400009732,2024-04-24,Afternoon,4,1,2.0,1,1,93
202400009734,2024-09-13,Afternoon,4,1,4.0,1,1,35
202400009735,2024-04-25,Afternoon,4,1,2.0,1,1,94
202400009737,2024-09-13,Evening,4,1,2.0,5,2,34
202400009738,2024-04-25,Morning,4,1,7.0,1,1,94
202400009740,2024-09-13,Afternoon,4,1,3.0,1,2,34
202400009742,2024-09-13,Evening,4,1,1.0,5,2,33
202400009743,2024-02-18,Evening,4,2,2.0,5,1,62
202400009744,2024-09-13,Evening,4,1,1.0,5,2,33
202400009745,2024-11-25,Evening,4,8,3.0,5,2,69
202400009749,2024-09-13,Afternoon,4,1,3.0,1,2,33
202400009750,2024-11-25,Evening,4,2,1.0,5,2,95
202400009751,2024-09-13,Afternoon,3,1,3.0,1,2,33
202400009752,2024-04-24,Night,4,1,3.0,5,2,69
202400009753,2024-11-25,Morning,4,3,6.0,2,2,95
202400009754,2024-09-13,Morning,3,1,6.0,1,2,33
202400009755,2024-04-24,Morning,4,1,6.0,1,2,69
202400009756,2024-11-25,Morning,3,2,6.0,2,2,91
202400009757,2024-09-13,Morning,3,1,1.0,2,2,33
202400009759,2024-11-24,Afternoon,4,1,6.0,1,2,91
202400009760,2024-09-13,Night,4,2,6.0,5,2,33
202400009762,2024-11-23,Afternoon,4,1,6.0,1,2,91
202400009763,2024-11-22,Evening,4,1,6.0,5,2,87
202400009764,2024-09-13,Afternoon,3,1,6.0,1,2,31
202400009765,2024-04-24,Morning,4,1,2.0,1,2,69
202400009766,2024-11-24,Night,4,1,6.0,3,2,87
202400009767,2024-04-24,Evening,4,1,1.0,5,2,2A
202400009768,2024-09-13,Night,4,1,5.0,3,2,31
202400009769,2024-11-22,Morning,4,1,3.0,1,2,87
202400009770,2024-04-23,Afternoon,4,1,3.0,1,1,88
202400009771,2024-09-13,Morning,4,1,1.0,5,2,28
202400009772,2024-04-22,Afternoon,4,1,2.0,1,2,87
202400009773,2024-09-13,Evening,4,1,2.0,4,1,26
202400009774,2024-04-24,Morning,3,1,6.0,1,2,85
202400009775,2024-09-13,Afternoon,3,1,3.0,1,2,17
202400009776,2024-11-25,Morning,4,1,3.0,2,2,84
202400009777,2024-04-19,Afternoon,3,1,6.0,1,2,85
202400009778,2024-11-21,Morning,3,8,7.0,1,2,83
202400009779,2024-04-24,Morning,4,1,3.0,1,2,85
202400009780,2024-09-13,Afternoon,4,1,3.0,1,2,17
202400009781,2024-11-25,Evening,4,2,3.0,3,2,78
202400009782,2024-04-24,Night,4,1,3.0,5,2,84
202400009783,2024-09-13,Afternoon,4,1,3.0,1,2,14
202400009784,2024-09-11,Afternoon,4,1,1.0,1,2,13
202400009785,2024-04-24,Morning,4,1,3.0,1,1,83
202400009786,2024-11-24,Evening,3,1,6.0,5,2,77
202400009787,2024-09-12,Afternoon,4,1,6.0,1,2,13
202400009788,2024-11-25,Evening,3,8,6.0,3,1,77
202400009789,2024-04-24,Evening,4,7,3.0,1,2,83
202400009790,2024-04-21,Evening,3,1,6.0,1,2,83
202400009791,2024-11-24,Night,3,1,3.0,5,2,76
202400009792,2024-09-13,Morning,4,1,5.0,1,1,11
202400009793,2024-04-23,Afternoon,4,1,6.0,1,1,82
202400009794,2024-11-25,Evening,4,1,3.0,5,2,74
202400009795,2024-09-13,Afternoon,3,1,6.0,1,2,10
202400009796,2024-11-25,Evening,4,6,6.0,5,2,67
202400009797,2024-09-12,Evening,3,1,1.0,1,2,10
202400009798,2024-04-22,Morning,4,1,4.0,1,2,77
202400009799,2024-11-25,Morning,3,2,6.0,4,2,62
202400009800,2024-11-25,Morning,4,2,6.0,1,2,59
202400009801,2024-09-13,Afternoon,4,1,4.0,1,2,09
202400009802,2024-11-25,Evening,4,1,3.0,5,2,59
202400009803,2024-09-12,Morning,4,1,3.0,1,2,07
202400009804,2024-04-24,Morning,4,1,3.0,1,2,72
202400009805,2024-09-13,Morning,4,1,6.0,1,2,06
202400009806,2024-04-23,Afternoon,4,1,2.0,1,2,72
202400009807,2024-09-13,Morning,4,1,7.0,1,2,75
202400009808,2024-11-25,Morning,4,2,2.0,3,1,59
202400009809,2024-04-24,Evening,3,1,3.0,1,2,71
202400009810,2024-09-12,Evening,4,2,3.0,1,2,75
202400009811,2024-11-22,Morning,4,1,6.0,1,2,58
202400009812,2024-04-24,Afternoon,4,2,3.0,1,2,71
202400009813,2024-09-12,Afternoon,4,1,2.0,1,2,75
202400009814,2024-11-25,Morning,3,1,3.0,1,2,56
202400009815,2024-04-24,Afternoon,3,1,6.0,1,2,66
202400009816,2024-11-23,Night,4,1,6.0,3,2,56
202400009817,2024-09-13,Afternoon,4,1,3.0,1,2,75
202400009818,2024-04-24,Morning,4,1,2.0,1,2,64
202400009819,2024-11-25,Evening,3,2,6.0,5,2,47
202400009820,2024-04-24,Night,4,1,7.0,5,2,64
202400009821,2024-09-12,Morning,4,1,3.0,1,2,75
202400009822,2024-11-25,Night,4,8,2.0,5,2,44
202400009823,2024-04-24,Afternoon,4,1,6.0,1,2,63
202400009824,2024-09-12,Morning,4,1,6.0,1,2,75
202400009825,2024-04-14,Night,4,1,6.0,4,2,62
202400009826,2024-11-25,Morning,4,1,3.0,1,2,38
202400009827,2024-09-13,Evening,4,1,3.0,5,2,75
202400009828,2024-04-24,Evening,4,2,4.0,1,1,56
202400009829,2024-11-25,Morning,4,3,2.0,2,2,37
202400009830,2024-09-13,Afternoon,4,1,3.0,1,2,75
202400009831,2024-04-23,Afternoon,4,1,3.0,1,2,56
202400009832,2024-11-25,Evening,4,8,4.0,3,1,36
202400009833,2024-04-23,Afternoon,4,1,6.0,1,2,51
202400009834,2024-09-12,Morning,4,1,2.0,1,2,75
202400009835,2024-11-25,Evening,4,1,3.0,5,2,35
202400009836,2024-04-23,Evening,3,1,3.0,2,2,49
202400009837,2024-09-13,Morning,4,1,6.0,1,2,75
202400009838,2024-11-25,Evening,4,2,4.0,5,1,31
202400009839,2024-04-23,Morning,4,1,3.0,1,2,45
202400009840,2024-09-13,Night,4,1,2.0,5,2,75
202400009841,2024-11-24,Afternoon,4,1,3.0,1,2,22
202400009842,2024-04-24,Afternoon,4,1,6.0,1,2,42
202400009843,2024-09-13,Afternoon,4,1,6.0,1,2,75
202400009844,2024-11-25,Morning,4,1,6.0,3,2,17
202400009845,2024-04-24,Evening,4,8,3.0,2,2,37
202400009846,2024-09-13,Morning,4,1,3.0,1,2,75
202400009847,2024-04-24,Morning,3,1,3.0,1,2,35
202400009848,2024-09-13,Morning,4,1,3.0,1,2,75
202400009849,2024-04-24,Afternoon,3,1,6.0,1,2,34
202400009850,2024-11-16,Afternoon,4,2,5.0,1,1,13
202400009851,2024-09-13,Morning,4,7,3.0,1,2,94
202400009852,2024-04-24,Evening,4,1,3.0,1,2,34
202400009853,2024-11-25,Evening,4,1,3.0,5,2,13
202400009854,2024-09-13,Morning,4,1,6.0,1,2,94
202400009855,2024-04-21,Afternoon,3,1,1.0,1,2,34
202400009856,2024-09-13,Afternoon,4,8,3.0,1,2,94
202400009857,2024-11-25,Morning,4,8,3.0,1,2,13
202400009858,2024-04-24,Morning,4,1,3.0,1,2,34
202400009859,2024-09-13,Afternoon,4,1,5.0,1,2,94
202400009860,2024-11-25,Morning,4,2,3.0,1,2,75
202400009861,2024-04-24,Night,4,1,2.0,5,2,33
202400009862,2024-11-25,Morning,4,2,6.0,1,2,75
202400009863,2024-09-12,Evening,4,2,6.0,3,1,94
202400009864,2024-11-24,Afternoon,4,1,6.0,5,2,75
202400009865,2024-09-13,Evening,4,1,3.0,1,2,94
202400009866,2024-04-24,Evening,4,2,3.0,1,2,31
202400009867,2024-11-24,Afternoon,4,1,6.0,1,2,75
202400009868,2024-04-24,Morning,4,1,3.0,1,2,31
202400009869,2024-11-25,Evening,4,1,2.0,3,2,75
202400009870,2024-09-13,Morning,4,1,2.0,1,2,93
202400009871,2024-04-24,Morning,2,1,6.0,1,2,27
202400009872,2024-11-25,Afternoon,4,8,3.0,1,2,75
202400009873,2024-04-24,Afternoon,4,1,6.0,1,1,25
202400009874,2024-11-23,Afternoon,4,1,6.0,2,2,75
202400009875,2024-09-13,Afternoon,3,2,2.0,1,2,93
202400009876,2024-03-23,Afternoon,3,1,1.0,1,2,13
202400009877,2024-11-25,Morning,4,3,3.0,1,2,75
202400009878,2024-09-13,Afternoon,4,1,3.0,1,2,93
202400009879,2024-04-24,Morning,3,1,3.0,1,2,13
202400009880,2024-11-25,Morning,4,2,7.0,1,2,75
202400009881,2024-09-13,Morning,4,1,6.0,2,2,93
202400009882,2024-09-13,Morning,4,1,6.0,1,2,93
202400009883,2024-11-25,Evening,4,8,3.0,5,2,75
202400009884,2024-04-24,Morning,4,1,7.0,1,2,13
202400009885,2024-09-13,Afternoon,3,1,6.0,1,2,93
202400009886,2024-11-25,Afternoon,4,3,3.0,1,2,75
202400009887,2024-04-23,Evening,3,6,3.0,1,2,11
202400009888,2024-09-13,Night,4,1,6.0,5,2,93
202400009889,2024-11-25,Morning,3,3,3.0,1,2,75
202400009890,2024-11-25,Morning,4,2,7.0,5,2,75
202400009891,2024-09-13,Afternoon,3,1,5.0,1,1,93
202400009892,2024-04-22,Morning,4,1,4.0,1,1,11
202400009893,2024-11-25,Afternoon,4,2,3.0,1,2,94
202400009894,2024-09-13,Night,4,1,3.0,5,2,93
202400009895,2024-11-25,Afternoon,4,2,6.0,2,2,94
202400009896,2024-04-21,Evening,4,1,2.0,1,2,04
202400009897,2024-09-13,Evening,4,1,2.0,1,2,93
202400009898,2024-11-25,Morning,4,2,3.0,1,2,94
202400009899,2024-04-24,Afternoon,4,1,6.0,1,2,75
202400009900,2024-09-12,Evening,4,1,3.0,5,2,93
202400009901,2024-11-24,Night,3,1,6.0,5,2,94
202400009902,2024-04-24,Afternoon,4,1,7.0,1,2,75
202400009903,2024-09-10,Afternoon,4,8,2.0,1,2,92
202400009904,2024-11-25,Morning,4,2,6.0,1,2,93
202400009905,2024-09-13,Morning,4,1,1.0,1,2,92
202400009906,2024-04-24,Afternoon,4,1,3.0,1,2,75
202400009907,2024-09-13,Morning,4,1,3.0,2,2,92
202400009908,2024-11-25,Afternoon,4,2,3.0,1,2,93
202400009909,2024-04-24,Afternoon,4,2,6.0,1,2,75
202400009910,2024-11-25,Evening,4,1,2.0,5,2,93
202400009911,2024-09-13,Night,4,1,3.0,5,2,92
202400009912,2024-04-24,Evening,4,8,3.0,1,2,75
202400009913,2024-11-25,Morning,4,2,6.0,1,2,93
202400009914,2024-09-13,Morning,4,1,6.0,1,2,92
202400009915,2024-11-18,Afternoon,3,2,6.0,5,2,93
202400009916,2024-09-13,Evening,4,1,1.0,1,2,92
202400009917,2024-04-24,Morning,4,1,3.0,1,2,75
202400009918,2024-11-18,Afternoon,4,2,6.0,2,2,92
202400009919,2024-09-13,Afternoon,4,1,3.0,1,2,92
202400009920,2024-04-24,Afternoon,4,1,3.0,1,2,75
202400009921,2024-11-25,Evening,3,1,3.0,5,2,92
202400009922,2024-09-13,Afternoon,4,1,6.0,1,2,92
202400009923,2024-04-17,Evening,3,1,7.0,2,2,75
202400009924,2024-11-25,Morning,4,3,6.0,1,2,92
202400009925,2024-09-13,Morning,4,1,3.0,1,2,92
202400009926,2024-11-25,Morning,4,2,6.0,1,2,92
202400009927,2024-04-24,Morning,4,1,3.0,1,2,94
202400009928,2024-09-13,Morning,4,1,3.0,1,2,92
202400009929,2024-11-24,Afternoon,4,1,6.0,1,2,92
202400009930,2024-04-29,Afternoon,4,1,3.0,1,2,94
202400009931,2024-07-31,Afternoon,4,1,1.0,1,1,34
202400009932,2024-11-25,Night,4,2,7.0,2,2,92
202400009933,2024-04-03,Morning,4,1,6.0,1,2,94
202400009934,2024-11-25,Afternoon,4,2,2.0,1,2,92
202400009935,2024-09-14,Evening,4,1,1.0,2,1,01
202400009936,2024-11-25,Morning,4,2,6.0,5,2,92
202400009937,2024-04-24,Morning,4,1,3.0,1,2,94
202400009938,2024-09-13,Morning,3,7,3.0,1,2,40
202400009939,2024-04-24,Evening,4,1,6.0,1,2,94
202400009940,2024-11-26,Afternoon,4,1,2.0,1,1,02
202400009941,2024-04-24,Afternoon,4,1,6.0,1,2,93
202400009942,2024-11-24,Evening,3,2,6.0,3,1,95
202400009944,2024-11-26,Night,2,1,6.0,3,1,81
202400009945,2024-04-24,Afternoon,4,1,3.0,1,2,93
202400009946,2024-09-14,Night,2,1,6.0,3,1,11
202400009948,2024-04-23,Evening,4,1,3.0,2,2,93
202400009949,2024-11-24,Afternoon,3,1,3.0,5,2,83
202400009950,2024-08-16,Night,4,1,3.0,5,2,88
202400009951,2024-04-23,Night,4,1,2.0,5,2,93
202400009952,2024-09-14,Morning,4,6,3.0,1,1,30
202400009953,2024-11-24,Morning,4,1,2.0,1,1,22
202400009954,2024-04-23,Night,3,1,3.0,5,2,92
202400009955,2024-11-25,Afternoon,4,2,2.0,1,1,18
202400009956,2024-09-14,Afternoon,4,1,7.0,1,1,56
202400009957,2024-04-24,Evening,4,1,2.0,2,2,92
202400009958,2024-11-26,Afternoon,3,1,1.0,1,1,62
202400009959,2024-09-14,Morning,4,1,3.0,1,2,56
202400009960,2024-04-23,Night,4,1,6.0,5,2,92
202400009961,2024-11-25,Afternoon,4,2,2.0,5,2,51
202400009962,2024-09-14,Night,4,1,6.0,3,1,56
202400009963,2024-04-23,Evening,4,1,6.0,1,2,92
202400009964,2024-12-26,Morning,3,2,7.0,3,1,19
202400009965,2024-04-22,Evening,4,1,6.0,1,2,92
202400009966,2024-11-26,Morning,2,1,7.0,1,1,79
202400009967,2024-09-14,Afternoon,4,1,2.0,1,1,76
202400009968,2024-11-24,Night,3,2,6.0,4,2,80
202400009969,2024-04-23,Evening,4,1,2.0,1,2,92
202400009970,2024-09-13,Afternoon,4,1,1.0,1,2,31
202400009971,2024-09-14,Night,2,1,1.0,3,1,80
202400009972,2024-04-25,Afternoon,4,1,4.0,1,1,66
202400009973,2024-11-25,Morning,3,1,7.0,1,1,81
202400009974,2024-11-23,Morning,2,1,7.0,1,2,34
202400009976,2024-09-14,Evening,3,1,3.0,1,2,76
202400009977,2024-11-24,Night,4,1,7.0,3,1,34
202400009978,2024-09-13,Night,3,1,7.0,3,1,61
202400009980,2024-09-14,Afternoon,2,1,7.0,1,1,55
202400009981,2024-04-20,Afternoon,3,1,7.0,1,1,62
202400009982,2024-11-26,Morning,3,1,1.0,1,1,39
202400009983,2024-04-24,Evening,3,1,7.0,1,1,91
202400009984,2024-08-29,Afternoon,3,1,7.0,1,1,46
202400009985,2024-11-22,Morning,3,1,3.0,1,2,44
202400009986,2024-09-14,Night,3,1,6.0,3,1,34
202400009988,2024-09-13,Night,4,1,6.0,5,2,25
202400009989,2024-11-22,Evening,3,8,6.0,3,1,35
202400009990,2024-09-14,Morning,4,1,6.0,1,2,06
202400009991,2024-11-24,Evening,4,1,3.0,3,1,01
202400009992,2024-04-24,Afternoon,3,1,1.0,1,1,62
202400009993,2024-09-14,Morning,4,1,3.0,1,1,14
202400009994,2024-11-21,Afternoon,3,4,4.0,3,1,70
202400009995,2024-04-25,Afternoon,4,1,5.0,1,1,67
202400009996,2024-04-25,Night,4,2,6.0,3,1,81
202400009997,2024-11-18,Afternoon,4,2,3.0,5,2,45
202400009998,2024-04-24,Evening,2,1,6.0,1,2,89
202400009999,2024-10-27,Morning,3,1,7.0,1,1,18
202400010000,2024-04-24,Evening,3,1,3.0,5,2,63
202400010001,2024-09-14,Night,3,2,7.0,3,1,43
202400010002,2024-11-25,Morning,3,6,6.0,1,1,43
202400010003,2024-04-25,Afternoon,2,1,6.0,1,1,61
202400010004,2024-09-13,Night,4,1,7.0,5,2,10
202400010005,2024-04-25,Afternoon,4,1,1.0,1,1,55
202400010006,2024-11-25,Afternoon,3,2,5.0,3,1,21
202400010007,2024-09-14,Morning,3,1,3.0,1,1,10
202400010008,2024-04-24,Evening,4,1,2.0,3,1,68
202400010009,2024-11-26,Afternoon,2,1,6.0,1,2,40
202400010010,2024-09-14,Afternoon,3,1,1.0,1,1,40
202400010011,2024-11-26,Afternoon,2,1,7.0,1,1,17
202400010012,2024-09-13,Afternoon,3,1,7.0,1,1,85
202400010013,2024-04-25,Morning,3,1,4.0,2,1,39
202400010014,2024-09-14,Morning,3,1,3.0,1,1,34
202400010015,2024-11-22,Afternoon,3,1,1.0,1,2,37
202400010016,2024-04-24,Evening,2,1,7.0,2,1,44
202400010017,2024-04-24,Afternoon,3,1,6.0,1,1,14
202400010019,2024-11-26,Evening,4,1,6.0,3,1,42
202400010020,2024-04-24,Evening,3,1,7.0,2,1,50
202400010021,2024-09-14,Afternoon,4,1,7.0,1,1,30
202400010022,2024-04-25,Morning,3,1,6.0,1,2,73
202400010023,2024-11-25,Morning,4,3,6.0,2,2,17
202400010024,2024-09-13,Night,3,1,7.0,3,1,91
202400010025,2024-04-24,Night,3,1,6.0,5,2,10
202400010026,2024-11-25,Evening,4,3,1.0,3,1,40
202400010027,2024-04-24,Morning,4,1,7.0,1,1,53
202400010028,2024-09-13,Evening,4,1,1.0,2,1,66
202400010029,2024-11-26,Morning,4,1,1.0,3,1,25
202400010030,2024-04-23,Night,4,1,6.0,3,1,21
202400010031,2024-04-25,Evening,3,1,6.0,1,2,85
202400010032,2024-09-13,Afternoon,3,6,1.0,1,1,13
202400010033,2024-04-25,Morning,4,1,1.0,1,1,85
202400010034,2024-11-26,Morning,4,1,2.0,3,1,77
202400010035,2024-04-24,Afternoon,4,1,6.0,1,2,85
202400010036,2024-08-23,Afternoon,3,1,1.0,1,1,13
202400010039,2024-04-01,Afternoon,4,1,1.0,1,2,49
202400010040,2024-11-26,Afternoon,3,1,6.0,1,1,66
202400010041,2024-09-14,Morning,4,1,1.0,1,1,42
202400010042,2024-04-24,Morning,3,1,3.0,1,2,11
202400010043,2024-11-25,Evening,4,1,6.0,3,1,06
202400010044,2024-08-09,Morning,2,2,1.0,2,2,62
202400010045,2024-09-13,Evening,4,1,1.0,1,1,38
202400010046,2024-11-25,Evening,4,2,1.0,5,2,71
202400010047,2024-04-24,Afternoon,3,1,3.0,1,2,33
202400010048,2024-08-08,Afternoon,3,1,3.0,1,1,13
202400010049,2024-09-13,Afternoon,3,1,6.0,1,1,69
202400010050,2024-11-25,Evening,3,2,6.0,5,2,57
202400010051,2024-08-06,Evening,4,1,2.0,1,1,83
202400010052,2024-09-14,Morning,3,1,3.0,1,2,69
202400010053,2024-04-24,Afternoon,3,1,4.0,1,1,78
202400010054,2024-08-08,Afternoon,4,1,2.0,1,1,92
202400010055,2024-09-12,Morning,4,1,3.0,1,2,85
202400010056,2024-11-26,Morning,3,5,1.0,3,1,38
202400010057,2024-08-08,Night,4,1,6.0,3,1,93
202400010059,2024-11-26,Morning,3,1,3.0,3,2,44
202400010060,2024-08-07,Night,4,1,6.0,3,1,77
202400010061,2024-09-13,Evening,3,1,3.0,1,2,14
202400010062,2024-09-14,Morning,3,8,6.0,1,1,22
202400010063,2024-05-06,Morning,4,1,6.0,1,2,91
202400010064,2024-11-26,Afternoon,3,1,3.0,1,2,60
202400010066,2024-09-14,Afternoon,3,1,6.0,1,2,35
202400010067,2024-05-09,Afternoon,4,1,6.0,1,2,91
202400010068,2024-04-25,Morning,4,1,7.0,1,1,13
202400010069,2024-11-23,Night,4,6,7.0,3,1,59
202400010070,2024-04-12,Morning,4,1,6.0,1,2,91
202400010071,2024-04-25,Morning,3,1,3.0,1,2,66
202400010072,2024-11-25,Afternoon,3,3,2.0,1,2,59
202400010073,2024-09-13,Afternoon,2,2,1.0,1,1,59
202400010074,2024-07-25,Afternoon,4,1,3.0,1,2,44
202400010075,2024-11-25,Evening,3,1,7.0,3,1,83
202400010076,2024-08-25,Evening,3,1,2.0,1,1,13
202400010077,2024-08-07,Evening,4,1,2.0,1,2,75
202400010078,2024-04-24,Afternoon,4,1,1.0,1,1,83
202400010079,2024-11-25,Morning,4,3,2.0,1,1,33
202400010080,2024-09-12,Evening,3,1,3.0,1,1,83
202400010081,2024-04-24,Morning,4,1,6.0,2,2,05
202400010082,2024-08-05,Evening,4,1,2.0,5,2,75
202400010083,2024-11-24,Night,4,1,6.0,3,1,33
202400010084,2024-09-08,Morning,3,2,6.0,3,1,69
202400010085,2024-04-24,Afternoon,4,1,1.0,1,2,73
202400010086,2024-11-18,Evening,4,1,2.0,3,1,33
202400010087,2024-08-05,Evening,4,1,4.0,1,2,75
202400010088,2024-09-13,Morning,4,1,2.0,1,1,33
202400010089,2024-04-25,Afternoon,4,1,1.0,1,2,73
202400010090,2024-09-13,Morning,4,1,2.0,1,1,33
202400010091,2024-04-25,Afternoon,4,1,1.0,2,2,07
202400010092,2024-08-07,Afternoon,4,1,3.0,1,2,75
202400010093,2024-11-24,Morning,2,1,6.0,3,1,59
202400010094,2024-04-25,Morning,3,1,1.0,1,1,72
202400010095,2024-08-07,Afternoon,4,1,1.0,1,2,75
202400010096,2024-09-11,Afternoon,3,1,2.0,1,1,62
202400010097,2024-08-07,Morning,4,2,3.0,1,2,75
202400010098,2024-11-25,Morning,4,2,6.0,1,1,91
202400010099,2024-09-08,Night,4,1,2.0,3,1,59
202400010100,2024-04-25,Afternoon,3,1,5.0,1,1,14
202400010101,2024-08-05,Evening,4,1,6.0,1,2,75
202400010102,2024-09-13,Evening,4,1,2.0,1,1,94
202400010103,2024-11-25,Morning,4,3,3.0,1,1,94
202400010104,2024-09-13,Afternoon,4,1,7.0,1,1,91
202400010105,2024-11-25,Evening,4,1,7.0,5,1,92
202400010106,2024-04-24,Morning,3,1,3.0,1,2,27
202400010107,2024-08-07,Night,4,1,2.0,5,2,75
202400010108,2024-09-11,Evening,4,1,2.0,1,1,78
202400010109,2024-04-23,Afternoon,4,1,2.0,1,1,33
202400010110,2024-08-07,Morning,4,1,3.0,1,2,75
202400010111,2024-09-13,Morning,4,1,6.0,1,1,95
202400010112,2024-11-24,Afternoon,4,1,4.0,3,1,92
202400010113,2024-09-13,Morning,4,1,6.0,2,1,93
202400010114,2024-08-04,Afternoon,4,1,6.0,1,2,75
202400010115,2024-04-24,Evening,4,1,3.0,1,1,91
202400010116,2024-09-12,Afternoon,4,1,3.0,1,1,93
202400010117,2024-11-24,Afternoon,4,1,4.0,2,1,92
202400010118,2024-04-24,Morning,4,1,2.0,1,1,91
202400010119,2024-08-06,Night,4,1,3.0,5,2,75