Num_Acc,date,time_of_day,max_severity,weather,collision_type,lighting,urban_area,department
202400010120,2024-09-12,Morning,4,1,3.0,2,1,95
202400010121,2024-04-24,Morning,4,1,4.0,1,1,94
202400010122,2024-11-23,Afternoon,3,8,6.0,1,1,78
202400010123,2024-09-11,Afternoon,4,1,2.0,1,1,95
202400010124,2024-07-07,Night,4,1,6.0,3,1,42
202400010125,2024-08-04,Evening,4,1,3.0,2,2,94
202400010126,2024-04-24,Morning,4,1,3.0,1,1,94
202400010127,2024-04-23,Evening,4,1,7.0,1,1,92
202400010128,2024-08-18,Afternoon,4,1,3.0,1,2,84
202400010129,2024-09-11,Evening,4,1,2.0,1,1,92
202400010130,2024-08-07,Evening,3,1,2.0,1,2,93
202400010131,2024-04-24,Afternoon,4,1,2.0,1,1,93
202400010132,2024-09-26,Evening,4,3,6.0,2,1,74
202400010133,2024-09-11,Afternoon,4,1,3.0,1,1,93
202400010134,2024-04-24,Morning,4,1,5.0,1,1,93
202400010135,2024-09-11,Morning,4,2,3.0,1,1,95
202400010136,2024-09-24,Evening,4,2,4.0,1,1,74
202400010137,2024-08-07,Morning,4,1,4.0,1,2,93
202400010138,2024-09-26,Afternoon,3,3,3.0,1,2,74
202400010139,2024-08-07,Afternoon,4,1,2.0,1,2,93
202400010140,2024-04-23,Night,4,1,5.0,3,1,93
202400010141,2024-09-26,Morning,2,3,6.0,1,2,74
202400010142,2024-04-24,Night,4,1,7.0,3,1,77
202400010143,2024-08-07,Afternoon,4,1,3.0,1,2,93
202400010144,2024-09-11,Morning,4,2,2.0,3,1,92
202400010145,2024-04-24,Morning,4,8,3.0,1,1,94
202400010146,2024-09-22,Evening,4,2,3.0,3,1,74
202400010147,2024-09-17,Evening,3,1,7.0,2,1,74
202400010148,2024-09-11,Night,4,3,6.0,3,1,92
202400010149,2024-04-24,Night,4,1,4.0,2,1,77
202400010150,2024-08-07,Morning,4,1,3.0,1,2,92
202400010152,2024-01-20,Evening,4,1,3.0,3,1,19
202400010153,2024-08-08,Afternoon,3,1,2.0,1,2,01
202400010154,2024-09-15,Morning,4,1,1.0,1,1,74
202400010155,2024-02-19,Morning,4,1,3.0,1,2,13
202400010156,2024-08-04,Morning,4,7,4.0,1,2,22
202400010157,2024-09-03,Morning,3,1,3.0,1,2,74
202400010160,2024-06-27,Afternoon,3,1,1.0,1,1,74
202400010162,2024-08-08,Morning,2,1,6.0,3,1,35
202400010165,2024-08-07,Afternoon,4,1,5.0,1,1,01
202400010168,2024-08-07,Morning,3,2,3.0,1,1,74
202400010170,2024-08-07,Evening,3,7,7.0,1,2,59
202400010176,2024-08-08,Morning,2,1,7.0,1,2,65
202400010178,2024-11-24,Evening,4,1,1.0,5,2,2B
202400010179,2024-08-03,Night,2,1,7.0,3,1,50
202400010180,2024-04-23,Evening,4,1,3.0,1,2,69
202400010181,2024-11-24,Afternoon,4,1,2.0,1,2,2A
202400010182,2024-08-02,Afternoon,3,1,6.0,1,2,62
202400010183,2024-04-23,Afternoon,4,1,1.0,1,2,69
202400010184,2024-11-24,Night,4,1,7.0,5,2,95
202400010185,2024-08-03,Evening,4,1,7.0,2,1,83
202400010187,2024-09-12,Night,4,1,1.0,5,2,69
202400010188,2024-06-28,Evening,3,1,7.0,1,1,56
202400010189,2024-11-23,Evening,4,1,3.0,5,2,83
202400010190,2024-04-23,Afternoon,4,8,3.0,1,2,69
202400010191,2024-08-08,Afternoon,4,1,6.0,1,1,56
202400010192,2024-11-22,Afternoon,4,1,2.0,1,2,83
202400010193,2024-08-06,Night,3,1,6.0,3,1,56
202400010194,2024-04-22,Morning,4,8,6.0,1,2,2B
202400010196,2024-11-24,Afternoon,3,8,3.0,5,2,78
202400010197,2024-08-07,Evening,3,1,6.0,1,1,82
202400010200,2024-08-07,Afternoon,3,1,6.0,1,1,65
202400010202,2024-08-05,Morning,4,1,2.0,1,2,81
202400010203,2024-04-23,Afternoon,3,1,6.0,1,2,95
202400010204,2024-11-24,Afternoon,2,1,1.0,1,2,77
202400010205,2024-08-08,Afternoon,3,1,1.0,1,1,71
202400010206,2024-04-23,Evening,4,1,3.0,1,2,95
202400010207,2024-11-24,Afternoon,4,1,3.0,1,2,76
202400010209,2024-08-07,Afternoon,4,1,7.0,1,1,63
202400010210,2024-04-23,Afternoon,4,1,3.0,1,2,95
202400010211,2024-11-24,Afternoon,4,6,2.0,1,2,64
202400010212,2024-04-23,Morning,4,1,3.0,2,2,91
202400010213,2024-11-24,Evening,4,1,6.0,5,2,64
202400010214,2024-08-07,Afternoon,3,1,6.0,1,1,42
202400010215,2024-04-23,Afternoon,4,1,6.0,1,2,84
202400010216,2024-11-24,Morning,4,1,2.0,1,2,64
202400010217,2024-08-07,Afternoon,4,1,2.0,1,1,46
202400010218,2024-04-22,Morning,2,1,2.0,1,2,82
202400010219,2024-11-24,Evening,4,1,1.0,5,2,62
202400010220,2024-08-03,Night,3,1,7.0,3,1,44
202400010221,2024-09-12,Morning,4,1,3.0,1,2,69
202400010222,2024-04-10,Afternoon,4,1,6.0,1,1,78
202400010223,2024-11-24,Morning,4,6,2.0,1,1,59
202400010224,2024-11-22,Afternoon,3,1,1.0,1,2,50
202400010225,2024-04-23,Afternoon,4,1,3.0,1,2,78
202400010226,2024-09-12,Afternoon,4,2,6.0,1,2,2A
202400010227,2024-08-08,Night,3,1,6.0,3,2,44
202400010228,2024-09-11,Evening,4,1,6.0,1,2,95
202400010229,2024-11-24,Afternoon,4,1,6.0,1,2,49
202400010230,2024-09-11,Afternoon,4,1,6.0,1,1,95
202400010231,2024-11-24,Morning,4,1,1.0,2,2,49
202400010232,2024-08-06,Afternoon,3,1,2.0,1,1,38
202400010233,2024-04-23,Afternoon,4,1,2.0,1,2,76
202400010234,2024-09-12,Afternoon,3,1,6.0,1,2,91
202400010235,2024-08-07,Night,3,1,6.0,3,1,70
202400010236,2024-04-23,Afternoon,4,1,7.0,1,1,76
202400010237,2024-09-12,Morning,3,1,2.0,1,1,91
202400010238,2024-11-24,Evening,4,2,1.0,5,2,34
202400010239,2024-04-23,Morning,4,7,3.0,1,2,76
202400010240,2024-09-12,Evening,4,8,6.0,1,2,91
202400010241,2024-08-07,Afternoon,4,1,2.0,1,1,26
202400010242,2024-04-23,Night,4,2,6.0,5,2,76
202400010243,2024-02-05,Morning,3,1,1.0,5,2,92
202400010244,2024-11-24,Evening,4,2,2.0,5,2,34
202400010245,2024-09-12,Afternoon,4,1,3.0,1,2,91
202400010246,2024-02-04,Afternoon,3,1,7.0,1,1,37
202400010247,2024-08-08,Night,4,1,1.0,3,1,72
202400010248,2024-04-23,Afternoon,4,1,3.0,1,2,73
202400010249,2024-09-12,Morning,4,1,3.0,1,2,91
202400010250,2024-02-05,Afternoon,3,1,6.0,1,2,37
202400010251,2024-11-24,Night,4,2,6.0,3,1,34
202400010252,2024-08-07,Evening,3,1,3.0,1,2,64
202400010253,2024-02-05,Evening,2,1,6.0,4,2,49
202400010254,2024-04-22,Morning,3,8,3.0,1,2,70
202400010255,2024-08-03,Afternoon,4,1,7.0,1,1,64
202400010256,2024-09-11,Night,4,1,3.0,5,2,87
202400010257,2024-04-23,Afternoon,4,1,3.0,1,2,66
202400010258,2024-02-05,Afternoon,3,1,2.0,1,1,34
202400010259,2024-09-11,Afternoon,4,2,6.0,1,2,87
202400010260,2024-08-08,Morning,3,1,3.0,1,2,18
202400010261,2024-04-23,Evening,4,1,7.0,1,2,64
202400010262,2024-09-11,Morning,2,8,6.0,1,2,81
202400010263,2024-08-08,Night,3,1,7.0,3,1,16
202400010264,2024-01-31,Evening,4,1,2.0,5,2,69
202400010265,2024-04-22,Morning,4,1,7.0,1,1,64
202400010266,2024-09-12,Afternoon,4,1,6.0,1,2,81
202400010267,2024-01-20,Morning,3,1,7.0,1,1,51
202400010268,2024-08-06,Evening,3,1,3.0,2,1,53
202400010269,2024-04-23,Afternoon,4,1,6.0,1,2,63
202400010270,2024-02-05,Afternoon,3,1,6.0,1,1,71
202400010271,2024-09-12,Morning,3,7,3.0,1,1,77
202400010272,2024-04-23,Evening,4,2,2.0,1,2,62
202400010273,2024-08-08,Morning,3,1,1.0,1,1,85
202400010274,2024-02-06,Morning,4,8,1.0,1,1,86
202400010275,2024-04-22,Morning,4,1,6.0,1,2,62
202400010276,2024-08-07,Afternoon,4,1,2.0,1,1,87
202400010277,2024-02-06,Afternoon,3,1,3.0,2,1,34
202400010278,2024-09-11,Afternoon,4,1,7.0,1,2,76
202400010279,2024-08-05,Morning,3,1,7.0,1,1,52
202400010280,2024-09-12,Afternoon,4,1,6.0,1,2,76
202400010281,2024-02-05,Evening,3,1,1.0,3,2,44
202400010282,2024-04-22,Afternoon,4,7,6.0,1,2,59
202400010283,2024-08-08,Afternoon,3,1,1.0,1,1,52
202400010284,2024-09-11,Afternoon,4,1,2.0,1,2,72
202400010285,2024-02-06,Afternoon,3,1,6.0,1,2,02
202400010286,2024-09-12,Afternoon,3,1,6.0,1,2,66
202400010287,2024-04-21,Afternoon,4,1,3.0,1,2,57
202400010288,2024-09-11,Afternoon,3,1,6.0,1,2,66
202400010289,2024-04-22,Afternoon,4,1,6.0,1,2,56
202400010290,2024-02-05,Afternoon,4,1,6.0,1,1,84
202400010291,2024-09-12,Evening,4,1,7.0,5,2,64
202400010292,2024-02-06,Evening,3,1,6.0,4,1,60
202400010293,2024-04-22,Afternoon,4,1,3.0,1,2,56
202400010294,2024-08-08,Afternoon,4,1,6.0,1,1,06
202400010295,2024-09-11,Afternoon,4,3,2.0,1,2,63
202400010296,2024-04-22,Afternoon,4,1,3.0,1,2,54
202400010297,2024-08-08,Afternoon,4,7,3.0,1,1,06
202400010298,2024-02-05,Afternoon,3,1,3.0,2,1,64
202400010299,2024-04-23,Morning,4,1,3.0,1,2,51
202400010300,2024-09-11,Afternoon,4,2,3.0,1,2,63
202400010301,2024-02-06,Morning,2,1,1.0,1,1,18
202400010302,2024-08-07,Afternoon,2,1,3.0,1,2,07
202400010303,2024-04-23,Afternoon,4,1,3.0,1,2,45
202400010304,2024-09-11,Evening,3,1,6.0,1,2,62
202400010305,2024-09-12,Morning,3,1,3.0,1,2,62
202400010306,2024-02-04,Morning,4,5,3.0,3,1,40
202400010307,2024-04-23,Afternoon,4,1,6.0,1,2,37
202400010308,2024-08-08,Night,2,1,6.0,3,1,37
202400010309,2024-02-05,Night,2,1,6.0,3,1,27
202400010310,2024-04-22,Morning,4,1,3.0,1,2,37
202400010311,2024-09-12,Morning,3,1,6.0,1,2,62
202400010312,2024-04-22,Afternoon,4,1,6.0,1,2,34
202400010313,2024-09-12,Morning,4,1,6.0,1,2,59
202400010314,2024-02-04,Afternoon,4,1,5.0,1,2,30
202400010315,2024-08-07,Night,3,1,7.0,3,1,30
202400010316,2024-09-11,Afternoon,4,1,6.0,1,1,59
202400010317,2024-04-23,Morning,3,1,3.0,1,2,34
202400010319,2024-08-07,Morning,4,1,3.0,1,1,73
202400010320,2024-04-19,Evening,4,1,1.0,5,2,34
202400010321,2024-09-12,Evening,4,1,3.0,1,2,59
202400010322,2024-01-31,Afternoon,4,1,4.0,1,1,65
202400010323,2024-09-12,Evening,3,1,6.0,2,2,59
202400010324,2024-04-17,Morning,3,1,3.0,1,2,31
202400010325,2024-08-08,Afternoon,4,1,3.0,1,1,69
202400010326,2024-02-05,Morning,4,1,7.0,3,1,53
202400010327,2024-04-23,Night,2,1,6.0,3,1,31
202400010328,2024-09-12,Afternoon,4,1,6.0,1,2,57
202400010331,2024-04-23,Evening,4,1,2.0,1,2,29
202400010332,2024-02-05,Morning,4,1,1.0,1,1,34
202400010333,2024-09-12,Afternoon,4,1,3.0,1,2,56
202400010335,2024-04-23,Morning,4,1,6.0,1,2,27
202400010336,2024-09-11,Afternoon,4,1,3.0,1,2,56
202400010337,2024-04-23,Afternoon,4,1,7.0,1,2,27
202400010338,2024-02-05,Afternoon,4,1,4.0,1,2,34
202400010339,2024-04-26,Afternoon,4,1,3.0,1,2,78
202400010340,2024-02-06,Afternoon,3,1,1.0,1,1,83
202400010341,2024-08-07,Evening,3,1,6.0,2,1,84
202400010342,2024-09-12,Evening,4,1,3.0,4,2,51
202400010343,2024-04-23,Afternoon,4,1,3.0,1,2,27
202400010344,2024-02-06,Morning,4,8,3.0,1,1,88
202400010345,2024-08-04,Morning,3,1,6.0,1,1,83
202400010346,2024-09-10,Afternoon,4,1,2.0,1,2,51
202400010347,2024-08-07,Afternoon,3,1,7.0,1,2,69
202400010348,2024-04-23,Night,4,1,3.0,5,2,25
202400010349,2024-02-04,Afternoon,3,1,1.0,1,1,73
202400010350,2024-02-03,Night,3,1,6.0,3,1,26
202400010351,2024-09-08,Evening,4,1,3.0,1,1,49
202400010352,2024-08-08,Morning,4,1,1.0,1,2,46
202400010353,2024-02-04,Night,4,1,3.0,3,2,09
202400010354,2024-09-11,Afternoon,4,1,1.0,1,2,49
202400010355,2024-08-07,Evening,3,1,3.0,1,2,33
202400010356,2024-09-10,Night,3,1,7.0,5,2,49
202400010357,2024-02-06,Afternoon,3,1,3.0,1,1,40
202400010358,2024-08-07,Afternoon,3,1,6.0,1,2,22
202400010359,2024-09-12,Afternoon,4,1,3.0,1,2,47
202400010360,2024-08-07,Afternoon,4,1,6.0,1,1,60
202400010361,2024-02-03,Evening,4,1,1.0,2,2,33
202400010362,2024-02-06,Afternoon,3,1,6.0,1,1,85
202400010363,2024-08-07,Afternoon,4,1,4.0,1,1,80
202400010364,2024-09-11,Afternoon,4,1,4.0,1,2,47
202400010365,2024-06-14,Evening,3,1,3.0,1,1,13
202400010366,2024-02-06,Morning,3,1,3.0,5,2,44
202400010367,2024-08-05,Afternoon,4,1,7.0,1,1,59
202400010368,2024-09-11,Afternoon,3,1,3.0,1,2,45
202400010369,2024-02-06,Morning,3,1,3.0,1,2,02
202400010370,2024-01-30,Afternoon,4,1,7.0,1,1,80
202400010371,2024-09-13,Night,4,2,2.0,4,1,44
202400010372,2024-07-19,Night,4,1,4.0,5,1,59
202400010373,2024-02-05,Night,3,1,6.0,5,2,13
202400010374,2024-09-12,Evening,4,2,3.0,1,2,44
202400010375,2024-08-07,Evening,4,1,2.0,1,1,91
202400010376,2024-02-02,Afternoon,3,1,4.0,1,1,59
202400010377,2024-05-18,Afternoon,3,1,7.0,1,1,43
202400010378,2024-09-12,Evening,4,1,6.0,1,2,43
202400010379,2024-02-05,Afternoon,4,1,3.0,1,1,92
202400010380,2024-09-11,Evening,4,3,7.0,1,1,43
202400010381,2024-05-28,Afternoon,4,1,5.0,1,1,43
202400010382,2024-02-05,Morning,4,2,2.0,1,1,91
202400010383,2024-05-19,Night,4,5,6.0,3,2,61
202400010384,2024-07-24,Afternoon,4,1,6.0,1,2,44
202400010385,2024-02-03,Morning,4,2,5.0,1,1,93
202400010386,2024-10-31,Evening,2,5,3.0,5,2,88
202400010387,2024-07-05,Evening,3,1,7.0,1,1,44
202400010388,2024-02-03,Morning,4,2,6.0,1,1,95
202400010389,2024-06-06,Evening,4,1,3.0,1,2,74
202400010390,2024-10-21,Evening,4,1,3.0,5,2,88
202400010391,2024-02-03,Morning,4,1,6.0,2,1,92
202400010392,2024-02-02,Afternoon,4,1,6.0,1,1,95
202400010394,2024-10-16,Morning,4,1,6.0,1,2,57
202400010395,2024-02-05,Evening,4,1,3.0,3,1,77
202400010398,2024-08-05,Evening,4,1,6.0,1,2,69
202400010399,2024-12-31,Evening,4,1,6.0,5,2,73
202400010400,2024-02-05,Morning,4,1,4.0,1,1,94
202400010401,2024-08-05,Morning,4,1,5.0,1,2,69
202400010402,2024-12-20,Night,3,1,3.0,5,2,27
202400010403,2024-02-04,Afternoon,4,1,6.0,1,2,75
202400010404,2024-08-05,Morning,4,1,6.0,1,2,69
202400010405,2024-12-22,Evening,4,1,1.0,5,2,93
202400010406,2024-08-05,Night,4,1,7.0,5,2,67
202400010407,2024-10-26,Night,4,9,1.0,5,1,28
202400010409,2024-08-05,Afternoon,4,1,3.0,1,2,59
202400010410,2024-09-29,Evening,4,1,6.0,3,1,73
202400010411,2024-08-06,Afternoon,4,1,6.0,1,2,37
202400010413,2024-09-28,Morning,3,2,1.0,2,1,73
202400010415,2024-08-06,Night,4,1,3.0,5,2,37
202400010416,2024-08-05,Afternoon,4,1,3.0,1,2,37
202400010417,2024-08-08,Evening,3,1,3.0,1,1,73
202400010420,2024-08-05,Afternoon,4,1,2.0,1,2,37
202400010421,2024-09-27,Morning,4,2,3.0,5,2,38
202400010423,2024-08-05,Morning,4,7,6.0,1,2,37
202400010424,2024-09-06,Evening,4,1,3.0,1,2,38
202400010426,2024-08-05,Afternoon,3,1,3.0,1,2,34
202400010427,2024-09-06,Afternoon,3,1,1.0,1,2,38
202400010429,2024-08-06,Night,4,1,2.0,5,2,13
202400010431,2024-09-02,Afternoon,4,1,3.0,1,1,38
202400010432,2024-08-05,Night,3,1,1.0,3,1,13
202400010434,2024-11-08,Afternoon,4,1,6.0,1,2,74
202400010435,2024-08-06,Morning,4,1,3.0,1,2,75
202400010437,2024-02-04,Morning,4,1,6.0,1,2,69
202400010438,2024-08-05,Afternoon,4,1,2.0,1,2,75
202400010439,2024-10-29,Evening,3,1,6.0,5,2,74
202400010441,2024-08-05,Morning,4,1,5.0,1,2,75
202400010442,2024-10-18,Evening,4,1,6.0,5,2,74
202400010443,2024-02-04,Afternoon,4,2,2.0,1,1,95
202400010444,2024-08-04,Night,4,1,2.0,5,2,75
202400010445,2024-10-07,Afternoon,4,2,3.0,1,2,74
202400010446,2024-02-03,Evening,4,2,3.0,5,2,95
202400010447,2024-08-05,Night,3,1,6.0,3,2,75
202400010450,2024-02-04,Evening,4,1,3.0,5,2,91
202400010451,2024-12-19,Morning,4,1,6.0,1,2,52
202400010452,2024-02-04,Morning,3,2,7.0,3,1,91
202400010453,2024-11-28,Afternoon,3,1,2.0,2,2,52
202400010454,2024-02-04,Afternoon,4,1,6.0,1,2,84
202400010455,2024-12-10,Evening,3,1,2.0,3,1,69
202400010456,2024-02-03,Afternoon,3,1,6.0,1,1,83
202400010457,2024-08-05,Afternoon,4,1,4.0,1,2,75
202400010459,2024-02-03,Morning,4,2,3.0,1,2,78
202400010460,2024-08-05,Morning,4,1,4.0,1,2,75
202400010461,2024-10-29,Afternoon,4,1,5.0,1,2,42
202400010462,2024-08-06,Evening,4,1,3.0,1,2,75
202400010463,2024-08-06,Afternoon,4,1,3.0,1,2,75
202400010464,2024-12-19,Afternoon,4,1,6.0,1,2,19
202400010465,2024-02-04,Afternoon,4,2,3.0,1,2,77
202400010466,2024-08-05,Afternoon,4,1,2.0,1,2,75
202400010467,2024-12-29,Morning,4,1,6.0,1,2,92
202400010468,2024-02-04,Morning,3,1,6.0,1,2,76
202400010469,2024-08-06,Evening,4,1,6.0,5,2,75
202400010470,2024-02-04,Morning,4,1,1.0,3,1,71
202400010471,2024-01-05,Afternoon,4,1,4.0,2,2,91
202400010472,2024-08-06,Afternoon,4,1,3.0,1,2,75
202400010473,2024-02-04,Morning,4,1,3.0,3,2,64
202400010474,2024-08-29,Afternoon,4,1,1.0,1,2,26
202400010475,2024-12-09,Evening,3,8,6.0,5,2,62
202400010476,2024-02-04,Morning,3,1,3.0,1,2,62
202400010477,2024-02-02,Evening,4,2,3.0,5,2,54
202400010479,2024-09-18,Afternoon,3,1,6.0,1,2,43
202400010480,2024-02-03,Morning,3,1,2.0,1,2,38
202400010481,2024-10-30,Afternoon,3,1,6.0,1,1,24
202400010482,2024-02-04,Afternoon,4,1,6.0,1,2,37
202400010483,2024-10-28,Evening,4,1,6.0,3,1,24
202400010484,2024-02-04,Night,4,1,3.0,5,2,34
202400010485,2024-10-27,Afternoon,4,1,3.0,2,2,24
202400010486,2024-02-04,Afternoon,3,1,7.0,1,1,29
202400010487,2024-10-26,Night,4,2,3.0,5,2,24
202400010488,2024-02-04,Morning,4,2,1.0,3,1,28
202400010489,2024-03-14,Afternoon,4,1,7.0,1,2,03
202400010490,2024-02-03,Evening,3,1,7.0,5,2,27
202400010491,2024-05-02,Evening,4,1,3.0,1,2,03
202400010492,2024-02-04,Evening,3,1,1.0,3,1,70
202400010493,2024-05-08,Evening,4,1,3.0,1,2,03
202400010494,2024-02-04,Evening,4,1,1.0,2,2,17
202400010495,2024-09-29,Night,4,1,6.0,3,1,09
202400010496,2024-02-04,Night,3,1,1.0,5,2,13
202400010497,2024-09-02,Evening,2,1,3.0,1,2,09
202400010498,2024-02-03,Night,4,1,1.0,5,2,13
202400010499,2024-10-10,Afternoon,4,1,1.0,1,2,88
202400010500,2024-02-04,Morning,4,1,3.0,1,2,13
202400010501,2024-12-30,Afternoon,4,1,6.0,1,2,42
202400010502,2024-02-04,Evening,4,1,2.0,3,1,09
202400010503,2024-12-26,Afternoon,4,7,6.0,1,2,05
202400010504,2024-02-04,Afternoon,4,1,7.0,1,1,09
202400010505,2024-12-30,Afternoon,4,1,3.0,1,2,64
202400010506,2024-11-16,Afternoon,4,1,7.0,1,1,85
202400010507,2024-02-04,Evening,4,1,1.0,4,2,01
202400010509,2024-02-03,Morning,4,2,7.0,1,2,75
202400010510,2024-12-31,Night,2,1,7.0,5,2,67
202400010511,2024-02-02,Evening,4,1,2.0,5,2,75
202400010512,2024-12-16,Morning,3,1,1.0,1,2,83
202400010513,2024-02-03,Night,4,1,6.0,5,2,75
202400010514,2024-12-31,Night,2,1,1.0,3,1,78
202400010515,2024-02-04,Evening,4,1,3.0,5,2,75
202400010516,2024-12-20,Afternoon,4,1,1.0,1,2,51
202400010517,2024-02-04,Afternoon,4,1,6.0,1,2,75
202400010518,2024-12-24,Morning,3,1,7.0,1,2,49
202400010519,2024-02-04,Afternoon,4,1,3.0,1,2,75
202400010520,2024-12-30,Morning,4,1,2.0,1,2,05
202400010521,2024-12-31,Night,3,8,6.0,5,2,78
202400010522,2024-02-04,Morning,4,1,3.0,1,2,75
202400010523,2024-12-31,Afternoon,4,1,6.0,1,1,89
202400010524,2024-02-03,Afternoon,4,2,6.0,2,2,75
202400010525,2024-02-04,Night,4,1,7.0,5,2,75
202400010527,2024-08-06,Afternoon,4,1,6.0,1,2,75
202400010528,2024-02-04,Morning,4,2,3.0,1,2,94
202400010529,2024-12-31,Evening,3,5,2.0,3,1,91
202400010530,2024-08-06,Afternoon,4,1,3.0,1,2,75
202400010531,2024-02-04,Evening,4,1,3.0,5,2,93
202400010532,2024-12-31,Afternoon,3,7,6.0,1,2,73
202400010533,2024-08-06,Morning,4,1,2.0,1,2,75
202400010534,2024-12-29,Afternoon,3,1,6.0,1,2,59
202400010535,2024-02-04,Afternoon,4,1,3.0,1,2,93
202400010536,2024-12-31,Afternoon,4,1,3.0,2,1,95
202400010537,2024-08-06,Morning,4,1,1.0,1,2,75
202400010538,2024-02-04,Evening,4,1,1.0,5,2,93
202400010539,2024-12-24,Afternoon,4,2,3.0,3,1,93
202400010540,2024-08-05,Evening,4,1,3.0,1,2,75
202400010541,2024-02-04,Night,4,2,3.0,5,2,93
202400010542,2024-10-02,Evening,4,8,3.0,2,1,57
202400010543,2024-08-06,Morning,4,1,3.0,1,2,94
202400010544,2024-02-05,Morning,3,1,1.0,1,1,71
202400010546,2024-02-05,Morning,2,1,3.0,2,1,49
202400010547,2024-08-04,Night,3,1,3.0,5,2,94
202400010548,2024-12-28,Afternoon,3,1,3.0,1,1,81
202400010549,2024-02-05,Morning,4,1,6.0,2,1,36
202400010550,2024-08-06,Evening,4,7,3.0,2,2,94
202400010551,2024-12-29,Evening,4,1,6.0,5,2,51
202400010552,2024-02-03,Night,3,2,6.0,3,1,76
202400010553,2024-12-31,Afternoon,4,1,7.0,1,2,19
202400010555,2024-08-06,Evening,4,1,3.0,1,2,94
202400010556,2024-12-31,Evening,4,2,6.0,5,2,02
202400010557,2024-02-05,Morning,2,5,1.0,1,1,40
202400010558,2024-02-02,Night,3,1,7.0,3,1,79
202400010559,2024-01-02,Night,4,3,6.0,5,2,93
202400010560,2024-08-06,Evening,4,1,4.0,1,2,93
202400010561,2024-02-03,Afternoon,3,1,7.0,1,1,19
202400010562,2024-12-31,Morning,4,1,1.0,2,1,35
202400010563,2024-08-06,Afternoon,4,1,3.0,1,2,93
202400010564,2024-02-01,Morning,4,1,1.0,2,1,79
202400010565,2024-12-31,Morning,3,7,6.0,1,2,12
202400010566,2024-12-28,Morning,4,8,7.0,1,1,29
202400010567,2024-02-04,Afternoon,4,1,3.0,1,2,2A
202400010568,2024-08-06,Afternoon,4,1,3.0,1,2,93
202400010569,2024-02-02,Morning,2,1,6.0,1,1,71
202400010570,2024-12-31,Afternoon,3,1,3.0,2,2,29
202400010571,2024-08-06,Evening,4,1,3.0,1,2,92
202400010572,2024-12-19,Morning,4,1,2.0,2,1,63
202400010573,2024-02-03,Morning,4,1,3.0,1,2,71
202400010574,2024-12-20,Morning,3,1,6.0,1,2,09
202400010575,2024-08-05,Afternoon,4,1,3.0,1,2,92
202400010576,2024-08-10,Afternoon,3,1,3.0,1,2,84
202400010577,2024-02-05,Morning,4,1,3.0,1,1,71
202400010578,2024-12-30,Evening,4,5,6.0,3,1,82
202400010579,2024-07-25,Night,3,2,6.0,3,1,35
202400010580,2024-02-05,Night,4,8,1.0,3,2,63
202400010581,2024-12-31,Afternoon,4,1,3.0,1,2,94
202400010582,2024-02-04,Morning,3,2,6.0,1,1,61
202400010583,2024-12-30,Afternoon,3,1,7.0,1,1,23
202400010584,2024-02-04,Evening,4,1,3.0,3,1,86
202400010585,2024-12-31,Afternoon,3,2,1.0,1,2,11
202400010586,2024-08-07,Morning,4,1,3.0,1,1,06
202400010587,2024-02-05,Morning,4,1,3.0,1,2,68
202400010588,2024-12-31,Afternoon,3,1,1.0,1,1,01
202400010589,2024-02-05,Afternoon,3,1,6.0,2,2,31
202400010590,2024-12-27,Afternoon,3,1,6.0,1,1,04
202400010591,2024-02-04,Afternoon,4,1,6.0,2,2,38
202400010592,2024-08-06,Night,3,1,1.0,5,2,06
202400010593,2024-11-10,Night,3,1,6.0,3,2,85
202400010594,2024-08-07,Evening,3,1,7.0,1,2,22
202400010595,2024-02-03,Morning,4,1,6.0,1,2,02
202400010596,2024-08-06,Evening,3,1,7.0,1,2,42
202400010597,2024-02-04,Afternoon,4,1,6.0,1,1,15
202400010598,2024-12-31,Evening,3,1,1.0,3,1,13
202400010601,2024-02-04,Evening,2,1,1.0,3,1,72
202400010602,2024-08-07,Night,2,8,6.0,3,1,12
202400010603,2024-12-28,Afternoon,4,9,7.0,2,1,67
202400010604,2024-02-05,Morning,3,5,1.0,2,1,16
202400010605,2024-08-05,Afternoon,4,1,3.0,1,1,35
202400010606,2024-12-14,Evening,4,2,2.0,3,1,69
202400010607,2024-02-03,Evening,4,1,6.0,3,1,04
202400010608,2024-08-07,Night,4,1,3.0,3,1,2B
202400010609,2024-02-04,Night,3,1,6.0,3,1,01
202400010610,2024-12-14,Night,4,2,2.0,3,1,69
202400010611,2024-08-07,Evening,3,1,3.0,1,2,34
202400010612,2024-08-06,Morning,3,1,6.0,1,2,34
202400010613,2024-02-03,Morning,4,1,2.0,1,2,69
202400010614,2024-08-01,Afternoon,2,1,7.0,1,1,19
202400010615,2024-12-29,Evening,4,1,2.0,3,1,42
202400010616,2024-08-06,Afternoon,3,1,7.0,1,2,76
202400010617,2024-02-04,Afternoon,4,1,3.0,1,1,17
202400010618,2024-08-06,Morning,4,1,1.0,1,2,2B
202400010620,2024-08-07,Night,4,1,6.0,3,1,2B
202400010621,2024-07-28,Morning,3,1,7.0,1,1,69