Num_Acc,date,time_of_day,max_severity,weather,collision_type,lighting,urban_area,department
202400010623,2024-01-31,Evening,4,1,1.0,3,1,69
202400010624,2024-08-07,Afternoon,3,1,7.0,1,1,63
202400010626,2024-02-05,Afternoon,4,1,7.0,1,1,78
202400010628,2024-02-04,Morning,4,1,6.0,1,1,91
202400010629,2024-08-06,Evening,4,1,1.0,1,1,12
202400010631,2024-12-31,Morning,4,1,2.0,1,2,2A
202400010632,2024-08-06,Afternoon,3,1,1.0,1,2,46
202400010634,2024-12-28,Evening,4,8,6.0,5,2,95
202400010635,2024-08-07,Morning,3,1,1.0,1,1,86
202400010637,2024-08-04,Evening,4,1,2.0,1,2,29
202400010639,2024-12-31,Morning,4,1,3.0,5,2,87
202400010641,2024-08-04,Morning,4,1,3.0,1,2,29
202400010642,2024-02-04,Evening,2,1,2.0,3,1,66
202400010643,2024-12-30,Evening,2,5,4.0,5,2,87
202400010644,2024-07-31,Morning,3,1,2.0,1,1,29
202400010645,2024-12-30,Evening,2,1,7.0,5,2,84
202400010646,2024-08-07,Morning,3,1,6.0,1,2,03
202400010647,2024-02-05,Morning,4,1,3.0,1,1,83
202400010648,2024-12-31,Afternoon,4,8,7.0,1,1,82
202400010649,2024-02-04,Evening,2,1,6.0,3,1,06
202400010650,2024-08-06,Afternoon,4,1,1.0,1,1,03
202400010651,2024-12-30,Evening,3,2,7.0,5,2,80
202400010652,2024-02-04,Evening,3,2,1.0,3,2,70
202400010653,2024-08-07,Morning,4,7,3.0,1,2,01
202400010654,2024-08-03,Afternoon,3,7,7.0,1,1,70
202400010655,2024-12-31,Night,4,1,6.0,5,2,78
202400010656,2024-02-04,Morning,4,1,3.0,1,2,67
202400010657,2024-08-07,Morning,3,1,6.0,1,1,58
202400010658,2024-02-04,Evening,3,5,1.0,3,1,63
202400010659,2024-08-07,Afternoon,4,1,6.0,1,2,06
202400010660,2024-02-04,Night,4,1,1.0,3,1,38
202400010661,2024-12-31,Evening,4,1,6.0,5,2,78
202400010662,2024-08-02,Morning,3,1,3.0,1,2,06
202400010663,2024-02-04,Evening,3,1,6.0,3,1,38
202400010664,2024-02-04,Afternoon,3,1,3.0,1,1,09
202400010665,2024-08-07,Evening,3,1,1.0,1,1,50
202400010666,2024-12-31,Morning,4,8,6.0,1,2,77
202400010667,2024-02-04,Morning,3,1,5.0,5,2,09
202400010668,2024-08-06,Evening,4,1,6.0,2,1,09
202400010669,2024-12-30,Evening,4,2,2.0,5,2,77
202400010670,2024-01-19,Afternoon,4,1,1.0,1,1,44
202400010671,2024-12-31,Morning,4,1,6.0,1,2,76
202400010672,2024-08-05,Evening,4,7,3.0,1,2,60
202400010673,2024-02-04,Evening,3,1,2.0,3,1,62
202400010674,2024-12-31,Evening,4,1,6.0,5,2,73
202400010675,2024-08-06,Evening,4,1,1.0,1,1,64
202400010676,2024-02-04,Evening,3,2,1.0,5,2,59
202400010677,2024-08-04,Afternoon,3,1,1.0,1,1,64
202400010678,2024-12-31,Afternoon,4,1,1.0,5,2,72
202400010679,2024-08-03,Afternoon,2,1,7.0,1,1,16
202400010680,2024-02-03,Afternoon,4,1,4.0,1,1,13
202400010681,2024-12-31,Morning,4,5,6.0,5,2,71
202400010682,2024-08-06,Afternoon,3,1,7.0,1,1,37
202400010683,2024-02-03,Night,4,1,2.0,3,1,13
202400010684,2024-08-06,Evening,3,1,7.0,1,1,30
202400010685,2024-08-01,Morning,3,8,6.0,2,1,52
202400010686,2024-12-31,Evening,4,5,4.0,5,2,69
202400010687,2024-02-03,Evening,4,1,2.0,3,1,42
202400010689,2024-12-31,Afternoon,4,1,6.0,1,2,69
202400010690,2024-02-04,Afternoon,4,1,2.0,1,1,91
202400010691,2024-12-31,Morning,3,7,6.0,1,2,68
202400010692,2024-08-06,Morning,3,1,3.0,1,1,67
202400010693,2024-02-04,Afternoon,4,1,6.0,1,1,91
202400010694,2024-08-07,Afternoon,4,1,7.0,1,1,38
202400010695,2024-12-30,Afternoon,3,1,3.0,1,2,64
202400010696,2024-02-04,Morning,4,2,7.0,2,1,91
202400010697,2024-02-04,Afternoon,4,1,6.0,1,1,95
202400010698,2024-12-26,Morning,3,1,6.0,1,2,62
202400010699,2024-02-04,Night,2,1,6.0,3,1,93
202400010700,2024-08-07,Morning,4,1,4.0,1,1,30
202400010701,2024-12-31,Morning,3,1,7.0,1,2,62
202400010702,2024-12-22,Afternoon,4,1,6.0,1,2,62
202400010703,2024-02-03,Afternoon,4,1,5.0,1,1,93
202400010704,2024-08-05,Morning,3,1,1.0,1,2,17
202400010705,2024-12-31,Night,4,1,6.0,5,2,61
202400010706,2024-02-03,Evening,4,2,3.0,4,1,94
202400010708,2024-12-31,Evening,4,1,2.0,5,2,59
202400010709,2024-02-02,Afternoon,4,1,5.0,1,1,94
202400010710,2024-06-18,Night,4,1,2.0,3,1,13
202400010711,2024-12-31,Morning,3,1,3.0,1,2,59
202400010712,2024-02-03,Morning,4,1,7.0,5,2,75
202400010713,2024-08-06,Night,4,1,3.0,5,1,2B
202400010715,2024-12-31,Night,4,2,6.0,5,2,59
202400010716,2024-12-30,Afternoon,4,1,3.0,1,2,56
202400010717,2024-08-06,Evening,3,1,3.0,1,1,55
202400010719,2024-08-05,Evening,3,1,7.0,1,1,73
202400010720,2024-12-31,Evening,4,1,3.0,5,2,54
202400010721,2024-02-03,Evening,4,2,1.0,5,2,95
202400010722,2024-08-06,Afternoon,3,1,2.0,1,1,42
202400010723,2024-12-30,Afternoon,4,1,6.0,5,2,54
202400010724,2024-02-02,Afternoon,4,1,3.0,1,2,95
202400010725,2024-12-30,Morning,4,1,3.0,1,2,54
202400010726,2024-08-06,Evening,3,1,3.0,2,1,81
202400010727,2024-02-02,Evening,3,2,6.0,5,2,95
202400010728,2024-07-29,Afternoon,4,1,7.0,1,1,65
202400010729,2024-12-31,Evening,4,1,6.0,5,2,51
202400010730,2024-08-05,Afternoon,3,1,2.0,1,2,31
202400010731,2024-12-31,Afternoon,4,1,3.0,1,2,51
202400010732,2024-02-02,Morning,4,1,3.0,1,2,95
202400010733,2024-12-20,Morning,4,1,2.0,3,1,51
202400010734,2024-08-07,Morning,3,1,1.0,1,2,87
202400010735,2024-02-03,Afternoon,4,2,3.0,1,2,91
202400010736,2024-12-31,Afternoon,4,1,6.0,1,1,49
202400010737,2024-02-03,Evening,3,1,6.0,5,2,91
202400010738,2024-08-06,Evening,3,1,3.0,1,1,40
202400010739,2024-12-31,Night,4,2,6.0,4,2,45
202400010740,2024-02-03,Night,4,1,6.0,5,1,84
202400010741,2024-12-31,Night,2,8,6.0,5,2,41
202400010742,2024-08-06,Morning,4,1,5.0,1,1,40
202400010743,2024-02-03,Afternoon,4,1,6.0,1,2,84
202400010744,2024-12-31,Morning,4,8,3.0,1,2,37
202400010745,2024-08-06,Morning,3,1,7.0,1,1,33
202400010746,2024-02-02,Evening,2,8,2.0,3,1,80
202400010747,2024-12-31,Afternoon,4,1,6.0,1,2,33
202400010748,2024-08-03,Afternoon,4,8,6.0,1,1,61
202400010749,2024-12-30,Evening,4,1,1.0,5,2,33
202400010750,2024-02-03,Evening,4,2,4.0,5,1,76
202400010751,2024-08-05,Night,4,1,2.0,3,1,56
202400010752,2024-12-31,Evening,3,5,1.0,3,2,31
202400010753,2024-02-03,Night,4,2,1.0,5,2,76
202400010754,2024-12-31,Afternoon,3,1,3.0,1,2,26
202400010755,2024-02-03,Afternoon,4,1,5.0,1,2,69
202400010756,2024-12-31,Afternoon,4,1,3.0,1,2,19
202400010757,2024-02-03,Morning,3,1,3.0,1,2,69
202400010758,2024-12-31,Afternoon,4,8,6.0,1,2,17
202400010759,2024-02-03,Afternoon,4,1,1.0,2,2,67
202400010760,2024-12-31,Afternoon,4,1,2.0,2,2,15
202400010761,2024-02-03,Afternoon,4,1,3.0,1,2,64
202400010762,2024-12-31,Morning,4,1,3.0,5,2,13
202400010763,2024-02-03,Morning,3,1,6.0,1,2,63
202400010764,2024-12-30,Afternoon,4,1,2.0,1,2,13
202400010765,2024-02-03,Night,3,2,6.0,3,2,62
202400010766,2024-01-25,Evening,3,2,7.0,5,2,62
202400010767,2024-12-30,Afternoon,4,9,6.0,1,2,12
202400010768,2024-02-02,Morning,3,1,6.0,1,2,59
202400010769,2024-12-30,Afternoon,4,1,2.0,3,2,10
202400010770,2024-02-03,Night,4,1,6.0,5,2,56
202400010771,2024-12-30,Morning,4,1,3.0,1,2,10
202400010772,2024-01-30,Afternoon,4,1,7.0,1,2,56
202400010773,2024-12-30,Morning,3,2,7.0,2,2,10
202400010774,2024-02-03,Morning,4,1,2.0,1,2,49
202400010775,2024-12-30,Afternoon,4,1,2.0,1,2,07
202400010776,2024-02-03,Afternoon,4,1,3.0,1,2,45
202400010777,2024-12-31,Afternoon,4,1,3.0,1,2,06
202400010778,2024-12-31,Morning,4,1,3.0,2,2,06
202400010779,2024-02-03,Evening,4,1,5.0,5,2,44
202400010780,2024-12-30,Afternoon,4,1,1.0,1,2,05
202400010781,2024-02-03,Evening,4,8,4.0,5,2,42
202400010782,2024-12-30,Afternoon,4,1,3.0,5,2,05
202400010783,2024-02-03,Night,4,1,1.0,5,2,38
202400010784,2024-12-31,Morning,4,1,2.0,1,2,75
202400010785,2024-02-03,Morning,4,2,3.0,5,2,37
202400010786,2024-02-04,Night,4,1,6.0,5,2,35
202400010787,2024-12-31,Morning,4,2,2.0,1,2,75
202400010788,2024-12-30,Afternoon,4,1,6.0,1,2,75
202400010789,2024-02-03,Evening,3,1,3.0,5,2,35
202400010790,2024-02-03,Evening,4,1,2.0,2,1,35
202400010791,2024-12-30,Afternoon,4,2,3.0,1,2,75
202400010792,2024-02-03,Night,4,1,3.0,5,2,34
202400010793,2024-12-30,Evening,2,8,6.0,5,2,94
202400010794,2024-02-03,Evening,4,1,2.0,4,2,34
202400010795,2024-12-31,Evening,4,1,3.0,5,2,94
202400010796,2024-02-03,Night,4,1,2.0,4,2,34
202400010797,2024-12-31,Afternoon,4,8,2.0,1,2,94
202400010798,2024-12-31,Afternoon,4,1,6.0,1,2,93
202400010799,2024-12-31,Afternoon,4,1,2.0,1,2,93
202400010800,2024-12-22,Evening,4,1,2.0,5,2,92
202400010801,2024-12-31,Morning,4,1,3.0,1,2,92
202400010802,2024-12-31,Morning,4,1,3.0,1,2,92
202400010803,2024-12-31,Afternoon,4,1,3.0,1,2,92
202400010804,2024-12-30,Evening,4,1,6.0,5,2,92
202400010805,2024-12-31,Afternoon,4,1,3.0,1,2,92
202400010806,2024-12-31,Afternoon,4,1,2.0,1,2,92
202400010808,2024-12-31,Evening,3,5,7.0,3,1,51
202400010809,2024-12-31,Afternoon,4,9,7.0,1,1,69
202400010810,2024-12-31,Night,3,1,6.0,3,1,12
202400010811,2024-12-31,Evening,4,1,1.0,3,1,12
202400010812,2024-12-31,Afternoon,4,1,1.0,1,2,06
202400010813,2024-12-31,Evening,4,1,2.0,5,2,68
202400010814,2024-12-31,Afternoon,4,5,1.0,1,1,63
202400010815,2024-12-30,Night,4,1,2.0,3,1,54
202400010816,2024-12-28,Night,4,2,7.0,3,1,62
202400010817,2024-12-27,Night,4,1,7.0,3,1,59
202400010818,2024-12-30,Night,4,1,2.0,3,1,92
202400010819,2024-12-30,Morning,4,1,6.0,1,1,95
202400010820,2024-12-30,Night,4,1,2.0,3,1,77
202400010821,2024-12-30,Morning,4,2,2.0,1,1,77
202400010827,2024-12-30,Night,4,1,2.0,5,1,69
202400010828,2024-12-30,Afternoon,4,1,6.0,5,2,2A
202400010829,2024-12-29,Afternoon,4,1,6.0,1,2,91
202400010830,2024-12-29,Night,4,1,6.0,5,2,91
202400010831,2024-12-30,Evening,4,1,1.0,5,2,91
202400010832,2024-12-28,Afternoon,4,1,3.0,1,2,87
202400010833,2024-12-30,Evening,3,1,6.0,5,2,78
202400010834,2024-06-01,Morning,4,1,1.0,1,1,2A
202400010835,2024-06-02,Afternoon,4,1,3.0,1,1,65
202400010836,2024-06-03,Morning,3,5,6.0,1,1,63
202400010837,2024-06-03,Morning,4,5,1.0,1,1,42
202400010838,2024-06-03,Afternoon,4,1,3.0,1,1,41
202400010839,2024-06-02,Morning,4,2,7.0,2,1,41
202400010840,2024-06-02,Evening,4,3,1.0,2,1,39
202400010841,2024-06-02,Afternoon,4,2,7.0,1,2,25
202400010842,2024-02-16,Night,4,3,6.0,3,2,31
202400010843,2024-06-02,Evening,4,2,3.0,2,1,15
202400010844,2024-06-03,Afternoon,2,1,6.0,1,1,15
202400010845,2024-06-02,Afternoon,3,1,3.0,1,1,26
202400010846,2024-06-02,Afternoon,3,1,6.0,1,2,58
202400010847,2024-06-03,Night,4,1,6.0,3,1,58
202400010848,2024-06-03,Afternoon,3,1,6.0,1,1,06
202400010849,2024-06-02,Evening,4,1,6.0,1,1,14
202400010850,2024-06-02,Night,3,1,2.0,4,2,14
202400010851,2024-06-03,Afternoon,4,1,1.0,1,1,50
202400010852,2024-06-02,Morning,4,1,2.0,1,1,50
202400010853,2024-06-02,Afternoon,3,1,7.0,1,1,50
202400010854,2024-06-03,Morning,3,1,6.0,2,2,60
202400010855,2024-06-03,Afternoon,3,1,7.0,1,1,18
202400010856,2024-06-03,Morning,4,1,2.0,1,2,16
202400010857,2024-06-03,Afternoon,4,1,3.0,1,1,07
202400010858,2024-06-02,Afternoon,4,1,3.0,1,1,40
202400010859,2024-06-02,Night,3,1,6.0,3,1,40
202400010860,2024-06-03,Afternoon,4,1,3.0,1,1,30
202400010861,2024-06-03,Afternoon,4,1,6.0,1,1,31
202400010863,2024-06-02,Morning,3,2,6.0,1,1,01
202400010864,2024-06-02,Evening,4,2,3.0,1,2,69
202400010865,2024-06-03,Morning,3,1,2.0,1,1,13
202400010866,2024-06-03,Night,2,1,6.0,3,1,27
202400010867,2024-06-03,Afternoon,3,1,1.0,1,1,13
202400010869,2024-06-03,Night,4,1,7.0,3,1,34
202400010870,2024-06-02,Afternoon,2,2,6.0,1,2,38
202400010871,2024-06-02,Morning,3,2,1.0,1,1,07
202400010872,2024-06-02,Afternoon,3,8,6.0,1,1,86
202400010873,2024-05-30,Morning,4,1,3.0,1,1,85
202400010874,2024-06-03,Afternoon,4,1,5.0,1,1,14
202400010875,2024-06-01,Evening,3,8,1.0,1,2,76
202400010876,2024-06-03,Evening,4,1,1.0,1,2,60
202400010877,2024-06-03,Afternoon,4,1,1.0,1,1,80
202400010878,2024-06-03,Afternoon,3,1,3.0,1,1,59
202400010879,2024-05-31,Afternoon,4,1,4.0,1,1,13
202400010880,2024-06-02,Night,4,1,2.0,3,1,13
202400010881,2024-10-16,Afternoon,4,1,1.0,1,1,77
202400010882,2024-05-28,Afternoon,4,1,3.0,1,1,67
202400010883,2024-10-17,Evening,4,2,7.0,3,1,77
202400010884,2024-06-01,Evening,4,2,7.0,2,1,92
202400010885,2024-06-02,Afternoon,3,1,3.0,1,1,93
202400010886,2024-10-17,Evening,3,1,3.0,5,2,77
202400010887,2024-06-02,Afternoon,4,1,4.0,1,1,95
202400010888,2024-06-02,Afternoon,3,1,6.0,1,1,95
202400010889,2024-10-17,Morning,4,1,3.0,1,1,77
202400010890,2024-06-01,Evening,4,1,3.0,4,1,93
202400010891,2024-10-17,Morning,4,1,3.0,1,1,77
202400010892,2024-06-02,Night,4,1,2.0,5,1,94
202400010893,2024-06-01,Evening,4,2,6.0,3,1,77
202400010894,2024-10-17,Morning,4,1,3.0,1,2,77
202400010895,2024-04-04,Night,4,1,6.0,1,2,44
202400010896,2024-04-04,Afternoon,4,8,7.0,1,2,44
202400010897,2024-10-17,Morning,4,2,6.0,2,2,76
202400010898,2024-04-03,Afternoon,4,8,2.0,1,2,44
202400010899,2024-04-01,Afternoon,4,8,6.0,1,2,44
202400010900,2024-10-17,Afternoon,4,1,7.0,1,2,76
202400010901,2024-04-01,Afternoon,4,8,3.0,1,2,44
202400010902,2024-10-16,Afternoon,3,1,6.0,1,2,76
202400010903,2024-03-31,Night,4,2,6.0,4,2,29
202400010904,2024-10-15,Morning,4,1,3.0,1,2,76
202400010905,2024-01-29,Evening,4,1,3.0,2,2,84
202400010906,2024-10-17,Morning,4,3,6.0,2,2,74
202400010907,2024-01-26,Morning,4,1,6.0,1,2,84
202400010908,2024-01-16,Evening,4,1,2.0,2,2,84
202400010909,2024-02-17,Afternoon,4,7,3.0,1,1,62
202400010910,2024-10-17,Afternoon,4,1,1.0,1,2,71
202400010911,2024-02-22,Evening,4,1,6.0,2,2,62
202400010912,2024-10-17,Night,4,1,6.0,5,2,71
202400010913,2024-02-05,Afternoon,4,1,1.0,2,2,62
202400010914,2024-10-17,Morning,4,3,6.0,1,2,69
202400010915,2024-03-05,Evening,3,8,5.0,2,2,74
202400010916,2024-10-16,Morning,3,2,6.0,1,2,69
202400010917,2024-10-16,Afternoon,3,1,6.0,1,2,69
202400010919,2024-10-17,Morning,4,1,3.0,1,2,68
202400010921,2024-10-17,Evening,4,1,3.0,2,2,67
202400010922,2024-06-01,Afternoon,4,1,3.0,1,2,69
202400010923,2024-10-17,Afternoon,4,1,2.0,1,2,67
202400010924,2024-06-01,Night,4,1,3.0,5,2,69
202400010925,2024-10-16,Afternoon,3,1,3.0,1,2,66
202400010926,2024-05-31,Afternoon,3,1,3.0,1,2,69
202400010927,2024-10-16,Afternoon,4,1,6.0,1,2,66
202400010928,2024-06-01,Night,4,1,2.0,5,1,2B
202400010929,2024-10-16,Afternoon,4,1,6.0,1,2,64
202400010931,2024-10-16,Evening,4,1,3.0,1,2,64
202400010932,2024-06-01,Evening,4,1,6.0,1,2,2A
202400010933,2024-05-31,Afternoon,4,1,3.0,1,2,2A
202400010934,2024-10-11,Morning,4,1,3.0,1,2,60
202400010935,2024-06-01,Evening,4,1,3.0,1,2,95
202400010936,2024-06-01,Afternoon,4,2,3.0,1,2,95
202400010937,2024-10-17,Afternoon,4,2,1.0,1,2,59
202400010938,2024-06-02,Night,4,1,3.0,5,2,84
202400010939,2024-09-15,Afternoon,4,1,3.0,1,2,59
202400010940,2024-06-01,Night,3,1,1.0,5,1,83
202400010941,2024-10-17,Night,3,2,6.0,5,1,59
202400010942,2024-06-01,Afternoon,3,1,3.0,1,1,82
202400010943,2024-10-17,Morning,4,8,6.0,2,2,56
202400010944,2024-06-01,Evening,4,1,3.0,2,2,78
202400010945,2024-10-16,Evening,4,1,3.0,5,2,54
202400010946,2024-06-01,Night,4,2,6.0,5,2,78
202400010947,2024-10-16,Morning,4,1,6.0,1,2,54
202400010948,2024-06-01,Afternoon,4,2,2.0,1,2,77
202400010949,2024-10-16,Evening,4,1,3.0,5,2,51
202400010950,2024-06-01,Evening,4,1,1.0,1,2,69
202400010951,2024-10-16,Afternoon,4,1,3.0,1,2,51
202400010952,2024-06-01,Afternoon,4,2,3.0,1,2,67
202400010953,2024-06-01,Afternoon,4,1,3.0,1,2,64
202400010954,2024-10-16,Afternoon,4,3,3.0,1,2,50
202400010955,2024-06-01,Night,4,1,2.0,3,2,64
202400010956,2024-05-31,Afternoon,4,2,3.0,1,2,62
202400010957,2024-10-14,Afternoon,4,1,2.0,1,2,50
202400010958,2024-06-01,Night,4,2,3.0,3,1,62
202400010959,2024-10-16,Afternoon,4,2,2.0,1,1,49
202400010960,2024-05-27,Evening,4,1,2.0,1,2,54
202400010961,2024-05-31,Afternoon,4,1,1.0,1,1,54
202400010962,2024-10-16,Morning,4,1,6.0,1,2,49
202400010963,2024-06-01,Morning,4,1,2.0,1,1,54
202400010964,2024-10-17,Evening,3,2,7.0,5,2,48
202400010965,2024-06-01,Morning,4,1,6.0,1,2,51
202400010966,2024-05-29,Afternoon,4,1,4.0,1,1,50
202400010967,2024-10-17,Afternoon,4,3,2.0,1,2,47
202400010968,2024-06-01,Evening,4,2,1.0,1,1,45
202400010969,2024-10-17,Evening,4,1,3.0,5,2,44
202400010970,2024-10-17,Evening,3,3,1.0,5,2,38
202400010971,2024-05-31,Evening,4,2,5.0,1,2,45
202400010972,2024-05-31,Evening,4,2,3.0,1,1,45
202400010973,2024-10-16,Afternoon,4,1,3.0,1,2,38
202400010974,2024-05-31,Evening,4,2,6.0,1,1,45
202400010975,2024-06-01,Morning,4,1,6.0,1,2,43
202400010976,2024-09-18,Evening,4,1,3.0,1,2,37
202400010977,2024-10-17,Morning,4,2,3.0,5,2,37
202400010978,2024-06-01,Night,4,1,1.0,4,2,42
202400010979,2024-10-16,Morning,4,1,3.0,1,2,37
202400010980,2024-06-01,Afternoon,3,8,6.0,1,2,38
202400010981,2024-05-13,Morning,4,1,3.0,1,2,34
202400010982,2024-10-16,Morning,4,8,3.0,5,2,37
202400010983,2024-05-05,Afternoon,4,1,3.0,1,2,34
202400010984,2024-10-16,Afternoon,4,1,6.0,1,2,34
202400010985,2024-06-01,Night,3,1,6.0,5,2,31
202400010986,2024-06-01,Afternoon,4,1,6.0,1,2,31
202400010987,2024-10-16,Afternoon,3,1,7.0,1,2,34
202400010988,2024-06-01,Morning,2,1,6.0,1,2,31
202400010989,2024-10-17,Morning,4,3,3.0,2,2,33
202400010990,2024-06-01,Night,4,1,3.0,5,2,28
202400010991,2024-10-17,Night,4,1,7.0,5,2,31
202400010992,2024-06-01,Morning,4,1,7.0,1,1,26
202400010993,2024-06-01,Afternoon,4,1,7.0,1,1,17
202400010994,2024-10-16,Evening,4,2,3.0,1,2,29
202400010995,2024-06-01,Night,4,1,2.0,5,2,17
202400010996,2024-10-16,Morning,4,2,6.0,1,2,29
202400010997,2024-06-01,Night,4,1,2.0,5,2,13
202400010998,2024-06-01,Evening,4,1,3.0,1,2,13
202400010999,2024-10-17,Morning,4,3,6.0,1,2,19
202400011000,2024-06-01,Afternoon,3,1,3.0,1,2,13
202400011001,2024-10-14,Afternoon,4,1,2.0,1,1,14
202400011002,2024-06-01,Night,4,1,3.0,5,2,13
202400011003,2024-06-01,Afternoon,4,1,6.0,1,2,11
202400011004,2024-10-17,Afternoon,4,1,1.0,1,2,13
202400011005,2024-06-01,Morning,4,1,6.0,1,2,11
202400011006,2024-10-17,Afternoon,4,1,2.0,1,2,13
202400011007,2024-05-31,Afternoon,4,1,3.0,1,1,11
202400011008,2024-10-16,Afternoon,4,1,3.0,1,2,13
202400011009,2024-06-01,Afternoon,4,8,3.0,1,2,01
202400011010,2024-10-16,Afternoon,4,1,3.0,1,2,10
202400011011,2024-06-01,Evening,4,2,3.0,2,2,75
202400011012,2024-06-01,Afternoon,3,2,3.0,1,2,75
202400011013,2024-10-17,Morning,4,1,3.0,2,2,03
202400011014,2024-06-01,Afternoon,3,1,6.0,1,2,75
202400011015,2024-10-16,Afternoon,4,1,6.0,1,2,03
202400011016,2024-06-01,Afternoon,4,2,3.0,1,2,75
202400011017,2024-10-17,Morning,4,1,2.0,1,2,75
202400011018,2024-06-01,Night,4,1,3.0,5,2,75
202400011019,2024-10-17,Morning,4,1,3.0,1,2,75
202400011020,2024-05-31,Afternoon,4,1,3.0,1,2,75
202400011021,2024-10-16,Evening,4,1,3.0,2,2,75
202400011022,2024-06-01,Afternoon,4,2,6.0,1,2,75
202400011023,2024-10-17,Afternoon,4,2,6.0,1,2,75
202400011024,2024-10-16,Afternoon,4,1,3.0,1,2,75
202400011025,2024-06-01,Afternoon,4,2,6.0,1,2,75
202400011026,2024-10-16,Afternoon,4,1,6.0,1,2,75
202400011027,2024-06-01,Afternoon,4,2,2.0,1,2,75
202400011028,2024-10-17,Afternoon,4,2,7.0,1,2,75
202400011029,2024-06-01,Evening,4,8,1.0,1,2,75
202400011030,2024-10-17,Night,4,1,3.0,5,2,75
202400011031,2024-05-31,Night,4,9,3.0,5,2,94
202400011032,2024-10-16,Afternoon,4,1,2.0,1,2,75
202400011033,2024-10-17,Afternoon,4,3,3.0,2,2,75
202400011034,2024-06-01,Night,4,2,1.0,5,2,94
202400011035,2024-10-17,Afternoon,4,2,3.0,1,2,75
202400011036,2024-06-01,Afternoon,4,2,6.0,1,2,94
202400011037,2024-10-17,Morning,4,1,5.0,1,2,75
202400011038,2024-06-01,Afternoon,4,2,3.0,1,2,94
202400011039,2024-06-01,Morning,3,2,3.0,2,2,94
202400011040,2024-10-17,Evening,4,2,3.0,5,2,75
202400011041,2024-10-16,Afternoon,4,1,3.0,1,2,75
202400011042,2024-06-01,Afternoon,4,2,3.0,1,2,93
202400011043,2024-05-31,Evening,4,1,2.0,1,2,93
202400011044,2024-10-16,Evening,4,1,3.0,2,2,75
202400011045,2024-06-01,Night,4,2,7.0,5,2,92
202400011046,2024-10-17,Afternoon,4,8,3.0,1,2,75
202400011047,2024-06-01,Evening,4,2,2.0,2,2,92
202400011048,2024-10-17,Morning,4,1,6.0,1,2,75
202400011049,2024-06-02,Night,3,1,6.0,3,1,33
202400011050,2024-10-17,Evening,4,2,3.0,5,2,75
202400011051,2024-06-02,Morning,2,3,6.0,2,1,39
202400011052,2024-10-17,Afternoon,3,3,6.0,1,2,75
202400011053,2024-10-17,Night,4,2,3.0,5,2,75
202400011054,2024-05-31,Night,4,1,2.0,5,2,08
202400011055,2024-10-17,Night,4,1,6.0,3,2,94
202400011056,2024-06-02,Afternoon,3,2,7.0,1,1,71
202400011057,2024-10-17,Evening,4,2,3.0,5,2,94
202400011058,2024-06-01,Morning,4,1,3.0,1,1,33
202400011059,2024-10-17,Morning,4,1,3.0,1,2,94
202400011060,2024-06-02,Night,3,1,6.0,3,1,49
202400011061,2024-10-17,Morning,4,2,6.0,1,2,94
202400011062,2024-06-01,Evening,3,2,1.0,2,2,68
202400011063,2024-10-17,Morning,4,2,2.0,1,2,92
202400011064,2024-06-02,Night,4,2,6.0,3,2,60
202400011065,2024-10-17,Afternoon,4,2,6.0,1,2,92
202400011067,2024-10-17,Evening,4,2,3.0,5,2,92
202400011068,2024-06-01,Afternoon,4,1,3.0,1,2,62
202400011069,2024-10-17,Morning,4,8,7.0,1,2,92
202400011070,2024-06-02,Afternoon,3,1,3.0,1,2,62
202400011071,2024-10-17,Evening,4,3,7.0,5,2,92
202400011072,2024-10-17,Evening,4,2,7.0,5,2,92
202400011073,2024-05-29,Afternoon,3,8,3.0,1,2,59
202400011074,2024-06-01,Evening,3,1,6.0,1,2,74
202400011075,2024-10-17,Morning,3,2,1.0,1,2,92
202400011076,2024-05-30,Afternoon,4,1,1.0,1,2,71
202400011077,2024-10-17,Morning,4,8,3.0,5,2,92
202400011078,2024-10-17,Evening,4,2,1.0,5,2,37
202400011079,2024-05-31,Morning,4,1,3.0,1,2,71
202400011080,2024-05-28,Afternoon,4,2,7.0,1,1,61
202400011081,2024-10-16,Afternoon,4,1,1.0,1,2,35
202400011082,2024-10-17,Afternoon,2,1,6.0,1,1,49
202400011083,2024-06-02,Night,3,8,7.0,2,1,55
202400011084,2024-06-02,Night,3,1,7.0,3,2,12
202400011085,2024-10-18,Morning,3,2,3.0,1,2,34
202400011086,2024-06-02,Afternoon,3,2,3.0,1,2,39
202400011087,2024-10-14,Evening,3,1,1.0,3,1,2A
202400011088,2024-10-17,Morning,3,2,7.0,1,1,26
202400011089,2024-06-01,Afternoon,3,1,4.0,1,1,44
202400011090,2024-10-16,Morning,3,1,6.0,1,1,76
202400011091,2024-06-01,Morning,4,1,5.0,2,1,44
202400011092,2024-10-17,Evening,2,3,5.0,3,1,31
202400011093,2024-05-31,Morning,3,1,2.0,1,2,29
202400011094,2024-10-18,Afternoon,4,1,2.0,1,1,21
202400011095,2024-05-31,Evening,4,1,3.0,1,2,29
202400011096,2024-10-12,Morning,4,7,2.0,1,2,67
202400011097,2024-10-17,Evening,3,3,6.0,2,1,46