Num_Acc,date,time_of_day,max_severity,weather,collision_type,lighting,urban_area,department
202400011098,2024-06-01,Evening,4,2,3.0,1,1,02
202400011099,2024-10-18,Afternoon,3,1,2.0,1,1,01
202400011100,2024-06-01,Night,4,2,1.0,3,2,02
202400011101,2024-10-16,Evening,4,2,3.0,3,1,19
202400011102,2024-06-02,Afternoon,2,5,6.0,1,1,03
202400011103,2024-10-17,Evening,3,1,1.0,2,1,56
202400011104,2024-05-31,Night,3,1,6.0,3,2,01
202400011105,2024-10-16,Morning,4,2,3.0,1,2,56
202400011106,2024-06-02,Afternoon,4,2,1.0,1,1,07
202400011107,2024-06-02,Morning,3,1,3.0,1,1,27
202400011108,2024-10-18,Afternoon,3,1,5.0,1,2,69
202400011109,2024-06-02,Night,4,1,6.0,3,1,38
202400011110,2024-10-15,Evening,3,2,1.0,3,1,12
202400011111,2024-06-02,Evening,4,1,3.0,1,1,13
202400011112,2024-10-17,Evening,3,2,6.0,3,1,34
202400011113,2024-10-07,Morning,3,1,3.0,2,2,22
202400011114,2024-06-01,Afternoon,4,2,5.0,1,1,21
202400011115,2024-10-18,Night,4,2,6.0,3,1,39
202400011117,2024-10-18,Morning,4,3,1.0,1,1,39
202400011118,2024-06-02,Afternoon,3,1,1.0,1,1,06
202400011119,2024-10-15,Afternoon,4,2,3.0,1,2,44
202400011120,2024-10-17,Evening,3,1,7.0,3,1,29
202400011121,2024-06-01,Night,3,3,1.0,3,1,03
202400011122,2024-10-18,Morning,4,1,3.0,1,2,29
202400011123,2024-10-18,Morning,4,5,7.0,2,1,02
202400011124,2024-06-01,Morning,4,1,3.0,1,1,07
202400011125,2024-10-18,Morning,3,2,6.0,1,1,15
202400011126,2024-06-01,Morning,3,1,6.0,2,2,33
202400011127,2024-10-18,Morning,4,1,6.0,2,1,70
202400011128,2024-06-01,Night,4,1,7.0,5,2,14
202400011129,2024-10-17,Evening,2,8,7.0,2,1,66
202400011130,2024-06-01,Morning,4,1,7.0,1,1,29
202400011131,2024-10-17,Evening,3,7,4.0,1,2,50
202400011132,2024-10-18,Morning,4,5,6.0,2,1,50
202400011133,2024-06-01,Night,3,1,6.0,3,2,59
202400011134,2024-10-17,Night,3,3,6.0,3,1,45
202400011135,2024-06-01,Night,3,2,2.0,3,1,91
202400011136,2024-10-17,Morning,3,3,6.0,1,2,40
202400011137,2024-06-01,Night,4,2,2.0,3,1,91
202400011138,2024-10-18,Afternoon,2,1,7.0,1,1,17
202400011139,2024-06-01,Evening,4,1,2.0,1,1,92
202400011140,2024-05-31,Evening,4,8,6.0,1,1,92
202400011141,2024-10-17,Evening,4,3,3.0,3,1,87
202400011142,2024-05-31,Afternoon,4,8,3.0,1,1,92
202400011143,2024-10-18,Afternoon,3,2,3.0,1,1,87
202400011144,2024-06-01,Afternoon,4,2,3.0,1,1,93
202400011145,2024-10-18,Morning,4,8,4.0,3,1,30
202400011146,2024-06-01,Night,4,2,2.0,3,1,95
202400011148,2024-06-01,Night,4,2,6.0,3,1,93
202400011149,2024-10-17,Afternoon,4,3,6.0,1,1,19
202400011150,2024-06-01,Night,4,3,6.0,3,1,95
202400011151,2024-10-17,Morning,3,8,7.0,1,1,49
202400011152,2024-10-16,Afternoon,4,1,1.0,1,2,78
202400011154,2024-10-18,Night,3,3,2.0,3,1,77
202400011155,2024-10-18,Evening,3,1,3.0,2,1,71
202400011156,2024-10-18,Afternoon,2,1,1.0,1,1,88
202400011157,2024-10-18,Afternoon,3,2,6.0,1,1,81
202400011158,2024-10-16,Afternoon,4,8,1.0,1,1,31
202400011159,2024-10-17,Morning,3,8,3.0,3,1,17
202400011160,2024-10-17,Afternoon,4,1,1.0,1,1,50
202400011161,2024-10-17,Afternoon,3,1,3.0,1,1,29
202400011162,2024-10-17,Night,3,2,7.0,4,1,22
202400011163,2024-10-17,Morning,4,1,3.0,1,1,35
202400011164,2024-10-07,Evening,4,2,1.0,2,2,27
202400011165,2024-10-18,Afternoon,3,1,6.0,1,2,76
202400011166,2024-10-17,Morning,3,1,1.0,1,2,59
202400011167,2024-10-17,Evening,4,2,2.0,1,1,13
202400011168,2024-10-15,Afternoon,3,1,2.0,1,1,59
202400011169,2024-10-17,Night,4,2,3.0,3,1,92
202400011170,2024-10-16,Evening,4,1,2.0,4,1,92
202400011171,2024-10-16,Morning,4,1,2.0,1,1,92
202400011172,2024-10-16,Morning,4,1,2.0,1,1,95
202400011173,2024-10-16,Morning,3,1,2.0,1,1,95
202400011174,2024-10-15,Evening,4,2,6.0,3,1,95
202400011175,2024-10-17,Morning,4,2,3.0,2,1,94
202400011176,2024-10-16,Evening,4,3,4.0,3,1,77
202400011177,2024-10-16,Evening,4,1,2.0,1,1,94
202400011178,2024-10-16,Morning,4,1,5.0,1,1,94
202400011179,2024-10-17,Morning,4,1,3.0,1,2,93
202400011180,2024-10-17,Afternoon,4,2,3.0,1,2,93
202400011181,2024-10-17,Afternoon,4,8,3.0,1,2,93
202400011182,2024-10-17,Afternoon,3,8,3.0,1,2,93
202400011183,2024-10-17,Night,4,3,3.0,5,2,93
202400011184,2024-10-17,Afternoon,4,3,6.0,1,2,93
202400011185,2024-08-10,Afternoon,4,1,6.0,1,1,38
202400011186,2024-07-30,Evening,4,1,2.0,1,2,38
202400011187,2024-07-16,Morning,3,1,3.0,2,2,38
202400011188,2024-07-10,Evening,4,1,6.0,1,1,38
202400011189,2024-07-05,Afternoon,4,1,7.0,1,2,38
202400011190,2024-06-30,Afternoon,3,1,3.0,1,2,38
202400011191,2024-06-26,Morning,4,1,6.0,1,2,38
202400011192,2024-08-07,Evening,3,1,7.0,1,2,74
202400011193,2024-07-18,Morning,3,1,5.0,1,1,74
202400011194,2024-07-20,Evening,4,1,3.0,1,1,74
202400011195,2024-08-06,Morning,3,1,3.0,1,1,74
202400011196,2024-07-30,Morning,3,1,1.0,1,2,74
202400011197,2024-07-29,Afternoon,3,1,7.0,1,1,74
202400011198,2024-07-28,Morning,3,1,3.0,1,1,74
202400011199,2024-08-03,Night,3,1,7.0,3,1,74
202400011200,2024-08-03,Afternoon,4,1,1.0,1,1,74
202400011201,2024-08-06,Afternoon,4,1,1.0,1,1,74
202400011202,2024-08-06,Morning,2,1,1.0,1,1,74
202400011203,2024-08-04,Morning,4,1,6.0,2,1,74
202400011204,2024-08-01,Night,3,1,3.0,5,2,74
202400011205,2024-08-02,Afternoon,3,1,6.0,1,2,74
202400011206,2024-07-22,Afternoon,4,1,7.0,1,2,74
202400011207,2024-06-08,Afternoon,4,1,3.0,1,2,74
202400011208,2024-06-02,Evening,4,2,6.0,2,1,74
202400011209,2024-06-20,Evening,4,1,2.0,1,1,84
202400011210,2024-10-07,Evening,4,1,7.0,5,2,44
202400011218,2024-03-17,Evening,3,1,7.0,3,1,38
202400011219,2024-03-18,Morning,4,2,1.0,1,1,72
202400011220,2024-03-17,Evening,4,1,5.0,5,1,06
202400011221,2024-03-17,Evening,3,1,7.0,1,2,14
202400011222,2024-03-18,Afternoon,4,1,1.0,1,1,50
202400011223,2024-02-27,Afternoon,3,1,7.0,2,1,45
202400011224,2024-03-18,Afternoon,4,8,2.0,1,2,07
202400011225,2024-03-15,Morning,3,1,6.0,1,2,40
202400011226,2024-03-18,Evening,3,1,3.0,2,1,27
202400011227,2024-03-15,Afternoon,4,1,3.0,1,1,17
202400011228,2024-03-18,Morning,3,1,6.0,1,2,23
202400011229,2024-03-17,Afternoon,3,2,7.0,1,1,87
202400011230,2024-03-18,Morning,3,1,1.0,1,1,37
202400011231,2024-03-15,Evening,3,1,7.0,5,2,30
202400011233,2024-03-18,Morning,2,1,6.0,1,2,31
202400011234,2024-03-17,Afternoon,4,1,1.0,1,1,30
202400011236,2024-03-15,Night,4,1,3.0,3,2,69
202400011237,2024-03-18,Morning,3,1,3.0,2,2,06
202400011239,2024-03-18,Morning,4,2,2.0,1,1,38
202400011240,2024-03-17,Night,3,1,7.0,2,1,13
202400011241,2024-03-12,Morning,3,1,6.0,2,1,62
202400011245,2024-03-13,Afternoon,4,1,3.0,1,1,13
202400011246,2024-03-17,Evening,4,8,1.0,5,2,37
202400011247,2024-03-17,Evening,4,2,6.0,5,2,71
202400011248,2024-03-18,Afternoon,3,1,1.0,1,2,73
202400011249,2024-03-18,Morning,2,1,6.0,1,1,38
202400011250,2024-03-18,Afternoon,2,1,7.0,1,1,26
202400011251,2024-03-17,Evening,3,1,2.0,3,1,60
202400011252,2024-03-17,Afternoon,4,1,2.0,1,1,13
202400011253,2024-03-17,Evening,4,1,2.0,3,1,42
202400011254,2024-03-17,Afternoon,4,1,6.0,1,1,91
202400011255,2024-03-17,Morning,4,2,2.0,1,1,91
202400011256,2024-03-17,Evening,4,1,6.0,3,1,95
202400011257,2024-03-17,Afternoon,4,8,2.0,1,1,93
202400011258,2024-03-17,Afternoon,4,2,6.0,1,1,95
202400011259,2024-03-17,Night,2,1,6.0,3,1,93
202400011260,2024-03-16,Night,4,1,5.0,3,1,93
202400011261,2024-03-16,Afternoon,4,1,2.0,1,1,95
202400011262,2024-03-17,Afternoon,4,1,6.0,2,1,77
202400011263,2024-03-17,Night,4,1,6.0,3,1,94
202400011264,2024-03-16,Evening,4,1,3.0,3,2,92
202400011265,2024-03-15,Evening,4,1,1.0,5,2,44
202400011268,2024-07-04,Afternoon,4,1,3.0,1,2,44
202400011270,2024-03-16,Afternoon,4,1,1.0,1,2,69
202400011271,2024-07-04,Night,4,1,1.0,5,2,43
202400011272,2024-07-03,Night,4,1,6.0,3,2,41
202400011273,2024-03-16,Evening,4,1,2.0,5,2,2B
202400011274,2024-07-04,Afternoon,4,1,6.0,1,2,38
202400011275,2024-07-04,Morning,4,1,7.0,1,2,37
202400011276,2024-03-16,Afternoon,4,1,2.0,1,1,2B
202400011277,2024-07-04,Morning,4,1,2.0,1,2,36
202400011278,2024-03-16,Evening,4,1,1.0,2,2,95
202400011279,2024-07-04,Afternoon,4,1,6.0,1,2,34
202400011280,2024-03-16,Afternoon,4,1,1.0,1,2,91
202400011281,2024-03-16,Night,4,2,1.0,3,2,91
202400011282,2024-06-30,Evening,4,1,4.0,2,2,34
202400011283,2024-03-16,Evening,3,1,1.0,5,2,91
202400011284,2024-03-15,Morning,3,1,6.0,1,2,83
202400011285,2024-07-04,Afternoon,4,1,2.0,1,2,34
202400011286,2024-03-16,Afternoon,4,1,3.0,1,2,78
202400011287,2024-07-04,Afternoon,3,1,3.0,1,2,33
202400011288,2024-03-16,Evening,4,1,3.0,5,2,77
202400011289,2024-07-03,Evening,3,1,6.0,1,2,33
202400011290,2024-07-03,Evening,4,1,7.0,1,2,33
202400011291,2024-03-14,Afternoon,4,1,6.0,1,2,77
202400011292,2024-07-04,Morning,4,1,3.0,1,2,31
202400011293,2024-03-16,Evening,4,1,6.0,5,2,77
202400011294,2024-06-29,Afternoon,4,1,2.0,1,2,29
202400011295,2024-03-15,Evening,4,1,1.0,1,2,77
202400011296,2024-07-03,Afternoon,4,1,6.0,1,2,29
202400011297,2024-03-16,Night,4,1,2.0,5,2,77
202400011298,2024-07-04,Morning,4,1,2.0,1,1,28
202400011299,2024-03-15,Evening,4,2,3.0,5,2,69
202400011300,2024-07-04,Morning,2,1,3.0,1,2,26
202400011301,2024-03-16,Afternoon,3,1,3.0,1,2,65
202400011302,2024-03-16,Afternoon,4,1,6.0,1,2,64
202400011303,2024-07-04,Afternoon,4,1,2.0,1,2,25
202400011304,2024-03-16,Morning,4,1,2.0,1,2,64
202400011305,2024-07-04,Morning,3,1,7.0,1,2,22
202400011306,2024-03-16,Evening,4,1,3.0,3,1,63
202400011307,2024-07-03,Evening,4,1,3.0,1,2,19
202400011308,2024-03-16,Morning,3,1,1.0,1,2,59
202400011309,2024-07-04,Afternoon,4,1,2.0,1,2,17
202400011310,2024-05-05,Afternoon,4,3,7.0,1,1,14
202400011311,2024-03-16,Morning,4,1,1.0,1,2,54
202400011312,2024-03-16,Morning,4,1,6.0,1,2,54
202400011313,2024-03-16,Afternoon,4,1,6.0,1,2,49
202400011314,2024-07-03,Afternoon,3,1,3.0,1,2,13
202400011315,2024-03-15,Afternoon,3,1,1.0,1,2,45
202400011316,2024-03-16,Morning,3,1,6.0,1,2,44
202400011317,2024-07-04,Morning,4,1,3.0,1,2,13
202400011318,2024-03-16,Evening,4,1,7.0,5,2,38
202400011319,2024-07-03,Afternoon,4,1,3.0,1,2,10
202400011320,2024-03-15,Evening,4,1,2.0,5,2,38
202400011321,2024-07-04,Afternoon,4,1,6.0,1,2,06
202400011322,2024-03-16,Evening,4,1,2.0,5,2,35
202400011323,2024-07-04,Afternoon,4,1,3.0,1,1,06
202400011324,2024-03-16,Evening,4,1,3.0,5,2,33
202400011325,2024-07-04,Morning,4,1,5.0,1,2,06
202400011326,2024-03-16,Morning,3,1,6.0,1,2,27
202400011327,2024-07-04,Morning,4,1,2.0,1,2,75
202400011328,2024-03-15,Afternoon,3,1,3.0,1,1,25
202400011329,2024-07-04,Morning,4,1,3.0,1,2,75
202400011330,2024-03-16,Morning,4,1,1.0,1,2,22
202400011331,2024-07-03,Morning,4,1,2.0,1,2,75
202400011332,2024-03-16,Night,4,1,3.0,5,2,13
202400011333,2024-07-03,Morning,3,1,3.0,1,2,75
202400011334,2024-03-16,Night,4,1,1.0,5,2,13
202400011335,2024-03-16,Afternoon,4,1,7.0,1,2,13
202400011336,2024-07-04,Morning,4,1,6.0,1,2,75
202400011337,2024-03-16,Evening,4,1,3.0,5,2,13
202400011338,2024-07-04,Afternoon,4,1,3.0,1,2,75
202400011339,2024-03-16,Afternoon,3,1,3.0,1,2,13
202400011340,2024-03-16,Morning,4,8,6.0,1,1,10
202400011341,2024-07-04,Afternoon,4,1,3.0,1,2,75
202400011342,2024-03-16,Night,2,1,6.0,5,2,06
202400011343,2024-07-04,Morning,4,1,6.0,1,2,75
202400011344,2024-03-16,Afternoon,3,1,6.0,1,2,75
202400011345,2024-07-03,Night,4,1,3.0,5,2,75
202400011346,2024-03-15,Night,4,2,3.0,5,2,75
202400011347,2024-07-04,Afternoon,4,1,2.0,1,2,75
202400011348,2024-03-16,Evening,4,1,6.0,1,2,75
202400011349,2024-07-03,Evening,4,1,6.0,1,2,75
202400011350,2024-03-16,Morning,4,1,2.0,1,2,75
202400011351,2024-07-04,Afternoon,4,1,6.0,1,2,75
202400011352,2024-07-04,Morning,3,1,2.0,1,2,75
202400011353,2024-03-16,Night,4,2,3.0,5,2,75
202400011354,2024-07-04,Evening,4,1,6.0,1,2,75
202400011355,2024-03-16,Night,4,1,3.0,5,2,75
202400011356,2024-07-04,Morning,4,1,6.0,1,2,75
202400011357,2024-03-15,Morning,4,1,7.0,1,2,75
202400011358,2024-07-04,Afternoon,3,1,3.0,1,2,75
202400011359,2024-03-16,Night,4,1,2.0,5,2,75
202400011360,2024-03-15,Night,4,1,7.0,5,2,75
202400011361,2024-03-16,Afternoon,4,1,6.0,1,2,75
202400011362,2024-07-03,Night,4,1,3.0,5,2,75
202400011363,2024-03-16,Evening,4,1,1.0,1,2,75
202400011364,2024-07-04,Morning,4,1,6.0,1,2,75
202400011365,2024-03-16,Afternoon,4,1,7.0,1,2,75
202400011366,2024-07-04,Morning,4,1,3.0,1,2,94
202400011367,2024-03-16,Evening,4,1,3.0,2,2,94
202400011368,2024-07-04,Afternoon,4,1,2.0,1,2,94
202400011369,2024-03-16,Afternoon,4,1,3.0,1,2,94
202400011370,2024-03-15,Night,4,2,6.0,5,2,94
202400011371,2024-07-04,Morning,4,1,3.0,1,2,94
202400011372,2024-03-16,Morning,4,1,3.0,1,2,95
202400011373,2024-07-04,Morning,4,1,1.0,1,2,94
202400011374,2024-03-16,Morning,4,2,2.0,3,1,77
202400011375,2024-07-03,Morning,4,8,3.0,1,2,93
202400011376,2024-03-16,Afternoon,4,1,3.0,1,2,93
202400011377,2024-07-03,Evening,4,1,6.0,1,2,93
202400011378,2024-03-16,Morning,4,1,2.0,1,2,92
202400011379,2024-07-04,Morning,4,1,2.0,1,2,93
202400011380,2024-03-15,Evening,4,1,1.0,1,2,92
202400011381,2024-07-04,Afternoon,4,1,6.0,1,2,93
202400011382,2024-03-16,Night,4,1,2.0,5,2,92
202400011383,2024-07-04,Afternoon,4,1,3.0,1,2,93
202400011384,2024-03-17,Night,2,9,6.0,4,2,76
202400011385,2024-07-04,Evening,4,1,6.0,2,2,93
202400011386,2024-03-15,Afternoon,3,1,2.0,1,1,37
202400011387,2024-03-16,Afternoon,3,1,7.0,1,1,2A
202400011388,2024-03-15,Afternoon,3,1,7.0,1,2,95
202400011389,2024-07-04,Afternoon,3,1,6.0,1,2,93
202400011390,2024-03-16,Morning,4,1,3.0,1,1,31
202400011391,2024-07-04,Morning,4,1,3.0,1,2,92
202400011392,2024-07-04,Afternoon,4,1,1.0,1,2,92
202400011394,2024-03-16,Afternoon,3,1,3.0,1,1,23
202400011395,2024-07-04,Morning,4,7,6.0,1,2,92
202400011396,2024-03-17,Morning,4,1,6.0,1,1,21
202400011397,2024-07-02,Night,4,1,4.0,5,1,92
202400011398,2024-03-16,Evening,4,8,1.0,3,1,71
202400011399,2024-07-02,Afternoon,4,1,3.0,1,2,92
202400011400,2024-03-17,Morning,4,2,6.0,2,1,76
202400011401,2024-07-04,Afternoon,4,1,6.0,1,2,92
202400011402,2024-03-17,Afternoon,3,1,3.0,1,2,79
202400011403,2024-07-04,Morning,4,1,3.0,1,2,92
202400011404,2024-03-16,Afternoon,4,1,6.0,1,1,2B
202400011406,2024-03-17,Night,4,1,6.0,3,1,65
202400011408,2024-03-16,Afternoon,3,1,7.0,1,1,65
202400011409,2024-03-16,Afternoon,4,1,1.0,1,1,69
202400011410,2024-07-03,Night,2,1,6.0,3,1,12
202400011411,2024-03-17,Afternoon,3,1,3.0,1,1,81
202400011412,2024-07-05,Afternoon,3,1,1.0,1,1,47
202400011413,2024-03-17,Afternoon,4,1,6.0,1,2,11
202400011414,2024-03-14,Morning,3,1,3.0,1,1,11
202400011415,2024-06-12,Evening,4,1,5.0,1,1,01
202400011416,2024-03-16,Evening,3,1,6.0,1,1,71
202400011417,2024-07-04,Evening,2,1,1.0,1,1,26
202400011418,2024-03-16,Evening,3,1,7.0,3,1,63
202400011419,2024-03-16,Morning,3,1,7.0,1,2,63
202400011420,2024-07-05,Morning,4,1,7.0,1,1,52
202400011421,2024-03-17,Afternoon,4,2,7.0,1,1,55
202400011422,2024-07-05,Afternoon,3,1,6.0,1,1,95
202400011423,2024-03-16,Evening,4,1,6.0,3,1,12
202400011424,2024-07-05,Morning,4,1,6.0,1,2,95
202400011425,2024-03-16,Evening,2,1,6.0,4,2,47
202400011426,2024-06-24,Afternoon,3,1,6.0,1,1,84
202400011427,2024-03-17,Afternoon,3,1,4.0,1,2,01
202400011428,2024-07-04,Night,4,1,6.0,3,2,31
202400011429,2024-03-17,Night,3,1,6.0,2,1,01
202400011430,2024-06-24,Morning,4,1,3.0,1,1,13
202400011431,2024-03-16,Morning,2,7,6.0,1,2,66
202400011432,2024-07-05,Night,3,1,6.0,3,1,83
202400011434,2024-03-16,Evening,3,1,7.0,2,1,18
202400011436,2024-03-17,Morning,4,1,1.0,1,1,07
202400011437,2024-07-05,Night,3,1,6.0,3,1,35
202400011438,2024-03-16,Night,3,1,6.0,3,1,21
202400011439,2024-07-03,Afternoon,4,1,1.0,1,1,46
202400011440,2024-03-16,Evening,4,1,1.0,2,2,27
202400011441,2024-03-16,Afternoon,4,1,3.0,1,2,27
202400011442,2024-07-04,Afternoon,3,1,3.0,1,2,14
202400011443,2024-03-16,Evening,4,2,1.0,5,2,27
202400011444,2024-03-15,Evening,3,1,3.0,5,2,30
202400011446,2024-06-30,Night,4,1,3.0,4,2,26
202400011447,2024-03-16,Night,3,1,2.0,3,1,21
202400011448,2024-07-04,Night,3,1,7.0,3,1,65
202400011450,2024-07-04,Evening,4,1,6.0,1,2,72
202400011452,2024-03-16,Evening,3,1,6.0,3,1,37
202400011453,2024-06-28,Evening,3,1,7.0,1,2,62
202400011454,2024-03-16,Afternoon,3,1,3.0,1,1,66
202400011455,2024-07-05,Afternoon,2,1,1.0,1,1,83
202400011456,2024-03-16,Morning,2,1,2.0,3,1,34
202400011457,2024-07-04,Evening,3,1,3.0,1,1,59
202400011458,2024-03-16,Morning,4,1,2.0,1,1,05
202400011459,2024-07-04,Afternoon,3,1,7.0,1,1,67
202400011460,2024-07-05,Evening,4,1,7.0,1,1,11
202400011461,2024-03-17,Afternoon,4,1,7.0,1,1,13
202400011462,2024-07-05,Night,3,1,6.0,3,1,89
202400011463,2024-03-16,Morning,3,1,1.0,1,1,70
202400011464,2024-07-04,Afternoon,3,1,1.0,1,2,61
202400011465,2024-06-26,Afternoon,4,1,3.0,1,1,34
202400011466,2024-03-17,Evening,3,1,7.0,3,1,68
202400011467,2024-06-27,Night,3,1,1.0,2,1,68
202400011468,2024-03-17,Morning,3,2,3.0,1,2,68
202400011469,2024-06-23,Morning,2,1,7.0,1,1,39
202400011470,2024-03-16,Night,3,2,1.0,3,1,57
202400011471,2024-07-05,Morning,2,1,3.0,1,2,44
202400011472,2024-03-16,Afternoon,3,1,4.0,1,2,42
202400011473,2024-07-05,Morning,2,1,6.0,1,1,31
202400011474,2024-03-16,Morning,4,1,1.0,1,1,13
202400011475,2024-07-04,Evening,2,1,6.0,2,1,84
202400011476,2024-03-15,Night,4,1,6.0,5,1,33
202400011477,2024-07-04,Evening,4,1,7.0,1,1,03
202400011478,2024-03-16,Afternoon,4,1,2.0,1,1,91
202400011479,2024-07-04,Afternoon,4,1,3.0,1,1,03
202400011480,2024-07-04,Evening,3,1,7.0,1,2,01
202400011481,2024-03-16,Morning,4,8,3.0,2,1,91
202400011482,2024-06-28,Afternoon,4,1,3.0,1,2,26
202400011483,2024-03-16,Afternoon,4,1,2.0,1,1,78
202400011484,2024-06-01,Afternoon,4,1,3.0,1,1,72
202400011485,2024-03-16,Night,4,2,2.0,3,1,95
202400011486,2024-03-16,Night,4,2,6.0,3,1,93
202400011487,2024-07-05,Morning,4,1,1.0,1,1,90
202400011488,2024-07-05,Morning,4,1,6.0,1,1,09
202400011489,2024-03-15,Afternoon,4,1,4.0,1,1,92
202400011490,2024-03-15,Morning,4,1,6.0,1,1,93
202400011491,2024-07-05,Morning,2,1,1.0,1,1,45
202400011492,2024-07-04,Afternoon,3,1,4.0,1,2,64
202400011493,2024-07-05,Afternoon,2,1,7.0,1,1,10
202400011494,2024-03-16,Afternoon,4,1,4.0,1,1,77
202400011495,2024-07-03,Afternoon,4,1,1.0,1,1,40
202400011497,2024-07-05,Morning,3,7,7.0,1,1,85
202400011498,2024-07-04,Afternoon,3,1,3.0,1,1,85
202400011500,2024-07-05,Afternoon,2,1,6.0,1,2,87
202400011501,2024-03-15,Evening,4,1,3.0,5,2,69
202400011502,2024-07-04,Evening,3,1,3.0,1,1,37
202400011503,2024-03-15,Evening,4,1,3.0,5,2,69
202400011504,2024-07-05,Evening,4,1,1.0,1,1,48
202400011505,2024-03-15,Afternoon,3,1,3.0,1,2,69
202400011508,2024-07-03,Morning,4,1,1.0,1,2,06
202400011509,2024-07-04,Afternoon,3,1,3.0,1,2,33
202400011511,2024-07-05,Afternoon,4,1,3.0,1,2,06
202400011512,2024-03-15,Morning,4,1,3.0,1,2,69
202400011514,2024-03-13,Afternoon,4,1,6.0,1,2,69
202400011515,2024-07-05,Night,4,1,4.0,5,1,06
202400011517,2024-07-05,Morning,3,1,3.0,2,1,36
202400011519,2024-07-05,Morning,2,1,3.0,1,1,17
202400011522,2024-03-15,Evening,4,3,6.0,5,2,95
202400011524,2024-03-14,Afternoon,4,1,6.0,1,2,95
202400011526,2024-03-15,Evening,4,2,6.0,5,2,95
202400011529,2024-03-14,Evening,3,1,4.0,5,2,91
202400011531,2024-03-14,Evening,4,1,3.0,1,2,88
202400011533,2024-03-14,Evening,4,1,3.0,2,2,88
202400011534,2024-07-03,Evening,4,1,3.0,1,2,77
202400011535,2024-02-27,Afternoon,2,1,7.0,1,2,85
202400011536,2024-03-15,Afternoon,3,1,3.0,1,2,84
202400011537,2024-07-05,Morning,3,7,3.0,1,2,2B
202400011538,2024-03-14,Evening,4,1,3.0,1,2,84
202400011539,2024-07-05,Morning,4,1,1.0,2,1,11
202400011540,2024-03-15,Morning,3,1,6.0,1,2,83
202400011541,2024-07-03,Evening,3,1,7.0,2,1,04
202400011542,2024-03-15,Morning,4,1,3.0,1,2,80
202400011543,2024-07-04,Evening,3,1,3.0,1,2,13
202400011544,2024-07-04,Morning,3,1,2.0,1,2,13
202400011545,2024-07-04,Morning,3,1,2.0,1,1,26
202400011546,2024-03-15,Afternoon,4,1,5.0,1,2,78
202400011547,2024-07-04,Night,3,1,5.0,3,2,26
202400011548,2024-03-15,Afternoon,4,2,3.0,1,2,76
202400011549,2024-03-14,Afternoon,4,1,6.0,1,2,74
202400011550,2024-07-03,Morning,4,1,3.0,1,2,01
202400011551,2024-03-14,Afternoon,4,1,3.0,1,2,74
202400011552,2024-06-28,Afternoon,3,1,6.0,1,2,33
202400011553,2024-07-04,Evening,4,1,3.0,1,2,02
202400011554,2024-07-04,Afternoon,4,1,7.0,1,1,80
202400011555,2024-07-04,Afternoon,3,9,2.0,1,1,59
202400011556,2024-07-04,Afternoon,4,1,2.0,1,1,13
202400011557,2024-06-29,Afternoon,4,1,4.0,1,1,13
202400011558,2024-07-03,Evening,4,1,5.0,1,1,13
202400011559,2024-07-04,Afternoon,3,1,6.0,1,2,83
202400011560,2024-07-04,Afternoon,4,1,2.0,1,1,57
202400011561,2024-06-28,Afternoon,4,1,1.0,1,1,54
202400011562,2024-07-04,Afternoon,4,1,4.0,1,1,33
202400011563,2024-07-04,Morning,4,3,2.0,1,1,33
202400011564,2024-07-02,Afternoon,4,1,1.0,1,1,33
202400011565,2024-07-04,Evening,4,1,4.0,1,1,91
202400011566,2024-07-04,Morning,4,1,6.0,1,1,91
202400011567,2024-07-04,Morning,4,1,3.0,1,1,92
202400011568,2024-07-03,Night,4,1,6.0,2,1,92
202400011569,2024-07-04,Afternoon,4,1,3.0,1,1,93
202400011570,2024-07-04,Afternoon,4,1,2.0,1,1,93
202400011571,2024-07-04,Morning,4,1,5.0,1,1,93
202400011572,2024-07-03,Evening,4,1,3.0,1,2,93
202400011573,2024-07-03,Afternoon,4,1,3.0,1,1,93
202400011574,2024-07-03,Morning,4,1,2.0,1,1,93
202400011575,2024-07-04,Afternoon,3,1,2.0,1,1,94
202400011576,2024-07-04,Afternoon,4,1,2.0,1,1,77
202400011577,2024-07-04,Afternoon,4,1,2.0,1,1,94
202400011578,2024-04-08,Evening,4,1,6.0,1,2,45
202400011580,2024-06-12,Morning,4,1,3.0,1,2,44
202400011581,2024-06-07,Afternoon,4,1,3.0,1,2,44
202400011582,2024-04-13,Afternoon,4,1,6.0,1,2,49
202400011583,2024-07-03,Evening,4,1,1.0,1,2,2A
202400011584,2024-07-03,Morning,4,1,3.0,1,2,91
202400011585,2024-07-03,Morning,4,1,6.0,1,2,91
202400011586,2024-06-30,Morning,4,1,6.0,1,2,84
202400011587,2024-07-02,Evening,4,1,3.0,1,2,84
202400011588,2024-07-03,Afternoon,2,1,6.0,1,2,83
202400011589,2024-07-02,Afternoon,3,1,6.0,1,2,76
202400011590,2024-07-03,Night,4,1,6.0,3,1,73
202400011591,2024-07-03,Morning,4,2,7.0,1,1,69
202400011592,2024-07-02,Night,3,1,1.0,5,2,69
202400011593,2024-07-01,Afternoon,4,1,5.0,1,1,69