Num_Acc,date,time_of_day,max_severity,weather,collision_type,lighting,urban_area,department
202400011594,2024-07-03,Afternoon,4,1,6.0,1,2,64
202400011595,2024-07-03,Morning,4,1,3.0,1,2,64
202400011596,2024-07-03,Morning,4,1,2.0,1,2,63
202400011597,2024-07-03,Evening,4,2,1.0,1,1,62
202400011598,2024-07-03,Morning,3,1,6.0,1,2,60
202400011599,2024-07-03,Night,4,1,3.0,3,2,59
202400011600,2024-07-03,Evening,3,1,6.0,2,2,59
202400011601,2024-07-03,Afternoon,4,8,1.0,1,2,59
202400011602,2024-06-29,Morning,4,1,6.0,1,2,59
202400011603,2024-07-02,Morning,4,1,3.0,1,2,57
202400011604,2024-07-03,Morning,4,1,6.0,2,1,56
202400011605,2024-11-24,Evening,3,1,1.0,5,2,33
202400011606,2024-11-24,Evening,4,1,2.0,5,2,33
202400011607,2024-11-24,Evening,4,1,6.0,3,2,33
202400011608,2024-11-24,Morning,4,8,6.0,5,2,32
202400011609,2024-11-24,Evening,3,1,3.0,3,2,31
202400011610,2024-11-23,Evening,4,8,4.0,5,2,27
202400011611,2024-11-23,Afternoon,4,3,3.0,1,2,22
202400011612,2024-11-24,Evening,4,1,3.0,3,2,13
202400011613,2024-11-24,Evening,3,1,3.0,5,2,13
202400011614,2024-11-22,Afternoon,3,1,3.0,1,2,13
202400011615,2024-11-23,Night,4,1,3.0,5,2,11
202400011616,2024-11-23,Afternoon,3,1,3.0,1,2,11
202400011617,2024-11-23,Afternoon,3,1,6.0,5,2,06
202400011618,2024-11-23,Morning,4,1,3.0,1,2,75
202400011619,2024-11-19,Morning,4,2,3.0,1,2,75
202400011620,2024-11-24,Evening,4,1,2.0,5,2,75
202400011621,2024-11-24,Evening,4,1,1.0,5,2,75
202400011622,2024-11-24,Afternoon,4,1,6.0,5,2,75
202400011623,2024-11-23,Afternoon,4,1,6.0,1,2,75
202400011624,2024-11-23,Night,4,1,3.0,5,2,75
202400011625,2024-11-24,Night,4,1,3.0,5,2,75
202400011626,2024-11-24,Night,4,1,7.0,5,2,75
202400011627,2024-11-24,Afternoon,4,1,6.0,2,2,94
202400011628,2024-11-22,Night,4,1,6.0,5,2,94
202400011629,2024-11-24,Afternoon,4,1,3.0,1,2,93
202400011630,2024-11-24,Morning,4,1,6.0,3,1,93
202400011631,2024-11-23,Night,3,1,3.0,5,2,93
202400011632,2024-11-24,Afternoon,4,1,3.0,1,2,93
202400011633,2024-11-24,Afternoon,4,1,3.0,2,2,93
202400011634,2024-11-24,Evening,4,8,6.0,5,2,93
202400011635,2024-11-24,Night,4,1,3.0,5,2,92
202400011636,2024-11-24,Afternoon,4,1,6.0,5,2,92
202400011637,2024-11-22,Afternoon,4,8,3.0,1,2,92
202400011638,2024-11-24,Evening,4,1,7.0,5,2,92
202400011639,2024-11-25,Morning,3,3,7.0,1,1,47
202400011640,2024-11-24,Night,3,1,6.0,3,1,95
202400011641,2024-11-24,Morning,3,1,6.0,2,1,37
202400011642,2024-11-24,Evening,3,6,7.0,3,1,54
202400011643,2024-11-24,Afternoon,3,1,7.0,1,2,33
202400011644,2024-11-25,Afternoon,4,1,1.0,1,1,85
202400011645,2024-11-23,Night,3,4,6.0,3,1,27
202400011646,2024-11-25,Morning,3,1,3.0,2,1,83
202400011647,2024-11-25,Afternoon,4,1,2.0,2,2,95
202400011648,2024-11-22,Afternoon,4,1,3.0,1,1,76
202400011649,2024-11-24,Evening,3,1,1.0,3,1,2A
202400011650,2024-11-25,Afternoon,3,1,3.0,3,1,2B
202400011651,2024-11-24,Evening,4,1,7.0,3,1,82
202400011652,2024-11-24,Morning,3,2,6.0,3,1,82
202400011653,2024-11-23,Afternoon,3,1,3.0,1,1,82
202400011654,2024-11-24,Night,2,1,6.0,3,1,71
202400011655,2024-11-25,Morning,4,1,7.0,2,1,89
202400011656,2024-11-24,Morning,4,1,3.0,1,1,35
202400011657,2024-11-24,Afternoon,4,6,4.0,1,1,03
202400011658,2024-11-24,Afternoon,4,1,5.0,1,1,03
202400011659,2024-11-24,Afternoon,4,1,3.0,1,2,01
202400011660,2024-11-24,Morning,3,1,1.0,1,1,14
202400011661,2024-11-25,Afternoon,2,2,1.0,2,1,64
202400011662,2024-04-23,Morning,4,1,6.0,1,2,22
202400011663,2024-11-24,Afternoon,3,1,7.0,5,2,18
202400011664,2024-11-23,Afternoon,3,6,7.0,2,1,43
202400011665,2024-04-17,Afternoon,4,1,5.0,1,1,18
202400011666,2024-11-23,Evening,3,1,3.0,3,1,04
202400011667,2024-11-24,Afternoon,4,1,6.0,2,1,17
202400011668,2024-11-22,Afternoon,3,1,2.0,1,1,17
202400011669,2024-04-21,Afternoon,4,1,6.0,1,1,15
202400011670,2024-11-24,Afternoon,4,1,3.0,2,1,17
202400011671,2024-04-23,Morning,4,1,3.0,1,2,13
202400011672,2024-11-24,Night,4,6,6.0,3,1,87
202400011673,2024-04-22,Morning,4,1,6.0,1,2,13
202400011674,2024-11-24,Night,4,1,7.0,3,1,30
202400011675,2024-04-23,Afternoon,4,1,3.0,1,2,13
202400011676,2024-11-23,Night,2,1,6.0,5,2,22
202400011677,2024-11-21,Evening,3,8,7.0,4,2,69
202400011678,2024-11-15,Evening,4,1,2.0,3,1,67
202400011679,2024-04-23,Evening,4,1,3.0,1,2,13
202400011680,2024-11-23,Evening,4,1,3.0,3,2,57
202400011681,2024-11-25,Night,4,1,6.0,3,1,27
202400011682,2024-04-22,Afternoon,4,2,5.0,1,2,06
202400011683,2024-11-23,Afternoon,3,1,3.0,1,2,34
202400011684,2024-04-16,Afternoon,3,1,6.0,1,2,03
202400011686,2024-04-23,Evening,3,1,6.0,1,2,02
202400011688,2024-04-23,Evening,4,1,3.0,1,2,75
202400011690,2024-04-22,Evening,4,1,2.0,1,2,75
202400011692,2024-04-22,Afternoon,4,1,3.0,1,2,75
202400011693,2024-11-24,Afternoon,4,2,3.0,2,2,91
202400011694,2024-04-21,Evening,4,1,4.0,1,2,75
202400011695,2024-11-25,Morning,4,1,1.0,5,2,84
202400011696,2024-04-23,Evening,4,1,6.0,1,2,75
202400011697,2024-09-11,Morning,4,2,6.0,1,2,41
202400011698,2024-11-09,Evening,4,1,6.0,5,2,38
202400011699,2024-04-23,Morning,4,1,6.0,1,2,75
202400011700,2024-11-24,Evening,4,6,2.0,5,2,07
202400011701,2024-09-12,Night,4,8,3.0,5,2,37
202400011702,2024-04-22,Afternoon,4,1,3.0,1,2,75
202400011703,2024-11-21,Morning,4,2,1.0,1,1,69
202400011704,2024-09-12,Afternoon,4,1,3.0,1,2,37
202400011705,2024-04-23,Afternoon,4,1,6.0,1,2,75
202400011706,2024-11-24,Evening,3,1,7.0,5,2,17
202400011707,2024-11-19,Afternoon,3,2,6.0,1,1,33
202400011708,2024-09-12,Morning,4,1,6.0,1,2,35
202400011709,2024-04-22,Morning,4,1,6.0,1,2,75
202400011710,2024-11-25,Morning,4,3,6.0,3,2,60
202400011711,2024-04-23,Afternoon,4,1,3.0,1,2,75
202400011712,2024-09-11,Evening,4,1,3.0,1,2,35
202400011713,2024-11-22,Afternoon,4,1,7.0,1,1,59
202400011714,2024-04-23,Evening,3,1,3.0,1,2,75
202400011715,2024-11-24,Afternoon,2,7,6.0,1,2,59
202400011716,2024-09-12,Afternoon,3,1,3.0,1,2,34
202400011717,2024-04-23,Afternoon,4,1,6.0,1,2,75
202400011718,2024-09-11,Evening,4,1,7.0,1,1,29
202400011719,2024-11-24,Morning,3,2,6.0,2,1,13
202400011720,2024-11-24,Night,4,1,7.0,3,1,13
202400011721,2024-04-23,Afternoon,3,1,3.0,1,2,75
202400011722,2024-09-11,Evening,4,1,6.0,3,1,27
202400011723,2024-11-19,Afternoon,4,1,2.0,1,1,13
202400011724,2024-04-23,Afternoon,4,1,6.0,1,2,94
202400011725,2024-09-12,Morning,4,1,2.0,1,2,26
202400011726,2024-04-23,Morning,4,1,6.0,1,2,94
202400011727,2024-11-23,Evening,4,1,4.0,5,1,83
202400011728,2024-09-12,Evening,4,1,3.0,1,2,16
202400011729,2024-04-23,Evening,4,1,3.0,1,2,94
202400011730,2024-09-12,Evening,3,2,6.0,5,2,16
202400011731,2024-04-23,Morning,4,7,6.0,2,2,94
202400011732,2024-11-22,Afternoon,4,1,4.0,1,1,83
202400011733,2024-09-12,Evening,4,1,3.0,1,2,15
202400011734,2024-11-24,Evening,3,6,2.0,3,1,69
202400011735,2024-04-22,Evening,4,1,6.0,3,2,93
202400011736,2024-09-12,Afternoon,3,1,3.0,1,2,13
202400011737,2024-11-18,Morning,4,2,3.0,1,1,93
202400011738,2024-04-23,Evening,4,1,3.0,5,2,93
202400011739,2024-09-12,Afternoon,4,1,3.0,1,1,13
202400011740,2024-11-19,Evening,4,2,2.0,3,1,77
202400011741,2024-04-23,Morning,4,1,3.0,1,2,93
202400011742,2024-09-17,Night,3,1,7.0,3,1,30
202400011743,2024-04-23,Night,4,1,6.0,5,2,93
202400011744,2024-09-23,Evening,3,1,6.0,5,2,74
202400011745,2024-09-12,Afternoon,3,1,1.0,1,2,13
202400011746,2024-04-23,Afternoon,4,1,7.0,1,2,92
202400011747,2024-08-02,Morning,4,1,3.0,1,2,84
202400011748,2024-08-22,Evening,4,7,3.0,1,2,11
202400011749,2024-04-23,Morning,4,1,3.0,1,2,92
202400011750,2024-09-11,Evening,4,2,3.0,1,2,10
202400011751,2024-07-23,Night,3,1,1.0,3,2,88
202400011752,2024-04-23,Afternoon,4,1,2.0,1,2,92
202400011753,2024-09-12,Morning,4,1,6.0,1,2,06
202400011755,2024-04-23,Morning,4,1,3.0,1,2,92
202400011756,2024-09-07,Morning,3,1,1.0,1,2,06
202400011758,2024-04-22,Morning,4,1,6.0,1,2,92
202400011760,2024-09-12,Night,4,2,3.0,5,2,01
202400011761,2024-11-23,Afternoon,3,1,3.0,5,2,69
202400011762,2024-04-22,Afternoon,4,1,1.0,1,2,92
202400011763,2024-09-11,Afternoon,4,3,3.0,1,1,01
202400011765,2024-04-23,Morning,4,1,3.0,1,2,92
202400011766,2024-09-12,Afternoon,4,3,3.0,1,2,75
202400011768,2024-04-23,Evening,4,1,2.0,1,2,92
202400011769,2024-09-12,Afternoon,4,1,3.0,1,2,75
202400011772,2024-04-23,Evening,2,1,6.0,2,1,31
202400011773,2024-09-12,Night,4,1,6.0,5,2,75
202400011776,2024-09-12,Morning,4,1,3.0,1,2,75
202400011777,2024-11-22,Afternoon,4,1,3.0,5,2,69
202400011778,2024-04-23,Afternoon,3,1,3.0,1,2,71
202400011779,2024-09-12,Afternoon,4,1,3.0,1,2,75
202400011780,2024-04-23,Morning,3,1,6.0,2,2,91
202400011781,2024-11-23,Night,4,1,2.0,5,2,2B
202400011783,2024-09-11,Afternoon,4,1,5.0,1,2,75
202400011784,2024-04-24,Afternoon,4,1,6.0,1,1,77
202400011785,2024-11-22,Evening,4,1,1.0,5,2,95
202400011786,2024-01-21,Night,4,4,1.0,3,1,55
202400011787,2024-09-11,Afternoon,4,1,7.0,1,2,75
202400011788,2024-04-23,Morning,3,1,6.0,1,2,46
202400011789,2024-09-12,Afternoon,4,1,3.0,1,2,75
202400011790,2024-11-23,Night,4,1,6.0,5,2,84
202400011791,2024-04-22,Morning,3,1,7.0,1,1,29
202400011792,2024-04-23,Evening,4,1,7.0,2,1,70
202400011793,2024-11-23,Night,4,2,6.0,5,1,84
202400011794,2024-09-11,Afternoon,4,1,3.0,1,2,75
202400011795,2024-04-23,Evening,4,1,6.0,5,2,14
202400011796,2024-11-23,Afternoon,2,1,1.0,1,2,82
202400011797,2024-09-11,Evening,4,1,3.0,5,2,75
202400011798,2024-11-24,Night,4,1,7.0,3,1,78
202400011799,2024-03-26,Afternoon,3,1,3.0,1,1,73
202400011800,2024-09-12,Evening,4,2,1.0,1,2,75
202400011801,2024-04-23,Evening,3,1,1.0,1,1,53
202400011802,2024-11-23,Morning,3,1,6.0,4,1,78
202400011803,2024-09-12,Morning,4,1,2.0,2,2,75
202400011804,2024-04-02,Afternoon,3,1,6.0,1,2,27
202400011805,2024-11-23,Evening,4,1,2.0,5,2,74
202400011806,2024-04-23,Morning,4,1,2.0,1,1,31
202400011807,2024-09-11,Afternoon,4,1,3.0,1,2,75
202400011809,2024-11-23,Evening,4,1,1.0,5,2,71
202400011810,2024-09-11,Night,4,2,2.0,5,2,75
202400011811,2024-04-24,Morning,2,1,3.0,1,1,34
202400011812,2024-11-23,Afternoon,4,1,2.0,1,2,71
202400011813,2024-09-12,Evening,4,2,6.0,1,2,75
202400011814,2024-11-23,Evening,4,1,6.0,5,2,69
202400011815,2024-04-24,Morning,4,1,3.0,1,2,04
202400011816,2024-11-23,Afternoon,4,1,7.0,1,2,64
202400011817,2024-09-12,Afternoon,4,1,3.0,1,2,94
202400011818,2024-02-23,Evening,3,1,3.0,3,1,74
202400011819,2024-11-22,Evening,3,9,3.0,5,2,63
202400011820,2024-04-14,Afternoon,3,1,7.0,1,2,40
202400011821,2024-09-11,Evening,4,1,3.0,1,2,94
202400011822,2024-11-22,Afternoon,4,7,3.0,1,2,62
202400011823,2024-09-12,Night,4,2,7.0,4,1,94
202400011824,2024-04-24,Evening,4,1,3.0,1,2,80
202400011825,2024-11-23,Afternoon,3,1,3.0,1,1,59
202400011826,2024-09-12,Afternoon,4,1,3.0,1,2,94
202400011827,2024-11-23,Evening,3,1,6.0,5,2,59
202400011828,2024-04-23,Night,4,2,7.0,5,2,59
202400011829,2024-04-23,Evening,4,1,2.0,5,1,13
202400011830,2024-11-23,Afternoon,4,1,2.0,1,2,54
202400011831,2024-09-12,Night,4,1,1.0,5,2,94
202400011832,2024-04-23,Night,4,1,7.0,3,1,13
202400011833,2024-11-22,Afternoon,4,1,3.0,5,2,54
202400011834,2024-08-20,Morning,4,1,3.0,1,2,94
202400011835,2024-11-23,Morning,3,1,6.0,1,2,47
202400011836,2024-04-22,Afternoon,4,1,3.0,1,1,13
202400011837,2024-11-23,Afternoon,4,1,6.0,1,2,45
202400011838,2024-09-11,Morning,3,8,6.0,1,2,94
202400011839,2024-04-23,Morning,4,1,4.0,1,1,67
202400011840,2024-11-23,Morning,4,1,6.0,5,2,45
202400011841,2024-09-12,Afternoon,4,1,6.0,1,2,93
202400011842,2024-04-23,Evening,4,1,6.0,1,1,78
202400011843,2024-11-23,Afternoon,4,1,2.0,1,2,37
202400011844,2024-04-23,Morning,4,1,2.0,1,1,78
202400011845,2024-09-12,Afternoon,4,1,2.0,1,2,93
202400011846,2024-11-23,Evening,4,8,2.0,5,2,33
202400011847,2024-04-22,Afternoon,4,1,2.0,1,1,78
202400011848,2024-09-11,Afternoon,4,1,3.0,1,2,93
202400011849,2024-11-23,Evening,4,1,1.0,2,2,33
202400011850,2024-04-23,Afternoon,4,1,4.0,1,1,93
202400011851,2024-09-12,Afternoon,4,2,3.0,1,2,93
202400011852,2024-11-23,Afternoon,4,1,3.0,1,2,33
202400011853,2024-04-23,Afternoon,4,1,3.0,1,1,93
202400011854,2024-09-12,Morning,4,1,3.0,1,2,93
202400011855,2024-04-23,Afternoon,4,1,3.0,1,1,93
202400011856,2024-11-23,Afternoon,4,1,4.0,1,1,31
202400011857,2024-09-12,Morning,4,1,3.0,2,2,93
202400011858,2024-09-12,Afternoon,4,2,6.0,1,2,93
202400011859,2024-04-23,Morning,4,1,4.0,1,1,93
202400011860,2024-11-22,Afternoon,4,4,3.0,2,2,28
202400011861,2024-09-12,Afternoon,4,1,1.0,1,2,93
202400011862,2024-04-22,Morning,4,1,5.0,1,1,93
202400011863,2024-11-23,Night,4,1,6.0,3,1,27
202400011864,2024-09-12,Evening,4,2,7.0,1,2,92
202400011865,2024-04-23,Afternoon,4,1,3.0,1,1,94
202400011866,2024-11-22,Afternoon,4,1,7.0,1,2,15
202400011867,2024-09-12,Afternoon,4,2,1.0,1,2,92
202400011868,2024-04-23,Afternoon,2,1,6.0,1,1,94
202400011869,2024-11-23,Afternoon,2,8,7.0,1,1,13
202400011870,2024-09-12,Morning,4,1,3.0,1,2,92
202400011871,2024-11-23,Night,4,1,5.0,5,2,13
202400011872,2024-02-18,Afternoon,4,3,6.0,1,2,95
202400011873,2024-09-12,Evening,4,1,2.0,1,2,92
202400011874,2024-02-18,Morning,4,2,6.0,1,2,91
202400011875,2024-11-22,Afternoon,4,1,5.0,3,1,13
202400011876,2024-09-12,Morning,4,1,3.0,1,2,92
202400011877,2024-11-22,Morning,3,1,6.0,2,2,12
202400011878,2024-02-19,Morning,4,1,3.0,1,1,59
202400011879,2024-11-22,Afternoon,3,8,6.0,2,2,11
202400011880,2024-09-12,Afternoon,4,2,2.0,1,2,92
202400011881,2024-02-19,Afternoon,3,1,2.0,1,2,52
202400011882,2024-11-23,Afternoon,4,1,5.0,1,2,07
202400011883,2024-09-12,Morning,4,1,3.0,1,2,92
202400011884,2024-02-22,Morning,4,2,2.0,1,2,45
202400011886,2024-08-17,Afternoon,3,2,3.0,1,1,47
202400011887,2024-11-23,Evening,4,1,2.0,5,2,03
202400011888,2024-04-22,Night,4,1,6.0,5,2,69
202400011889,2024-09-08,Afternoon,3,1,3.0,1,1,24
202400011890,2024-11-23,Afternoon,3,1,3.0,1,2,75
202400011891,2024-04-22,Evening,4,1,6.0,1,2,69
202400011892,2024-11-23,Evening,3,1,6.0,5,2,75
202400011893,2024-09-12,Afternoon,3,1,3.0,1,1,17
202400011894,2024-04-22,Afternoon,4,2,3.0,1,2,69
202400011895,2024-11-23,Evening,4,1,2.0,5,2,75
202400011898,2024-04-22,Afternoon,4,1,6.0,1,2,69
202400011899,2024-11-23,Night,4,1,3.0,5,2,75
202400011900,2024-11-23,Afternoon,4,8,2.0,1,2,75
202400011902,2024-04-22,Afternoon,4,8,6.0,1,2,2B
202400011903,2024-11-22,Evening,3,8,6.0,5,2,94
202400011904,2024-04-22,Morning,4,8,2.0,1,2,2B
202400011905,2024-09-11,Evening,4,3,3.0,1,2,38
202400011907,2024-11-23,Afternoon,4,1,3.0,5,2,93
202400011908,2024-09-13,Evening,4,1,2.0,3,1,42
202400011909,2024-11-23,Morning,4,1,6.0,1,2,93
202400011910,2024-04-22,Morning,4,1,3.0,1,2,2A
202400011911,2024-09-12,Morning,4,1,2.0,1,1,14
202400011912,2024-04-22,Afternoon,3,1,6.0,1,2,95
202400011913,2024-11-23,Afternoon,4,1,3.0,1,2,93
202400011914,2024-11-23,Morning,3,1,6.0,1,2,93
202400011915,2024-04-22,Evening,4,1,2.0,1,2,95
202400011916,2024-09-12,Morning,4,1,5.0,2,1,44
202400011917,2024-11-23,Afternoon,4,1,3.0,1,2,93
202400011918,2024-04-20,Afternoon,4,1,3.0,1,2,88
202400011919,2024-09-13,Afternoon,3,2,6.0,1,2,57
202400011920,2024-11-22,Night,4,4,3.0,3,2,92
202400011921,2024-04-21,Night,4,1,6.0,3,2,86
202400011922,2024-09-12,Afternoon,3,1,6.0,1,2,59
202400011923,2024-09-12,Morning,3,1,6.0,3,1,56
202400011924,2024-04-22,Afternoon,4,1,3.0,1,2,84
202400011925,2024-11-23,Afternoon,4,1,7.0,5,2,92
202400011926,2024-04-21,Afternoon,4,1,6.0,1,2,80
202400011927,2024-09-13,Morning,2,1,6.0,1,2,82
202400011928,2024-11-23,Afternoon,4,1,3.0,1,2,92
202400011929,2024-04-18,Afternoon,3,1,6.0,1,2,78
202400011930,2024-11-23,Morning,4,1,3.0,1,2,92
202400011931,2024-09-13,Afternoon,3,6,1.0,1,1,11
202400011932,2024-04-22,Afternoon,4,1,6.0,1,2,77
202400011933,2024-11-22,Morning,4,2,3.0,1,2,80
202400011934,2024-04-21,Night,2,1,6.0,5,2,76
202400011935,2024-09-11,Afternoon,3,1,1.0,1,2,11
202400011936,2024-11-23,Night,4,1,1.0,3,1,95
202400011937,2024-04-21,Night,4,1,6.0,5,2,72
202400011938,2024-09-13,Morning,4,1,6.0,2,2,63
202400011939,2024-11-23,Afternoon,3,2,3.0,5,2,85
202400011940,2024-04-22,Morning,4,1,2.0,1,2,69
202400011941,2024-09-10,Afternoon,3,1,7.0,1,1,63
202400011942,2024-11-24,Morning,4,6,6.0,1,1,14
202400011943,2024-11-23,Evening,3,2,7.0,3,1,30
202400011944,2024-09-12,Afternoon,3,1,7.0,1,1,12
202400011945,2024-04-22,Morning,4,8,3.0,1,2,69
202400011946,2024-09-11,Morning,3,1,6.0,1,2,22
202400011947,2024-11-22,Evening,4,8,6.0,3,2,76
202400011948,2024-04-22,Morning,3,1,3.0,1,2,67
202400011949,2024-09-12,Evening,3,1,1.0,3,1,44
202400011950,2024-11-23,Afternoon,3,1,3.0,2,1,82
202400011951,2024-04-21,Night,2,2,3.0,5,2,67
202400011952,2024-09-12,Afternoon,4,1,3.0,1,2,29
202400011953,2024-11-23,Night,3,1,3.0,5,2,65
202400011954,2024-04-21,Morning,4,1,6.0,5,2,64
202400011955,2024-11-22,Afternoon,4,1,4.0,2,1,65
202400011956,2024-04-20,Evening,4,2,6.0,2,1,59
202400011957,2024-11-24,Afternoon,3,1,6.0,3,1,89
202400011958,2024-09-13,Morning,4,1,3.0,1,1,70
202400011959,2024-11-24,Morning,3,1,7.0,1,2,61
202400011960,2024-09-12,Morning,4,1,3.0,1,1,72
202400011961,2024-04-22,Afternoon,4,1,6.0,1,1,54
202400011962,2024-11-23,Afternoon,4,1,3.0,1,1,61
202400011963,2024-09-13,Afternoon,4,1,7.0,1,2,14
202400011964,2024-11-24,Afternoon,3,1,7.0,3,1,55
202400011965,2024-09-12,Afternoon,3,1,7.0,1,1,50
202400011966,2024-11-22,Night,4,1,2.0,3,1,55
202400011967,2024-09-13,Morning,4,1,6.0,1,1,60
202400011968,2024-11-24,Morning,4,1,3.0,1,2,49
202400011969,2024-09-13,Morning,3,1,7.0,1,2,16
202400011970,2024-04-22,Evening,4,2,3.0,1,2,51
202400011971,2024-11-23,Afternoon,2,1,6.0,2,1,47
202400011972,2024-09-12,Evening,2,1,7.0,1,1,53
202400011973,2024-11-21,Morning,4,4,1.0,1,1,22
202400011974,2024-04-22,Morning,4,1,3.0,1,2,49
202400011975,2024-09-13,Morning,2,1,6.0,1,1,40
202400011976,2024-11-23,Morning,3,2,6.0,3,1,29
202400011977,2024-04-22,Morning,4,1,2.0,1,2,45
202400011978,2024-11-23,Evening,3,9,6.0,3,1,31
202400011979,2024-09-12,Afternoon,3,1,7.0,1,1,04
202400011980,2024-04-22,Afternoon,4,1,3.0,1,2,44
202400011981,2024-11-23,Afternoon,3,6,6.0,1,2,50
202400011982,2024-09-12,Afternoon,3,1,3.0,1,2,17
202400011983,2024-11-24,Night,4,1,7.0,3,1,60
202400011984,2024-04-22,Morning,4,1,1.0,1,2,34
202400011985,2024-09-12,Evening,4,1,3.0,1,2,30
202400011986,2024-11-23,Afternoon,4,1,1.0,1,2,18
202400011987,2024-11-24,Night,2,8,6.0,3,1,10
202400011988,2024-09-13,Night,2,1,1.0,3,1,13
202400011989,2024-04-21,Night,4,1,2.0,3,1,34
202400011990,2024-11-24,Morning,3,1,7.0,1,1,24
202400011991,2024-09-10,Afternoon,4,1,2.0,1,1,68
202400011992,2024-04-22,Morning,4,1,3.0,1,2,33
202400011993,2024-11-23,Evening,3,1,3.0,5,2,85
202400011994,2024-11-15,Night,3,1,6.0,3,2,08
202400011995,2024-09-12,Evening,4,1,6.0,1,1,30
202400011996,2024-09-13,Morning,4,1,2.0,1,1,77
202400011997,2024-11-22,Afternoon,4,1,1.0,1,2,38
202400011998,2024-04-22,Morning,4,6,2.0,1,2,13
202400012000,2024-09-13,Night,2,1,5.0,3,1,66
202400012002,2024-09-13,Morning,4,7,3.0,1,2,83
202400012003,2024-04-21,Night,4,1,5.0,5,2,75
202400012005,2024-11-24,Morning,4,6,6.0,1,1,21
202400012006,2024-09-12,Morning,3,1,3.0,1,1,13
202400012007,2024-04-22,Morning,4,1,3.0,1,2,75
202400012008,2024-09-12,Morning,3,1,6.0,1,1,21
202400012009,2024-11-22,Afternoon,4,1,3.0,1,2,18
202400012010,2024-04-06,Evening,4,1,3.0,1,2,75
202400012011,2024-09-13,Afternoon,4,1,6.0,1,2,55
202400012012,2024-11-23,Afternoon,3,2,3.0,2,1,34
202400012013,2024-04-22,Evening,4,1,3.0,1,2,75
202400012014,2024-09-12,Afternoon,4,1,3.0,1,2,42
202400012015,2024-11-23,Evening,4,1,3.0,3,1,84
202400012016,2024-09-12,Evening,4,1,7.0,2,1,40
202400012017,2024-11-23,Night,3,6,6.0,3,1,69
202400012018,2024-04-22,Evening,4,1,2.0,1,2,75
202400012019,2024-09-12,Afternoon,4,1,3.0,1,1,85
202400012020,2024-04-20,Evening,4,1,6.0,1,2,94
202400012021,2024-09-13,Morning,4,1,3.0,1,2,50
202400012022,2024-11-24,Night,4,6,6.0,3,2,35
202400012023,2024-04-22,Morning,4,1,6.0,1,2,94
202400012024,2024-11-15,Afternoon,4,1,1.0,1,2,60
202400012025,2024-09-12,Morning,4,1,1.0,2,1,35
202400012026,2024-04-21,Afternoon,4,8,2.0,1,2,94
202400012027,2024-04-17,Afternoon,4,1,3.0,1,1,27
202400012028,2024-04-22,Morning,4,1,3.0,1,2,93
202400012029,2024-09-12,Evening,4,1,6.0,1,2,62
202400012030,2024-04-22,Afternoon,4,2,3.0,1,2,93
202400012031,2024-09-12,Morning,4,1,2.0,1,1,13
202400012032,2024-04-21,Night,4,1,6.0,5,2,93
202400012033,2024-04-21,Afternoon,4,1,1.0,1,2,93
202400012034,2024-09-12,Night,4,2,2.0,3,1,13
202400012035,2024-04-22,Evening,4,1,6.0,1,2,92
202400012036,2024-09-07,Morning,4,1,2.0,1,1,13
202400012037,2024-04-22,Afternoon,4,1,3.0,1,2,92
202400012038,2024-04-22,Morning,4,1,3.0,1,2,92
202400012039,2024-09-08,Afternoon,4,1,5.0,1,2,67
202400012040,2024-04-22,Afternoon,4,1,3.0,1,2,92
202400012041,2024-04-20,Evening,4,9,3.0,1,2,92
202400012042,2024-09-12,Afternoon,4,1,4.0,1,1,33
202400012043,2024-04-16,Evening,4,1,3.0,1,2,92
202400012044,2024-09-12,Night,3,1,6.0,3,1,59
202400012045,2024-09-12,Afternoon,4,2,2.0,1,1,91
202400012046,2024-04-09,Night,4,1,3.0,5,2,92
202400012047,2024-09-12,Morning,4,1,4.0,2,1,94
202400012048,2024-04-22,Afternoon,3,1,6.0,1,2,92
202400012049,2024-09-11,Evening,4,1,2.0,3,1,92
202400012050,2024-04-21,Morning,3,1,6.0,1,2,33
202400012051,2024-04-23,Evening,4,1,6.0,1,1,76
202400012052,2024-09-11,Afternoon,4,1,7.0,1,1,93
202400012053,2024-04-23,Afternoon,4,1,1.0,1,1,91
202400012054,2024-09-12,Afternoon,3,1,2.0,1,1,77
202400012055,2024-04-23,Morning,3,1,3.0,1,2,83
202400012056,2024-09-12,Morning,2,1,3.0,1,1,94
202400012057,2024-03-23,Evening,2,1,5.0,1,2,79
202400012058,2024-09-12,Morning,3,1,2.0,1,1,77
202400012059,2024-04-22,Afternoon,3,1,6.0,1,1,95
202400012060,2024-06-19,Evening,3,1,6.0,1,2,14
202400012061,2024-04-23,Afternoon,4,1,2.0,1,2,65
202400012062,2024-04-23,Morning,3,1,6.0,1,2,65
202400012063,2024-09-11,Morning,3,2,6.0,2,2,44
202400012064,2024-04-01,Evening,2,2,6.0,1,1,71
202400012065,2024-04-16,Evening,3,1,2.0,5,2,92
202400012066,2024-04-22,Afternoon,3,1,7.0,1,2,63
202400012067,2024-04-23,Afternoon,3,1,6.0,1,1,63
202400012069,2024-04-22,Afternoon,4,1,1.0,1,2,47