Num_Acc,date,time_of_day,max_severity,weather,collision_type,lighting,urban_area,department
202400012070,2024-04-22,Afternoon,4,1,4.0,1,1,31
202400012072,2024-04-23,Morning,3,1,6.0,1,2,50
202400012073,2024-04-21,Afternoon,3,1,6.0,1,1,60
202400012074,2024-04-21,Afternoon,4,1,7.0,1,1,53
202400012076,2024-04-22,Afternoon,4,1,3.0,1,1,53
202400012078,2024-04-21,Night,4,1,6.0,5,2,21
202400012080,2024-09-11,Night,4,1,6.0,5,2,69
202400012081,2024-04-23,Afternoon,3,1,3.0,1,1,87
202400012082,2024-04-21,Afternoon,3,1,7.0,1,1,30
202400012083,2024-09-10,Morning,3,1,6.0,2,2,95
202400012085,2024-09-11,Evening,4,1,3.0,1,1,91
202400012086,2024-04-19,Afternoon,4,1,4.0,1,1,33
202400012087,2024-04-22,Afternoon,4,1,2.0,1,1,34
202400012088,2024-08-24,Afternoon,4,1,3.0,1,2,89
202400012089,2024-04-22,Morning,4,1,2.0,1,1,30
202400012090,2024-09-11,Afternoon,4,2,6.0,1,1,87
202400012092,2024-04-22,Afternoon,4,1,3.0,1,1,77
202400012093,2024-04-22,Morning,3,1,1.0,1,1,77
202400012094,2024-09-10,Afternoon,4,1,6.0,1,2,81
202400012095,2024-04-23,Afternoon,4,1,5.0,1,1,34
202400012096,2024-04-17,Afternoon,3,1,6.0,1,1,84
202400012097,2024-09-09,Morning,4,2,3.0,1,2,80
202400012098,2024-04-22,Afternoon,3,2,2.0,1,1,83
202400012099,2024-04-22,Afternoon,3,1,1.0,1,2,13
202400012100,2024-04-22,Evening,3,1,7.0,2,1,67
202400012101,2024-09-11,Afternoon,4,1,6.0,1,2,78
202400012102,2024-04-22,Evening,3,8,6.0,1,2,07
202400012103,2024-04-22,Night,3,1,6.0,3,1,50
202400012104,2024-04-23,Afternoon,4,1,6.0,1,1,27
202400012105,2024-09-11,Evening,4,1,3.0,1,1,78
202400012106,2024-09-10,Afternoon,3,1,6.0,1,2,77
202400012107,2024-02-03,Afternoon,3,1,3.0,1,2,33
202400012108,2024-04-22,Morning,4,1,3.0,1,1,76
202400012109,2024-02-03,Afternoon,4,8,3.0,2,2,31
202400012110,2024-04-19,Morning,4,1,6.0,1,2,59
202400012111,2024-09-11,Afternoon,3,1,3.0,1,1,77
202400012112,2024-04-20,Afternoon,4,1,3.0,1,1,59
202400012113,2024-09-11,Afternoon,4,1,6.0,1,2,77
202400012114,2024-04-20,Night,3,1,7.0,5,1,59
202400012115,2024-09-11,Morning,4,8,7.0,1,1,77
202400012116,2024-02-02,Afternoon,4,1,3.0,1,2,19
202400012117,2024-04-22,Morning,4,1,2.0,1,1,92
202400012118,2024-02-03,Afternoon,2,1,6.0,1,2,16
202400012119,2024-09-12,Night,3,2,3.0,5,2,69
202400012120,2024-04-22,Morning,4,1,2.0,1,1,95
202400012121,2024-02-03,Evening,3,1,7.0,5,2,14
202400012122,2024-09-11,Afternoon,4,1,6.0,1,2,69
202400012123,2024-04-22,Morning,4,1,3.0,1,1,93
202400012124,2024-09-11,Afternoon,4,1,6.0,1,2,69
202400012125,2024-04-22,Morning,4,1,2.0,1,1,93
202400012126,2024-02-03,Morning,4,1,3.0,1,2,13
202400012127,2024-09-07,Night,4,1,2.0,5,2,64
202400012128,2024-04-21,Night,4,1,2.0,4,1,93
202400012129,2024-02-03,Afternoon,2,1,1.0,1,2,13
202400012130,2024-02-03,Afternoon,4,1,6.0,1,2,09
202400012131,2024-09-11,Morning,4,1,7.0,1,2,62
202400012132,2024-04-21,Night,4,1,3.0,3,1,95
202400012133,2024-02-03,Morning,4,1,4.0,1,2,75
202400012134,2024-08-05,Afternoon,4,1,4.0,1,1,13
202400012135,2024-09-04,Afternoon,4,1,4.0,1,2,62
202400012136,2024-02-03,Morning,3,1,6.0,1,2,75
202400012138,2024-07-25,Morning,4,1,2.0,1,1,83
202400012139,2024-09-05,Afternoon,4,1,6.0,1,2,59
202400012141,2024-02-03,Evening,4,8,6.0,5,2,75
202400012142,2024-08-06,Morning,3,1,7.0,1,1,33
202400012144,2024-02-03,Afternoon,4,8,7.0,1,2,75
202400012145,2024-09-10,Afternoon,4,8,7.0,1,2,56
202400012146,2024-08-05,Night,4,1,7.0,3,1,92
202400012148,2024-02-02,Evening,3,1,2.0,5,2,75
202400012149,2024-09-10,Afternoon,4,1,3.0,1,2,56
202400012151,2024-08-05,Evening,4,1,2.0,1,1,95
202400012152,2024-02-03,Afternoon,4,8,3.0,1,2,75
202400012153,2024-09-11,Morning,3,1,6.0,1,2,53
202400012155,2024-08-06,Evening,4,1,3.0,1,1,77
202400012156,2024-09-11,Evening,4,1,6.0,5,2,51
202400012157,2024-02-03,Night,4,2,6.0,5,2,94
202400012159,2024-05-19,Evening,2,1,7.0,2,2,34
202400012160,2024-02-02,Night,4,2,6.0,5,2,94
202400012161,2024-09-11,Afternoon,4,1,3.0,1,2,51
202400012162,2024-04-21,Night,4,1,6.0,3,2,95
202400012163,2024-02-03,Night,4,2,6.0,5,2,94
202400012164,2024-09-11,Morning,4,2,6.0,2,2,51
202400012167,2024-09-07,Night,4,1,2.0,5,2,51
202400012168,2024-04-16,Afternoon,4,1,4.0,1,1,95
202400012169,2024-02-02,Evening,4,1,2.0,5,2,94
202400012170,2024-09-11,Evening,3,1,3.0,1,2,49
202400012172,2024-02-02,Afternoon,4,1,3.0,1,2,93
202400012173,2024-09-10,Afternoon,4,1,3.0,1,2,49
202400012174,2024-04-21,Afternoon,4,1,4.0,1,1,91
202400012175,2024-08-05,Afternoon,4,1,3.0,1,2,69
202400012176,2024-02-03,Afternoon,4,1,2.0,1,2,93
202400012177,2024-09-10,Afternoon,4,1,2.0,1,1,41
202400012179,2024-04-21,Afternoon,4,1,1.0,1,2,91
202400012180,2024-02-02,Evening,4,1,3.0,5,2,92
202400012181,2024-09-11,Morning,4,3,3.0,2,2,37
202400012183,2024-04-21,Morning,4,1,6.0,1,2,91
202400012184,2024-02-03,Night,4,1,6.0,5,2,92
202400012186,2024-04-21,Morning,4,1,7.0,1,2,83
202400012187,2024-09-11,Afternoon,4,1,2.0,1,2,35
202400012189,2024-02-03,Afternoon,4,8,3.0,1,2,92
202400012190,2024-09-11,Morning,4,1,6.0,1,2,35
202400012191,2024-04-20,Afternoon,3,1,6.0,1,2,78
202400012192,2024-02-03,Night,4,2,6.0,5,2,92
202400012193,2024-07-31,Night,4,1,2.0,5,1,95
202400012194,2024-04-21,Afternoon,4,8,6.0,1,2,78
202400012195,2024-02-03,Afternoon,4,1,6.0,1,2,92
202400012196,2024-09-11,Evening,4,2,4.0,2,1,31
202400012197,2024-08-03,Afternoon,4,1,3.0,1,2,91
202400012198,2024-02-03,Evening,3,1,1.0,5,2,92
202400012199,2024-09-10,Morning,4,1,3.0,1,2,29
202400012200,2024-08-02,Morning,4,1,2.0,1,2,89
202400012201,2024-01-12,Evening,3,1,7.0,3,1,50
202400012202,2024-08-02,Afternoon,4,1,6.0,1,2,87
202400012203,2024-09-11,Afternoon,4,1,3.0,1,2,28
202400012204,2024-02-03,Afternoon,4,1,3.0,1,1,22
202400012205,2024-09-11,Morning,4,2,3.0,1,2,25
202400012206,2024-04-21,Afternoon,4,1,3.0,1,2,77
202400012207,2024-02-03,Afternoon,3,1,1.0,1,1,49
202400012208,2024-08-04,Morning,4,1,3.0,1,2,84
202400012209,2024-09-11,Night,4,1,6.0,3,1,22
202400012210,2024-02-03,Evening,2,1,6.0,3,1,31
202400012211,2024-08-05,Evening,4,1,6.0,1,2,83
202400012213,2024-09-10,Afternoon,4,1,3.0,1,2,22
202400012214,2024-12-11,Evening,4,1,2.0,3,2,78
202400012215,2024-02-03,Afternoon,4,1,3.0,1,2,62
202400012216,2024-08-05,Afternoon,3,1,1.0,1,2,83
202400012217,2024-12-16,Evening,3,9,6.0,5,2,77
202400012218,2024-09-10,Evening,3,1,6.0,1,2,14
202400012219,2024-02-03,Evening,3,1,3.0,3,1,44
202400012220,2024-08-05,Morning,4,1,3.0,1,2,83
202400012221,2024-09-11,Afternoon,3,1,6.0,1,2,13
202400012222,2024-12-30,Evening,4,2,3.0,5,2,77
202400012223,2024-08-04,Morning,4,1,1.0,1,1,83
202400012224,2024-02-04,Afternoon,3,1,7.0,1,1,30
202400012225,2024-09-10,Morning,3,1,3.0,1,2,13
202400012226,2024-08-01,Afternoon,4,1,1.0,1,2,83
202400012227,2024-12-27,Evening,4,1,6.0,5,2,76
202400012228,2024-09-09,Afternoon,4,2,3.0,1,2,10
202400012229,2024-02-03,Afternoon,3,1,5.0,1,1,56
202400012230,2024-08-05,Evening,4,1,7.0,1,2,82
202400012231,2024-12-30,Morning,4,1,2.0,2,2,72
202400012232,2024-09-11,Evening,4,2,3.0,1,1,03
202400012233,2024-02-03,Afternoon,3,8,3.0,1,1,76
202400012234,2024-12-30,Evening,4,1,6.0,5,2,71
202400012235,2024-08-05,Evening,4,1,3.0,1,2,82
202400012236,2024-02-04,Morning,3,1,6.0,1,2,2A
202400012237,2024-09-04,Morning,4,1,6.0,1,2,02
202400012238,2024-12-30,Morning,3,8,6.0,1,2,67
202400012239,2024-08-05,Morning,4,1,2.0,1,1,82
202400012240,2024-01-30,Morning,3,1,3.0,1,1,81
202400012241,2024-12-28,Afternoon,3,1,3.0,1,2,66
202400012242,2024-08-05,Evening,4,1,2.0,1,2,81
202400012243,2024-12-30,Afternoon,4,1,7.0,1,1,64
202400012244,2024-02-03,Afternoon,4,1,3.0,2,2,71
202400012245,2024-09-11,Afternoon,4,1,5.0,1,2,75
202400012246,2024-08-06,Night,4,1,1.0,5,2,81
202400012247,2024-12-29,Afternoon,4,1,6.0,1,2,64
202400012248,2024-02-03,Morning,4,8,3.0,1,1,89
202400012249,2024-02-03,Night,3,5,6.0,3,1,63
202400012250,2024-08-03,Evening,3,1,7.0,1,2,80
202400012251,2024-12-30,Night,3,1,1.0,5,2,64
202400012252,2024-09-11,Morning,4,1,2.0,1,2,75
202400012253,2024-02-01,Morning,4,5,6.0,1,1,61
202400012254,2024-08-05,Afternoon,4,1,3.0,1,2,80
202400012255,2024-01-18,Afternoon,3,1,7.0,1,1,49
202400012256,2024-09-11,Morning,4,1,3.0,1,2,75
202400012257,2024-02-04,Afternoon,4,5,6.0,1,1,42
202400012258,2024-12-30,Morning,3,8,6.0,5,2,62
202400012259,2024-08-04,Afternoon,3,1,2.0,1,1,78
202400012260,2024-12-23,Evening,4,1,7.0,3,1,49
202400012261,2024-09-11,Night,4,2,6.0,5,2,75
202400012262,2024-02-04,Morning,4,1,1.0,1,1,42
202400012263,2024-12-30,Afternoon,4,1,6.0,1,2,49
202400012264,2024-08-05,Morning,4,1,2.0,1,2,77
202400012265,2024-02-04,Morning,4,5,1.0,5,2,47
202400012266,2024-09-11,Night,4,2,7.0,5,2,75
202400012267,2024-08-02,Evening,3,1,7.0,1,2,76
202400012268,2024-02-02,Afternoon,3,1,7.0,2,1,47
202400012269,2024-12-30,Morning,4,1,3.0,1,2,49
202400012270,2024-02-02,Evening,4,1,6.0,3,1,34
202400012271,2024-09-10,Evening,4,1,3.0,1,2,75
202400012272,2024-08-03,Afternoon,4,2,7.0,1,2,76
202400012273,2024-12-17,Afternoon,2,1,6.0,1,1,42
202400012274,2024-02-04,Afternoon,3,7,2.0,1,1,15
202400012275,2024-12-18,Afternoon,4,1,6.0,1,2,40
202400012276,2024-09-09,Afternoon,2,8,6.0,1,2,75
202400012277,2024-12-31,Night,4,1,6.0,5,2,33
202400012278,2024-02-03,Afternoon,4,8,3.0,1,1,01
202400012279,2024-08-05,Evening,4,1,7.0,1,1,71
202400012280,2024-02-04,Night,4,2,1.0,3,1,90
202400012281,2024-09-09,Morning,4,1,6.0,1,2,75
202400012282,2024-12-30,Morning,4,5,1.0,1,2,33
202400012283,2024-08-05,Night,4,1,6.0,5,2,69
202400012284,2024-02-03,Afternoon,3,1,2.0,1,1,64
202400012285,2024-12-30,Evening,4,1,1.0,5,2,33
202400012286,2024-09-11,Morning,4,2,3.0,1,2,75
202400012287,2024-08-05,Morning,4,1,7.0,1,2,67
202400012288,2024-02-04,Afternoon,4,1,1.0,1,1,18
202400012289,2024-08-05,Evening,4,1,1.0,1,2,64
202400012290,2024-12-30,Evening,4,1,3.0,5,2,30
202400012291,2024-09-10,Afternoon,4,8,6.0,1,2,75
202400012292,2024-08-05,Evening,4,1,7.0,1,2,64
202400012293,2024-02-04,Afternoon,4,7,1.0,1,1,07
202400012294,2024-12-30,Evening,4,1,6.0,3,1,22
202400012295,2024-09-11,Morning,4,1,3.0,1,2,75
202400012296,2024-12-29,Afternoon,4,8,1.0,1,2,14
202400012297,2024-08-05,Morning,4,1,2.0,1,2,64
202400012298,2024-02-04,Night,3,5,3.0,3,1,87
202400012299,2024-02-04,Night,4,2,6.0,3,2,08
202400012300,2024-08-05,Morning,4,1,3.0,1,2,64
202400012301,2024-12-30,Evening,4,1,5.0,2,2,13
202400012302,2024-09-11,Morning,4,1,3.0,1,2,75
202400012303,2024-07-22,Evening,4,1,7.0,1,1,62
202400012304,2024-02-03,Afternoon,3,1,6.0,5,2,67
202400012305,2024-12-30,Evening,4,1,1.0,5,2,13
202400012306,2024-07-22,Afternoon,4,1,3.0,1,2,61
202400012308,2024-09-11,Morning,4,8,3.0,2,2,75
202400012309,2024-08-04,Morning,4,1,6.0,1,2,60
202400012310,2024-02-04,Afternoon,4,8,5.0,1,1,95
202400012311,2024-12-30,Afternoon,4,1,6.0,1,2,13
202400012312,2024-09-11,Morning,4,1,3.0,1,2,75
202400012314,2024-12-30,Afternoon,4,1,1.0,1,2,13
202400012315,2024-08-05,Afternoon,4,1,1.0,1,2,60
202400012316,2024-09-11,Afternoon,4,1,6.0,1,2,75
202400012317,2024-12-30,Night,4,1,1.0,5,2,13
202400012318,2024-08-01,Evening,4,1,3.0,1,2,59
202400012319,2024-09-11,Afternoon,4,1,6.0,1,2,75
202400012320,2024-12-28,Afternoon,2,1,1.0,1,2,75
202400012322,2024-08-05,Afternoon,4,1,3.0,1,2,59
202400012323,2024-09-11,Afternoon,4,1,7.0,1,2,75
202400012325,2024-12-30,Afternoon,4,8,3.0,1,2,75
202400012326,2024-08-05,Night,3,1,6.0,2,2,59
202400012327,2024-12-30,Evening,4,1,6.0,5,2,94
202400012328,2024-02-02,Evening,3,2,1.0,3,1,77
202400012329,2024-08-03,Afternoon,4,1,2.0,1,2,56
202400012330,2024-01-22,Morning,4,1,6.0,3,1,77
202400012331,2024-12-29,Night,4,2,3.0,5,2,94
202400012332,2024-12-30,Morning,4,8,6.0,1,2,94
202400012333,2024-09-10,Morning,4,1,4.0,1,2,75
202400012334,2024-02-02,Afternoon,3,1,6.0,1,1,21
202400012335,2024-08-02,Afternoon,4,1,3.0,1,2,56
202400012336,2024-12-30,Morning,4,2,4.0,1,2,92
202400012337,2024-09-10,Evening,3,1,6.0,5,2,75
202400012338,2024-12-30,Evening,4,1,3.0,5,2,92
202400012339,2024-08-05,Night,4,1,3.0,5,2,54
202400012340,2024-02-03,Evening,3,5,3.0,3,1,31
202400012341,2024-09-11,Morning,4,8,4.0,1,2,75
202400012342,2024-12-30,Evening,3,5,1.0,3,1,12
202400012343,2024-02-04,Night,4,1,7.0,3,2,17
202400012344,2024-08-05,Afternoon,4,1,3.0,1,2,54
202400012345,2024-09-10,Morning,4,1,1.0,1,2,75
202400012346,2024-02-02,Afternoon,3,7,6.0,1,2,24
202400012347,2024-12-30,Afternoon,4,1,6.0,1,2,68
202400012348,2024-08-05,Evening,3,1,7.0,1,2,51
202400012350,2024-02-03,Afternoon,4,1,1.0,1,2,33
202400012351,2024-09-11,Morning,4,1,5.0,1,2,75
202400012352,2024-12-30,Evening,2,1,6.0,3,1,56
202400012353,2024-09-10,Evening,4,8,6.0,5,2,75
202400012354,2024-08-04,Afternoon,4,1,3.0,1,2,51
202400012355,2024-12-07,Evening,3,6,7.0,3,1,79
202400012356,2024-02-04,Morning,4,1,4.0,1,1,85
202400012357,2024-12-20,Afternoon,4,1,7.0,1,1,82
202400012358,2024-08-04,Afternoon,4,1,3.0,1,2,49
202400012359,2024-02-04,Night,4,1,7.0,4,1,85
202400012360,2024-12-29,Morning,4,5,6.0,2,2,82
202400012361,2024-08-05,Evening,4,1,3.0,1,2,49
202400012362,2024-01-29,Morning,3,9,3.0,2,2,72
202400012363,2024-12-30,Evening,4,1,7.0,3,1,49
202400012364,2024-08-03,Evening,3,1,7.0,2,2,49
202400012365,2024-12-31,Afternoon,3,5,7.0,1,1,68
202400012366,2024-02-03,Evening,4,1,3.0,3,2,22
202400012367,2024-08-03,Morning,4,1,7.0,2,2,49
202400012368,2024-12-31,Night,3,5,6.0,3,1,02
202400012369,2024-02-03,Afternoon,4,1,2.0,1,2,27
202400012370,2024-08-03,Afternoon,4,1,6.0,1,2,47
202400012371,2024-12-31,Afternoon,3,1,5.0,1,1,84
202400012372,2024-02-03,Night,3,2,6.0,3,1,60
202400012373,2024-08-05,Evening,4,1,3.0,1,2,45
202400012374,2024-12-31,Morning,3,1,6.0,2,1,15
202400012375,2024-02-04,Night,4,2,6.0,3,2,80
202400012376,2024-08-03,Afternoon,4,1,1.0,1,2,45
202400012377,2024-02-02,Evening,4,1,3.0,3,1,13
202400012378,2024-12-30,Morning,3,1,3.0,1,2,15
202400012379,2024-02-02,Morning,4,1,2.0,1,1,13
202400012380,2024-08-05,Night,4,1,1.0,5,2,38
202400012381,2024-12-09,Evening,4,2,3.0,3,1,50
202400012382,2024-02-03,Night,4,1,3.0,3,1,13
202400012383,2024-08-05,Morning,4,7,6.0,1,2,37
202400012384,2024-02-03,Night,4,1,6.0,3,1,83
202400012385,2024-08-05,Morning,4,1,6.0,1,2,37
202400012386,2024-12-30,Morning,4,5,1.0,1,1,73
202400012387,2024-07-31,Evening,4,1,6.0,1,2,35
202400012388,2024-02-03,Afternoon,4,1,2.0,1,1,92
202400012389,2024-02-03,Morning,4,2,6.0,1,1,91
202400012390,2024-12-04,Evening,3,1,6.0,5,2,73
202400012391,2024-02-03,Morning,4,2,6.0,1,1,95
202400012392,2024-12-19,Morning,3,8,1.0,1,1,53
202400012393,2024-08-05,Afternoon,4,1,4.0,1,1,35
202400012394,2024-02-03,Night,3,1,6.0,3,1,95
202400012395,2024-02-02,Evening,4,1,3.0,4,1,94
202400012396,2024-12-30,Morning,4,5,1.0,3,1,24
202400012397,2024-08-05,Night,4,1,2.0,5,2,33
202400012399,2024-12-31,Afternoon,3,1,7.0,1,2,04
202400012400,2024-08-05,Afternoon,4,1,2.0,1,2,33
202400012402,2024-12-30,Afternoon,4,2,2.0,3,1,72
202400012403,2024-08-05,Afternoon,4,1,3.0,1,2,28
202400012404,2024-12-31,Night,3,1,7.0,5,1,80
202400012409,2024-08-05,Morning,3,1,1.0,1,2,25
202400012410,2024-12-30,Afternoon,4,1,3.0,2,2,13
202400012412,2024-08-05,Afternoon,4,1,1.0,1,2,14
202400012413,2024-02-02,Morning,4,1,6.0,2,2,69
202400012414,2024-08-02,Afternoon,4,1,7.0,1,2,14
202400012416,2024-08-04,Afternoon,4,1,6.0,1,1,14
202400012417,2024-12-30,Afternoon,4,8,4.0,1,1,33
202400012418,2024-02-02,Afternoon,4,1,3.0,1,2,69
202400012419,2024-08-05,Evening,4,1,1.0,1,2,13
202400012420,2024-12-28,Afternoon,4,1,3.0,1,2,11
202400012421,2024-02-02,Morning,3,1,6.0,1,2,69
202400012423,2024-08-05,Night,4,1,3.0,5,2,13
202400012424,2024-02-01,Evening,3,1,3.0,5,2,69
202400012426,2024-02-02,Morning,4,1,5.0,1,1,2B
202400012427,2024-08-05,Night,4,1,3.0,5,2,13
202400012428,2024-02-02,Morning,4,7,6.0,2,2,2B
202400012429,2024-08-05,Evening,4,1,3.0,1,2,13
202400012430,2024-02-02,Morning,4,1,6.0,5,2,2A
202400012431,2024-12-31,Afternoon,4,1,2.0,1,1,29
202400012432,2024-01-30,Evening,4,1,1.0,5,2,95
202400012433,2024-07-15,Afternoon,3,1,1.0,1,1,12
202400012434,2024-12-30,Evening,4,1,1.0,3,1,2B
202400012435,2024-02-02,Morning,4,8,6.0,5,2,91
202400012436,2024-08-05,Evening,3,1,3.0,2,2,10
202400012437,2024-12-31,Morning,4,1,3.0,1,2,66
202400012438,2024-12-29,Afternoon,2,7,6.0,1,1,11
202400012439,2024-12-30,Evening,4,5,1.0,5,2,69
202400012440,2024-02-02,Afternoon,3,1,6.0,1,2,91
202400012441,2024-12-30,Afternoon,3,1,3.0,3,1,44
202400012442,2024-12-29,Afternoon,4,1,7.0,2,2,29
202400012443,2024-01-31,Morning,4,1,3.0,2,2,87
202400012444,2024-08-05,Morning,4,1,6.0,1,2,06
202400012445,2024-12-30,Evening,4,5,3.0,3,1,60
202400012446,2024-02-02,Afternoon,4,1,5.0,1,1,30
202400012447,2024-08-04,Morning,4,1,3.0,1,2,05
202400012448,2024-12-30,Evening,4,2,2.0,3,1,57
202400012449,2024-02-02,Afternoon,3,1,6.0,1,2,83
202400012450,2024-08-04,Evening,4,1,2.0,1,2,75
202400012451,2024-08-02,Evening,3,1,2.0,1,2,75
202400012452,2024-02-02,Evening,4,1,3.0,5,2,83
202400012453,2024-02-02,Afternoon,4,1,1.0,1,2,78
202400012454,2024-08-05,Morning,4,1,3.0,1,2,75
202400012455,2024-12-28,Afternoon,4,1,4.0,2,1,92
202400012456,2024-02-01,Evening,3,1,3.0,5,2,78
202400012458,2024-08-04,Evening,4,1,6.0,1,2,75
202400012459,2024-02-01,Afternoon,4,1,7.0,2,2,77
202400012460,2024-06-10,Afternoon,4,2,3.0,1,2,91
202400012461,2024-08-05,Afternoon,4,1,6.0,1,2,75
202400012462,2024-01-16,Morning,3,1,2.0,2,1,77
202400012463,2024-07-01,Morning,4,1,6.0,1,2,03
202400012464,2024-08-05,Morning,4,1,2.0,5,2,75
202400012465,2024-02-02,Evening,3,1,6.0,4,2,76
202400012466,2024-02-03,Night,4,5,3.0,3,2,03
202400012467,2024-08-05,Morning,4,1,6.0,1,2,75
202400012468,2024-01-08,Evening,3,1,6.0,5,2,03
202400012469,2024-02-02,Morning,4,8,3.0,2,1,76
202400012471,2024-08-04,Night,4,1,2.0,5,2,75
202400012472,2024-02-01,Evening,4,2,7.0,5,2,76
202400012474,2024-08-05,Evening,3,1,6.0,1,1,94
202400012475,2024-02-01,Morning,4,2,6.0,2,2,76
202400012476,2024-12-29,Night,4,5,2.0,5,2,69
202400012477,2024-08-05,Afternoon,4,1,3.0,1,2,94
202400012478,2024-02-02,Evening,4,1,1.0,5,2,74
202400012480,2024-08-05,Morning,4,1,1.0,1,2,94
202400012481,2024-12-29,Afternoon,4,5,3.0,2,2,69
202400012482,2024-01-25,Morning,4,1,2.0,1,2,73
202400012483,2024-08-05,Afternoon,3,1,3.0,1,2,94
202400012484,2024-02-02,Morning,4,1,6.0,1,2,72
202400012485,2024-12-29,Morning,4,1,2.0,5,2,95
202400012486,2024-08-05,Night,4,1,3.0,4,1,95
202400012487,2024-02-01,Evening,4,1,2.0,5,2,72
202400012488,2024-12-29,Afternoon,4,2,4.0,5,2,91
202400012489,2024-08-04,Night,4,1,6.0,5,2,93
202400012490,2024-02-01,Afternoon,4,1,3.0,1,2,72
202400012491,2024-12-29,Morning,3,1,6.0,1,2,83
202400012492,2024-08-05,Morning,4,1,6.0,1,2,93
202400012493,2024-12-29,Morning,2,1,6.0,1,2,78
202400012494,2024-08-05,Evening,4,1,6.0,1,2,93
202400012495,2024-12-29,Night,4,2,6.0,5,2,76
202400012496,2024-01-31,Afternoon,4,1,2.0,2,2,72
202400012497,2024-08-03,Evening,4,2,6.0,1,2,93
202400012498,2024-12-29,Evening,4,1,2.0,5,2,76
202400012499,2024-02-02,Afternoon,4,1,2.0,1,1,71
202400012500,2024-08-05,Morning,4,1,3.0,1,2,93
202400012501,2024-12-29,Night,4,1,7.0,5,2,69
202400012502,2024-01-29,Afternoon,4,7,6.0,1,2,70
202400012503,2024-12-29,Evening,4,1,3.0,5,2,69
202400012504,2024-08-05,Night,4,1,3.0,5,2,93
202400012505,2024-12-29,Evening,4,1,6.0,5,2,66
202400012506,2024-08-05,Afternoon,4,1,6.0,1,2,93
202400012507,2024-02-02,Night,4,1,1.0,5,2,69
202400012508,2024-12-28,Afternoon,4,1,3.0,2,2,64
202400012509,2024-08-03,Evening,3,2,3.0,2,2,92
202400012510,2024-12-23,Afternoon,3,1,3.0,1,2,62
202400012511,2024-02-02,Afternoon,4,1,3.0,1,2,69
202400012512,2024-12-29,Afternoon,4,1,2.0,1,2,56
202400012513,2024-08-05,Morning,4,1,3.0,1,2,92
202400012514,2024-02-02,Evening,4,1,2.0,5,2,64
202400012515,2024-02-03,Night,4,2,2.0,4,2,64
202400012516,2024-08-04,Evening,3,1,6.0,1,1,35
202400012517,2024-12-28,Afternoon,4,1,3.0,1,2,56
202400012518,2024-12-29,Morning,3,1,6.0,1,2,54
202400012519,2024-02-01,Afternoon,4,8,2.0,1,2,64
202400012520,2024-12-28,Afternoon,4,7,6.0,1,2,39
202400012521,2024-07-18,Morning,4,1,3.0,1,1,37
202400012522,2024-02-02,Night,3,1,6.0,5,2,62
202400012523,2024-12-29,Night,4,1,6.0,3,1,29
202400012524,2024-08-05,Morning,4,1,3.0,1,2,86
202400012525,2024-12-28,Afternoon,4,1,1.0,1,2,19
202400012526,2024-02-02,Morning,4,1,6.0,1,2,59
202400012527,2024-08-06,Night,3,1,6.0,3,2,22
202400012528,2024-12-28,Morning,4,1,3.0,1,2,13
202400012529,2024-08-05,Afternoon,4,1,6.0,1,2,68
202400012530,2024-02-02,Morning,4,1,3.0,5,2,59
202400012531,2024-12-28,Evening,3,2,5.0,5,2,08
202400012532,2024-12-30,Night,2,1,6.0,5,2,04
202400012533,2024-02-02,Night,2,1,3.0,5,2,59
202400012534,2024-08-03,Afternoon,4,1,3.0,1,1,13
202400012535,2024-11-13,Morning,3,1,6.0,5,2,04
202400012536,2024-02-02,Afternoon,3,1,6.0,1,2,57
202400012537,2024-07-25,Afternoon,4,7,2.0,1,1,83
202400012538,2024-02-02,Morning,4,2,6.0,2,2,56
202400012539,2024-12-29,Evening,4,1,3.0,5,2,75
202400012541,2024-02-01,Evening,4,1,6.0,1,2,56
202400012542,2024-12-29,Morning,4,1,6.0,1,2,75
202400012543,2024-08-05,Afternoon,4,1,1.0,1,1,35
202400012544,2024-02-02,Morning,4,2,2.0,2,1,56
202400012545,2024-12-28,Evening,4,1,3.0,5,2,75
202400012546,2024-01-29,Afternoon,3,7,1.0,1,2,54
202400012547,2024-12-29,Morning,4,1,6.0,5,2,75
202400012548,2024-08-04,Night,4,1,6.0,3,1,35
202400012549,2024-08-04,Afternoon,4,1,7.0,1,1,67
202400012550,2024-12-29,Morning,3,1,6.0,1,2,75
202400012551,2024-02-02,Morning,4,1,3.0,1,2,54
202400012552,2024-08-06,Afternoon,4,1,1.0,1,2,22
202400012553,2024-01-30,Afternoon,4,1,2.0,1,2,52
202400012554,2024-12-29,Morning,4,8,3.0,3,2,94
202400012555,2024-08-04,Afternoon,3,1,1.0,1,2,79
202400012556,2024-12-29,Afternoon,4,1,2.0,5,2,93
202400012557,2024-02-02,Afternoon,4,1,2.0,2,2,51
202400012558,2024-08-05,Afternoon,3,1,6.0,1,1,44
202400012559,2024-12-29,Evening,4,2,3.0,5,2,93
202400012560,2024-02-01,Afternoon,4,2,2.0,1,2,51
202400012561,2024-08-04,Night,3,1,6.0,3,1,87