Num_Acc,date,time_of_day,max_severity,weather,collision_type,lighting,urban_area,department
202400012562,2024-08-06,Morning,3,1,7.0,1,1,51
202400012563,2024-12-29,Evening,4,2,4.0,2,2,92
202400012564,2024-02-01,Afternoon,4,1,3.0,1,2,51
202400012565,2024-08-05,Afternoon,3,1,3.0,1,1,59
202400012566,2024-12-29,Evening,4,2,7.0,5,2,92
202400012567,2024-02-02,Evening,4,1,1.0,3,1,38
202400012568,2024-08-04,Morning,2,1,3.0,1,1,67
202400012569,2024-02-02,Morning,4,1,1.0,1,2,38
202400012570,2024-08-05,Evening,3,1,7.0,1,1,76
202400012571,2024-12-29,Night,4,2,2.0,5,2,92
202400012572,2024-02-02,Night,4,1,1.0,3,1,38
202400012573,2024-08-06,Morning,3,1,6.0,1,2,76
202400012574,2024-12-29,Afternoon,4,2,3.0,5,2,92
202400012575,2024-12-29,Night,2,5,6.0,3,1,01
202400012576,2024-08-04,Night,3,1,6.0,3,2,79
202400012577,2024-02-02,Evening,4,1,3.0,2,2,37
202400012578,2024-08-04,Night,3,1,7.0,5,2,80
202400012579,2024-12-29,Afternoon,3,1,1.0,1,1,76
202400012580,2024-02-02,Night,4,1,6.0,3,1,35
202400012581,2024-12-19,Evening,4,2,6.0,4,1,01
202400012582,2024-02-01,Night,3,1,6.0,5,2,35
202400012583,2024-08-04,Morning,4,1,1.0,1,2,82
202400012584,2024-12-29,Evening,4,1,3.0,5,2,56
202400012585,2024-02-02,Morning,4,5,6.0,1,2,35
202400012586,2024-12-07,Evening,4,2,6.0,5,2,80
202400012587,2024-08-06,Morning,4,7,3.0,1,1,63
202400012588,2024-12-28,Morning,4,1,7.0,1,1,71
202400012589,2024-02-02,Evening,4,1,3.0,5,2,34
202400012590,2024-12-30,Afternoon,4,1,6.0,1,1,89
202400012591,2024-08-05,Evening,4,1,2.0,1,1,63
202400012592,2024-02-03,Night,4,1,3.0,3,2,33
202400012593,2024-12-30,Afternoon,3,1,6.0,1,1,63
202400012594,2024-08-06,Morning,2,1,6.0,1,1,12
202400012595,2024-12-29,Night,3,5,6.0,3,1,47
202400012596,2024-02-02,Night,4,1,3.0,5,2,33
202400012597,2024-08-04,Evening,4,1,6.0,1,1,12
202400012598,2024-02-02,Evening,4,2,6.0,5,2,29
202400012599,2024-08-05,Evening,3,1,6.0,1,1,68
202400012600,2024-02-02,Afternoon,4,1,5.0,1,2,29
202400012601,2024-12-27,Morning,4,7,4.0,1,2,01
202400012602,2024-08-05,Afternoon,2,1,7.0,1,1,25
202400012603,2024-12-29,Night,3,1,6.0,4,2,26
202400012604,2024-08-03,Morning,4,1,6.0,2,1,29
202400012605,2024-02-02,Night,4,2,3.0,5,2,29
202400012606,2024-08-05,Night,3,1,3.0,3,1,02
202400012607,2024-12-30,Morning,2,5,1.0,1,1,40
202400012608,2024-02-01,Afternoon,4,1,3.0,1,2,29
202400012609,2024-08-06,Night,3,1,6.0,2,1,84
202400012610,2024-12-29,Afternoon,3,1,1.0,3,1,24
202400012611,2024-02-01,Morning,4,2,3.0,2,2,29
202400012612,2024-08-06,Afternoon,4,1,1.0,1,1,03
202400012613,2024-12-29,Afternoon,4,1,2.0,1,1,06
202400012614,2024-01-30,Afternoon,4,8,7.0,1,2,28
202400012615,2024-12-29,Evening,3,1,6.0,3,1,91
202400012616,2024-08-05,Evening,3,1,1.0,3,1,01
202400012617,2024-02-02,Night,4,5,6.0,5,2,28
202400012619,2024-08-06,Morning,3,7,1.0,1,1,70
202400012620,2024-02-01,Morning,4,2,2.0,1,2,27
202400012621,2024-12-29,Afternoon,4,1,3.0,1,1,73
202400012622,2024-08-06,Morning,4,1,6.0,1,2,58
202400012623,2024-02-02,Evening,3,1,3.0,5,2,26
202400012624,2024-12-29,Evening,4,1,1.0,3,1,73
202400012625,2024-02-02,Morning,2,1,6.0,1,2,26
202400012626,2024-12-28,Evening,3,1,7.0,5,2,01
202400012627,2024-08-06,Morning,4,1,3.0,1,1,66
202400012628,2024-02-01,Evening,4,1,3.0,2,2,19
202400012629,2024-08-05,Afternoon,3,1,1.0,1,2,72
202400012630,2024-12-30,Afternoon,4,8,4.0,1,1,17
202400012631,2024-02-02,Night,4,1,7.0,3,1,17
202400012632,2024-12-29,Afternoon,2,8,7.0,1,1,56
202400012633,2024-08-04,Afternoon,3,1,3.0,1,1,14
202400012634,2024-12-29,Afternoon,4,1,3.0,1,1,13
202400012635,2024-08-05,Afternoon,3,1,6.0,1,1,05
202400012636,2024-02-02,Afternoon,4,1,3.0,1,2,16
202400012637,2024-12-27,Afternoon,4,1,2.0,1,1,13
202400012638,2024-02-01,Night,4,1,7.0,3,1,14
202400012639,2024-08-05,Evening,3,1,2.0,1,1,45
202400012640,2024-02-01,Afternoon,4,1,7.0,1,2,14
202400012641,2024-12-29,Night,3,5,1.0,3,1,69
202400012642,2024-08-05,Morning,3,1,2.0,1,1,64
202400012643,2024-02-02,Evening,4,1,3.0,2,2,13
202400012644,2024-08-06,Afternoon,3,1,3.0,1,1,43
202400012645,2024-12-28,Afternoon,4,1,4.0,1,1,33
202400012646,2024-02-02,Evening,4,1,3.0,5,2,13
202400012647,2024-08-06,Morning,2,1,3.0,1,1,36
202400012648,2024-12-29,Afternoon,4,1,2.0,1,1,91
202400012649,2024-08-05,Morning,4,1,7.0,1,1,07
202400012650,2024-02-02,Evening,4,1,3.0,5,2,13
202400012651,2024-12-29,Morning,4,1,6.0,5,1,94
202400012652,2024-08-05,Afternoon,3,1,7.0,1,1,24
202400012653,2024-02-02,Afternoon,4,1,2.0,1,1,13
202400012654,2024-12-29,Afternoon,4,1,4.0,2,1,93
202400012655,2024-08-04,Evening,3,1,1.0,1,1,24
202400012656,2024-07-31,Afternoon,3,7,7.0,1,1,24
202400012657,2024-02-01,Night,4,1,2.0,5,2,13
202400012658,2024-12-29,Evening,4,1,2.0,3,1,77
202400012659,2024-08-06,Morning,2,1,6.0,1,1,37
202400012660,2024-02-03,Night,3,1,6.0,3,2,13
202400012661,2024-08-06,Morning,4,1,7.0,1,1,48
202400012662,2024-09-25,Morning,2,2,1.0,1,1,28
202400012663,2024-02-02,Morning,4,1,3.0,1,2,13
202400012664,2024-09-18,Evening,4,1,7.0,2,1,28
202400012665,2024-08-06,Morning,4,1,1.0,1,2,08
202400012666,2024-02-02,Morning,3,1,3.0,1,2,13
202400012667,2024-09-13,Evening,4,1,6.0,3,2,28
202400012668,2024-08-06,Morning,4,1,2.0,1,2,06
202400012669,2024-01-26,Afternoon,3,1,3.0,1,2,12
202400012670,2024-08-06,Afternoon,4,1,1.0,1,1,13
202400012671,2024-10-25,Night,2,1,1.0,5,2,74
202400012672,2024-10-20,Night,4,1,6.0,5,2,74
202400012673,2024-01-21,Night,4,9,3.0,4,2,12
202400012674,2024-01-17,Afternoon,4,1,6.0,1,2,12
202400012675,2024-10-17,Night,2,2,7.0,3,1,74
202400012676,2024-08-04,Night,4,1,2.0,3,1,13
202400012677,2024-02-02,Afternoon,3,1,4.0,1,1,11
202400012678,2024-10-04,Night,3,1,6.0,5,2,74
202400012679,2024-08-28,Afternoon,3,1,6.0,1,1,74
202400012681,2024-02-01,Afternoon,4,1,3.0,2,2,11
202400012682,2024-08-05,Evening,4,1,7.0,3,1,28
202400012683,2024-09-30,Morning,4,1,2.0,3,1,33
202400012684,2024-01-24,Evening,4,1,1.0,5,2,10
202400012685,2024-07-02,Morning,4,1,3.0,1,2,13
202400012686,2024-08-06,Afternoon,4,1,1.0,1,2,77
202400012687,2024-02-01,Evening,4,1,6.0,5,2,10
202400012688,2024-08-17,Morning,3,1,3.0,1,2,84
202400012689,2024-02-01,Afternoon,4,1,3.0,1,1,10
202400012690,2024-08-05,Evening,3,1,6.0,1,2,34
202400012691,2024-08-15,Morning,4,1,2.0,1,1,84
202400012692,2024-02-02,Morning,4,1,5.0,1,1,07
202400012693,2024-08-06,Afternoon,3,1,3.0,1,1,05
202400012694,2024-08-11,Evening,4,1,3.0,1,2,84
202400012695,2024-02-02,Morning,4,1,1.0,1,2,07
202400012696,2024-08-06,Morning,4,1,3.0,1,2,04
202400012697,2024-08-19,Morning,3,7,3.0,1,2,84
202400012698,2024-08-05,Morning,4,1,3.0,2,1,13
202400012699,2024-02-02,Afternoon,4,1,2.0,1,2,06
202400012700,2024-08-03,Afternoon,4,1,7.0,1,1,84
202400012701,2024-08-02,Evening,4,2,6.0,3,2,84
202400012702,2024-08-05,Night,3,1,7.0,2,1,67
202400012703,2024-02-02,Afternoon,4,1,3.0,1,2,06
202400012704,2024-08-01,Morning,4,1,6.0,1,2,84
202400012705,2024-08-04,Morning,3,7,6.0,1,2,69
202400012706,2024-07-23,Night,3,1,7.0,3,1,84
202400012707,2024-02-02,Morning,4,1,2.0,1,2,06
202400012708,2024-08-05,Afternoon,4,1,1.0,1,1,09
202400012709,2024-07-20,Afternoon,4,1,3.0,1,2,84
202400012710,2024-02-02,Night,2,1,6.0,5,2,06
202400012711,2024-03-13,Afternoon,3,1,6.0,1,1,84
202400012712,2024-02-02,Morning,3,1,6.0,2,2,06
202400012713,2024-10-26,Evening,4,2,7.0,3,1,19
202400012714,2024-08-05,Evening,4,7,3.0,1,1,72
202400012716,2024-12-28,Afternoon,4,1,3.0,1,2,2B
202400012717,2024-08-06,Afternoon,3,8,3.0,1,1,50
202400012718,2024-12-28,Afternoon,4,1,3.0,1,2,2A
202400012719,2024-07-31,Morning,3,1,7.0,1,2,29
202400012720,2024-12-28,Morning,4,1,3.0,1,2,2A
202400012721,2024-08-04,Night,3,1,3.0,3,2,22
202400012722,2024-08-05,Night,3,1,6.0,4,2,22
202400012723,2024-12-28,Afternoon,4,8,6.0,1,2,91
202400012724,2024-08-06,Night,3,1,6.0,3,2,27
202400012725,2024-12-28,Evening,4,1,3.0,5,2,91
202400012726,2024-08-06,Afternoon,3,1,6.0,1,2,59
202400012727,2024-08-05,Evening,4,1,6.0,1,1,91
202400012728,2024-12-27,Evening,4,5,1.0,3,1,77
202400012729,2024-08-04,Evening,4,1,7.0,1,1,92
202400012730,2024-12-28,Morning,4,5,7.0,5,2,68
202400012731,2024-08-04,Evening,4,1,2.0,2,1,95
202400012732,2024-12-28,Evening,4,1,3.0,4,2,66
202400012733,2024-12-28,Afternoon,4,1,3.0,1,2,64
202400012734,2024-08-03,Night,4,1,2.0,3,1,77
202400012735,2024-12-28,Morning,4,1,6.0,2,2,64
202400012736,2024-12-28,Afternoon,4,1,6.0,1,2,63
202400012737,2024-02-28,Afternoon,3,1,2.0,1,1,14
202400012738,2024-12-28,Night,4,9,6.0,3,1,54
202400012739,2024-08-03,Night,4,1,6.0,5,2,34
202400012740,2024-12-27,Afternoon,4,1,6.0,5,2,51
202400012741,2024-04-29,Night,4,1,6.0,5,2,95
202400012742,2024-12-28,Afternoon,4,1,6.0,1,2,46
202400012744,2024-12-28,Morning,3,1,3.0,5,2,35
202400012746,2024-12-28,Afternoon,3,1,7.0,1,2,33
202400012747,2024-08-04,Night,4,1,7.0,5,1,2A
202400012748,2024-12-28,Evening,4,1,3.0,5,2,29
202400012749,2024-08-04,Afternoon,4,1,4.0,1,1,95
202400012750,2024-12-28,Night,4,5,7.0,3,1,26
202400012751,2024-08-04,Afternoon,4,1,6.0,1,2,91
202400012752,2024-08-04,Afternoon,4,1,6.0,1,2,90
202400012753,2024-12-27,Afternoon,4,1,4.0,3,1,14
202400012754,2024-08-04,Evening,4,1,2.0,1,2,83
202400012755,2024-12-28,Evening,4,1,6.0,5,2,13
202400012756,2024-08-03,Evening,4,1,1.0,1,2,83
202400012757,2024-12-28,Evening,4,1,3.0,5,2,13
202400012758,2024-12-28,Morning,4,1,1.0,3,2,13
202400012759,2024-08-04,Afternoon,4,1,6.0,1,2,82
202400012760,2024-12-28,Evening,4,1,7.0,3,2,13
202400012761,2024-08-04,Night,3,1,1.0,3,1,82
202400012762,2024-12-28,Evening,4,1,6.0,5,2,07
202400012763,2024-12-27,Afternoon,4,1,6.0,5,2,75
202400012764,2024-12-28,Afternoon,4,1,6.0,1,2,75
202400012765,2024-06-01,Afternoon,4,2,2.0,1,1,94
202400012766,2024-05-31,Morning,4,2,7.0,2,1,77
202400012775,2024-05-31,Evening,4,1,3.0,2,2,69
202400012778,2024-05-31,Evening,4,1,7.0,1,2,2B
202400012779,2024-05-31,Afternoon,4,2,6.0,1,2,91
202400012780,2024-05-31,Night,4,2,3.0,2,2,91
202400012781,2024-05-31,Afternoon,4,3,3.0,1,2,91
202400012782,2024-05-31,Night,4,1,3.0,5,2,87
202400012783,2024-05-31,Night,4,1,7.0,3,1,85
202400012784,2024-05-30,Evening,4,1,3.0,1,2,30
202400012785,2024-05-29,Afternoon,3,1,3.0,1,1,83
202400012786,2024-05-29,Afternoon,3,1,3.0,1,2,83
202400012787,2024-05-31,Afternoon,3,1,6.0,1,1,83
202400012788,2024-05-29,Evening,4,1,3.0,1,2,81
202400012789,2024-05-31,Afternoon,4,2,2.0,1,2,80
202400012790,2024-05-31,Evening,3,2,6.0,1,2,78
202400012791,2024-05-22,Afternoon,4,2,6.0,1,2,77
202400012792,2024-05-31,Afternoon,4,8,6.0,1,2,77
202400012793,2024-05-30,Evening,4,2,3.0,1,2,69
202400012794,2024-05-30,Morning,4,1,2.0,1,1,69
202400012795,2024-05-31,Afternoon,4,1,2.0,1,2,66
202400012796,2024-05-31,Evening,4,1,1.0,1,2,64
202400012797,2024-05-28,Evening,4,1,3.0,1,1,63
202400012798,2024-05-31,Afternoon,3,1,7.0,1,2,63
202400012799,2024-05-31,Afternoon,4,1,2.0,1,2,63
202400012800,2024-05-31,Morning,3,1,6.0,1,2,63
202400012801,2024-05-31,Afternoon,3,2,,1,2,59
202400012802,2024-05-30,Evening,4,1,2.0,1,2,59
202400012803,2024-05-30,Afternoon,3,1,6.0,1,2,57
202400012804,2024-05-31,Afternoon,4,1,3.0,1,2,56
202400012805,2024-05-31,Afternoon,4,1,3.0,1,2,56
202400012806,2024-05-30,Afternoon,3,1,1.0,1,2,54
202400012807,2024-05-30,Afternoon,4,1,3.0,1,2,54
202400012808,2024-05-31,Afternoon,4,1,6.0,1,2,49
202400012809,2024-05-30,Evening,3,1,5.0,1,2,49
202400012810,2024-05-31,Afternoon,4,1,3.0,1,2,45
202400012811,2024-06-01,Night,4,2,6.0,5,2,42
202400012812,2024-05-31,Evening,4,1,6.0,5,2,42
202400012813,2024-05-30,Evening,4,2,3.0,1,1,41
202400012814,2024-05-31,Morning,2,1,6.0,3,2,37
202400012815,2024-05-31,Afternoon,4,1,3.0,1,2,35
202400012816,2024-05-31,Afternoon,4,1,6.0,1,2,34
202400012817,2024-05-31,Morning,4,1,5.0,1,2,33
202400012818,2024-05-31,Evening,3,1,6.0,1,2,31
202400012819,2024-05-31,Afternoon,3,1,3.0,1,2,31
202400012820,2024-05-31,Evening,4,1,3.0,1,2,29
202400012821,2024-05-31,Evening,4,2,3.0,3,1,28
202400012822,2024-05-31,Afternoon,4,2,3.0,1,2,27
202400012823,2024-05-31,Evening,4,2,3.0,1,2,27
202400012824,2024-05-30,Afternoon,4,3,3.0,1,2,27
202400012825,2024-05-31,Afternoon,4,3,1.0,1,2,25
202400012826,2024-05-30,Morning,4,2,7.0,1,1,15
202400012827,2024-05-30,Afternoon,4,1,7.0,1,1,14
202400012828,2024-05-30,Afternoon,4,1,5.0,1,1,14
202400012829,2024-05-31,Night,4,1,3.0,5,2,13
202400012830,2024-05-31,Evening,4,1,1.0,1,2,13
202400012831,2024-05-31,Morning,4,1,3.0,1,2,13
202400012832,2024-05-31,Morning,4,1,2.0,1,2,13
202400012833,2024-05-31,Afternoon,4,1,3.0,1,2,10
202400012834,2024-05-30,Evening,4,8,6.0,1,2,10
202400012835,2024-05-30,Afternoon,4,1,6.0,1,2,10
202400012836,2024-05-30,Morning,4,1,3.0,1,2,10
202400012837,2024-05-27,Afternoon,4,1,2.0,1,2,02
202400012838,2024-05-23,Morning,4,1,6.0,1,2,01
202400012839,2024-05-31,Afternoon,4,1,6.0,1,2,75
202400012840,2024-05-31,Afternoon,4,2,6.0,1,2,75
202400012841,2024-05-31,Morning,4,8,6.0,1,2,75
202400012842,2024-05-31,Evening,4,2,7.0,1,2,75
202400012843,2024-05-31,Morning,4,1,1.0,1,2,75
202400012844,2024-05-30,Evening,4,8,6.0,1,2,75
202400012845,2024-05-30,Afternoon,4,1,3.0,1,2,75
202400012846,2024-05-30,Afternoon,4,2,2.0,1,2,75
202400012847,2024-05-31,Morning,4,2,3.0,1,2,94
202400012848,2024-05-30,Evening,4,1,6.0,1,2,94
202400012849,2024-05-30,Morning,4,2,4.0,1,2,94
202400012850,2024-05-31,Morning,4,2,6.0,2,2,94
202400012851,2024-05-30,Afternoon,4,1,2.0,1,2,94
202400012852,2024-05-31,Evening,4,2,2.0,1,2,92
202400012853,2024-05-29,Afternoon,4,2,3.0,1,2,92
202400012854,2024-05-30,Night,4,1,6.0,4,1,92
202400012855,2024-05-30,Afternoon,4,2,2.0,1,2,92
202400012856,2024-05-30,Morning,4,1,3.0,1,2,92
202400012857,2024-05-31,Morning,4,1,6.0,1,2,92
202400012858,2024-05-31,Evening,4,3,2.0,1,1,92
202400012859,2024-05-31,Morning,4,1,2.0,1,2,92
202400012861,2024-05-31,Evening,3,1,2.0,1,2,08
202400012862,2024-05-27,Evening,3,1,2.0,1,2,91
202400012863,2024-05-24,Afternoon,4,1,1.0,1,1,45
202400012864,2024-06-01,Night,3,2,1.0,3,1,63
202400012865,2024-05-31,Evening,4,1,3.0,1,1,01
202400012866,2024-05-30,Evening,3,1,1.0,1,2,83
202400012867,2024-05-31,Afternoon,3,1,7.0,1,1,04
202400012868,2024-04-06,Morning,2,1,6.0,1,2,2B
202400012869,2024-05-31,Evening,3,1,7.0,1,1,82
202400012870,2024-05-31,Morning,2,1,6.0,1,2,33
202400012871,2024-06-01,Afternoon,3,1,3.0,1,1,32
202400012872,2024-05-31,Evening,2,1,6.0,2,2,11
202400012873,2024-06-01,Afternoon,3,1,6.0,1,1,71
202400012874,2024-05-12,Night,3,1,5.0,2,1,61
202400012875,2024-05-31,Morning,4,2,6.0,2,1,12
202400012876,2024-05-31,Night,3,2,7.0,2,1,34
202400012877,2024-05-30,Morning,2,1,2.0,1,1,34
202400012878,2024-06-01,Night,3,1,7.0,2,1,68
202400012879,2024-05-31,Evening,4,1,1.0,1,2,39
202400012881,2024-05-29,Afternoon,4,1,3.0,1,1,25
202400012882,2024-05-31,Afternoon,4,8,6.0,1,1,25
202400012883,2024-06-01,Afternoon,3,1,3.0,1,1,29
202400012885,2024-05-30,Afternoon,4,1,3.0,1,2,31
202400012886,2024-06-01,Afternoon,4,2,3.0,1,1,02
202400012887,2024-10-16,Morning,4,1,3.0,1,2,69
202400012888,2024-05-31,Morning,4,2,2.0,1,2,03
202400012889,2024-06-01,Afternoon,2,3,7.0,1,1,58
202400012890,2024-06-01,Night,2,1,6.0,5,2,10
202400012891,2024-06-01,Night,2,1,6.0,3,1,24
202400012892,2024-10-16,Afternoon,4,1,3.0,1,2,95
202400012893,2024-05-31,Morning,4,1,1.0,1,1,04
202400012894,2024-05-28,Night,2,1,6.0,3,1,85
202400012895,2024-06-01,Afternoon,3,1,7.0,1,1,85
202400012896,2024-10-16,Morning,4,1,3.0,1,2,91
202400012897,2024-05-31,Afternoon,3,2,2.0,1,1,27
202400012898,2024-06-01,Morning,3,2,6.0,1,1,28
202400012899,2024-10-15,Afternoon,4,1,7.0,1,2,87
202400012900,2024-06-01,Evening,2,1,6.0,1,1,28
202400012901,2024-05-31,Evening,3,1,6.0,1,1,87
202400012902,2024-06-01,Night,3,2,6.0,3,1,87
202400012903,2024-05-31,Afternoon,4,2,3.0,1,2,52
202400012904,2024-05-31,Evening,4,2,6.0,2,1,01
202400012906,2024-05-31,Afternoon,3,1,6.0,1,1,53
202400012907,2024-10-13,Night,4,3,3.0,5,2,84
202400012908,2024-05-31,Evening,3,8,3.0,2,2,45
202400012909,2024-05-31,Afternoon,4,2,3.0,1,1,78
202400012910,2024-06-01,Evening,3,1,7.0,2,2,30
202400012911,2024-10-16,Afternoon,4,2,4.0,1,2,83
202400012912,2024-06-01,Night,2,1,6.0,3,1,11
202400012913,2024-06-01,Afternoon,4,1,6.0,1,2,84
202400012914,2024-05-29,Afternoon,4,1,3.0,1,1,13
202400012915,2024-10-16,Morning,3,8,2.0,1,2,83
202400012916,2024-05-31,Afternoon,4,1,1.0,1,1,13
202400012917,2024-05-31,Afternoon,4,8,7.0,1,1,88
202400012918,2024-06-01,Night,4,1,7.0,3,1,73
202400012919,2024-06-01,Night,3,1,7.0,3,1,38
202400012920,2024-10-16,Afternoon,3,1,1.0,1,2,81
202400012921,2024-05-31,Evening,3,1,3.0,2,2,85
202400012922,2024-05-31,Afternoon,3,2,3.0,1,2,14
202400012923,2024-05-31,Afternoon,4,1,3.0,1,1,22
202400012924,2024-05-31,Afternoon,4,1,6.0,1,1,59
202400012925,2024-10-16,Morning,4,1,3.0,1,2,77
202400012926,2024-05-31,Afternoon,4,1,4.0,1,1,13
202400012927,2024-05-27,Afternoon,4,1,2.0,1,1,13
202400012928,2024-10-15,Afternoon,3,1,6.0,1,1,77
202400012929,2024-04-30,Afternoon,4,1,2.0,1,1,13
202400012930,2024-05-29,Afternoon,4,1,3.0,1,1,13
202400012931,2024-10-16,Morning,4,1,3.0,1,2,77
202400012932,2024-05-26,Evening,4,1,2.0,3,1,13
202400012933,2024-05-31,Afternoon,4,1,4.0,1,1,67
202400012934,2024-10-16,Evening,4,1,3.0,1,2,76
202400012935,2024-05-31,Evening,4,1,7.0,1,1,33
202400012936,2024-10-16,Morning,3,1,6.0,1,1,76
202400012937,2024-05-31,Afternoon,3,1,2.0,1,1,33
202400012938,2024-05-31,Evening,4,2,4.0,1,1,92
202400012939,2024-05-30,Evening,4,2,2.0,3,1,93
202400012940,2024-10-16,Night,4,8,5.0,5,2,74
202400012941,2024-05-31,Night,4,1,6.0,3,1,77
202400012942,2024-10-13,Morning,4,1,3.0,1,2,73
202400012945,2024-10-16,Evening,3,8,6.0,5,2,69
202400012947,2024-05-30,Afternoon,4,2,1.0,1,2,69
202400012948,2024-05-30,Evening,4,8,3.0,1,2,69
202400012949,2024-05-30,Afternoon,4,1,3.0,1,2,2A
202400012950,2024-10-15,Afternoon,4,1,3.0,1,2,69
202400012951,2024-05-30,Evening,4,1,3.0,1,2,95
202400012952,2024-05-29,Afternoon,4,3,4.0,1,2,91
202400012953,2024-10-15,Night,3,1,1.0,5,2,64
202400012954,2024-05-30,Afternoon,4,3,6.0,2,2,91
202400012955,2024-05-30,Afternoon,3,1,6.0,1,2,83
202400012956,2024-10-15,Afternoon,4,8,1.0,1,2,64
202400012957,2024-05-30,Evening,3,1,3.0,1,2,83
202400012958,2024-05-29,Afternoon,3,1,3.0,1,1,81
202400012959,2024-05-29,Afternoon,4,1,3.0,1,2,80
202400012960,2024-10-16,Evening,3,1,3.0,5,2,63
202400012961,2024-10-16,Morning,4,1,6.0,1,2,63
202400012962,2024-05-29,Morning,4,2,5.0,1,2,78
202400012963,2024-05-30,Night,3,1,2.0,3,1,77
202400012964,2024-05-30,Afternoon,4,1,3.0,1,2,77
202400012965,2024-05-30,Morning,2,1,6.0,1,2,77
202400012966,2024-10-16,Morning,4,1,3.0,1,2,59
202400012967,2024-05-30,Afternoon,4,1,3.0,1,1,77
202400012968,2024-10-15,Afternoon,4,1,3.0,1,1,56
202400012969,2024-05-30,Morning,3,1,6.0,1,1,77
202400012970,2024-05-30,Morning,4,1,2.0,1,2,71
202400012971,2024-10-15,Afternoon,4,1,6.0,1,2,54
202400012972,2024-05-30,Evening,4,1,6.0,1,2,69
202400012973,2024-05-24,Night,4,1,7.0,5,2,69
202400012974,2024-10-15,Morning,4,1,1.0,1,2,54
202400012975,2024-05-29,Afternoon,4,1,3.0,1,2,69
202400012976,2024-10-11,Morning,3,1,6.0,1,2,51
202400012977,2024-10-15,Morning,3,1,6.0,1,2,50
202400012978,2024-05-29,Morning,3,8,3.0,1,2,69
202400012979,2024-10-16,Evening,4,3,3.0,5,2,49
202400012980,2024-05-29,Morning,3,1,3.0,1,1,69
202400012981,2024-05-28,Morning,3,1,6.0,1,2,69
202400012982,2024-10-16,Afternoon,4,1,4.0,1,2,45
202400012983,2024-05-30,Afternoon,4,2,2.0,1,2,64
202400012984,2024-10-16,Morning,4,1,1.0,5,1,45
202400012985,2024-05-30,Morning,4,2,6.0,1,2,64
202400012986,2024-05-30,Evening,4,1,6.0,1,2,64
202400012987,2024-05-30,Morning,4,2,7.0,1,2,64
202400012988,2024-10-15,Afternoon,4,2,2.0,1,2,45
202400012989,2024-05-30,Evening,4,2,6.0,1,2,63
202400012990,2024-10-16,Afternoon,4,2,2.0,1,2,38
202400012991,2024-10-16,Morning,4,2,3.0,1,1,38
202400012992,2024-05-30,Afternoon,4,1,4.0,1,2,61
202400012993,2024-10-16,Morning,4,1,3.0,1,2,35
202400012994,2024-05-30,Morning,2,1,6.0,1,2,59
202400012995,2024-10-15,Evening,4,8,3.0,5,2,34
202400012996,2024-10-16,Evening,4,2,3.0,5,2,34
202400012997,2024-10-16,Morning,4,2,4.0,1,2,34
202400012998,2024-10-16,Evening,4,1,6.0,5,2,33
202400012999,2024-10-16,Morning,4,1,6.0,2,2,33
202400013000,2024-10-16,Afternoon,3,1,3.0,1,2,32
202400013001,2024-10-16,Afternoon,4,1,6.0,1,2,27
202400013002,2024-10-16,Morning,4,1,2.0,1,2,27
202400013003,2024-10-16,Night,4,1,6.0,3,1,27
202400013004,2024-10-16,Morning,4,1,3.0,1,1,25
202400013005,2024-10-16,Evening,4,2,2.0,2,2,19
202400013006,2024-10-14,Afternoon,4,1,3.0,1,2,14
202400013007,2024-10-16,Night,3,2,3.0,5,2,13
202400013008,2024-10-15,Afternoon,4,1,3.0,1,2,11
202400013009,2024-10-16,Morning,4,2,3.0,5,2,07
202400013010,2024-10-16,Morning,4,2,3.0,1,2,04
202400013011,2024-10-15,Night,3,1,6.0,5,2,03
202400013012,2024-10-16,Morning,4,1,3.0,3,2,75
202400013013,2024-10-16,Night,4,1,2.0,5,2,75
202400013014,2024-10-15,Morning,4,1,1.0,5,2,75
202400013015,2024-10-16,Afternoon,3,1,6.0,1,2,75
202400013016,2024-10-16,Afternoon,4,1,6.0,1,2,75
202400013017,2024-10-16,Afternoon,4,1,3.0,1,2,75
202400013018,2024-10-16,Morning,4,1,6.0,1,2,75
202400013019,2024-10-16,Afternoon,4,1,6.0,1,2,75
202400013020,2024-10-16,Afternoon,4,1,6.0,1,2,75
202400013021,2024-10-16,Afternoon,4,1,3.0,1,2,75
202400013022,2024-10-15,Afternoon,3,1,3.0,1,2,75
202400013023,2024-10-16,Morning,4,1,6.0,1,2,75
202400013024,2024-10-16,Morning,4,1,6.0,1,2,75
202400013025,2024-10-16,Morning,4,1,2.0,1,2,75
202400013026,2024-10-16,Evening,4,2,3.0,5,2,75
202400013027,2024-10-15,Evening,4,8,1.0,2,2,94
202400013028,2024-10-16,Evening,4,1,3.0,5,2,94
202400013029,2024-10-16,Evening,4,1,4.0,1,2,94
202400013030,2024-10-14,Evening,4,1,3.0,1,2,94
202400013031,2024-10-16,Afternoon,4,1,1.0,1,2,94
202400013032,2024-10-16,Evening,4,1,3.0,1,2,93
202400013033,2024-10-16,Morning,4,1,1.0,1,2,93
202400013034,2024-10-16,Morning,4,1,6.0,2,2,93
202400013035,2024-10-16,Morning,4,1,6.0,1,2,93