Num_Acc,date,time_of_day,max_severity,weather,collision_type,lighting,urban_area,department
202400013036,2024-10-16,Afternoon,4,1,3.0,1,2,93
202400013037,2024-10-15,Evening,4,1,3.0,1,2,93
202400013038,2024-10-16,Morning,4,1,6.0,1,2,92
202400013039,2024-10-16,Afternoon,4,1,6.0,1,2,92
202400013040,2024-10-16,Afternoon,4,1,6.0,1,2,92
202400013041,2024-10-16,Afternoon,4,1,2.0,1,2,92
202400013042,2024-10-16,Morning,4,1,2.0,1,2,92
202400013043,2024-10-16,Afternoon,4,7,3.0,1,2,80
202400013044,2024-10-17,Morning,3,2,1.0,5,2,65
202400013045,2024-10-16,Evening,4,1,2.0,2,1,65
202400013046,2024-10-17,Morning,4,2,3.0,1,1,32
202400013047,2024-10-16,Afternoon,2,1,2.0,1,1,63
202400013048,2024-10-16,Evening,2,2,7.0,3,1,49
202400013049,2024-10-16,Afternoon,3,1,1.0,1,1,46
202400013050,2024-10-16,Afternoon,4,1,3.0,1,1,68
202400013051,2024-10-16,Evening,3,2,6.0,3,1,25
202400013052,2024-10-16,Night,4,1,6.0,3,1,31
202400013053,2024-10-16,Afternoon,3,1,7.0,1,1,03
202400013054,2024-10-17,Morning,3,3,2.0,2,2,01
202400013055,2024-10-17,Afternoon,2,1,6.0,1,1,06
202400013056,2024-10-17,Morning,3,1,6.0,1,1,06
202400013057,2024-10-17,Night,2,2,6.0,3,1,10
202400013058,2024-10-17,Afternoon,2,2,1.0,1,2,10
202400013059,2024-10-17,Morning,4,2,6.0,1,1,16
202400013060,2024-10-17,Morning,3,3,6.0,2,2,40
202400013061,2024-10-17,Morning,4,2,1.0,3,1,04
202400013062,2024-10-15,Afternoon,4,1,1.0,1,1,87
202400013063,2024-10-17,Afternoon,3,2,6.0,1,1,87
202400013064,2024-10-16,Afternoon,3,2,6.0,1,1,37
202400013065,2024-10-14,Afternoon,3,1,1.0,1,1,24
202400013066,2024-10-16,Afternoon,3,1,6.0,1,1,01
202400013069,2024-10-16,Afternoon,3,1,3.0,1,1,45
202400013070,2024-10-16,Morning,4,1,6.0,5,2,2B
202400013071,2024-10-16,Morning,4,1,3.0,1,1,34
202400013072,2024-10-13,Night,4,2,6.0,3,2,69
202400013073,2024-10-14,Afternoon,4,8,2.0,1,2,31
202400013074,2024-10-16,Evening,2,2,6.0,1,1,40
202400013075,2024-10-17,Morning,4,1,3.0,2,2,22
202400013076,2024-10-16,Afternoon,4,2,3.0,1,2,22
202400013077,2024-10-17,Afternoon,3,2,6.0,1,1,27
202400013078,2024-10-16,Morning,4,1,3.0,1,1,60
202400013079,2024-10-13,Morning,4,1,2.0,1,1,69
202400013080,2024-10-16,Morning,4,1,2.0,2,1,33
202400013081,2024-10-16,Evening,4,1,3.0,3,1,91
202400013082,2024-10-16,Afternoon,4,1,3.0,1,1,91
202400013083,2024-10-16,Morning,4,1,3.0,1,1,91
202400013084,2024-10-15,Evening,4,1,3.0,1,1,75
202400013085,2024-10-15,Evening,4,1,4.0,3,1,78
202400013086,2024-10-15,Morning,4,1,6.0,1,1,78
202400013087,2024-10-15,Morning,3,1,3.0,1,1,92
202400013088,2024-10-15,Morning,4,1,3.0,1,1,78
202400013089,2024-10-15,Morning,4,1,3.0,1,1,92
202400013090,2024-10-15,Night,4,1,6.0,3,1,95
202400013091,2024-04-25,Afternoon,4,1,3.0,1,2,93
202400013092,2024-05-31,Evening,4,2,3.0,1,2,93
202400013093,2024-05-31,Morning,4,8,1.0,1,2,93
202400013094,2024-05-31,Morning,3,2,3.0,1,2,93
202400013095,2024-05-31,Night,3,1,1.0,2,2,93
202400013096,2024-05-30,Night,4,2,6.0,4,2,93
202400013097,2024-05-27,Morning,4,8,5.0,1,2,93
202400013098,2024-05-25,Afternoon,4,1,3.0,1,2,93
202400013099,2024-05-24,Afternoon,4,1,3.0,1,2,93
202400013100,2024-05-18,Evening,4,1,6.0,1,2,93
202400013101,2024-05-18,Afternoon,3,1,3.0,1,2,93
202400013102,2024-05-17,Morning,4,1,4.0,1,1,93
202400013103,2024-05-14,Afternoon,4,2,3.0,1,2,93
202400013104,2024-03-28,Afternoon,4,1,2.0,1,2,93
202400013105,2024-01-28,Evening,4,1,3.0,2,2,93
202400013106,2024-08-06,Evening,4,1,3.0,1,2,91
202400013112,2024-10-15,Afternoon,4,1,3.0,1,2,69
202400013113,2024-10-15,Morning,4,8,1.0,1,2,69
202400013117,2024-10-15,Evening,4,1,3.0,2,1,69
202400013118,2024-10-15,Afternoon,4,1,6.0,1,2,2B
202400013120,2024-10-15,Afternoon,4,1,2.0,1,2,2A
202400013121,2024-10-15,Afternoon,4,1,3.0,1,2,95
202400013122,2024-10-15,Evening,4,1,6.0,1,2,91
202400013123,2024-10-15,Afternoon,3,1,3.0,1,2,91
202400013124,2024-10-12,Afternoon,4,1,7.0,1,2,87
202400013125,2024-10-15,Morning,3,3,6.0,5,2,85
202400013126,2024-10-14,Afternoon,4,2,6.0,1,2,84
202400013127,2024-10-15,Afternoon,4,1,5.0,1,2,84
202400013128,2024-10-14,Morning,3,1,3.0,1,1,83
202400013129,2024-10-15,Morning,3,1,1.0,1,2,78
202400013130,2024-10-14,Afternoon,4,1,6.0,1,2,72
202400013131,2024-10-15,Morning,4,2,3.0,1,2,71
202400013132,2024-10-15,Morning,3,2,3.0,1,1,71
202400013133,2024-10-15,Afternoon,3,1,3.0,1,2,69
202400013134,2024-10-14,Morning,4,2,2.0,5,2,69
202400013135,2024-10-14,Night,3,1,6.0,5,2,69
202400013136,2024-03-13,Afternoon,4,1,3.0,1,2,71
202400013137,2024-10-15,Evening,4,1,3.0,5,2,67
202400013138,2024-03-15,Evening,4,2,3.0,5,2,69
202400013139,2024-03-15,Afternoon,4,2,6.0,1,2,69
202400013140,2024-10-15,Afternoon,4,1,3.0,1,2,63
202400013141,2024-03-14,Evening,4,1,1.0,5,2,69
202400013142,2024-10-15,Evening,3,1,3.0,5,2,63
202400013143,2024-03-14,Afternoon,4,1,6.0,1,2,69
202400013144,2024-10-15,Morning,4,1,3.0,1,2,63
202400013145,2024-03-13,Morning,3,1,3.0,1,2,68
202400013146,2024-03-15,Morning,4,1,3.0,1,2,64
202400013147,2024-10-15,Morning,4,1,4.0,1,2,63
202400013148,2024-03-15,Night,3,1,7.0,5,2,64
202400013149,2024-10-13,Evening,2,1,7.0,5,2,62
202400013150,2024-03-14,Afternoon,4,1,3.0,1,2,63
202400013151,2024-10-15,Afternoon,4,1,6.0,1,2,59
202400013152,2024-10-15,Morning,3,5,3.0,2,2,59
202400013153,2024-03-15,Evening,4,1,3.0,5,2,63
202400013154,2024-10-15,Morning,4,1,3.0,5,2,56
202400013155,2024-03-15,Evening,3,1,3.0,2,2,63
202400013156,2024-10-14,Evening,4,1,3.0,5,2,56
202400013157,2024-03-06,Morning,3,1,2.0,1,2,62
202400013158,2024-10-14,Evening,4,1,6.0,1,2,56
202400013159,2024-03-15,Afternoon,3,2,1.0,1,2,62
202400013160,2024-10-15,Evening,4,1,6.0,5,2,54
202400013161,2024-03-13,Afternoon,4,1,6.0,1,2,59
202400013162,2024-10-12,Evening,4,1,3.0,5,2,50
202400013163,2024-03-13,Afternoon,4,1,6.0,1,2,58
202400013164,2024-03-14,Afternoon,4,1,3.0,1,2,58
202400013165,2024-03-15,Afternoon,4,1,7.0,1,2,56
202400013166,2024-03-14,Afternoon,4,1,6.0,1,2,56
202400013167,2024-03-14,Evening,4,1,3.0,5,2,54
202400013168,2024-03-14,Morning,4,8,6.0,1,2,54
202400013169,2024-03-15,Afternoon,4,2,3.0,1,2,51
202400013170,2024-03-12,Evening,4,1,3.0,1,2,49
202400013171,2024-03-12,Evening,3,1,6.0,5,2,44
202400013172,2024-03-15,Evening,4,1,1.0,5,2,38
202400013173,2024-03-15,Morning,4,1,3.0,1,2,38
202400013174,2024-03-14,Evening,3,1,3.0,1,2,36
202400013175,2024-03-15,Evening,3,1,6.0,2,2,34
202400013176,2024-03-15,Morning,3,1,6.0,1,1,34
202400013177,2024-03-15,Evening,4,1,6.0,1,2,33
202400013178,2024-03-13,Afternoon,4,1,6.0,1,2,31
202400013179,2024-03-15,Morning,4,1,2.0,1,2,27
202400013180,2024-03-14,Afternoon,3,1,3.0,1,2,27
202400013181,2024-03-14,Morning,4,1,7.0,1,2,27
202400013182,2024-03-15,Night,4,1,3.0,5,2,22
202400013183,2024-03-14,Morning,4,1,6.0,1,2,15
202400013184,2024-03-14,Morning,4,1,3.0,2,2,15
202400013185,2024-03-14,Evening,3,1,3.0,1,2,14
202400013186,2024-03-14,Morning,4,1,2.0,1,2,14
202400013187,2024-02-11,Afternoon,4,8,6.0,1,1,14
202400013188,2024-03-15,Afternoon,4,1,3.0,1,2,13
202400013189,2024-03-15,Afternoon,3,1,3.0,1,2,13
202400013190,2024-03-15,Afternoon,4,1,3.0,1,2,13
202400013191,2024-03-12,Afternoon,4,1,3.0,1,2,13
202400013192,2024-03-15,Afternoon,2,1,6.0,1,2,06
202400013193,2024-03-15,Evening,4,1,6.0,2,2,06
202400013194,2024-03-15,Morning,3,1,6.0,1,2,06
202400013195,2024-03-15,Morning,4,1,6.0,1,2,06
202400013196,2024-03-15,Night,3,1,6.0,3,1,06
202400013197,2024-03-15,Evening,4,8,7.0,5,2,01
202400013198,2024-03-15,Evening,3,1,2.0,1,2,75
202400013199,2024-03-15,Afternoon,4,1,6.0,1,2,75
202400013200,2024-03-15,Afternoon,4,1,3.0,1,2,75
202400013201,2024-03-15,Afternoon,4,8,6.0,1,2,75
202400013202,2024-03-15,Evening,4,2,7.0,5,2,75
202400013203,2024-03-15,Afternoon,4,1,6.0,1,2,75
202400013204,2024-03-15,Morning,4,2,7.0,1,2,75
202400013205,2024-03-15,Morning,4,1,3.0,1,2,75
202400013206,2024-03-14,Afternoon,4,1,6.0,1,2,75
202400013207,2024-03-15,Afternoon,4,1,6.0,1,2,75
202400013208,2024-03-14,Afternoon,4,1,6.0,1,2,75
202400013209,2024-03-15,Afternoon,4,1,6.0,1,2,75
202400013210,2024-03-15,Afternoon,4,1,2.0,1,2,75
202400013211,2024-03-15,Night,4,1,4.0,5,2,75
202400013212,2024-03-15,Night,4,1,6.0,5,2,75
202400013213,2024-03-15,Evening,4,2,6.0,5,2,75
202400013214,2024-03-15,Night,4,1,3.0,5,2,75
202400013215,2024-03-15,Afternoon,4,1,3.0,1,2,94
202400013216,2024-03-15,Night,4,1,1.0,5,2,94
202400013217,2024-07-02,Afternoon,4,1,6.0,1,2,54
202400013218,2024-07-01,Afternoon,4,1,7.0,1,2,49
202400013219,2024-03-15,Afternoon,4,1,2.0,1,2,94
202400013220,2024-07-03,Morning,2,1,3.0,1,2,45
202400013221,2024-03-15,Morning,4,8,2.0,1,2,94
202400013222,2024-06-26,Morning,4,1,6.0,1,2,41
202400013223,2024-03-13,Morning,4,2,6.0,1,2,94
202400013224,2024-07-03,Afternoon,4,1,3.0,1,2,39
202400013225,2024-03-15,Afternoon,4,1,2.0,1,2,94
202400013226,2024-03-14,Afternoon,4,1,3.0,1,2,93
202400013227,2024-07-03,Afternoon,4,1,3.0,1,2,37
202400013228,2024-07-03,Morning,4,1,6.0,1,2,37
202400013229,2024-03-15,Morning,4,1,3.0,1,2,93
202400013230,2024-03-15,Evening,4,1,3.0,2,2,93
202400013231,2024-07-03,Evening,4,1,4.0,1,2,36
202400013232,2024-03-15,Morning,4,1,1.0,1,2,93
202400013233,2024-07-03,Night,3,1,1.0,5,2,35
202400013234,2024-03-15,Evening,4,1,1.0,5,2,93
202400013235,2024-07-03,Evening,4,1,6.0,1,2,35
202400013236,2024-03-15,Evening,4,2,6.0,5,2,93
202400013237,2024-07-03,Afternoon,4,1,2.0,1,1,34
202400013238,2024-07-03,Evening,4,1,6.0,1,2,34
202400013239,2024-03-15,Evening,4,2,3.0,5,2,93
202400013240,2024-07-04,Night,4,1,6.0,4,2,33
202400013241,2024-03-15,Evening,4,1,2.0,2,2,92
202400013242,2024-07-03,Morning,4,1,1.0,1,2,33
202400013243,2024-03-15,Morning,4,1,3.0,1,2,92
202400013244,2024-06-29,Morning,4,1,3.0,1,2,29
202400013245,2024-03-15,Afternoon,4,3,2.0,1,2,92
202400013246,2024-07-03,Evening,4,1,6.0,1,2,25
202400013247,2024-03-16,Morning,3,1,6.0,1,1,34
202400013248,2024-07-03,Afternoon,4,1,3.0,1,2,17
202400013249,2024-03-12,Evening,3,1,3.0,1,2,31
202400013250,2024-03-16,Afternoon,4,1,3.0,1,2,67
202400013251,2024-07-03,Evening,4,1,1.0,1,2,13
202400013253,2024-07-02,Night,4,1,6.0,3,1,13
202400013254,2024-03-16,Afternoon,4,1,5.0,1,1,83
202400013255,2024-07-03,Night,4,1,1.0,3,2,13
202400013256,2024-03-15,Afternoon,4,2,3.0,1,2,72
202400013257,2024-07-02,Afternoon,3,1,1.0,1,2,13
202400013258,2024-03-15,Afternoon,2,1,6.0,1,1,15
202400013259,2024-07-03,Afternoon,4,1,6.0,1,2,11
202400013260,2024-03-16,Night,4,8,2.0,3,1,36
202400013261,2024-07-03,Afternoon,4,1,1.0,1,2,06
202400013262,2024-03-16,Afternoon,3,1,3.0,1,1,71
202400013263,2024-07-03,Evening,4,1,1.0,1,2,06
202400013264,2024-03-16,Morning,3,1,1.0,2,1,80
202400013265,2024-07-03,Morning,4,1,6.0,1,2,06
202400013266,2024-03-16,Night,3,1,6.0,3,2,12
202400013267,2024-07-03,Evening,4,1,3.0,1,2,75
202400013268,2024-07-03,Morning,4,1,7.0,1,2,75
202400013269,2024-03-16,Afternoon,4,1,1.0,1,1,39
202400013270,2024-07-03,Morning,3,1,2.0,1,2,75
202400013271,2024-03-15,Afternoon,3,1,1.0,1,1,31
202400013272,2024-07-03,Night,4,1,2.0,5,2,75
202400013273,2024-03-15,Afternoon,3,1,7.0,1,1,31
202400013274,2024-07-03,Afternoon,4,1,3.0,1,2,75
202400013275,2024-03-14,Afternoon,4,1,3.0,1,2,38
202400013276,2024-07-01,Night,4,1,7.0,5,2,75
202400013277,2024-03-15,Afternoon,2,1,6.0,1,1,03
202400013278,2024-03-12,Evening,3,1,1.0,3,1,15
202400013279,2024-07-02,Evening,4,1,3.0,1,2,75
202400013280,2024-03-16,Morning,3,1,7.0,1,1,58
202400013281,2024-07-03,Evening,4,1,6.0,1,2,75
202400013282,2024-03-12,Afternoon,3,1,3.0,1,1,54
202400013283,2024-07-03,Morning,4,1,3.0,1,2,75
202400013284,2024-03-16,Afternoon,4,1,7.0,1,2,72
202400013285,2024-03-16,Afternoon,3,1,7.0,1,1,07
202400013286,2024-07-03,Afternoon,3,1,3.0,1,2,75
202400013287,2024-03-15,Evening,3,1,7.0,1,1,17
202400013288,2024-03-16,Morning,3,1,6.0,1,2,48
202400013289,2024-07-03,Night,4,1,2.0,5,2,94
202400013290,2024-03-16,Night,4,2,6.0,3,1,08
202400013291,2024-07-03,Afternoon,3,1,6.0,1,2,94
202400013293,2024-07-03,Afternoon,4,1,3.0,1,2,93
202400013294,2024-03-16,Afternoon,3,1,1.0,1,2,13
202400013295,2024-07-03,Morning,4,1,1.0,1,2,93
202400013296,2024-03-16,Night,2,1,6.0,3,1,06
202400013297,2024-07-03,Afternoon,4,1,3.0,1,2,93
202400013299,2024-07-03,Night,4,1,3.0,5,2,93
202400013301,2024-07-03,Morning,4,1,3.0,1,2,92
202400013302,2024-02-01,Afternoon,4,1,3.0,1,2,33
202400013303,2024-07-03,Evening,4,1,3.0,1,2,92
202400013304,2024-07-02,Morning,4,8,3.0,1,2,92
202400013305,2024-03-14,Morning,3,1,5.0,1,2,77
202400013306,2024-07-03,Evening,4,1,2.0,1,2,92
202400013307,2024-03-15,Afternoon,3,1,6.0,1,2,21
202400013308,2024-07-03,Evening,4,1,3.0,1,2,92
202400013309,2024-03-16,Morning,2,1,3.0,1,2,10
202400013310,2024-07-03,Night,4,1,3.0,5,2,92
202400013311,2024-07-03,Night,3,1,3.0,5,2,92
202400013312,2024-02-28,Evening,3,1,3.0,2,1,88
202400013314,2024-03-16,Afternoon,3,1,1.0,1,2,81
202400013315,2024-07-04,Afternoon,2,1,2.0,1,1,28
202400013316,2024-03-16,Morning,3,1,6.0,1,2,47
202400013319,2024-03-16,Afternoon,3,1,7.0,1,1,76
202400013320,2024-07-03,Morning,4,1,5.0,1,1,83
202400013321,2024-07-03,Afternoon,4,1,1.0,1,1,12
202400013322,2024-07-04,Afternoon,3,1,6.0,1,2,91
202400013324,2024-07-04,Afternoon,4,1,3.0,1,1,50
202400013325,2024-07-04,Morning,4,1,7.0,1,1,62
202400013326,2024-07-04,Afternoon,4,1,7.0,1,2,69
202400013327,2024-07-04,Afternoon,4,1,3.0,1,1,51
202400013328,2024-03-15,Night,4,1,6.0,3,1,83
202400013329,2024-07-03,Afternoon,4,1,2.0,1,2,51
202400013330,2024-07-03,Afternoon,4,2,7.0,1,1,69
202400013331,2024-03-15,Evening,4,1,6.0,2,1,33
202400013332,2024-07-04,Evening,3,1,7.0,1,1,63
202400013333,2024-07-04,Evening,2,1,1.0,1,1,42
202400013334,2024-07-01,Morning,4,1,1.0,1,2,34
202400013335,2024-03-15,Afternoon,4,1,6.0,1,1,33
202400013336,2024-07-03,Evening,4,8,5.0,1,1,39
202400013337,2024-07-03,Night,3,1,6.0,3,1,25
202400013338,2024-03-14,Morning,4,1,2.0,1,1,33
202400013339,2024-07-03,Evening,4,1,3.0,1,1,38
202400013340,2024-06-30,Afternoon,4,1,3.0,1,2,01
202400013341,2024-07-04,Afternoon,4,1,1.0,1,1,01
202400013342,2024-03-15,Night,4,1,6.0,3,1,78
202400013343,2024-06-29,Afternoon,4,1,3.0,1,1,01
202400013344,2024-07-04,Afternoon,4,1,7.0,1,1,70
202400013345,2024-03-14,Evening,4,1,2.0,3,1,92
202400013346,2024-07-04,Afternoon,4,1,3.0,1,2,66
202400013347,2024-07-01,Afternoon,2,1,6.0,1,1,06
202400013348,2024-07-04,Night,3,1,7.0,3,1,06
202400013349,2024-03-15,Evening,4,3,3.0,3,1,93
202400013350,2024-07-04,Afternoon,4,1,7.0,1,1,06
202400013351,2024-07-04,Morning,4,1,3.0,1,2,06
202400013352,2024-03-15,Afternoon,4,1,3.0,1,1,93
202400013353,2024-07-03,Afternoon,4,1,3.0,1,2,14
202400013354,2024-03-14,Evening,4,1,6.0,3,1,95
202400013355,2024-07-03,Evening,3,1,7.0,2,2,64
202400013356,2024-03-14,Afternoon,4,1,3.0,1,1,95
202400013357,2024-07-03,Evening,3,1,3.0,1,1,43
202400013358,2024-03-14,Morning,4,1,5.0,1,1,93
202400013359,2024-07-03,Afternoon,4,1,6.0,1,2,16
202400013360,2024-07-03,Morning,3,1,7.0,1,1,85
202400013361,2024-03-13,Evening,4,1,7.0,1,1,93
202400013363,2024-07-02,Evening,4,1,6.0,1,2,37
202400013365,2024-07-03,Afternoon,3,1,3.0,1,2,30
202400013367,2024-07-04,Night,3,1,3.0,2,1,52
202400013369,2024-07-04,Morning,2,1,3.0,1,2,31
202400013370,2024-07-03,Evening,4,1,2.0,1,1,13
202400013373,2024-07-03,Evening,3,1,3.0,1,2,66
202400013375,2024-07-04,Morning,3,7,2.0,1,1,13
202400013378,2024-03-14,Afternoon,3,1,3.0,1,2,69
202400013380,2024-03-08,Morning,4,1,3.0,1,2,69
202400013382,2024-03-14,Morning,2,1,2.0,1,1,2B
202400013384,2024-07-04,Morning,4,1,1.0,1,1,45
202400013385,2024-03-13,Evening,4,1,1.0,5,2,95
202400013386,2024-03-14,Afternoon,4,1,6.0,1,2,91
202400013387,2024-07-01,Afternoon,3,1,5.0,1,1,77
202400013388,2024-03-14,Night,4,2,6.0,5,2,91
202400013389,2024-07-03,Night,3,1,1.0,5,2,2A
202400013390,2024-02-25,Night,4,8,6.0,5,2,91
202400013391,2024-07-04,Morning,4,1,3.0,1,1,30
202400013392,2024-02-23,Evening,4,1,1.0,5,2,91
202400013393,2024-07-03,Afternoon,2,1,3.0,1,1,11
202400013394,2024-03-13,Afternoon,4,1,2.0,1,2,84
202400013395,2024-03-14,Night,4,1,6.0,5,2,84
202400013396,2024-07-04,Afternoon,4,1,3.0,1,1,26
202400013397,2024-03-13,Night,4,1,3.0,3,2,84
202400013398,2024-03-14,Afternoon,3,1,6.0,1,1,83
202400013399,2024-07-04,Morning,4,1,2.0,1,1,26
202400013400,2024-03-14,Evening,3,1,1.0,3,1,78
202400013401,2024-07-04,Night,3,1,1.0,1,1,21
202400013402,2024-03-13,Evening,4,1,6.0,1,2,77
202400013403,2024-07-04,Morning,3,3,6.0,1,1,55
202400013404,2024-07-03,Night,2,1,6.0,5,2,38
202400013405,2024-03-14,Afternoon,4,1,6.0,1,2,76
202400013406,2024-03-13,Afternoon,4,1,3.0,1,2,76
202400013407,2024-07-03,Afternoon,3,1,3.0,1,2,81
202400013408,2024-03-13,Evening,4,1,3.0,5,2,76
202400013409,2024-07-04,Morning,4,1,3.0,1,2,65
202400013410,2024-03-14,Afternoon,4,1,3.0,1,2,69
202400013411,2024-07-01,Evening,4,8,1.0,1,1,31
202400013412,2024-03-13,Afternoon,4,1,7.0,1,2,69
202400013413,2024-07-04,Afternoon,4,1,3.0,1,1,16
202400013414,2024-03-13,Afternoon,4,1,2.0,1,2,69
202400013415,2024-07-04,Night,3,1,6.0,5,1,29
202400013416,2024-03-14,Afternoon,4,1,6.0,1,2,67
202400013417,2024-07-04,Night,4,1,7.0,3,1,35
202400013418,2024-03-14,Morning,4,1,3.0,1,1,67
202400013419,2024-06-26,Morning,4,1,3.0,1,2,59
202400013420,2024-03-13,Evening,4,8,3.0,5,2,67
202400013421,2024-07-03,Morning,4,1,4.0,1,2,13
202400013422,2024-03-14,Morning,4,1,4.0,1,1,66
202400013423,2024-07-03,Afternoon,3,1,6.0,1,1,69
202400013424,2024-03-13,Evening,3,7,6.0,2,2,64
202400013425,2024-07-03,Afternoon,4,1,2.0,1,1,78
202400013426,2024-07-02,Evening,4,1,2.0,1,1,92
202400013427,2024-03-13,Afternoon,4,1,3.0,1,2,64
202400013428,2024-07-01,Afternoon,4,1,3.0,1,1,92
202400013429,2024-03-13,Morning,4,1,1.0,1,2,64
202400013430,2024-07-03,Afternoon,4,1,3.0,1,1,93
202400013431,2024-03-14,Afternoon,4,1,2.0,1,2,63
202400013432,2024-07-03,Morning,4,1,2.0,1,1,95
202400013433,2024-07-02,Evening,4,1,3.0,1,1,95
202400013434,2024-03-14,Evening,4,1,1.0,1,2,62
202400013435,2024-07-02,Evening,4,1,2.0,1,1,95
202400013436,2024-03-14,Morning,4,1,7.0,1,2,59
202400013437,2024-07-02,Evening,3,1,2.0,1,1,93
202400013438,2024-03-14,Morning,4,1,6.0,1,2,59
202400013439,2024-07-03,Night,3,1,2.0,4,1,94
202400013440,2024-01-16,Afternoon,4,1,3.0,1,2,91
202400013441,2024-03-13,Afternoon,4,1,3.0,1,2,56
202400013442,2024-03-13,Night,4,1,1.0,5,2,54
202400013443,2024-03-29,Morning,4,1,7.0,1,1,14
202400013444,2024-03-14,Evening,4,1,7.0,2,1,54
202400013445,2024-03-23,Night,3,1,7.0,3,2,49
202400013446,2024-03-12,Evening,4,1,3.0,5,2,50
202400013447,2024-03-12,Evening,4,1,6.0,5,2,49
202400013448,2024-02-24,Night,3,1,6.0,3,2,49
202400013449,2024-03-12,Afternoon,4,1,3.0,1,2,49
202400013450,2024-04-20,Evening,4,1,1.0,1,2,16
202400013451,2024-03-14,Morning,3,1,6.0,1,2,45
202400013453,2024-03-14,Night,4,1,3.0,5,2,41
202400013455,2024-03-13,Evening,2,1,1.0,5,2,38
202400013457,2024-03-13,Evening,4,1,6.0,5,2,37
202400013459,2024-03-14,Morning,4,1,2.0,1,2,37
202400013461,2024-07-01,Morning,4,1,3.0,1,2,69
202400013462,2024-03-13,Morning,4,1,4.0,1,1,35
202400013464,2024-03-13,Afternoon,4,1,6.0,1,2,34
202400013465,2024-07-02,Afternoon,4,1,4.0,1,1,2B
202400013466,2024-07-01,Afternoon,4,1,3.0,1,2,2B
202400013467,2024-03-14,Evening,4,1,3.0,5,2,34
202400013469,2024-03-14,Evening,4,1,3.0,5,2,33
202400013470,2024-07-02,Afternoon,3,1,1.0,1,2,91
202400013471,2024-03-14,Evening,4,1,6.0,4,2,33
202400013472,2024-03-14,Morning,3,1,6.0,1,2,33
202400013473,2024-07-01,Afternoon,4,1,3.0,1,2,91
202400013474,2024-03-14,Evening,4,1,6.0,5,2,31
202400013475,2024-07-01,Afternoon,4,1,5.0,1,1,91
202400013476,2024-03-14,Afternoon,4,1,4.0,1,2,31
202400013477,2024-03-13,Afternoon,3,1,7.0,1,2,30
202400013478,2024-06-30,Morning,4,1,2.0,2,2,87
202400013479,2024-03-13,Evening,4,1,3.0,2,2,29
202400013480,2024-07-01,Afternoon,4,1,1.0,1,2,84
202400013481,2024-03-13,Morning,4,8,3.0,1,2,29
202400013482,2024-07-02,Evening,4,1,3.0,1,2,83
202400013483,2024-03-14,Afternoon,4,1,3.0,1,2,25
202400013484,2024-07-01,Afternoon,4,1,3.0,1,2,80
202400013485,2024-03-14,Morning,4,1,6.0,1,2,25
202400013486,2024-07-01,Morning,4,1,7.0,1,2,80
202400013487,2024-02-21,Evening,4,2,3.0,1,1,22
202400013488,2024-07-03,Night,4,1,6.0,3,2,78
202400013489,2024-07-02,Morning,3,1,1.0,1,2,76
202400013490,2024-07-01,Evening,4,1,6.0,1,2,76
202400013491,2024-07-01,Afternoon,4,1,6.0,1,2,74
202400013492,2024-07-02,Evening,4,1,5.0,1,2,73
202400013493,2024-07-02,Afternoon,4,1,5.0,1,2,72
202400013494,2024-07-02,Night,4,1,6.0,3,2,72
202400013495,2024-07-01,Evening,4,1,2.0,1,2,72
202400013496,2024-07-01,Morning,2,1,3.0,1,2,71
202400013497,2024-07-02,Morning,4,1,3.0,1,2,71
202400013498,2024-07-01,Morning,4,1,6.0,1,2,69
202400013499,2024-06-30,Evening,4,8,3.0,1,2,67
202400013500,2024-07-02,Evening,4,1,3.0,1,2,64
202400013501,2024-07-01,Afternoon,4,2,4.0,1,2,64
202400013502,2024-07-01,Afternoon,4,1,7.0,1,2,64
202400013503,2024-07-02,Afternoon,4,1,5.0,1,2,63
202400013504,2024-07-02,Morning,3,1,1.0,1,1,59
202400013505,2024-07-01,Afternoon,4,1,3.0,1,2,59
202400013506,2024-03-06,Afternoon,2,1,6.0,1,2,59
202400013507,2024-07-01,Afternoon,2,1,3.0,1,2,57
202400013508,2024-07-01,Morning,4,1,6.0,1,2,56
202400013509,2024-07-02,Afternoon,4,1,3.0,1,2,54
202400013510,2024-07-01,Morning,4,2,2.0,1,2,54
202400013511,2024-07-01,Afternoon,4,1,1.0,1,1,54
202400013512,2024-07-02,Afternoon,4,8,1.0,1,2,51
202400013513,2024-07-02,Morning,4,1,3.0,1,2,51
202400013514,2024-07-02,Afternoon,4,1,2.0,1,2,50
202400013515,2024-07-01,Morning,4,1,3.0,1,2,50
202400013516,2024-07-01,Afternoon,4,1,3.0,1,2,49
202400013517,2024-07-01,Morning,4,1,3.0,1,2,49
202400013518,2024-06-28,Afternoon,3,1,3.0,1,2,49
202400013519,2024-07-02,Afternoon,4,1,3.0,1,2,45
202400013520,2024-06-15,Morning,3,1,6.0,1,2,40
202400013521,2024-07-02,Evening,4,1,6.0,1,2,37
202400013522,2024-07-02,Evening,4,1,3.0,1,2,35
202400013523,2024-07-02,Morning,4,2,5.0,1,1,35
202400013524,2024-07-02,Afternoon,4,1,5.0,1,1,34