Num_Acc,date,time_of_day,max_severity,weather,collision_type,lighting,urban_area,department
202400013525,2024-07-02,Afternoon,4,1,3.0,1,2,34
202400013526,2024-11-22,Evening,4,1,5.0,5,1,13
202400013527,2024-11-19,Evening,4,2,2.0,3,1,13
202400013528,2024-07-01,Night,3,1,3.0,5,1,34
202400013529,2024-06-30,Evening,3,1,6.0,2,2,34
202400013530,2024-11-22,Afternoon,4,1,4.0,3,1,83
202400013531,2024-07-02,Afternoon,2,1,1.0,1,2,33
202400013532,2024-11-23,Evening,4,1,4.0,5,1,33
202400013533,2024-07-01,Afternoon,4,1,3.0,1,1,33
202400013534,2024-11-23,Afternoon,4,1,4.0,1,1,91
202400013535,2024-11-23,Morning,4,2,2.0,1,1,94
202400013536,2024-07-02,Evening,3,1,3.0,1,1,26
202400013537,2024-11-23,Night,4,1,2.0,3,1,92
202400013538,2024-11-23,Night,4,1,6.0,3,1,95
202400013539,2024-11-23,Night,4,1,6.0,3,1,92
202400013540,2024-07-02,Afternoon,4,1,3.0,1,2,13
202400013541,2024-11-22,Evening,4,2,2.0,3,1,94
202400013542,2024-07-01,Afternoon,4,1,3.0,1,2,13
202400013543,2024-07-02,Morning,4,1,3.0,1,2,13
202400013545,2024-07-02,Afternoon,4,1,3.0,1,2,13
202400013548,2024-07-02,Afternoon,4,1,2.0,1,2,13
202400013550,2024-06-24,Afternoon,4,1,3.0,1,2,12
202400013552,2024-06-28,Night,3,1,6.0,3,1,07
202400013554,2024-11-22,Evening,4,1,3.0,5,2,69
202400013555,2024-11-22,Evening,4,1,3.0,5,2,69
202400013556,2024-11-22,Evening,3,1,3.0,5,2,69
202400013557,2024-11-22,Evening,4,1,6.0,5,2,69
202400013561,2024-11-22,Afternoon,4,1,6.0,5,2,95
202400013562,2024-11-22,Afternoon,3,1,6.0,1,2,91
202400013563,2024-11-22,Evening,4,1,6.0,5,2,91
202400013564,2024-11-21,Afternoon,4,6,6.0,1,2,87
202400013565,2024-11-21,Morning,4,1,4.0,5,2,87
202400013566,2024-11-22,Evening,4,1,6.0,5,2,84
202400013567,2024-11-22,Afternoon,4,1,1.0,5,2,84
202400013568,2024-11-21,Evening,2,1,2.0,4,1,83
202400013569,2024-11-22,Evening,2,9,1.0,5,2,79
202400013570,2024-11-22,Morning,4,8,2.0,1,2,74
202400013571,2024-11-22,Afternoon,4,1,6.0,1,2,72
202400013572,2024-11-21,Night,4,1,3.0,5,1,72
202400013573,2024-11-22,Morning,4,1,3.0,1,2,69
202400013574,2024-11-22,Morning,4,8,2.0,5,2,69
202400013575,2024-11-22,Night,4,1,3.0,5,2,69
202400013576,2024-11-22,Night,4,2,6.0,4,1,69
202400013577,2024-11-22,Afternoon,4,8,6.0,5,2,67
202400013578,2024-11-22,Evening,4,1,5.0,5,2,67
202400013579,2024-11-22,Morning,4,3,6.0,1,2,64
202400013580,2024-11-22,Night,4,1,3.0,5,2,64
202400013581,2024-11-22,Evening,4,1,6.0,5,2,64
202400013582,2024-11-22,Morning,4,2,7.0,1,2,64
202400013583,2024-11-21,Afternoon,4,1,6.0,1,2,64
202400013584,2024-11-22,Afternoon,4,2,3.0,1,1,64
202400013585,2024-11-22,Evening,4,1,4.0,4,2,64
202400013586,2024-11-22,Afternoon,4,1,2.0,1,2,59
202400013587,2024-11-22,Afternoon,4,1,3.0,1,2,56
202400013588,2024-11-22,Morning,4,1,6.0,5,2,54
202400013589,2024-11-21,Morning,4,1,3.0,1,2,54
202400013590,2024-11-20,Evening,4,1,3.0,5,2,54
202400013591,2024-11-22,Morning,4,4,7.0,1,2,51
202400013592,2024-11-21,Afternoon,4,1,6.0,3,2,51
202400013593,2024-11-21,Morning,4,8,1.0,5,2,50
202400013594,2024-11-18,Afternoon,4,3,2.0,5,2,50
202400013595,2024-11-21,Afternoon,3,1,6.0,1,2,49
202400013596,2024-11-22,Morning,4,1,6.0,1,2,49
202400013597,2024-11-21,Night,4,1,6.0,5,2,49
202400013598,2024-11-21,Morning,4,4,6.0,5,2,49
202400013599,2024-11-21,Morning,3,4,3.0,5,2,49
202400013600,2024-11-20,Afternoon,4,1,2.0,1,2,49
202400013601,2024-11-22,Evening,3,2,3.0,5,2,38
202400013602,2024-11-22,Evening,4,1,3.0,5,2,38
202400013603,2024-11-22,Night,4,9,7.0,5,2,37
202400013604,2024-11-23,Night,4,1,2.0,3,1,35
202400013605,2024-11-22,Afternoon,4,1,2.0,1,1,35
202400013606,2024-04-19,Afternoon,4,1,2.0,1,2,76
202400013607,2024-11-22,Morning,4,1,3.0,2,2,35
202400013608,2024-11-22,Afternoon,3,1,3.0,5,2,34
202400013609,2024-04-19,Afternoon,4,1,2.0,1,2,71
202400013610,2024-11-22,Morning,4,1,3.0,1,2,34
202400013611,2024-04-21,Morning,4,1,4.0,1,1,66
202400013612,2024-04-19,Morning,4,1,3.0,1,2,65
202400013613,2024-11-22,Evening,4,8,4.0,3,2,33
202400013614,2024-04-21,Afternoon,4,1,6.0,1,2,63
202400013615,2024-11-22,Evening,4,1,3.0,5,2,33
202400013616,2024-04-20,Afternoon,3,1,6.0,1,1,60
202400013617,2024-11-22,Evening,4,1,3.0,5,2,33
202400013618,2024-04-21,Afternoon,4,1,1.0,1,2,59
202400013619,2024-11-22,Night,4,2,2.0,5,2,33
202400013620,2024-04-20,Morning,4,1,3.0,1,2,59
202400013621,2024-11-18,Night,4,1,6.0,5,2,33
202400013622,2024-04-21,Night,4,1,6.0,3,2,59
202400013623,2024-11-14,Night,2,1,6.0,3,1,30
202400013624,2024-04-21,Afternoon,4,1,6.0,1,2,56
202400013625,2024-11-22,Afternoon,4,1,2.0,1,2,29
202400013626,2024-04-21,Evening,3,1,7.0,2,1,54
202400013627,2024-11-21,Afternoon,4,9,2.0,2,2,27
202400013628,2024-04-21,Afternoon,4,1,3.0,1,2,45
202400013629,2024-04-21,Evening,4,1,6.0,5,2,44
202400013630,2024-04-21,Night,4,8,3.0,5,2,43
202400013631,2024-11-22,Night,4,1,3.0,5,2,26
202400013632,2024-04-21,Evening,4,1,6.0,2,2,37
202400013633,2024-04-22,Night,4,1,2.0,5,2,34
202400013634,2024-04-21,Afternoon,3,1,2.0,1,2,34
202400013635,2024-11-22,Morning,3,2,6.0,5,2,22
202400013636,2024-04-22,Night,4,1,6.0,5,2,33
202400013637,2024-04-21,Afternoon,3,1,6.0,1,2,33
202400013638,2024-11-22,Morning,4,1,6.0,1,1,15
202400013639,2024-04-21,Night,4,1,6.0,5,2,33
202400013640,2024-04-19,Afternoon,4,1,3.0,1,2,33
202400013641,2024-11-21,Morning,4,4,3.0,3,2,14
202400013642,2024-04-21,Afternoon,4,1,3.0,1,2,31
202400013643,2024-11-22,Evening,4,1,1.0,5,2,13
202400013644,2024-04-19,Afternoon,4,1,7.0,1,2,22
202400013645,2024-04-21,Night,4,1,7.0,5,2,17
202400013646,2024-11-22,Morning,4,1,3.0,1,2,13
202400013647,2024-04-21,Night,4,1,7.0,5,2,17
202400013648,2024-11-22,Morning,3,1,1.0,2,2,13
202400013649,2024-11-22,Night,4,8,1.0,5,2,13
202400013650,2024-04-21,Evening,4,1,1.0,1,2,13
202400013651,2024-11-22,Night,4,1,2.0,5,2,13
202400013652,2024-04-21,Evening,3,1,3.0,1,2,13
202400013653,2024-11-22,Morning,4,8,7.0,3,2,11
202400013654,2024-04-20,Afternoon,4,1,1.0,1,1,13
202400013655,2024-11-21,Evening,4,2,6.0,5,2,11
202400013656,2024-04-21,Afternoon,4,1,3.0,1,2,13
202400013657,2024-11-21,Evening,4,2,3.0,5,2,11
202400013658,2024-04-21,Afternoon,4,1,3.0,1,2,13
202400013659,2024-11-22,Afternoon,3,4,3.0,5,2,10
202400013660,2024-04-21,Night,3,2,6.0,5,2,06
202400013661,2024-11-22,Afternoon,2,1,1.0,1,2,07
202400013662,2024-04-21,Evening,4,2,1.0,5,2,06
202400013663,2024-11-22,Morning,4,1,3.0,1,1,06
202400013664,2024-04-21,Afternoon,3,1,3.0,1,2,06
202400013665,2024-11-21,Afternoon,3,1,3.0,1,2,06
202400013666,2024-11-22,Afternoon,4,1,6.0,1,2,06
202400013667,2024-04-21,Afternoon,4,1,3.0,1,2,06
202400013668,2024-11-18,Afternoon,4,1,3.0,1,2,06
202400013669,2024-11-20,Afternoon,4,1,3.0,1,2,75
202400013670,2024-04-20,Night,4,1,4.0,5,2,75
202400013671,2024-04-21,Afternoon,4,1,6.0,1,2,75
202400013672,2024-11-18,Afternoon,4,2,2.0,1,2,75
202400013673,2024-04-21,Night,3,8,6.0,5,2,75
202400013674,2024-11-22,Evening,4,1,3.0,5,2,75
202400013675,2024-04-21,Morning,4,1,3.0,2,2,75
202400013676,2024-11-22,Night,4,8,6.0,5,2,75
202400013677,2024-04-20,Afternoon,4,1,2.0,1,2,75
202400013678,2024-04-21,Afternoon,4,1,1.0,1,2,75
202400013679,2024-11-22,Morning,4,8,5.0,1,2,75
202400013680,2024-04-21,Afternoon,4,2,3.0,1,2,75
202400013681,2024-11-22,Morning,3,1,6.0,1,2,75
202400013682,2024-04-21,Afternoon,4,1,3.0,1,2,75
202400013683,2024-11-22,Evening,4,1,6.0,5,2,75
202400013684,2024-04-21,Night,4,1,1.0,5,2,75
202400013685,2024-11-22,Night,4,1,3.0,3,2,75
202400013686,2024-04-21,Evening,4,1,6.0,1,2,75
202400013687,2024-11-22,Afternoon,4,1,6.0,1,2,75
202400013688,2024-04-21,Morning,4,1,3.0,2,2,94
202400013689,2024-11-22,Evening,4,1,3.0,5,2,75
202400013690,2024-04-21,Morning,4,1,6.0,1,2,93
202400013691,2024-11-22,Morning,4,8,7.0,1,2,75
202400013692,2024-04-21,Evening,4,8,3.0,1,2,93
202400013693,2024-11-21,Afternoon,4,4,6.0,5,2,75
202400013694,2024-04-21,Afternoon,4,2,2.0,1,2,93
202400013695,2024-11-21,Afternoon,4,4,6.0,1,2,75
202400013696,2024-04-21,Evening,4,1,3.0,1,2,92
202400013697,2024-04-21,Afternoon,4,1,3.0,1,2,92
202400013698,2024-11-22,Evening,4,1,2.0,5,2,94
202400013699,2024-04-21,Afternoon,3,1,7.0,1,2,92
202400013701,2024-11-22,Night,4,4,6.0,5,2,94
202400013702,2024-11-21,Night,4,4,7.0,5,2,94
202400013703,2024-11-22,Afternoon,4,1,3.0,1,2,94
202400013704,2024-11-22,Afternoon,3,2,6.0,1,2,94
202400013705,2024-04-18,Evening,3,1,6.0,3,1,86
202400013706,2024-11-22,Morning,4,4,3.0,1,2,94
202400013707,2024-04-22,Evening,4,1,3.0,1,1,68
202400013708,2024-04-22,Morning,4,1,1.0,1,2,95
202400013709,2024-11-22,Afternoon,4,2,3.0,1,2,94
202400013710,2024-04-20,Afternoon,4,1,3.0,1,1,11
202400013711,2024-11-22,Morning,4,4,3.0,1,1,95
202400013712,2024-04-21,Evening,4,1,6.0,1,1,11
202400013713,2024-11-21,Night,4,4,5.0,5,2,93
202400013715,2024-04-21,Afternoon,3,1,6.0,1,2,84
202400013716,2024-11-22,Morning,4,4,6.0,1,2,93
202400013717,2024-04-21,Evening,4,1,3.0,2,1,12
202400013718,2024-11-22,Afternoon,4,1,2.0,1,2,93
202400013719,2024-04-22,Night,2,1,1.0,3,1,83
202400013720,2024-09-11,Morning,4,1,3.0,1,2,94
202400013721,2024-11-22,Night,4,4,3.0,5,2,93
202400013722,2024-04-21,Evening,4,1,1.0,2,2,51
202400013723,2024-11-21,Night,4,4,2.0,5,2,93
202400013724,2024-04-22,Night,3,1,7.0,3,1,32
202400013725,2024-09-10,Afternoon,4,1,5.0,1,1,94
202400013726,2024-09-11,Evening,4,1,6.0,1,2,94
202400013727,2024-11-22,Afternoon,4,1,3.0,1,2,92
202400013728,2024-04-21,Afternoon,4,1,3.0,1,2,71
202400013729,2024-11-22,Morning,4,1,6.0,1,2,92
202400013730,2024-04-22,Evening,3,1,6.0,1,1,11
202400013731,2024-09-11,Night,4,8,3.0,5,2,94
202400013732,2024-09-11,Night,4,1,6.0,3,2,93
202400013733,2024-11-22,Morning,4,2,6.0,1,2,92
202400013734,2024-04-21,Night,4,1,2.0,4,2,61
202400013735,2024-11-20,Evening,4,8,6.0,5,2,92
202400013736,2024-04-21,Afternoon,3,9,6.0,1,1,49
202400013737,2024-09-11,Evening,4,1,3.0,1,2,93
202400013738,2024-04-21,Night,4,1,6.0,3,1,34
202400013739,2024-11-18,Evening,4,2,6.0,5,2,92
202400013740,2024-09-11,Afternoon,4,1,3.0,1,2,93
202400013741,2024-11-22,Afternoon,4,9,6.0,1,2,92
202400013742,2024-04-22,Morning,3,1,3.0,1,1,29
202400013743,2024-09-11,Morning,4,1,6.0,1,2,93
202400013744,2024-04-22,Afternoon,4,1,3.0,1,2,29
202400013745,2024-09-11,Morning,4,1,6.0,1,2,92
202400013746,2024-11-22,Morning,4,2,3.0,1,2,92
202400013747,2024-09-11,Afternoon,4,1,6.0,1,2,92
202400013748,2024-04-22,Evening,4,1,1.0,1,1,70
202400013749,2024-11-18,Afternoon,4,2,1.0,5,2,92
202400013750,2024-09-11,Afternoon,4,1,7.0,1,2,92
202400013751,2024-04-20,Evening,3,1,1.0,2,1,54
202400013752,2024-11-22,Morning,4,1,6.0,1,2,92
202400013753,2024-09-11,Afternoon,4,1,3.0,1,2,92
202400013754,2024-04-22,Morning,4,8,6.0,2,2,06
202400013755,2024-04-22,Morning,4,1,6.0,1,2,05
202400013756,2024-11-22,Afternoon,4,1,2.0,1,2,92
202400013757,2024-09-11,Morning,4,1,3.0,1,2,71
202400013758,2024-04-22,Morning,4,1,3.0,2,1,64
202400013759,2024-11-22,Morning,4,1,6.0,1,2,92
202400013760,2024-09-11,Evening,4,2,1.0,1,1,24
202400013761,2024-11-22,Night,4,4,7.0,5,2,92
202400013762,2024-04-20,Afternoon,3,1,3.0,1,2,16
202400013763,2024-04-21,Morning,3,1,7.0,3,1,53
202400013764,2024-11-22,Morning,4,1,6.0,1,2,92
202400013765,2024-04-21,Afternoon,3,1,3.0,1,1,40
202400013766,2024-09-06,Morning,3,1,4.0,1,1,84
202400013767,2024-11-22,Morning,4,4,2.0,1,2,92
202400013768,2024-04-22,Morning,4,1,6.0,1,1,24
202400013770,2024-04-22,Evening,3,1,1.0,1,1,28
202400013771,2024-09-12,Afternoon,3,1,7.0,1,1,83
202400013772,2024-11-22,Night,3,3,2.0,3,1,09
202400013773,2024-04-20,Morning,4,1,3.0,1,1,30
202400013774,2024-09-10,Morning,3,1,2.0,2,1,51
202400013775,2024-11-22,Night,3,9,6.0,3,2,41
202400013776,2024-09-07,Afternoon,4,1,7.0,1,1,68
202400013777,2024-04-21,Morning,3,1,6.0,1,1,30
202400013778,2024-11-22,Evening,4,1,6.0,5,1,06
202400013779,2024-09-12,Afternoon,3,1,6.0,1,1,44
202400013780,2024-04-20,Evening,4,6,5.0,3,1,30
202400013781,2024-09-12,Night,4,1,1.0,3,1,83
202400013782,2024-11-19,Morning,4,1,4.0,1,1,83
202400013783,2024-09-11,Afternoon,4,1,1.0,1,1,83
202400013785,2024-11-22,Night,4,1,2.0,3,1,71
202400013786,2024-09-11,Night,3,1,1.0,3,1,62
202400013787,2024-04-21,Night,4,1,2.0,3,1,73
202400013788,2024-09-12,Morning,3,1,1.0,2,1,95
202400013789,2024-04-22,Morning,4,1,1.0,2,2,01
202400013790,2024-11-23,Afternoon,2,7,3.0,1,2,01
202400013791,2024-09-11,Afternoon,3,1,3.0,1,1,51
202400013792,2024-04-21,Night,3,1,6.0,3,1,33
202400013793,2024-11-23,Morning,4,2,7.0,3,1,29
202400013794,2024-04-22,Morning,4,1,2.0,1,2,62
202400013795,2024-09-11,Evening,3,1,6.0,1,2,59
202400013797,2024-11-22,Evening,4,8,6.0,5,2,62
202400013798,2024-08-10,Afternoon,4,1,3.0,1,2,56
202400013799,2024-02-19,Morning,3,1,6.0,1,1,66
202400013800,2024-11-23,Morning,3,1,1.0,1,2,83
202400013801,2024-04-21,Evening,4,1,1.0,2,1,11
202400013802,2024-09-12,Afternoon,4,1,2.0,1,1,2B
202400013803,2024-09-10,Evening,4,1,6.0,3,2,33
202400013804,2024-11-22,Morning,4,1,1.0,2,1,56
202400013805,2024-04-21,Afternoon,3,1,3.0,1,1,83
202400013806,2024-09-11,Afternoon,2,1,1.0,1,1,11
202400013807,2024-11-23,Night,4,8,6.0,3,1,55
202400013808,2024-04-12,Morning,3,1,3.0,1,1,83
202400013809,2024-09-11,Evening,4,2,6.0,3,1,63
202400013810,2024-11-22,Afternoon,4,1,3.0,1,1,12
202400013811,2024-04-22,Afternoon,4,3,1.0,1,1,06
202400013812,2024-09-11,Night,4,2,3.0,3,1,61
202400013813,2024-11-19,Morning,3,2,7.0,1,1,29
202400013814,2024-04-22,Morning,4,8,6.0,2,1,26
202400013815,2024-11-23,Morning,4,1,2.0,1,2,03
202400013816,2024-09-08,Evening,3,2,5.0,1,1,49
202400013817,2024-04-21,Afternoon,3,1,3.0,1,1,38
202400013818,2024-11-22,Afternoon,3,4,6.0,1,1,70
202400013819,2024-04-22,Morning,4,1,1.0,1,2,89
202400013820,2024-11-23,Night,4,1,6.0,3,1,50
202400013821,2024-09-10,Evening,4,8,2.0,1,2,68
202400013822,2024-11-22,Evening,3,1,6.0,5,2,53
202400013823,2024-04-16,Morning,4,1,1.0,1,1,38
202400013824,2024-09-12,Morning,3,1,3.0,1,1,03
202400013825,2024-04-22,Afternoon,2,1,3.0,1,2,81
202400013826,2024-11-23,Morning,3,1,7.0,3,2,17
202400013827,2024-09-11,Afternoon,3,1,3.0,1,1,50
202400013828,2024-04-21,Afternoon,3,1,6.0,1,1,40
202400013829,2024-11-23,Night,3,1,7.0,3,1,17
202400013830,2024-09-11,Evening,4,3,2.0,1,2,36
202400013831,2024-04-21,Night,4,1,1.0,3,1,60
202400013832,2024-09-11,Afternoon,3,8,6.0,1,1,16
202400013833,2024-11-23,Morning,4,1,1.0,2,2,31
202400013834,2024-04-22,Morning,4,1,2.0,1,2,62
202400013835,2024-09-12,Night,3,1,7.0,3,1,40
202400013836,2024-04-21,Evening,4,1,3.0,1,2,13
202400013837,2024-11-22,Afternoon,3,1,6.0,1,2,35
202400013838,2024-09-12,Morning,3,1,6.0,1,2,24
202400013839,2024-11-23,Night,4,1,6.0,3,1,06
202400013840,2024-09-12,Evening,4,1,6.0,2,1,85
202400013841,2024-04-20,Evening,4,6,2.0,1,1,13
202400013842,2024-09-12,Afternoon,3,1,1.0,1,1,87
202400013843,2024-04-20,Evening,4,1,4.0,1,2,13
202400013844,2024-11-22,Evening,4,1,5.0,3,1,62
202400013845,2024-09-11,Evening,3,1,6.0,3,1,37
202400013846,2024-04-20,Afternoon,4,1,2.0,1,1,83
202400013847,2024-09-09,Afternoon,3,1,3.0,1,1,48
202400013848,2024-01-03,Evening,4,1,2.0,5,2,69
202400013849,2024-11-22,Afternoon,4,1,2.0,2,1,31
202400013850,2024-04-21,Afternoon,4,1,7.0,1,1,91
202400013852,2024-04-21,Afternoon,4,1,2.0,1,1,91
202400013853,2024-11-23,Afternoon,4,1,2.0,1,1,13
202400013854,2024-09-10,Morning,3,1,6.0,3,1,35
202400013855,2024-04-21,Afternoon,4,1,7.0,1,1,91
202400013857,2024-04-20,Night,4,1,7.0,3,1,91
202400013858,2024-09-11,Afternoon,4,2,5.0,1,1,39
202400013859,2024-04-21,Afternoon,4,1,6.0,1,1,78
202400013860,2024-11-23,Night,4,1,6.0,2,2,66
202400013861,2024-04-19,Afternoon,4,1,3.0,1,1,92
202400013862,2024-09-11,Afternoon,3,6,2.0,1,1,34
202400013863,2024-11-22,Afternoon,3,1,3.0,1,1,11
202400013864,2024-09-12,Afternoon,3,1,6.0,1,1,77
202400013865,2024-04-21,Afternoon,4,1,2.0,1,1,93
202400013866,2024-11-01,Afternoon,3,1,7.0,2,1,34
202400013868,2024-04-21,Afternoon,4,1,5.0,1,1,94
202400013869,2024-11-22,Night,3,1,1.0,5,2,13
202400013871,2024-01-18,Evening,3,2,6.0,3,2,74
202400013872,2024-02-18,Afternoon,4,1,1.0,1,1,74
202400013873,2024-09-12,Morning,3,8,3.0,1,2,45
202400013874,2024-11-20,Afternoon,4,1,6.0,2,2,67
202400013875,2024-02-01,Evening,4,1,7.0,5,1,74
202400013876,2024-09-07,Morning,4,1,6.0,1,2,77
202400013877,2024-02-17,Morning,3,1,6.0,1,2,74
202400013878,2024-11-20,Morning,4,1,6.0,1,2,67
202400013879,2024-09-11,Evening,3,1,3.0,1,1,83
202400013880,2024-02-09,Afternoon,4,2,6.0,1,2,74
202400013881,2024-02-17,Night,2,1,6.0,3,2,74
202400013882,2024-11-14,Afternoon,4,7,6.0,1,1,23
202400013883,2024-01-16,Afternoon,2,1,1.0,1,1,74
202400013884,2024-01-09,Afternoon,2,4,6.0,3,1,74
202400013885,2024-09-10,Night,4,1,3.0,5,2,10
202400013886,2024-11-22,Morning,3,7,6.0,2,1,86
202400013887,2024-09-11,Morning,3,1,2.0,1,1,69
202400013888,2024-02-19,Night,4,8,3.0,5,2,59
202400013889,2024-11-22,Night,3,1,6.0,5,2,60
202400013891,2024-09-11,Evening,4,2,1.0,1,1,81
202400013894,2024-11-21,Evening,4,1,4.0,3,1,13
202400013896,2024-09-11,Afternoon,4,1,3.0,1,1,35
202400013898,2024-11-21,Evening,4,1,2.0,5,1,13
202400013899,2024-09-10,Morning,4,2,6.0,2,1,54
202400013900,2024-09-11,Afternoon,4,1,4.0,1,1,33
202400013902,2024-11-21,Afternoon,4,1,4.0,1,1,13
202400013904,2024-09-11,Afternoon,4,1,4.0,1,1,91
202400013905,2024-11-21,Morning,4,1,2.0,1,2,13
202400013906,2024-04-20,Evening,4,1,6.0,1,2,69
202400013907,2024-09-11,Morning,4,8,4.0,1,1,92
202400013908,2024-09-11,Morning,4,2,2.0,1,1,92
202400013909,2024-11-16,Evening,4,1,2.0,3,1,13
202400013910,2024-04-20,Afternoon,4,1,3.0,1,2,69
202400013911,2024-09-10,Afternoon,3,1,3.0,1,1,93
202400013912,2024-11-21,Night,4,1,2.0,3,1,59
202400013913,2024-04-20,Morning,3,1,6.0,2,2,69
202400013914,2024-09-09,Afternoon,4,1,3.0,1,1,95
202400013915,2024-09-10,Night,4,1,2.0,5,1,94
202400013917,2024-04-28,Afternoon,4,1,6.0,1,2,42
202400013918,2024-11-22,Morning,4,4,4.0,3,1,91
202400013920,2024-03-19,Morning,4,1,3.0,1,2,42
202400013922,2024-04-20,Morning,4,1,6.0,1,2,91
202400013923,2024-04-19,Night,4,1,1.0,5,2,84
202400013924,2024-03-17,Evening,4,1,3.0,5,2,42
202400013925,2024-04-20,Afternoon,4,1,1.0,1,2,83
202400013926,2024-02-29,Morning,4,1,2.0,1,1,42
202400013927,2024-04-20,Morning,3,1,1.0,1,1,83
202400013928,2024-04-16,Afternoon,4,1,6.0,1,2,83
202400013930,2024-04-20,Afternoon,4,1,3.0,1,2,80
202400013932,2024-11-21,Night,4,4,5.0,3,1,94
202400013933,2024-04-20,Morning,4,1,6.0,1,2,78
202400013934,2024-11-21,Night,3,4,3.0,3,1,94
202400013935,2024-12-27,Night,4,1,6.0,5,2,75
202400013936,2024-12-28,Night,4,1,7.0,5,2,75
202400013937,2024-04-20,Evening,4,1,7.0,1,2,77
202400013938,2024-11-22,Evening,4,1,3.0,3,1,92
202400013940,2024-12-28,Evening,4,1,2.0,5,2,75
202400013941,2024-04-20,Afternoon,4,1,2.0,1,2,77
202400013943,2024-11-21,Afternoon,4,4,6.0,2,1,78
202400013944,2024-12-28,Afternoon,4,8,3.0,1,2,94
202400013945,2024-04-20,Evening,3,1,3.0,1,2,76
202400013946,2024-11-21,Night,4,1,5.0,3,1,92
202400013948,2024-04-20,Evening,4,1,2.0,2,2,73
202400013949,2024-11-20,Afternoon,4,2,3.0,3,1,92
202400013950,2024-12-28,Evening,4,1,1.0,5,2,94
202400013951,2024-02-01,Night,4,1,6.0,5,2,75
202400013953,2024-04-19,Afternoon,3,1,3.0,1,2,72
202400013954,2024-11-21,Night,4,4,6.0,3,1,95
202400013955,2024-12-27,Night,4,1,2.0,5,2,94
202400013956,2024-02-02,Evening,4,1,6.0,5,2,75
202400013957,2024-04-19,Afternoon,4,1,4.0,1,2,72
202400013958,2024-12-28,Evening,3,8,1.0,3,2,93
202400013960,2024-11-21,Night,4,4,4.0,3,1,95
202400013961,2024-02-02,Afternoon,4,1,2.0,1,2,75
202400013962,2024-04-20,Afternoon,4,1,1.0,1,2,69
202400013963,2024-12-28,Afternoon,4,1,2.0,5,2,92
202400013964,2024-02-02,Afternoon,4,1,6.0,1,2,75
202400013965,2024-11-22,Night,4,4,7.0,3,1,95
202400013966,2024-04-16,Afternoon,4,1,7.0,1,2,69
202400013968,2024-12-28,Evening,4,1,3.0,5,2,92
202400013969,2024-01-31,Evening,4,1,1.0,2,2,75
202400013970,2024-11-20,Morning,4,1,3.0,1,1,93
202400013971,2024-12-28,Night,4,5,6.0,5,2,92
202400013972,2024-04-20,Evening,3,9,3.0,1,2,67
202400013974,2024-12-28,Night,2,5,6.0,5,2,92
202400013975,2024-11-19,Afternoon,4,2,3.0,2,1,93
202400013976,2024-02-02,Afternoon,4,1,3.0,1,2,75
202400013977,2024-04-20,Night,4,1,3.0,5,2,64
202400013979,2024-12-28,Evening,4,1,3.0,5,2,92
202400013980,2024-11-19,Afternoon,3,2,2.0,1,1,95
202400013981,2024-01-31,Morning,4,1,6.0,1,2,75
202400013983,2024-12-28,Night,4,1,7.0,5,2,92
202400013984,2024-11-19,Morning,4,2,6.0,1,1,75
202400013985,2024-04-20,Afternoon,4,1,3.0,1,2,63
202400013986,2024-12-28,Morning,4,1,7.0,1,1,2A
202400013987,2024-02-02,Afternoon,4,1,3.0,1,2,75
202400013988,2024-04-20,Night,4,2,6.0,4,2,59
202400013990,2024-11-18,Morning,3,2,5.0,1,1,95
202400013991,2024-12-29,Morning,4,1,6.0,1,1,2A
202400013992,2024-02-02,Morning,4,1,6.0,1,2,75
202400013993,2024-04-19,Afternoon,4,1,6.0,1,2,59
202400013994,2024-11-21,Morning,2,5,6.0,5,1,74
202400013995,2024-08-07,Morning,3,1,3.0,1,2,2A
202400013996,2024-02-02,Afternoon,4,1,3.0,1,2,94
202400013997,2024-04-20,Morning,4,1,3.0,1,2,56
202400013998,2024-05-22,Night,4,1,2.0,5,2,14
202400013999,2024-09-10,Afternoon,4,8,6.0,1,2,95
202400014000,2024-02-01,Morning,4,2,2.0,1,2,94
202400014001,2024-12-29,Afternoon,4,5,2.0,1,1,52
202400014002,2024-09-10,Morning,4,1,6.0,1,2,95
202400014003,2024-04-19,Afternoon,4,1,1.0,1,2,54
202400014005,2024-12-29,Afternoon,3,8,7.0,1,1,67
202400014006,2024-02-02,Evening,3,1,3.0,5,2,94
202400014007,2024-09-10,Morning,4,1,3.0,1,2,95
202400014008,2024-04-20,Afternoon,4,1,3.0,1,2,51
202400014009,2024-02-02,Afternoon,4,1,3.0,1,2,94
202400014010,2024-09-10,Morning,4,1,6.0,1,2,95
202400014011,2024-12-29,Afternoon,4,1,5.0,1,1,19
202400014012,2024-04-20,Morning,4,1,2.0,3,1,49
202400014013,2024-02-02,Afternoon,4,1,6.0,1,2,94
202400014015,2024-04-16,Afternoon,4,8,7.0,1,2,45
202400014016,2024-09-10,Afternoon,4,1,4.0,1,1,91
202400014017,2024-12-28,Afternoon,3,7,6.0,2,2,67
202400014018,2024-02-01,Afternoon,4,2,2.0,1,2,94
202400014019,2024-04-19,Afternoon,4,1,3.0,1,2,43