Num_Acc,date,time_of_day,max_severity,weather,collision_type,lighting,urban_area,department
202400014020,2024-12-29,Night,3,1,7.0,3,1,80
202400014021,2024-09-10,Morning,4,1,6.0,1,2,91
202400014022,2024-02-02,Night,4,1,6.0,5,2,94
202400014023,2024-12-28,Afternoon,4,1,6.0,3,1,11
202400014024,2024-04-19,Afternoon,4,1,3.0,1,2,37
202400014025,2024-12-29,Morning,4,5,6.0,3,1,42
202400014026,2024-09-10,Afternoon,4,1,1.0,1,2,83
202400014027,2024-01-31,Evening,4,1,3.0,5,2,94
202400014028,2024-09-09,Afternoon,3,1,6.0,1,2,83
202400014029,2024-04-20,Evening,4,7,2.0,1,2,34
202400014030,2024-12-28,Afternoon,3,1,1.0,1,2,86
202400014031,2024-02-02,Afternoon,4,1,3.0,1,2,93
202400014032,2024-09-09,Morning,4,1,6.0,1,2,80
202400014033,2024-12-20,Morning,3,1,6.0,1,2,34
202400014034,2024-09-08,Evening,4,1,7.0,1,2,80
202400014035,2024-04-20,Night,4,1,6.0,5,2,34
202400014036,2024-12-28,Afternoon,4,2,6.0,3,1,44
202400014037,2024-02-02,Afternoon,4,1,3.0,1,1,93
202400014038,2024-12-27,Morning,3,1,1.0,1,1,13
202400014039,2024-09-08,Afternoon,4,1,3.0,1,2,80
202400014040,2024-02-02,Morning,4,1,6.0,1,2,93
202400014041,2024-04-20,Evening,4,1,1.0,1,2,33
202400014042,2024-12-28,Afternoon,3,5,6.0,3,1,02
202400014043,2024-02-02,Evening,4,2,6.0,5,2,93
202400014044,2024-09-09,Evening,4,1,3.0,1,2,78
202400014045,2024-04-20,Night,4,1,1.0,3,1,33
202400014046,2024-12-29,Night,4,5,6.0,3,1,01
202400014047,2024-02-02,Morning,4,1,6.0,1,2,93
202400014048,2024-04-20,Afternoon,3,1,6.0,1,2,31
202400014049,2024-12-28,Afternoon,3,1,6.0,1,2,16
202400014050,2024-12-28,Evening,2,8,7.0,3,1,85
202400014051,2024-02-02,Afternoon,4,1,1.0,1,2,93
202400014052,2024-09-10,Morning,4,1,3.0,1,2,77
202400014053,2024-04-20,Night,4,1,5.0,3,2,31
202400014054,2024-12-29,Morning,3,1,6.0,1,1,30
202400014055,2024-04-19,Afternoon,4,1,6.0,1,2,31
202400014056,2024-12-29,Morning,4,8,3.0,2,1,24
202400014057,2024-02-02,Morning,4,8,4.0,1,2,93
202400014058,2024-04-20,Evening,4,1,3.0,1,2,27
202400014059,2024-12-27,Afternoon,2,1,6.0,1,1,35
202400014060,2024-09-10,Afternoon,4,2,2.0,1,2,76
202400014061,2024-12-28,Afternoon,4,1,1.0,5,1,06
202400014062,2024-02-02,Evening,3,1,3.0,5,2,92
202400014063,2024-04-20,Night,3,1,1.0,5,2,13
202400014064,2024-09-10,Afternoon,4,1,3.0,1,2,74
202400014065,2024-02-02,Night,4,1,2.0,5,2,92
202400014066,2024-04-20,Night,3,1,1.0,5,2,13
202400014067,2024-02-02,Afternoon,4,1,6.0,1,2,92
202400014068,2024-09-10,Morning,4,1,3.0,1,2,74
202400014069,2024-12-28,Evening,3,1,5.0,3,1,72
202400014070,2024-04-20,Night,2,1,6.0,3,2,11
202400014071,2024-02-02,Evening,4,1,6.0,1,2,92
202400014072,2024-12-29,Afternoon,4,1,1.0,1,2,66
202400014073,2024-09-10,Morning,4,1,3.0,1,2,73
202400014074,2024-02-02,Afternoon,4,1,3.0,1,2,92
202400014075,2024-04-19,Evening,4,1,1.0,1,2,11
202400014076,2024-12-29,Morning,4,1,6.0,1,1,83
202400014077,2024-09-09,Morning,4,1,6.0,1,2,72
202400014078,2024-02-01,Evening,4,8,6.0,5,2,92
202400014079,2024-04-20,Night,4,1,6.0,5,2,06
202400014080,2024-09-09,Morning,4,8,6.0,1,2,67
202400014081,2024-12-28,Evening,4,5,2.0,5,2,38
202400014082,2024-02-02,Evening,3,8,3.0,3,1,76
202400014083,2024-04-19,Afternoon,4,1,3.0,1,1,06
202400014084,2024-09-10,Evening,4,1,1.0,1,1,65
202400014085,2024-02-03,Morning,4,8,3.0,1,2,73
202400014086,2024-04-20,Afternoon,3,1,2.0,1,2,03
202400014087,2024-12-28,Evening,2,1,6.0,5,2,60
202400014088,2024-09-10,Evening,4,1,2.0,5,1,64
202400014089,2024-02-03,Afternoon,3,1,3.0,1,2,43
202400014091,2024-09-09,Morning,4,2,7.0,1,2,64
202400014092,2024-04-02,Morning,4,1,3.0,1,2,01
202400014093,2024-12-29,Afternoon,4,1,1.0,1,1,45
202400014094,2024-04-20,Night,4,1,2.0,1,2,75
202400014095,2024-09-10,Evening,4,1,1.0,1,2,63
202400014096,2024-02-02,Afternoon,3,1,1.0,1,1,62
202400014097,2024-12-28,Evening,3,5,6.0,3,1,77
202400014098,2024-04-19,Evening,4,1,3.0,4,2,75
202400014099,2024-02-03,Morning,3,1,7.0,2,1,11
202400014100,2024-09-08,Morning,2,1,2.0,1,2,59
202400014101,2024-12-28,Afternoon,3,5,6.0,1,1,77
202400014102,2024-04-20,Evening,4,1,6.0,1,2,75
202400014103,2024-09-10,Morning,4,1,3.0,1,2,59
202400014104,2024-02-02,Evening,3,1,3.0,2,2,67
202400014105,2024-12-28,Evening,4,1,3.0,5,2,2A
202400014106,2024-09-10,Morning,4,1,6.0,1,2,59
202400014107,2024-12-28,Night,2,1,6.0,5,2,66
202400014108,2024-04-20,Night,4,1,3.0,5,2,75
202400014110,2024-04-20,Morning,4,1,6.0,2,2,75
202400014111,2024-08-31,Afternoon,3,1,3.0,1,2,59
202400014112,2024-12-28,Evening,4,1,4.0,3,1,66
202400014113,2024-02-02,Afternoon,3,1,3.0,1,1,59
202400014114,2024-04-19,Afternoon,4,1,3.0,2,2,75
202400014115,2024-12-28,Night,3,1,6.0,3,1,66
202400014116,2024-04-20,Evening,4,1,6.0,5,2,94
202400014117,2024-09-09,Afternoon,4,1,4.0,1,1,54
202400014118,2024-12-28,Evening,3,1,6.0,5,1,66
202400014119,2024-02-02,Evening,4,1,3.0,3,1,60
202400014120,2024-04-19,Afternoon,4,1,3.0,1,2,94
202400014121,2024-09-09,Afternoon,4,1,2.0,1,2,54
202400014122,2024-02-03,Afternoon,4,2,3.0,1,1,95
202400014123,2024-04-19,Evening,4,1,6.0,1,2,93
202400014124,2024-12-28,Afternoon,3,1,7.0,1,2,65
202400014125,2024-02-02,Evening,4,1,1.0,1,1,65
202400014126,2024-04-19,Evening,4,1,6.0,1,2,93
202400014127,2024-12-28,Night,3,1,7.0,3,1,17
202400014128,2024-09-10,Morning,4,1,6.0,1,2,51
202400014129,2024-02-03,Morning,3,1,1.0,1,1,11
202400014130,2024-12-13,Afternoon,4,1,3.0,1,1,13
202400014131,2024-09-09,Afternoon,4,1,6.0,1,2,50
202400014132,2024-04-20,Night,4,2,3.0,3,2,93
202400014133,2024-02-03,Night,4,5,7.0,3,2,63
202400014134,2024-12-28,Afternoon,4,1,2.0,1,1,83
202400014135,2024-02-02,Evening,4,1,7.0,5,2,49
202400014136,2024-09-08,Afternoon,4,1,7.0,1,2,49
202400014137,2024-04-20,Night,3,2,2.0,5,2,93
202400014138,2024-12-28,Evening,4,1,3.0,1,1,33
202400014139,2024-09-10,Evening,4,8,3.0,2,2,44
202400014140,2024-02-02,Evening,4,1,4.0,3,1,86
202400014141,2024-04-20,Morning,4,1,2.0,1,2,92
202400014142,2024-12-28,Afternoon,4,1,7.0,3,1,91
202400014143,2024-04-20,Afternoon,4,1,3.0,1,2,92
202400014144,2024-09-10,Morning,4,1,3.0,1,2,43
202400014145,2024-12-28,Afternoon,4,1,3.0,1,1,94
202400014146,2024-01-30,Night,4,1,1.0,3,1,39
202400014147,2024-12-27,Night,4,5,7.0,3,1,77
202400014148,2024-09-07,Afternoon,4,1,6.0,1,2,40
202400014149,2024-02-03,Night,4,5,7.0,3,1,01
202400014150,2024-12-28,Afternoon,4,1,3.0,3,1,93
202400014151,2024-09-10,Evening,3,1,3.0,1,2,38
202400014152,2024-02-02,Afternoon,3,1,3.0,1,1,72
202400014153,2024-12-28,Night,4,5,6.0,3,1,77
202400014154,2024-02-03,Morning,3,2,6.0,3,1,50
202400014155,2024-09-10,Afternoon,3,1,6.0,1,2,38
202400014156,2024-12-26,Evening,4,1,6.0,3,1,77
202400014157,2024-09-06,Afternoon,4,1,2.0,1,2,38
202400014159,2024-02-03,Morning,4,1,1.0,1,2,73
202400014161,2024-09-10,Afternoon,4,1,3.0,1,2,37
202400014162,2024-02-02,Afternoon,3,1,3.0,1,1,43
202400014164,2024-09-09,Afternoon,4,1,3.0,1,2,37
202400014165,2024-02-02,Evening,3,1,3.0,3,1,85
202400014166,2024-12-27,Night,4,1,2.0,5,2,2B
202400014167,2024-09-09,Afternoon,4,1,4.0,1,2,37
202400014168,2024-02-02,Evening,4,2,6.0,5,2,27
202400014170,2024-02-03,Night,3,1,7.0,3,1,17
202400014171,2024-09-10,Morning,4,1,1.0,1,2,33
202400014172,2024-12-27,Morning,4,1,6.0,2,2,95
202400014173,2024-02-03,Evening,3,1,7.0,5,2,30
202400014174,2024-09-10,Morning,4,1,3.0,1,2,33
202400014175,2024-12-27,Morning,4,1,4.0,1,2,95
202400014176,2024-02-03,Night,3,1,7.0,3,1,30
202400014177,2024-12-26,Afternoon,4,1,6.0,3,2,95
202400014178,2024-09-09,Morning,4,2,3.0,1,2,33
202400014179,2024-02-02,Night,4,2,6.0,3,1,08
202400014180,2024-12-26,Night,4,1,2.0,5,2,95
202400014182,2024-09-10,Afternoon,4,1,6.0,1,2,29
202400014183,2024-12-27,Night,4,5,6.0,5,2,95
202400014185,2024-09-10,Morning,4,1,3.0,1,2,29
202400014186,2024-12-27,Afternoon,3,1,6.0,1,2,91
202400014187,2024-02-02,Morning,3,1,7.0,1,2,09
202400014188,2024-09-10,Morning,4,1,2.0,1,2,28
202400014189,2024-12-28,Night,4,9,7.0,3,1,90
202400014190,2024-09-10,Afternoon,2,1,1.0,1,1,27
202400014191,2024-02-02,Afternoon,3,1,1.0,1,1,85
202400014192,2024-12-26,Night,4,1,3.0,5,2,87
202400014193,2024-02-03,Afternoon,3,1,6.0,1,1,85
202400014194,2024-09-10,Afternoon,3,8,6.0,1,2,25
202400014195,2024-12-26,Afternoon,4,1,6.0,5,2,85
202400014196,2024-09-10,Afternoon,4,1,6.0,1,2,25
202400014197,2024-12-14,Morning,2,1,6.0,1,2,83
202400014198,2024-01-15,Afternoon,4,1,1.0,1,1,72
202400014199,2024-09-10,Morning,3,1,6.0,1,2,22
202400014200,2024-12-27,Afternoon,4,1,6.0,1,2,78
202400014201,2024-02-03,Morning,4,8,4.0,1,1,14
202400014202,2024-09-09,Afternoon,4,1,7.0,1,2,19
202400014203,2024-12-27,Evening,4,1,2.0,5,2,72
202400014204,2024-02-03,Afternoon,4,1,7.0,1,2,27
202400014205,2024-12-25,Afternoon,4,1,6.0,5,2,71
202400014206,2024-09-10,Morning,4,1,5.0,1,2,17
202400014207,2024-02-02,Afternoon,4,1,2.0,1,1,13
202400014208,2024-12-26,Morning,4,1,3.0,5,2,69
202400014209,2024-09-09,Morning,4,2,3.0,1,2,15
202400014210,2024-01-28,Evening,4,1,1.0,3,1,13
202400014211,2024-09-10,Evening,4,1,3.0,1,2,13
202400014212,2024-12-27,Evening,4,5,5.0,3,1,67
202400014213,2024-01-31,Afternoon,4,1,2.0,1,1,13
202400014214,2024-02-02,Afternoon,4,1,7.0,1,1,13
202400014215,2024-12-26,Morning,3,1,3.0,1,2,67
202400014216,2024-09-10,Morning,4,1,3.0,1,2,13
202400014217,2024-01-29,Morning,4,1,3.0,1,1,69
202400014218,2024-12-27,Afternoon,4,1,3.0,1,2,66
202400014219,2024-09-10,Morning,4,1,3.0,1,1,13
202400014220,2024-12-27,Evening,4,5,7.0,5,2,64
202400014221,2024-02-01,Afternoon,4,1,2.0,1,1,33
202400014222,2024-09-10,Afternoon,4,1,5.0,1,2,07
202400014223,2024-02-01,Morning,4,1,3.0,3,1,33
202400014224,2024-12-26,Morning,4,1,3.0,1,1,64
202400014225,2024-09-10,Evening,4,1,7.0,1,1,07
202400014226,2024-12-27,Afternoon,4,1,3.0,1,2,64
202400014227,2024-01-31,Evening,4,1,6.0,4,1,33
202400014228,2024-12-26,Evening,3,1,2.0,5,2,62
202400014229,2024-09-10,Afternoon,4,1,3.0,1,2,06
202400014230,2024-01-27,Morning,3,1,7.0,1,1,59
202400014231,2024-12-27,Morning,4,5,6.0,1,2,59
202400014232,2024-02-01,Afternoon,4,1,6.0,1,1,92
202400014233,2024-08-24,Afternoon,3,1,6.0,1,2,02
202400014234,2024-12-27,Morning,4,1,3.0,1,2,59
202400014235,2024-02-02,Evening,3,1,2.0,5,1,93
202400014236,2024-09-10,Afternoon,4,1,2.0,1,2,75
202400014237,2024-12-26,Evening,3,1,3.0,5,2,59
202400014238,2024-02-02,Morning,4,1,3.0,3,1,93
202400014239,2024-09-10,Morning,4,1,5.0,1,2,75
202400014240,2024-12-26,Night,4,1,3.0,5,2,58
202400014241,2024-02-02,Night,4,1,3.0,5,1,95
202400014242,2024-12-27,Morning,4,1,6.0,5,2,56
202400014243,2024-09-10,Afternoon,4,8,5.0,1,2,75
202400014245,2024-12-10,Afternoon,4,1,7.0,1,2,55
202400014247,2024-11-20,Afternoon,4,1,7.0,1,2,55
202400014248,2024-09-10,Afternoon,4,1,3.0,1,2,75
202400014250,2024-12-24,Afternoon,4,1,6.0,3,2,54
202400014251,2024-09-10,Morning,4,1,6.0,1,2,75
202400014252,2024-08-04,Night,4,1,6.0,3,2,78
202400014253,2024-02-01,Evening,4,1,3.0,5,2,69
202400014254,2024-09-10,Morning,4,1,7.0,1,2,75
202400014255,2024-12-26,Evening,4,1,1.0,5,2,54
202400014256,2024-02-01,Evening,4,1,6.0,1,2,69
202400014257,2024-09-10,Afternoon,4,1,6.0,1,2,75
202400014258,2024-08-04,Night,4,1,6.0,5,2,77
202400014259,2024-09-10,Morning,4,1,7.0,1,2,75
202400014260,2024-02-01,Morning,4,1,3.0,1,2,69
202400014261,2024-12-27,Night,4,1,4.0,3,1,54
202400014262,2024-08-04,Afternoon,3,1,3.0,1,2,76
202400014264,2024-09-09,Afternoon,4,1,3.0,1,2,75
202400014265,2024-12-27,Evening,4,1,1.0,5,2,51
202400014266,2024-08-03,Afternoon,4,1,3.0,1,2,66
202400014267,2024-02-01,Evening,4,1,3.0,5,2,69
202400014268,2024-09-09,Morning,4,2,6.0,1,2,75
202400014269,2024-12-26,Evening,3,1,6.0,5,2,51
202400014270,2024-02-01,Afternoon,4,1,6.0,1,2,2B
202400014271,2024-07-11,Morning,3,7,6.0,1,2,61
202400014272,2024-09-10,Evening,3,1,3.0,1,2,75
202400014273,2024-12-26,Evening,4,1,6.0,2,2,49
202400014274,2024-01-20,Night,4,1,2.0,5,2,95
202400014275,2024-08-04,Evening,4,1,3.0,1,2,59
202400014276,2024-09-09,Night,4,1,3.0,5,2,75
202400014277,2024-12-27,Afternoon,4,7,6.0,1,2,47
202400014278,2024-02-01,Morning,4,2,6.0,1,2,95
202400014279,2024-12-26,Evening,4,1,6.0,5,2,44
202400014280,2024-09-10,Morning,4,1,6.0,1,2,75
202400014281,2024-08-04,Evening,4,1,3.0,1,2,59
202400014282,2024-01-31,Morning,4,1,4.0,5,2,91
202400014283,2024-09-10,Morning,4,1,6.0,1,2,75
202400014284,2024-08-04,Afternoon,4,1,6.0,1,2,59
202400014285,2024-09-10,Morning,4,1,2.0,1,2,94
202400014286,2024-02-01,Morning,4,2,3.0,1,2,91
202400014287,2024-12-27,Evening,4,1,5.0,5,1,42
202400014288,2024-09-10,Morning,4,1,3.0,1,2,94
202400014289,2024-12-27,Afternoon,3,8,6.0,1,2,37
202400014290,2024-08-03,Morning,4,1,3.0,1,2,47
202400014291,2024-01-31,Afternoon,4,1,3.0,1,2,91
202400014292,2024-09-10,Morning,3,1,6.0,1,2,94
202400014293,2024-12-27,Afternoon,4,1,2.0,1,2,34
202400014294,2024-08-04,Morning,4,1,3.0,1,2,33
202400014295,2024-02-01,Afternoon,4,8,1.0,1,2,91
202400014296,2024-09-09,Morning,4,1,2.0,1,2,94
202400014297,2024-08-04,Evening,4,1,6.0,2,2,31
202400014298,2024-12-27,Morning,4,8,3.0,5,2,33
202400014299,2024-01-31,Afternoon,4,1,3.0,1,2,87
202400014300,2024-12-25,Evening,4,1,3.0,5,2,33
202400014301,2024-02-01,Night,4,1,3.0,5,2,84
202400014302,2024-08-04,Evening,4,1,5.0,1,2,29
202400014303,2024-09-09,Night,4,1,3.0,5,2,93
202400014304,2024-12-27,Evening,4,1,7.0,5,2,31
202400014305,2024-08-04,Night,4,1,7.0,5,2,29
202400014306,2024-09-10,Night,4,1,6.0,3,2,93
202400014307,2024-02-01,Morning,3,1,1.0,2,2,83
202400014308,2024-12-27,Afternoon,3,1,3.0,1,2,31
202400014309,2024-12-25,Afternoon,4,1,7.0,1,2,30
202400014310,2024-08-04,Evening,4,1,3.0,1,2,27
202400014311,2024-09-10,Afternoon,4,1,6.0,1,2,93
202400014312,2024-02-01,Evening,4,1,3.0,5,2,83
202400014313,2024-08-04,Morning,4,1,7.0,1,2,13
202400014314,2024-09-10,Morning,4,1,3.0,1,2,93
202400014315,2024-01-31,Evening,4,1,6.0,5,2,80
202400014316,2024-12-26,Afternoon,4,2,2.0,1,2,27
202400014317,2024-02-01,Afternoon,4,1,6.0,1,2,80
202400014318,2024-08-04,Afternoon,4,1,2.0,1,1,13
202400014319,2024-09-10,Morning,4,1,3.0,1,2,93
202400014320,2024-02-01,Night,4,1,6.0,3,1,78
202400014321,2024-12-27,Afternoon,4,9,3.0,1,2,25
202400014322,2024-09-09,Night,4,1,1.0,2,2,93
202400014323,2024-08-03,Morning,4,1,2.0,1,2,13
202400014324,2024-02-01,Morning,3,2,6.0,1,2,76
202400014325,2024-08-04,Morning,3,1,3.0,1,2,13
202400014326,2024-12-27,Morning,4,1,1.0,1,1,17
202400014327,2024-09-10,Evening,4,1,6.0,1,2,93
202400014328,2024-08-04,Evening,4,1,7.0,1,2,07
202400014329,2024-01-31,Afternoon,4,1,2.0,1,2,76
202400014330,2024-09-10,Morning,4,1,2.0,1,2,93
202400014331,2024-12-27,Morning,4,1,3.0,2,2,17
202400014332,2024-08-04,Morning,4,1,2.0,1,2,04
202400014333,2024-01-31,Evening,4,1,1.0,5,2,76
202400014334,2024-09-10,Evening,4,1,6.0,2,2,93
202400014335,2024-08-02,Evening,4,1,3.0,1,2,04
202400014336,2024-12-27,Morning,3,1,3.0,1,2,13
202400014337,2024-09-03,Afternoon,4,1,6.0,1,2,93
202400014338,2024-08-02,Morning,4,1,1.0,1,1,04
202400014339,2024-02-01,Morning,4,1,3.0,1,2,71
202400014340,2024-12-24,Afternoon,4,1,1.0,5,2,13
202400014341,2024-09-10,Morning,4,1,3.0,1,2,92
202400014342,2024-08-03,Afternoon,4,1,2.0,1,2,75
202400014343,2024-02-01,Afternoon,4,8,6.0,1,2,69
202400014344,2024-12-12,Morning,3,1,3.0,1,2,12
202400014345,2024-09-10,Morning,4,1,6.0,1,2,92
202400014346,2024-07-30,Afternoon,3,1,3.0,1,2,75
202400014347,2024-02-01,Evening,3,1,1.0,3,1,65
202400014348,2024-09-10,Afternoon,4,1,6.0,1,2,92
202400014349,2024-08-03,Afternoon,4,1,2.0,2,2,75
202400014350,2024-09-10,Morning,4,1,3.0,1,2,92
202400014351,2024-02-01,Evening,4,1,3.0,2,2,64
202400014352,2024-12-26,Evening,4,1,6.0,5,2,10
202400014353,2024-09-10,Afternoon,4,1,3.0,1,2,92
202400014354,2024-02-01,Afternoon,4,1,3.0,1,2,64
202400014355,2024-08-04,Afternoon,4,1,3.0,1,2,75
202400014356,2024-09-10,Morning,4,1,7.0,1,2,92
202400014357,2024-12-27,Afternoon,4,1,3.0,1,1,06
202400014358,2024-01-30,Morning,4,1,3.0,1,2,64
202400014359,2024-09-07,Afternoon,3,3,7.0,1,1,14
202400014360,2024-12-27,Afternoon,4,1,6.0,1,2,06
202400014361,2024-08-04,Evening,4,1,7.0,2,2,93
202400014362,2024-02-01,Evening,4,8,1.0,3,2,64
202400014363,2024-09-10,Afternoon,2,1,2.0,1,2,11
202400014364,2024-12-27,Morning,3,1,3.0,1,2,06
202400014365,2024-02-01,Afternoon,4,1,6.0,1,2,63
202400014366,2024-09-11,Morning,3,1,1.0,1,2,06
202400014367,2024-12-27,Night,3,1,1.0,3,2,06
202400014368,2024-08-04,Night,4,1,3.0,5,2,93
202400014369,2024-02-01,Night,4,2,3.0,3,2,62
202400014370,2024-12-27,Afternoon,4,1,6.0,1,2,05
202400014371,2024-08-04,Morning,4,1,3.0,1,2,93
202400014372,2024-01-31,Morning,3,1,3.0,1,1,60
202400014373,2024-09-10,Afternoon,4,1,5.0,1,1,44
202400014374,2024-12-27,Afternoon,3,1,4.0,1,2,75
202400014375,2024-02-01,Afternoon,3,1,1.0,1,2,59
202400014376,2024-08-04,Morning,4,1,2.0,1,2,92
202400014377,2024-09-08,Night,3,1,7.0,4,2,79
202400014378,2024-12-26,Morning,4,1,3.0,1,2,75
202400014379,2024-12-27,Afternoon,4,1,7.0,1,2,75
202400014380,2024-08-04,Night,3,1,6.0,3,1,76
202400014381,2024-01-31,Evening,4,1,2.0,4,2,59
202400014382,2024-09-10,Afternoon,3,2,3.0,1,1,2A
202400014383,2024-12-27,Afternoon,4,1,6.0,1,2,75
202400014384,2024-09-11,Night,4,1,7.0,5,2,2A
202400014385,2024-08-05,Night,3,1,6.0,3,1,35
202400014386,2024-02-01,Night,4,1,1.0,4,2,57
202400014387,2024-12-26,Night,4,1,3.0,5,2,75
202400014388,2024-08-04,Afternoon,4,1,7.0,1,1,09
202400014389,2024-09-10,Evening,4,1,3.0,1,1,55
202400014390,2024-02-01,Morning,3,2,6.0,1,2,54
202400014391,2024-09-10,Morning,3,1,7.0,1,1,12
202400014392,2024-12-27,Afternoon,4,1,5.0,1,2,94
202400014393,2024-02-01,Evening,2,1,6.0,5,2,54
202400014395,2024-12-27,Afternoon,4,1,2.0,1,2,94
202400014396,2024-09-11,Afternoon,4,2,5.0,1,1,01
202400014397,2024-02-01,Afternoon,4,1,6.0,1,1,54
202400014399,2024-12-27,Afternoon,4,1,6.0,1,2,94
202400014400,2024-09-10,Evening,3,1,6.0,1,1,22
202400014401,2024-12-27,Night,4,9,6.0,5,2,94
202400014402,2024-08-04,Afternoon,3,1,6.0,1,1,63
202400014403,2024-02-01,Evening,4,1,3.0,5,2,47
202400014404,2024-12-27,Afternoon,4,1,3.0,1,2,93
202400014405,2024-09-11,Morning,4,1,5.0,1,1,44
202400014406,2024-01-31,Afternoon,3,1,3.0,1,2,44
202400014407,2024-08-03,Evening,4,3,3.0,3,1,59
202400014408,2024-12-27,Afternoon,4,7,2.0,1,2,93
202400014409,2024-02-01,Evening,4,2,3.0,5,2,44
202400014410,2024-09-10,Afternoon,4,8,6.0,1,1,02
202400014411,2024-12-27,Evening,4,1,6.0,5,2,93
202400014412,2024-08-03,Night,2,1,2.0,3,1,34
202400014413,2024-02-01,Morning,4,1,2.0,1,2,43
202400014414,2024-09-10,Afternoon,4,1,6.0,1,2,01
202400014415,2024-12-27,Evening,4,1,2.0,5,2,92
202400014416,2024-08-04,Afternoon,3,7,7.0,1,1,56
202400014417,2024-09-10,Afternoon,3,1,6.0,1,1,06
202400014418,2024-12-27,Afternoon,4,1,6.0,1,2,92
202400014419,2024-02-01,Morning,4,2,3.0,3,2,38
202400014420,2024-08-04,Afternoon,4,1,7.0,1,1,77
202400014421,2024-09-11,Afternoon,3,1,7.0,1,1,05
202400014422,2024-12-27,Morning,4,1,2.0,1,2,92
202400014423,2024-02-01,Afternoon,3,1,6.0,5,2,38
202400014424,2024-08-04,Night,4,1,1.0,3,1,76
202400014425,2024-12-27,Evening,4,1,6.0,5,2,92
202400014426,2024-01-31,Afternoon,4,1,6.0,1,2,37
202400014427,2024-09-10,Afternoon,4,1,4.0,1,1,05
202400014428,2024-02-01,Morning,4,1,2.0,1,2,37
202400014429,2024-08-05,Evening,3,1,1.0,1,2,82
202400014430,2024-12-27,Morning,4,1,3.0,1,1,14
202400014431,2024-08-05,Morning,2,1,7.0,1,1,65
202400014432,2024-02-01,Afternoon,4,1,3.0,1,2,35
202400014433,2024-09-02,Morning,3,1,6.0,2,2,60
202400014434,2024-08-04,Morning,4,1,3.0,1,1,65
202400014435,2024-12-27,Afternoon,3,1,1.0,1,1,47
202400014436,2024-02-01,Afternoon,4,1,3.0,1,2,35
202400014437,2024-12-27,Evening,3,1,6.0,5,2,31
202400014438,2024-08-03,Evening,4,1,6.0,1,1,81
202400014439,2024-02-01,Morning,4,1,6.0,1,2,35
202400014440,2024-12-27,Afternoon,3,1,6.0,1,1,38
202400014441,2024-01-31,Evening,4,5,1.0,5,2,34
202400014442,2024-08-04,Evening,3,1,3.0,1,1,89
202400014443,2024-01-30,Evening,4,1,6.0,5,2,34
202400014444,2024-08-04,Night,4,1,7.0,3,1,55
202400014445,2024-12-27,Evening,4,1,6.0,5,2,85
202400014446,2024-01-31,Evening,4,1,2.0,5,2,33
202400014447,2024-08-04,Evening,3,1,3.0,1,2,22
202400014448,2024-12-27,Afternoon,3,1,3.0,1,1,56
202400014449,2024-02-01,Afternoon,3,1,4.0,1,2,31
202400014450,2024-08-05,Afternoon,4,1,1.0,1,1,22
202400014451,2024-12-28,Afternoon,4,1,1.0,2,1,56
202400014452,2024-02-01,Morning,4,1,3.0,2,2,31
202400014453,2024-12-27,Afternoon,4,1,6.0,1,2,76
202400014454,2024-08-05,Afternoon,4,1,4.0,1,1,44
202400014455,2024-07-28,Morning,3,1,6.0,1,1,38
202400014456,2024-12-24,Afternoon,3,2,3.0,1,1,79
202400014457,2024-02-01,Evening,3,1,3.0,5,2,29
202400014458,2024-08-04,Afternoon,3,1,7.0,1,1,38
202400014459,2024-12-23,Afternoon,4,1,3.0,1,1,69
202400014460,2024-01-31,Evening,4,2,1.0,5,2,29
202400014461,2024-12-27,Evening,4,1,7.0,3,1,63
202400014462,2024-08-05,Morning,4,1,3.0,1,1,84
202400014463,2024-02-01,Evening,4,8,3.0,3,1,29
202400014464,2024-08-02,Morning,4,1,6.0,1,1,03
202400014465,2024-12-27,Evening,2,5,1.0,3,1,61
202400014466,2024-01-31,Afternoon,4,1,6.0,1,2,26
202400014467,2024-08-05,Morning,4,1,3.0,1,2,15
202400014468,2024-12-26,Afternoon,4,8,1.0,1,1,61
202400014469,2024-02-01,Evening,4,2,3.0,5,2,25
202400014470,2024-12-28,Afternoon,3,1,6.0,1,1,49
202400014471,2024-08-05,Afternoon,4,1,6.0,1,1,50
202400014472,2024-02-01,Evening,4,2,6.0,5,2,25
202400014473,2024-08-05,Morning,3,1,6.0,1,1,50
202400014474,2024-12-27,Afternoon,4,1,3.0,1,2,25
202400014475,2024-07-28,Afternoon,3,1,3.0,1,1,45
202400014476,2024-02-01,Afternoon,4,2,6.0,5,2,25
202400014477,2024-12-21,Morning,3,1,6.0,1,1,44
202400014478,2024-08-04,Morning,3,1,7.0,1,1,10
202400014479,2024-12-27,Night,3,1,6.0,3,1,44
202400014480,2024-02-01,Afternoon,4,1,3.0,1,2,22
202400014481,2024-08-04,Afternoon,3,1,3.0,1,2,10
202400014482,2024-12-23,Evening,4,2,3.0,3,1,29
202400014483,2024-01-31,Afternoon,3,1,6.0,1,2,19
202400014484,2024-08-04,Morning,3,1,6.0,2,1,07
202400014485,2024-12-28,Afternoon,3,1,6.0,1,1,38