Num_Acc,date,time_of_day,max_severity,weather,collision_type,lighting,urban_area,department
202400014486,2024-08-02,Night,3,1,6.0,3,1,07
202400014487,2024-01-29,Evening,4,1,3.0,1,2,19
202400014488,2024-08-04,Morning,4,1,4.0,1,1,53
202400014489,2024-01-25,Evening,4,1,2.0,5,2,19
202400014490,2024-12-28,Morning,4,5,5.0,1,1,01
202400014491,2024-08-04,Evening,3,1,7.0,1,1,24
202400014492,2024-02-01,Night,3,9,7.0,5,1,18
202400014493,2024-08-05,Afternoon,2,1,1.0,1,1,27
202400014494,2024-12-28,Afternoon,2,1,7.0,1,2,70
202400014495,2024-08-05,Night,4,1,6.0,3,1,37
202400014496,2024-12-27,Night,3,1,6.0,3,1,72
202400014497,2024-08-05,Morning,4,1,7.0,1,1,30
202400014498,2024-02-01,Afternoon,4,1,3.0,1,2,15
202400014499,2024-12-24,Night,4,1,6.0,5,1,14
202400014501,2024-12-27,Night,4,5,1.0,3,1,10
202400014502,2024-01-31,Afternoon,4,1,2.0,1,2,15
202400014503,2024-08-05,Afternoon,3,1,3.0,1,1,45
202400014504,2024-01-31,Evening,4,1,3.0,5,2,14
202400014505,2024-12-28,Morning,4,9,5.0,1,1,21
202400014506,2024-08-05,Night,4,1,2.0,2,1,60
202400014508,2024-02-01,Morning,4,1,3.0,2,2,13
202400014510,2024-02-01,Evening,4,1,3.0,5,2,13
202400014511,2024-12-28,Afternoon,4,5,4.0,1,1,01
202400014513,2024-01-30,Afternoon,4,1,3.0,5,2,13
202400014514,2024-08-04,Morning,3,1,6.0,1,1,37
202400014515,2024-12-19,Night,4,1,2.0,3,1,13
202400014516,2024-08-04,Afternoon,3,1,1.0,1,1,77
202400014517,2024-12-27,Evening,4,1,2.0,3,1,02
202400014518,2024-01-31,Afternoon,4,1,2.0,1,1,13
202400014519,2024-08-04,Night,4,1,6.0,3,1,66
202400014521,2024-02-01,Morning,4,1,6.0,2,2,13
202400014522,2024-08-04,Evening,4,1,6.0,1,1,30
202400014523,2024-12-27,Afternoon,3,7,2.0,1,1,51
202400014524,2024-08-02,Morning,3,1,3.0,1,2,34
202400014525,2024-01-30,Afternoon,4,1,3.0,1,2,11
202400014526,2024-08-05,Afternoon,3,1,1.0,1,2,83
202400014527,2024-12-27,Evening,4,1,4.0,3,1,38
202400014528,2024-01-28,Morning,4,1,2.0,1,2,10
202400014529,2024-08-05,Morning,2,1,3.0,1,1,71
202400014531,2024-08-04,Evening,3,1,6.0,1,1,38
202400014532,2024-01-27,Afternoon,4,1,6.0,1,2,02
202400014534,2024-08-05,Afternoon,3,1,1.0,1,1,81
202400014535,2024-02-01,Afternoon,4,8,3.0,2,2,75
202400014537,2024-08-04,Night,4,1,7.0,3,1,46
202400014538,2024-12-27,Evening,4,2,6.0,3,1,77
202400014539,2024-07-03,Night,4,1,2.0,5,2,33
202400014540,2024-02-01,Morning,4,2,6.0,1,2,75
202400014541,2024-12-19,Afternoon,4,1,3.0,1,1,78
202400014542,2024-08-04,Morning,3,1,5.0,1,1,85
202400014543,2024-12-28,Evening,3,1,1.0,5,2,66
202400014544,2024-02-01,Morning,4,2,2.0,1,2,75
202400014545,2024-01-31,Afternoon,4,1,6.0,1,2,75
202400014546,2024-08-04,Evening,3,1,1.0,1,2,14
202400014547,2024-10-30,Morning,4,1,1.0,1,2,66
202400014548,2024-08-04,Afternoon,3,1,7.0,1,1,29
202400014549,2024-02-01,Morning,4,1,6.0,1,2,75
202400014550,2024-12-28,Morning,3,5,6.0,1,2,25
202400014551,2024-08-02,Afternoon,3,1,3.0,1,1,76
202400014552,2024-12-28,Afternoon,4,1,6.0,1,2,68
202400014553,2024-01-31,Morning,4,1,2.0,1,2,75
202400014554,2024-08-04,Evening,4,1,3.0,1,1,13
202400014555,2024-12-28,Afternoon,3,1,5.0,1,2,55
202400014556,2024-02-01,Morning,4,2,5.0,1,2,75
202400014557,2024-08-04,Afternoon,4,1,4.0,1,1,13
202400014558,2024-01-31,Evening,3,1,6.0,5,2,75
202400014559,2024-08-04,Morning,4,1,3.0,1,1,13
202400014560,2024-12-27,Afternoon,3,7,2.0,2,2,01
202400014561,2024-08-04,Night,4,1,7.0,5,1,13
202400014562,2024-02-01,Evening,4,1,6.0,5,2,75
202400014563,2024-12-22,Afternoon,3,2,1.0,1,2,79
202400014564,2024-08-04,Night,4,1,6.0,3,1,83
202400014565,2024-02-01,Evening,4,1,3.0,5,2,75
202400014566,2024-08-04,Night,2,1,6.0,3,1,01
202400014567,2024-12-23,Morning,3,1,6.0,1,2,33
202400014568,2024-02-01,Afternoon,4,1,6.0,1,2,75
202400014569,2024-08-04,Evening,4,1,6.0,1,1,33
202400014570,2024-12-28,Afternoon,3,5,1.0,1,1,60
202400014571,2024-02-01,Afternoon,4,1,6.0,5,2,75
202400014572,2024-08-04,Afternoon,4,1,4.0,1,1,91
202400014573,2024-02-01,Evening,4,1,3.0,5,2,75
202400014574,2024-08-04,Afternoon,4,1,6.0,1,1,91
202400014575,2024-12-26,Afternoon,4,1,2.0,2,1,83
202400014576,2024-08-04,Evening,4,1,3.0,1,1,93
202400014577,2024-02-01,Morning,4,2,6.0,1,2,75
202400014578,2024-12-25,Afternoon,4,1,4.0,1,1,83
202400014579,2024-08-04,Afternoon,4,1,2.0,1,1,93
202400014580,2024-02-01,Night,4,1,2.0,5,2,94
202400014581,2024-12-25,Night,2,1,1.0,3,1,59
202400014582,2024-05-30,Evening,4,1,7.0,1,1,80
202400014583,2024-12-27,Morning,4,1,7.0,3,1,91
202400014584,2024-02-01,Morning,4,2,6.0,1,2,94
202400014585,2024-06-03,Morning,4,1,3.0,1,2,74
202400014586,2024-12-27,Morning,4,1,2.0,1,1,93
202400014587,2024-04-06,Afternoon,3,1,7.0,1,2,88
202400014588,2024-01-30,Evening,4,1,2.0,5,2,94
202400014589,2024-08-02,Morning,4,8,7.0,1,1,92
202400014590,2024-12-27,Night,4,1,6.0,3,1,95
202400014591,2024-02-01,Evening,4,1,6.0,5,2,94
202400014592,2024-07-22,Afternoon,4,1,4.0,1,2,44
202400014593,2024-02-01,Afternoon,4,1,6.0,1,2,93
202400014595,2024-10-10,Afternoon,4,2,5.0,1,1,50
202400014597,2024-01-26,Night,2,8,6.0,4,2,93
202400014601,2024-01-31,Evening,4,1,5.0,5,2,93
202400014603,2024-02-01,Evening,4,1,3.0,5,2,93
202400014605,2024-02-01,Morning,4,2,6.0,1,2,93
202400014607,2024-02-01,Morning,4,2,3.0,1,2,93
202400014608,2024-08-03,Night,4,1,3.0,5,2,2B
202400014609,2024-02-01,Morning,4,2,7.0,2,2,93
202400014610,2024-08-03,Night,4,1,2.0,5,2,2A
202400014611,2024-02-01,Afternoon,4,8,3.0,1,2,92
202400014612,2024-08-03,Night,4,1,3.0,5,2,83
202400014613,2024-01-31,Afternoon,2,1,6.0,1,2,92
202400014614,2024-08-03,Afternoon,4,1,3.0,1,2,80
202400014615,2024-02-01,Evening,3,1,6.0,5,2,92
202400014616,2024-02-01,Evening,3,1,6.0,5,2,92
202400014617,2024-08-03,Evening,4,1,6.0,1,2,71
202400014618,2024-02-01,Evening,3,1,6.0,5,2,92
202400014619,2024-08-03,Evening,3,1,6.0,5,2,69
202400014620,2024-08-01,Morning,3,1,6.0,1,2,68
202400014621,2024-01-31,Night,4,1,3.0,5,2,92
202400014622,2024-08-03,Night,4,8,3.0,5,2,67
202400014623,2024-02-01,Afternoon,4,1,6.0,1,2,92
202400014624,2024-01-31,Night,4,1,6.0,5,2,92
202400014625,2024-02-01,Morning,3,2,3.0,1,2,60
202400014626,2024-08-03,Night,4,1,3.0,5,2,63
202400014627,2024-02-02,Morning,3,5,7.0,1,1,71
202400014628,2024-08-03,Morning,4,1,6.0,1,1,63
202400014629,2024-08-03,Night,4,1,6.0,5,2,61
202400014630,2024-08-03,Evening,4,2,6.0,2,2,59
202400014631,2024-08-03,Evening,4,2,1.0,2,1,59
202400014632,2024-08-03,Afternoon,4,1,1.0,1,2,54
202400014633,2024-08-03,Afternoon,4,1,3.0,1,2,54
202400014634,2024-08-03,Afternoon,4,1,3.0,1,2,51
202400014635,2024-08-03,Night,4,1,6.0,4,2,49
202400014636,2024-08-02,Afternoon,4,1,3.0,1,2,47
202400014637,2024-08-03,Afternoon,4,1,6.0,1,2,44
202400014638,2024-08-03,Evening,4,8,6.0,1,2,44
202400014639,2024-08-04,Night,4,1,4.0,3,1,38
202400014640,2024-08-03,Afternoon,2,1,6.0,1,2,38
202400014641,2024-08-03,Afternoon,4,1,6.0,1,2,35
202400014642,2024-08-04,Night,4,1,3.0,5,2,34
202400014643,2024-08-03,Night,4,1,1.0,5,2,34
202400014644,2024-08-03,Morning,4,1,2.0,1,2,34
202400014645,2024-08-03,Evening,3,1,3.0,1,2,33
202400014646,2024-08-03,Night,4,1,5.0,4,2,33
202400014647,2024-08-02,Night,2,1,6.0,5,2,33
202400014648,2024-08-03,Night,4,1,4.0,3,2,33
202400014649,2024-08-03,Morning,3,1,6.0,2,2,31
202400014650,2024-08-03,Night,3,1,7.0,5,2,28
202400014651,2024-08-03,Evening,4,1,3.0,1,2,25
202400014652,2024-08-03,Afternoon,4,2,1.0,1,2,14
202400014653,2024-08-04,Night,4,1,3.0,5,2,13
202400014654,2024-08-03,Night,4,1,1.0,3,1,13
202400014655,2024-08-03,Morning,4,1,2.0,1,2,11
202400014656,2024-08-03,Afternoon,3,1,1.0,1,1,07
202400014657,2024-08-03,Evening,3,1,6.0,1,2,06
202400014658,2024-07-25,Afternoon,4,1,6.0,1,2,05
202400014659,2024-08-02,Afternoon,4,1,6.0,1,2,05
202400014660,2024-08-03,Evening,4,1,2.0,1,2,75
202400014661,2024-08-02,Night,4,1,3.0,5,2,75
202400014662,2024-08-03,Night,4,1,6.0,5,2,75
202400014663,2024-08-03,Afternoon,4,1,1.0,1,2,75
202400014664,2024-08-03,Evening,4,1,6.0,1,2,75
202400014665,2024-08-03,Night,4,1,6.0,5,2,75
202400014666,2024-08-03,Morning,4,1,3.0,1,1,75
202400014667,2024-08-03,Afternoon,4,1,3.0,1,2,75
202400014668,2024-08-03,Night,4,1,7.0,5,2,75
202400014669,2024-08-03,Afternoon,4,1,3.0,1,2,94
202400014670,2024-08-02,Night,4,1,5.0,3,1,94
202400014671,2024-08-03,Afternoon,4,1,2.0,1,2,93
202400014672,2024-08-03,Evening,4,1,5.0,1,2,93
202400014673,2024-08-03,Morning,4,1,3.0,1,2,93
202400014674,2024-08-03,Afternoon,4,1,3.0,1,2,93
202400014675,2024-08-02,Evening,4,1,6.0,1,2,93
202400014676,2024-08-03,Night,4,1,3.0,5,2,92
202400014677,2024-08-03,Afternoon,4,1,6.0,1,2,92
202400014678,2024-08-02,Afternoon,4,1,3.0,1,2,92
202400014679,2024-08-03,Evening,4,2,6.0,1,2,92
202400014680,2024-08-03,Morning,4,1,6.0,1,2,92
202400014681,2024-08-03,Night,4,2,1.0,5,2,92
202400014682,2024-08-03,Afternoon,4,1,3.0,1,2,92
202400014683,2024-08-04,Afternoon,3,1,6.0,1,1,76
202400014684,2024-08-02,Afternoon,3,1,1.0,1,1,50
202400014685,2024-08-03,Morning,4,1,3.0,1,1,71
202400014687,2024-05-30,Evening,2,1,6.0,1,2,59
202400014688,2024-05-29,Evening,4,1,1.0,1,2,59
202400014689,2024-08-03,Morning,4,1,4.0,1,1,14
202400014690,2024-05-28,Afternoon,4,1,2.0,1,1,57
202400014691,2024-08-03,Evening,4,1,7.0,1,1,62
202400014692,2024-05-30,Afternoon,4,1,2.0,1,2,57
202400014693,2024-08-03,Evening,3,1,7.0,1,1,19
202400014694,2024-05-12,Night,3,1,6.0,3,2,57
202400014695,2024-08-04,Afternoon,3,1,7.0,1,1,56
202400014696,2024-05-30,Afternoon,4,1,3.0,1,1,56
202400014697,2024-08-04,Morning,4,1,1.0,1,2,79
202400014698,2024-05-30,Morning,4,1,3.0,1,2,56
202400014699,2024-08-04,Afternoon,3,1,1.0,1,1,81
202400014700,2024-05-29,Morning,4,1,3.0,1,2,54
202400014701,2024-08-02,Afternoon,4,1,6.0,1,1,71
202400014702,2024-05-27,Morning,4,1,3.0,1,2,52
202400014703,2024-05-30,Afternoon,3,1,6.0,1,2,51
202400014704,2024-08-03,Afternoon,4,1,7.0,1,1,89
202400014705,2024-08-03,Night,3,1,1.0,5,2,63
202400014706,2024-05-29,Afternoon,4,1,3.0,1,2,49
202400014707,2024-05-29,Morning,4,8,6.0,1,2,49
202400014708,2024-08-04,Morning,2,1,1.0,1,2,22
202400014709,2024-05-30,Evening,4,1,3.0,1,2,44
202400014710,2024-08-04,Night,4,1,6.0,3,1,39
202400014711,2024-05-29,Afternoon,2,2,6.0,1,2,44
202400014712,2024-08-04,Afternoon,3,1,3.0,1,1,39
202400014713,2024-05-03,Afternoon,3,1,6.0,1,2,42
202400014714,2024-08-04,Night,4,1,6.0,3,1,25
202400014715,2024-08-04,Night,3,1,6.0,3,1,29
202400014716,2024-05-24,Evening,4,1,3.0,1,2,42
202400014717,2024-08-04,Afternoon,3,1,7.0,1,2,01
202400014718,2024-04-13,Morning,4,1,3.0,1,2,42
202400014719,2024-08-04,Night,3,1,7.0,3,1,26
202400014720,2024-05-24,Morning,4,1,3.0,1,2,42
202400014721,2024-08-04,Morning,3,1,3.0,1,1,72
202400014722,2024-08-03,Evening,3,1,7.0,1,1,43
202400014723,2024-05-01,Evening,4,2,5.0,1,2,42
202400014724,2024-05-30,Afternoon,4,1,2.0,1,2,37
202400014725,2024-05-30,Afternoon,4,8,6.0,1,2,35
202400014726,2024-05-30,Afternoon,4,8,6.0,1,2,34
202400014727,2024-05-31,Night,3,1,6.0,5,2,33
202400014728,2024-05-30,Morning,3,8,3.0,1,2,33
202400014729,2024-05-30,Morning,3,8,3.0,1,2,33
202400014730,2024-05-29,Afternoon,2,1,3.0,1,2,33
202400014731,2024-05-29,Morning,4,8,6.0,1,2,33
202400014732,2024-05-30,Afternoon,4,1,3.0,1,2,33
202400014733,2024-05-30,Morning,4,2,3.0,1,2,33
202400014734,2024-05-30,Morning,4,8,3.0,1,2,30
202400014735,2024-05-30,Evening,4,1,3.0,1,2,26
202400014736,2024-05-24,Evening,4,1,3.0,1,2,19
202400014737,2024-05-30,Morning,4,1,3.0,1,2,19
202400014738,2024-05-30,Morning,3,1,3.0,1,2,17
202400014739,2024-05-30,Morning,4,1,3.0,1,2,13
202400014740,2024-05-30,Evening,4,1,3.0,1,2,13
202400014741,2024-05-30,Morning,4,1,2.0,1,2,13
202400014742,2024-05-22,Evening,3,1,6.0,1,2,13
202400014743,2024-05-30,Afternoon,4,1,3.0,1,2,13
202400014744,2024-05-30,Morning,4,1,2.0,1,2,13
202400014745,2024-05-27,Morning,3,1,3.0,1,2,11
202400014746,2024-05-29,Morning,4,2,3.0,1,2,10
202400014747,2024-05-30,Afternoon,4,1,2.0,1,2,06
202400014748,2024-05-30,Evening,4,1,3.0,1,2,06
202400014749,2024-05-30,Evening,4,1,2.0,1,2,01
202400014750,2024-05-29,Afternoon,4,1,3.0,1,2,01
202400014751,2024-05-30,Evening,4,1,2.0,1,2,75
202400014752,2024-05-30,Morning,4,2,2.0,1,2,75
202400014753,2024-05-29,Night,4,2,6.0,5,2,75
202400014754,2024-05-29,Afternoon,4,2,3.0,1,2,75
202400014755,2024-05-27,Afternoon,4,1,6.0,1,2,75
202400014756,2024-05-30,Afternoon,4,2,7.0,1,2,75
202400014757,2024-05-30,Afternoon,4,8,3.0,1,2,75
202400014758,2024-05-29,Morning,4,8,6.0,1,2,75
202400014759,2024-05-30,Night,4,8,3.0,5,2,75
202400014760,2024-05-30,Night,4,1,1.0,5,2,75
202400014761,2024-05-29,Evening,4,3,3.0,1,2,75
202400014762,2024-05-29,Afternoon,4,2,2.0,1,2,75
202400014763,2024-05-29,Night,4,2,4.0,5,2,75
202400014764,2024-05-29,Afternoon,4,2,2.0,1,2,75
202400014765,2024-05-30,Afternoon,4,1,6.0,1,2,75
202400014766,2024-05-29,Afternoon,4,2,1.0,1,2,75
202400014767,2024-05-29,Morning,4,2,7.0,1,2,75
202400014768,2024-05-30,Morning,4,1,3.0,1,2,94
202400014769,2024-05-30,Afternoon,3,2,6.0,1,2,94
202400014770,2024-05-30,Morning,4,2,6.0,1,2,94
202400014771,2024-05-30,Afternoon,4,2,4.0,1,2,94
202400014772,2024-05-29,Afternoon,4,2,2.0,1,1,94
202400014773,2024-05-29,Morning,4,3,2.0,1,2,94
202400014774,2024-05-30,Afternoon,3,1,6.0,1,2,94
202400014775,2024-05-29,Afternoon,4,2,2.0,1,2,94
202400014776,2024-05-29,Afternoon,4,2,7.0,1,2,93
202400014777,2024-05-30,Afternoon,4,1,6.0,1,2,93
202400014778,2024-05-30,Afternoon,4,1,3.0,1,2,93
202400014779,2024-05-28,Morning,2,2,6.0,1,2,93
202400014780,2024-05-29,Morning,4,2,6.0,1,2,93
202400014781,2024-05-30,Afternoon,4,1,2.0,1,2,93
202400014782,2024-05-30,Morning,4,2,7.0,1,2,92
202400014783,2024-05-30,Morning,4,2,3.0,1,2,92
202400014784,2024-05-30,Evening,4,2,3.0,1,2,92
202400014785,2024-05-30,Morning,4,8,7.0,2,1,92
202400014786,2024-05-30,Morning,4,1,3.0,1,2,92
202400014787,2024-05-30,Evening,4,1,2.0,2,2,92
202400014788,2024-05-31,Afternoon,2,1,3.0,1,1,17
202400014789,2024-05-30,Night,3,3,6.0,3,2,01
202400014790,2024-05-20,Afternoon,3,1,6.0,1,2,01
202400014791,2024-05-30,Afternoon,4,3,6.0,1,1,36
202400014792,2024-05-31,Afternoon,3,1,3.0,1,2,34
202400014793,2024-05-30,Morning,3,2,7.0,2,1,59
202400014794,2024-05-30,Afternoon,4,1,1.0,1,1,56
202400014795,2024-05-31,Morning,4,1,5.0,1,1,82
202400014796,2024-05-31,Evening,4,1,1.0,1,1,71
202400014797,2024-01-22,Morning,3,1,3.0,1,1,71
202400014798,2024-05-31,Afternoon,4,1,3.0,1,2,89
202400014799,2024-05-31,Morning,4,1,6.0,1,1,42
202400014800,2024-05-29,Afternoon,3,1,3.0,1,1,34
202400014801,2024-05-27,Evening,3,8,3.0,1,1,22
202400014802,2024-05-30,Evening,3,1,3.0,1,2,44
202400014803,2024-05-29,Afternoon,3,1,3.0,1,1,38
202400014804,2024-05-30,Night,4,1,6.0,3,2,72
202400014805,2024-05-30,Evening,3,3,6.0,2,1,73
202400014806,2024-05-31,Night,2,2,1.0,3,1,10
202400014807,2024-05-31,Afternoon,4,1,5.0,1,1,07
202400014808,2024-05-30,Afternoon,4,3,7.0,1,2,37
202400014809,2024-05-30,Evening,3,1,7.0,1,1,30
202400014810,2024-05-31,Afternoon,3,1,6.0,1,1,52
202400014812,2024-05-31,Morning,3,1,6.0,1,2,17
202400014813,2024-05-31,Morning,3,1,3.0,1,1,17
202400014818,2024-05-31,Afternoon,4,2,1.0,1,1,77
202400014819,2024-05-29,Afternoon,3,1,3.0,1,2,2B
202400014820,2024-05-30,Evening,3,7,6.0,1,2,83
202400014821,2024-05-29,Afternoon,3,1,1.0,1,1,83
202400014822,2024-05-30,Afternoon,4,1,3.0,1,1,13
202400014823,2024-05-09,Night,4,1,6.0,3,2,68
202400014824,2024-05-31,Afternoon,4,1,5.0,1,1,42
202400014825,2024-05-29,Night,3,2,7.0,5,2,38
202400014826,2024-05-31,Afternoon,4,1,3.0,1,2,81
202400014827,2024-05-31,Afternoon,3,1,1.0,1,2,33
202400014828,2024-05-31,Night,2,1,6.0,2,1,85
202400014829,2024-05-30,Night,3,1,6.0,3,1,85
202400014830,2024-05-30,Afternoon,4,1,7.0,1,1,85
202400014831,2024-05-30,Evening,4,1,3.0,2,1,49
202400014832,2024-05-30,Afternoon,3,1,6.0,1,1,29
202400014833,2024-05-29,Afternoon,3,2,6.0,1,2,22
202400014834,2024-05-31,Morning,3,1,6.0,1,2,76
202400014835,2024-05-29,Night,4,1,6.0,5,2,13
202400014836,2024-05-30,Afternoon,4,1,2.0,1,1,13
202400014837,2024-05-29,Morning,4,1,2.0,1,2,13
202400014838,2024-05-30,Morning,4,1,2.0,1,1,13
202400014839,2024-05-29,Morning,4,1,3.0,1,1,13
202400014840,2024-05-30,Morning,4,2,4.0,1,1,33
202400014841,2024-05-30,Morning,3,2,2.0,1,1,33
202400014842,2024-05-28,Afternoon,4,1,3.0,1,1,33
202400014843,2024-05-26,Afternoon,3,1,5.0,1,1,59
202400014844,2024-05-30,Night,4,2,6.0,3,1,92
202400014845,2024-05-29,Evening,4,2,4.0,1,1,92
202400014846,2024-02-29,Afternoon,4,2,2.0,1,1,92
202400014847,2024-05-30,Evening,3,1,5.0,1,1,93
202400014848,2024-05-30,Afternoon,4,1,2.0,1,1,93
202400014849,2024-05-30,Night,4,1,6.0,5,1,92
202400014850,2024-05-29,Evening,4,2,2.0,1,1,95
202400014851,2024-05-29,Evening,4,2,6.0,2,1,95
202400014852,2024-05-29,Evening,4,3,6.0,2,1,93
202400014853,2024-05-30,Morning,4,1,3.0,1,1,94
202400014854,2024-05-30,Morning,4,2,4.0,1,1,94
202400014855,2024-05-29,Morning,4,2,2.0,1,1,94
202400014856,2024-03-30,Morning,4,8,3.0,1,2,44
202400014857,2024-03-28,Morning,4,1,6.0,1,2,44
202400014858,2024-03-27,Morning,4,8,3.0,1,2,44
202400014859,2024-03-17,Afternoon,4,1,3.0,1,2,44
202400014860,2024-03-15,Afternoon,4,8,3.0,1,2,44
202400014861,2024-01-31,Morning,4,1,3.0,1,2,44
202400014862,2024-01-26,Morning,3,5,1.0,1,1,32
202400014872,2024-05-29,Evening,4,1,6.0,1,2,69
202400014873,2024-05-29,Morning,4,1,3.0,1,2,69
202400014874,2024-05-28,Afternoon,4,2,6.0,1,2,95
202400014875,2024-05-29,Morning,3,2,6.0,1,2,91
202400014876,2024-05-29,Afternoon,4,2,6.0,1,2,91
202400014877,2024-10-14,Evening,4,1,1.0,5,2,49
202400014878,2024-05-28,Evening,4,1,6.0,1,2,87
202400014879,2024-10-15,Morning,4,1,1.0,2,2,45
202400014880,2024-05-29,Afternoon,3,1,3.0,1,2,83
202400014881,2024-05-27,Afternoon,4,1,6.0,1,2,82
202400014882,2024-10-15,Morning,4,8,6.0,2,2,37
202400014883,2024-05-29,Evening,4,1,3.0,1,2,69
202400014884,2024-10-15,Morning,4,8,3.0,5,2,37
202400014885,2024-05-28,Afternoon,4,1,3.0,1,2,69
202400014886,2024-10-15,Evening,4,1,6.0,2,1,35
202400014887,2024-05-28,Afternoon,4,1,7.0,1,2,69
202400014888,2024-10-15,Afternoon,4,1,3.0,1,2,35
202400014889,2024-05-11,Morning,4,1,1.0,2,2,68
202400014890,2024-05-28,Morning,4,1,3.0,1,2,67
202400014891,2024-10-15,Afternoon,4,1,3.0,1,2,35
202400014892,2024-05-28,Afternoon,4,1,6.0,1,2,64
202400014893,2024-10-15,Afternoon,4,2,3.0,1,2,35
202400014894,2024-05-29,Morning,4,1,1.0,1,2,64
202400014895,2024-05-28,Evening,4,1,6.0,1,2,64
202400014896,2024-05-28,Evening,4,1,2.0,1,2,64
202400014897,2024-10-15,Evening,3,1,3.0,5,2,33
202400014898,2024-05-28,Afternoon,4,1,3.0,1,2,64
202400014899,2024-10-15,Morning,4,2,7.0,1,2,33
202400014900,2024-05-28,Evening,4,1,2.0,1,2,64
202400014901,2024-10-15,Afternoon,4,1,2.0,1,2,31
202400014902,2024-05-28,Afternoon,4,1,3.0,1,2,64
202400014903,2024-05-30,Night,4,1,6.0,5,2,63
202400014904,2024-10-14,Afternoon,4,1,6.0,1,2,19
202400014905,2024-05-24,Afternoon,4,1,3.0,1,2,62
202400014906,2024-05-29,Evening,4,3,1.0,1,2,60
202400014907,2024-10-15,Morning,4,1,6.0,5,2,15
202400014908,2024-05-29,Night,4,1,3.0,5,2,59
202400014909,2024-10-15,Morning,4,1,3.0,1,2,14
202400014910,2024-05-29,Night,4,1,2.0,5,2,59
202400014911,2024-10-15,Night,4,2,2.0,5,2,13
202400014912,2024-10-15,Morning,4,1,3.0,1,2,13
202400014913,2024-10-14,Morning,4,1,5.0,1,2,13
202400014914,2024-10-15,Afternoon,4,1,6.0,1,2,13
202400014915,2024-10-15,Evening,4,2,6.0,2,2,11
202400014916,2024-05-28,Morning,4,1,6.0,1,2,59
202400014917,2024-10-15,Morning,4,1,1.0,1,2,10
202400014918,2024-05-28,Morning,4,1,6.0,1,2,57
202400014919,2024-10-14,Morning,4,2,7.0,1,1,07
202400014920,2024-10-14,Afternoon,4,1,6.0,1,2,06
202400014921,2024-05-29,Morning,4,2,5.0,1,2,56
202400014922,2024-10-14,Afternoon,4,1,3.0,1,2,75
202400014923,2024-10-14,Night,4,1,3.0,5,2,75
202400014924,2024-10-15,Afternoon,4,1,3.0,1,2,75
202400014925,2024-10-14,Evening,4,1,3.0,5,2,75
202400014926,2024-10-09,Night,4,3,6.0,5,2,75
202400014927,2024-10-15,Evening,4,2,6.0,5,2,75
202400014928,2024-10-14,Afternoon,4,1,2.0,1,2,75
202400014929,2024-10-15,Afternoon,4,1,3.0,1,2,75
202400014930,2024-10-15,Morning,4,1,6.0,1,2,75
202400014931,2024-10-14,Afternoon,4,8,3.0,1,2,75
202400014932,2024-10-14,Afternoon,4,1,3.0,1,2,94
202400014933,2024-10-15,Morning,4,1,2.0,1,2,94
202400014934,2024-10-15,Afternoon,4,1,1.0,1,2,94
202400014935,2024-10-15,Morning,4,1,3.0,2,2,94
202400014936,2024-10-15,Evening,4,2,1.0,5,2,94
202400014937,2024-10-15,Morning,4,1,3.0,1,2,94
202400014938,2024-10-14,Afternoon,4,1,3.0,1,2,94
202400014939,2024-10-15,Morning,4,1,3.0,2,2,93
202400014940,2024-10-15,Afternoon,4,1,3.0,1,2,93
202400014941,2024-10-15,Afternoon,4,8,6.0,1,2,93
202400014942,2024-10-15,Evening,4,1,3.0,1,2,93
202400014943,2024-10-15,Morning,4,1,6.0,1,2,92
202400014944,2024-10-15,Afternoon,4,1,3.0,1,2,92
202400014945,2024-10-15,Night,4,1,3.0,5,2,92
202400014947,2024-10-15,Evening,3,1,6.0,3,1,35
202400014948,2024-10-15,Afternoon,4,1,3.0,1,1,01
202400014949,2024-10-16,Morning,4,1,3.0,1,2,62
202400014950,2024-10-14,Morning,4,8,1.0,1,1,27
202400014951,2024-10-15,Afternoon,2,1,1.0,1,1,01
202400014952,2024-10-16,Morning,4,1,7.0,2,1,42
202400014953,2024-10-16,Night,3,3,6.0,3,1,83
202400014954,2024-10-15,Morning,4,1,2.0,2,1,56
202400014955,2024-10-15,Afternoon,3,1,1.0,1,1,56
202400014956,2024-10-15,Night,3,2,7.0,3,1,56
202400014957,2024-10-14,Night,4,1,2.0,4,1,69
202400014958,2024-10-16,Morning,3,1,6.0,1,1,63
202400014959,2024-10-13,Afternoon,4,1,6.0,1,1,61
202400014960,2024-10-11,Evening,2,1,7.0,1,2,42
202400014961,2024-10-16,Afternoon,4,1,6.0,1,2,25
202400014962,2024-10-13,Afternoon,2,2,6.0,1,1,29
202400014963,2024-10-14,Afternoon,4,1,3.0,1,1,01
202400014964,2024-10-16,Morning,4,1,3.0,1,1,01
202400014965,2024-10-16,Night,4,1,6.0,3,1,14
202400014966,2024-10-15,Afternoon,3,1,3.0,1,1,14
202400014967,2024-10-16,Morning,4,1,6.0,1,2,60
202400014968,2024-10-16,Afternoon,3,1,6.0,1,1,28
202400014969,2024-10-14,Morning,4,8,1.0,2,2,37