Num_Acc,date,time_of_day,max_severity,weather,collision_type,lighting,urban_area,department
202400014970,2024-10-16,Morning,3,3,2.0,1,1,30
202400014972,2024-10-16,Morning,4,1,2.0,1,1,72
202400014973,2024-10-16,Morning,3,1,2.0,1,1,17
202400014975,2024-10-11,Morning,4,1,3.0,1,2,33
202400014976,2024-10-07,Evening,3,2,6.0,2,2,95
202400014977,2024-10-15,Morning,4,1,3.0,1,2,91
202400014978,2024-10-15,Afternoon,3,1,3.0,1,1,2B
202400014979,2024-10-15,Afternoon,2,1,6.0,1,2,2B
202400014980,2024-10-15,Afternoon,3,1,6.0,1,1,34
202400014981,2024-10-15,Afternoon,4,1,3.0,1,1,84
202400014982,2024-10-15,Evening,2,1,7.0,5,2,05
202400014983,2024-10-16,Morning,3,5,7.0,1,2,68
202400014984,2024-10-16,Morning,2,1,3.0,1,1,73
202400014985,2024-10-16,Afternoon,4,2,7.0,1,1,42
202400014986,2024-10-15,Afternoon,3,1,2.0,1,1,42
202400014987,2024-10-16,Morning,3,1,6.0,1,2,46
202400014988,2024-10-16,Afternoon,4,1,4.0,1,1,31
202400014989,2024-10-15,Afternoon,2,1,6.0,1,1,85
202400014990,2024-10-15,Evening,3,1,6.0,5,2,76
202400014991,2024-10-15,Afternoon,4,1,6.0,1,2,59
202400014992,2024-10-15,Afternoon,2,1,1.0,1,1,59
202400014993,2024-10-15,Night,4,8,6.0,3,1,13
202400014994,2024-10-14,Morning,4,2,4.0,3,1,83
202400014995,2024-10-14,Afternoon,4,8,4.0,1,1,57
202400014996,2024-10-10,Evening,4,2,4.0,1,1,67
202400014997,2024-10-14,Morning,4,1,3.0,1,1,78
202400014998,2024-10-14,Afternoon,4,1,2.0,1,1,77
202400014999,2024-10-13,Night,4,1,2.0,3,1,94
202400015000,2024-07-27,Night,4,3,3.0,3,1,91
202400015001,2024-07-26,Afternoon,3,1,6.0,1,2,91
202400015002,2024-07-14,Morning,4,1,3.0,1,2,38
202400015003,2024-07-07,Evening,4,1,3.0,1,2,38
202400015004,2024-06-16,Morning,2,1,7.0,1,1,66
202400015005,2024-07-13,Evening,3,1,6.0,1,2,43
202400015006,2024-07-20,Afternoon,4,1,6.0,1,2,43
202400015007,2024-07-20,Morning,4,1,6.0,1,2,43
202400015008,2024-07-18,Evening,3,7,1.0,1,1,43
202400015009,2024-07-16,Evening,2,1,4.0,1,1,43
202400015010,2024-07-10,Afternoon,4,1,3.0,1,1,43
202400015014,2024-10-14,Night,4,1,1.0,5,2,69
202400015015,2024-10-13,Night,4,1,3.0,5,2,95
202400015016,2024-10-13,Afternoon,4,1,3.0,1,2,91
202400015017,2024-10-14,Evening,4,1,2.0,1,2,84
202400015018,2024-10-13,Night,4,8,1.0,5,2,83
202400015019,2024-10-14,Morning,4,1,2.0,1,2,82
202400015020,2024-10-13,Morning,4,1,2.0,1,2,82
202400015021,2024-10-14,Evening,4,1,3.0,2,2,77
202400015022,2024-10-14,Night,4,1,6.0,3,1,77
202400015023,2024-10-14,Evening,4,5,7.0,5,2,76
202400015024,2024-10-11,Morning,4,1,3.0,1,2,76
202400015025,2024-10-14,Morning,4,1,3.0,1,2,72
202400015026,2024-10-14,Evening,4,1,3.0,4,2,71
202400015027,2024-10-13,Evening,4,8,2.0,3,2,67
202400015028,2024-10-14,Afternoon,4,1,1.0,1,2,66
202400015029,2024-10-14,Afternoon,4,1,4.0,1,1,63
202400015030,2024-10-14,Afternoon,3,1,3.0,1,2,63
202400015031,2024-10-14,Afternoon,4,2,3.0,1,2,59
202400015032,2024-10-13,Afternoon,4,1,3.0,1,2,54
202400015033,2024-10-13,Afternoon,4,1,6.0,1,2,51
202400015034,2024-10-13,Morning,4,1,6.0,1,2,51
202400015035,2024-10-14,Morning,4,1,2.0,1,2,51
202400015036,2024-10-11,Afternoon,3,1,3.0,1,2,49
202400015037,2024-10-14,Afternoon,4,1,3.0,1,2,41
202400015038,2024-10-10,Morning,4,8,6.0,1,2,40
202400015039,2024-10-14,Evening,4,1,6.0,1,2,37
202400015040,2024-10-15,Night,4,1,6.0,5,2,35
202400015041,2024-10-09,Afternoon,3,1,6.0,1,2,34
202400015042,2024-10-13,Night,4,1,7.0,3,1,34
202400015043,2024-10-14,Evening,4,1,6.0,1,2,33
202400015044,2024-10-14,Evening,4,1,3.0,5,2,31
202400015045,2024-10-14,Evening,4,1,1.0,5,2,31
202400015046,2024-10-13,Evening,4,1,6.0,3,1,29
202400015047,2024-10-12,Afternoon,4,1,3.0,1,2,29
202400015048,2024-10-09,Afternoon,4,1,3.0,1,2,14
202400015049,2024-10-14,Morning,4,2,5.0,2,2,13
202400015050,2024-10-14,Afternoon,4,1,3.0,1,2,13
202400015051,2024-10-14,Morning,4,1,3.0,3,2,13
202400015052,2024-10-13,Afternoon,4,1,2.0,1,2,07
202400015053,2024-10-14,Morning,4,9,6.0,3,1,01
202400015054,2024-10-14,Morning,4,1,3.0,1,2,75
202400015055,2024-10-04,Afternoon,4,1,7.0,1,2,75
202400015056,2024-10-13,Night,4,1,2.0,5,2,75
202400015057,2024-10-13,Night,4,1,1.0,5,2,75
202400015058,2024-10-14,Afternoon,4,1,2.0,1,2,75
202400015059,2024-10-10,Afternoon,4,1,4.0,1,2,75
202400015060,2024-10-14,Morning,4,1,3.0,1,2,75
202400015061,2024-10-10,Afternoon,4,1,6.0,1,2,75
202400015062,2024-10-13,Evening,4,1,3.0,5,2,75
202400015063,2024-10-14,Morning,4,1,6.0,1,2,75
202400015064,2024-10-14,Morning,3,1,3.0,5,2,75
202400015065,2024-10-14,Morning,3,1,3.0,1,2,75
202400015066,2024-10-14,Evening,4,1,7.0,5,2,75
202400015067,2024-10-14,Morning,4,1,6.0,1,2,75
202400015068,2024-10-14,Morning,4,1,7.0,1,2,75
202400015069,2024-10-14,Evening,3,1,6.0,5,2,94
202400015070,2024-10-13,Evening,2,1,5.0,1,2,94
202400015071,2024-10-13,Morning,4,1,4.0,1,2,94
202400015072,2024-10-13,Afternoon,4,1,6.0,1,2,94
202400015073,2024-10-14,Evening,4,1,3.0,5,2,94
202400015074,2024-10-14,Evening,3,8,6.0,2,2,93
202400015075,2024-10-13,Night,3,9,6.0,5,2,93
202400015076,2024-10-14,Afternoon,4,1,3.0,1,2,93
202400015077,2024-10-14,Afternoon,4,1,3.0,1,2,93
202400015078,2024-10-13,Morning,4,1,6.0,1,2,92
202400015079,2024-10-12,Afternoon,4,1,3.0,1,2,92
202400015080,2024-10-13,Afternoon,4,1,3.0,1,2,92
202400015081,2024-10-10,Morning,3,1,6.0,1,2,92
202400015082,2024-10-14,Morning,4,1,3.0,1,2,92
202400015083,2024-03-14,Afternoon,4,1,3.0,1,2,13
202400015084,2024-10-15,Afternoon,4,1,3.0,1,1,39
202400015085,2024-03-14,Morning,2,1,3.0,1,2,13
202400015086,2024-03-13,Afternoon,3,1,2.0,1,2,13
202400015087,2024-03-14,Evening,4,1,2.0,1,2,13
202400015088,2024-10-15,Morning,4,1,3.0,1,1,81
202400015089,2024-03-13,Evening,3,1,1.0,5,2,13
202400015090,2024-10-15,Morning,4,1,2.0,1,1,66
202400015091,2024-03-14,Evening,3,1,3.0,2,2,06
202400015092,2024-03-14,Night,3,1,6.0,5,2,06
202400015093,2024-10-10,Morning,4,1,3.0,1,1,33
202400015094,2024-03-13,Evening,4,1,1.0,1,2,03
202400015096,2024-03-14,Night,4,1,2.0,5,2,75
202400015097,2024-10-15,Morning,3,1,1.0,1,1,63
202400015098,2024-03-14,Afternoon,4,1,6.0,1,2,75
202400015099,2024-03-14,Morning,4,1,3.0,1,2,75
202400015100,2024-10-15,Morning,4,1,3.0,1,1,12
202400015101,2024-03-14,Evening,4,1,1.0,1,2,75
202400015102,2024-03-14,Afternoon,4,1,3.0,1,2,75
202400015103,2024-10-15,Night,3,5,6.0,3,1,21
202400015104,2024-03-14,Morning,4,1,3.0,1,2,75
202400015105,2024-10-12,Afternoon,4,2,7.0,1,1,62
202400015106,2024-03-14,Morning,4,7,1.0,1,2,75
202400015107,2024-10-15,Afternoon,4,8,3.0,1,1,83
202400015108,2024-03-14,Afternoon,4,1,7.0,1,2,75
202400015109,2024-03-14,Evening,4,1,6.0,5,2,75
202400015110,2024-03-14,Evening,4,1,6.0,1,2,75
202400015111,2024-03-14,Evening,4,1,7.0,1,2,75
202400015112,2024-03-14,Afternoon,4,1,6.0,1,2,75
202400015113,2024-03-14,Afternoon,4,1,6.0,1,2,75
202400015114,2024-03-14,Morning,4,1,3.0,1,2,75
202400015115,2024-03-14,Afternoon,3,1,3.0,1,2,75
202400015116,2024-03-14,Morning,4,1,2.0,1,2,75
202400015117,2024-03-13,Afternoon,3,1,3.0,1,2,75
202400015118,2024-03-14,Morning,4,1,3.0,1,2,75
202400015119,2024-03-13,Night,4,1,6.0,5,2,75
202400015120,2024-03-14,Afternoon,4,1,3.0,1,2,75
202400015121,2024-03-14,Afternoon,4,1,6.0,1,2,75
202400015122,2024-07-02,Afternoon,4,1,4.0,1,2,75
202400015123,2024-03-13,Night,4,1,6.0,5,2,94
202400015124,2024-07-01,Afternoon,4,1,4.0,1,2,75
202400015125,2024-03-13,Night,4,1,3.0,5,2,94
202400015126,2024-07-01,Night,3,1,3.0,5,2,75
202400015127,2024-03-14,Afternoon,3,1,2.0,1,2,94
202400015128,2024-07-02,Afternoon,4,1,6.0,1,2,75
202400015129,2024-03-13,Afternoon,4,8,6.0,1,2,94
202400015130,2024-07-01,Night,4,1,3.0,3,2,75
202400015131,2024-03-14,Afternoon,4,1,6.0,1,2,94
202400015132,2024-07-02,Afternoon,4,1,6.0,1,2,75
202400015133,2024-03-14,Afternoon,4,1,6.0,1,2,93
202400015134,2024-07-02,Morning,4,1,6.0,1,2,75
202400015135,2024-03-14,Morning,4,1,1.0,1,1,93
202400015136,2024-07-02,Afternoon,4,1,6.0,1,2,75
202400015137,2024-07-02,Afternoon,4,1,3.0,1,2,75
202400015138,2024-03-13,Evening,4,1,1.0,5,2,93
202400015139,2024-07-02,Afternoon,4,1,2.0,1,2,75
202400015140,2024-03-14,Evening,3,1,3.0,5,2,93
202400015141,2024-07-01,Afternoon,4,1,6.0,1,2,75
202400015142,2024-03-14,Afternoon,4,1,3.0,1,2,93
202400015143,2024-07-02,Morning,4,1,2.0,1,2,75
202400015144,2024-03-14,Afternoon,4,1,3.0,1,2,93
202400015145,2024-07-02,Afternoon,4,1,2.0,1,2,75
202400015146,2024-03-14,Morning,4,1,1.0,1,2,93
202400015147,2024-07-02,Afternoon,4,1,3.0,1,2,75
202400015148,2024-07-02,Morning,4,1,3.0,1,2,75
202400015149,2024-03-13,Afternoon,4,1,2.0,1,2,92
202400015150,2024-03-14,Afternoon,4,1,6.0,1,2,92
202400015151,2024-07-02,Evening,4,1,2.0,1,2,75
202400015152,2024-07-02,Morning,4,8,7.0,1,2,75
202400015153,2024-03-13,Afternoon,4,1,3.0,1,2,92
202400015154,2024-07-02,Morning,4,1,3.0,1,2,75
202400015155,2024-03-14,Morning,4,1,3.0,1,2,92
202400015156,2024-03-12,Afternoon,4,2,6.0,1,2,92
202400015157,2024-07-02,Afternoon,4,1,3.0,1,2,75
202400015158,2024-03-14,Morning,4,1,6.0,1,2,92
202400015159,2024-07-01,Afternoon,4,1,7.0,1,2,75
202400015160,2024-07-02,Evening,4,1,2.0,1,2,94
202400015161,2024-03-14,Night,3,1,3.0,5,2,92
202400015162,2024-07-02,Afternoon,4,1,6.0,1,2,94
202400015163,2024-03-14,Evening,2,8,3.0,1,1,35
202400015164,2024-07-01,Evening,4,1,7.0,1,2,94
202400015165,2024-03-15,Morning,3,2,6.0,2,1,62
202400015166,2024-06-30,Evening,4,1,3.0,1,2,94
202400015167,2024-03-13,Afternoon,3,1,6.0,1,2,26
202400015168,2024-07-01,Afternoon,4,1,2.0,1,2,94
202400015169,2024-03-13,Morning,4,1,3.0,1,2,42
202400015170,2024-07-01,Morning,3,1,6.0,1,2,94
202400015172,2024-07-02,Evening,4,2,3.0,1,2,94
202400015173,2024-03-15,Morning,2,6,3.0,1,1,28
202400015174,2024-07-02,Morning,4,1,3.0,1,2,93
202400015175,2024-03-15,Afternoon,4,1,3.0,1,1,67
202400015176,2024-07-02,Afternoon,4,1,3.0,1,2,93
202400015177,2024-03-15,Afternoon,4,1,6.0,1,2,01
202400015178,2024-07-01,Afternoon,4,1,3.0,1,2,93
202400015179,2024-03-13,Morning,4,1,3.0,1,2,06
202400015180,2024-03-14,Afternoon,3,1,6.0,1,1,62
202400015181,2024-07-01,Morning,4,1,2.0,1,2,93
202400015182,2024-03-13,Afternoon,3,1,3.0,1,1,59
202400015183,2024-07-02,Evening,4,2,2.0,1,2,93
202400015184,2024-03-15,Afternoon,3,1,2.0,1,1,68
202400015185,2024-07-02,Afternoon,4,1,6.0,1,2,93
202400015187,2024-07-01,Evening,3,1,3.0,1,2,93
202400015188,2024-03-12,Evening,4,1,1.0,5,2,65
202400015189,2024-07-02,Afternoon,4,1,3.0,1,2,93
202400015190,2024-03-14,Afternoon,4,1,3.0,1,1,58
202400015191,2024-07-01,Evening,4,1,2.0,1,2,93
202400015192,2024-02-23,Afternoon,2,8,7.0,1,1,89
202400015193,2024-03-14,Evening,4,1,7.0,1,2,51
202400015194,2024-07-02,Evening,4,1,3.0,1,2,92
202400015195,2024-03-15,Morning,4,8,1.0,1,1,51
202400015196,2024-06-25,Night,4,1,1.0,1,2,92
202400015197,2024-03-15,Morning,3,1,6.0,2,1,51
202400015198,2024-07-02,Evening,4,1,7.0,1,2,92
202400015199,2024-07-02,Night,4,1,6.0,5,2,92
202400015200,2024-03-14,Evening,3,1,1.0,1,1,76
202400015201,2024-07-02,Afternoon,4,1,7.0,1,2,92
202400015202,2024-03-14,Afternoon,3,1,6.0,1,2,32
202400015203,2024-07-02,Evening,4,1,5.0,1,2,92
202400015204,2024-03-13,Afternoon,4,1,5.0,1,1,32
202400015205,2024-07-02,Night,4,1,6.0,5,2,92
202400015206,2024-07-02,Morning,4,1,7.0,1,2,92
202400015207,2024-03-15,Morning,3,1,3.0,1,2,71
202400015208,2024-03-13,Morning,3,1,6.0,1,2,89
202400015209,2024-07-02,Morning,4,1,6.0,1,2,92
202400015210,2024-01-31,Evening,4,1,3.0,3,1,49
202400015211,2024-07-02,Afternoon,4,1,6.0,1,2,92
202400015212,2024-03-14,Afternoon,4,1,3.0,1,1,49
202400015213,2024-07-02,Afternoon,4,1,2.0,1,2,92
202400015215,2024-03-14,Afternoon,4,1,4.0,1,1,41
202400015216,2024-03-13,Evening,4,1,3.0,3,1,68
202400015217,2024-07-02,Evening,4,8,1.0,1,1,54
202400015218,2024-03-14,Night,3,1,6.0,3,1,22
202400015219,2024-07-03,Night,2,1,2.0,3,1,66
202400015220,2024-03-15,Morning,4,1,6.0,1,2,39
202400015221,2024-03-14,Evening,4,1,6.0,3,1,25
202400015222,2024-07-01,Morning,4,1,2.0,1,1,22
202400015223,2024-03-15,Afternoon,3,1,6.0,1,2,35
202400015224,2024-06-30,Afternoon,4,1,1.0,1,1,36
202400015225,2024-03-13,Afternoon,3,1,6.0,1,1,31
202400015226,2024-07-02,Evening,4,1,6.0,1,2,31
202400015227,2024-03-14,Morning,4,1,1.0,1,1,38
202400015228,2024-06-28,Morning,3,7,6.0,1,2,59
202400015229,2024-03-14,Night,3,1,6.0,3,1,38
202400015230,2024-07-02,Morning,3,1,3.0,1,2,34
202400015231,2024-03-15,Afternoon,4,1,7.0,1,1,38
202400015232,2024-07-02,Evening,3,1,6.0,2,2,51
202400015233,2024-06-23,Night,2,1,6.0,3,1,82
202400015234,2024-03-14,Afternoon,4,1,3.0,1,1,38
202400015235,2024-07-02,Afternoon,4,1,3.0,1,1,82
202400015236,2024-03-13,Evening,4,1,3.0,1,2,66
202400015237,2024-06-28,Evening,3,1,7.0,1,2,33
202400015238,2024-03-14,Afternoon,3,1,7.0,1,1,54
202400015239,2024-02-03,Afternoon,3,1,6.0,1,1,10
202400015240,2024-07-02,Morning,3,2,6.0,1,2,61
202400015241,2024-03-15,Morning,4,2,2.0,1,2,07
202400015242,2024-07-03,Morning,4,1,6.0,1,1,55
202400015243,2024-03-15,Evening,3,1,1.0,5,2,40
202400015244,2024-07-03,Morning,4,1,1.0,1,1,12
202400015245,2024-07-02,Morning,3,8,6.0,1,1,42
202400015246,2024-01-26,Morning,3,1,6.0,1,2,85
202400015247,2024-07-02,Night,3,1,6.0,5,2,46
202400015248,2024-03-14,Morning,4,5,3.0,2,1,27
202400015249,2024-06-28,Afternoon,4,1,3.0,1,2,41
202400015250,2024-03-13,Afternoon,4,1,1.0,1,1,17
202400015251,2024-03-14,Evening,3,1,6.0,1,2,37
202400015252,2024-06-23,Evening,4,1,3.0,1,2,34
202400015253,2024-07-03,Afternoon,2,1,6.0,1,1,39
202400015254,2024-03-14,Afternoon,2,1,1.0,1,1,88
202400015255,2024-03-14,Morning,4,7,3.0,1,2,13
202400015256,2024-06-30,Afternoon,3,1,3.0,1,2,44
202400015257,2024-07-03,Afternoon,4,8,5.0,1,1,29
202400015258,2024-03-14,Evening,4,1,7.0,1,2,33
202400015259,2024-03-13,Afternoon,4,1,2.0,1,1,17
202400015260,2024-07-03,Night,4,1,6.0,3,1,38
202400015261,2024-03-14,Night,3,1,6.0,3,2,38
202400015262,2024-07-03,Night,3,1,6.0,3,2,02
202400015263,2024-03-10,Afternoon,3,1,6.0,1,1,78
202400015264,2024-06-29,Afternoon,3,6,7.0,1,1,84
202400015266,2024-07-03,Night,4,1,2.0,3,1,06
202400015268,2024-07-03,Morning,4,1,1.0,1,2,60
202400015269,2024-03-13,Afternoon,4,1,6.0,1,1,13
202400015270,2024-06-26,Evening,4,1,6.0,1,1,36
202400015271,2024-03-14,Morning,2,1,7.0,1,1,45
202400015272,2024-07-02,Afternoon,4,1,1.0,1,1,07
202400015273,2024-03-14,Afternoon,3,1,3.0,1,2,30
202400015274,2024-03-15,Afternoon,4,1,6.0,1,2,71
202400015275,2024-07-02,Afternoon,4,1,3.0,1,1,17
202400015276,2024-03-14,Afternoon,4,1,3.0,1,2,67
202400015277,2024-06-28,Night,3,1,6.0,3,1,87
202400015278,2024-03-14,Night,2,1,6.0,3,1,38
202400015280,2024-03-14,Evening,3,1,3.0,2,1,26
202400015281,2024-07-02,Evening,4,1,3.0,1,1,13
202400015282,2024-03-13,Afternoon,4,1,4.0,1,1,69
202400015283,2024-07-02,Evening,3,1,3.0,1,1,78
202400015284,2024-03-14,Night,3,1,2.0,3,1,81
202400015285,2024-07-03,Morning,2,1,1.0,1,1,17
202400015286,2024-07-02,Afternoon,4,3,7.0,1,1,51
202400015287,2024-03-15,Afternoon,2,1,3.0,1,1,81
202400015289,2024-03-14,Afternoon,3,1,3.0,1,1,40
202400015290,2024-07-03,Night,3,1,7.0,4,2,77
202400015291,2024-07-02,Afternoon,3,1,2.0,1,1,95
202400015292,2024-03-14,Afternoon,4,1,1.0,1,2,40
202400015293,2024-07-02,Night,3,1,3.0,3,2,66
202400015294,2024-03-07,Afternoon,4,1,3.0,1,2,14
202400015295,2024-07-03,Afternoon,4,1,1.0,1,1,30
202400015296,2024-03-14,Afternoon,4,1,2.0,1,2,22
202400015297,2024-07-02,Afternoon,4,1,3.0,1,1,05
202400015298,2024-03-14,Morning,3,1,2.0,1,1,60
202400015299,2024-07-02,Afternoon,4,1,5.0,1,1,04
202400015300,2024-07-02,Night,3,2,6.0,5,2,89
202400015301,2024-07-03,Morning,3,1,3.0,1,2,71
202400015302,2024-03-14,Afternoon,3,1,7.0,1,1,59
202400015303,2024-06-27,Evening,4,1,1.0,1,2,21
202400015304,2024-07-02,Afternoon,3,1,3.0,1,1,38
202400015305,2024-03-13,Afternoon,4,1,3.0,1,1,13
202400015306,2024-07-01,Morning,4,1,3.0,1,1,69
202400015307,2024-03-13,Afternoon,4,1,2.0,1,1,13
202400015308,2024-07-01,Morning,3,1,3.0,1,2,81
202400015309,2024-03-14,Afternoon,4,1,4.0,1,1,33
202400015310,2024-07-02,Evening,4,1,6.0,1,1,65
202400015311,2024-03-14,Evening,4,1,3.0,2,1,91
202400015312,2024-06-28,Evening,4,1,1.0,1,2,31
202400015313,2024-03-14,Morning,4,1,5.0,1,1,91
202400015314,2024-06-23,Afternoon,3,1,6.0,1,1,62
202400015315,2024-07-02,Morning,4,1,2.0,1,1,13
202400015316,2024-03-14,Morning,4,1,5.0,1,1,91
202400015317,2024-06-27,Evening,4,1,2.0,1,1,13
202400015318,2024-03-14,Afternoon,4,1,3.0,1,1,92
202400015319,2024-07-01,Night,4,1,2.0,3,1,13
202400015320,2024-03-14,Afternoon,4,1,7.0,1,1,92
202400015321,2024-03-14,Afternoon,4,1,6.0,1,1,92
202400015322,2024-06-28,Afternoon,3,1,4.0,1,1,62
202400015323,2024-03-14,Morning,4,1,7.0,1,1,92
202400015324,2024-06-28,Evening,3,1,2.0,1,1,59
202400015325,2024-07-02,Evening,3,1,7.0,1,1,77
202400015326,2024-03-13,Night,4,1,3.0,3,1,93
202400015327,2024-07-02,Morning,4,1,2.0,1,1,78
202400015328,2024-03-13,Evening,4,1,4.0,1,1,93
202400015329,2024-07-02,Afternoon,4,1,5.0,1,1,93
202400015330,2024-03-13,Morning,4,1,2.0,1,1,93
202400015331,2024-07-02,Afternoon,4,1,6.0,1,1,93
202400015332,2024-07-02,Morning,4,1,2.0,1,1,92
202400015333,2024-03-13,Night,4,1,3.0,3,1,95
202400015334,2024-07-01,Evening,4,1,3.0,1,1,93
202400015335,2024-03-12,Night,4,1,2.0,3,1,95
202400015336,2024-03-11,Evening,4,1,6.0,3,1,95
202400015337,2024-07-01,Evening,4,1,4.0,1,1,93
202400015338,2024-07-02,Afternoon,4,1,2.0,1,1,93
202400015339,2024-03-11,Evening,4,2,4.0,3,1,95
202400015340,2024-03-14,Morning,4,1,3.0,1,1,93
202400015341,2024-07-02,Night,2,1,2.0,3,1,94
202400015342,2024-07-01,Afternoon,4,1,7.0,1,1,94
202400015343,2024-03-13,Morning,4,1,3.0,1,1,94
202400015345,2024-07-01,Morning,4,1,2.0,1,1,94
202400015347,2024-06-25,Morning,4,1,6.0,1,2,76
202400015349,2024-01-24,Morning,4,1,6.0,1,2,95
202400015350,2024-03-13,Night,3,1,7.0,5,2,69
202400015351,2024-06-25,Morning,4,1,6.0,1,2,44
202400015352,2024-04-17,Evening,4,2,3.0,5,2,74
202400015353,2024-03-13,Night,4,8,2.0,5,2,95
202400015355,2024-03-13,Morning,4,1,2.0,1,2,91
202400015358,2024-03-13,Evening,4,1,3.0,5,2,91
202400015360,2024-03-12,Evening,3,8,3.0,2,2,91
202400015361,2024-07-01,Evening,4,1,3.0,1,2,69
202400015362,2024-03-13,Morning,4,8,2.0,1,2,91
202400015363,2024-07-01,Night,4,1,6.0,5,2,69
202400015364,2024-03-13,Morning,4,1,3.0,1,2,91
202400015365,2024-07-01,Afternoon,4,1,3.0,1,2,69
202400015366,2024-03-13,Afternoon,3,2,6.0,1,2,88
202400015367,2024-07-01,Morning,3,1,3.0,1,2,69
202400015368,2024-03-12,Afternoon,3,1,6.0,1,2,87
202400015371,2024-03-13,Morning,4,1,3.0,1,2,83
202400015373,2024-03-12,Morning,3,1,1.0,1,2,83
202400015374,2024-03-13,Evening,4,1,3.0,2,2,77
202400015376,2024-03-13,Morning,4,8,6.0,1,1,77
202400015377,2024-03-13,Morning,4,1,3.0,1,2,76
202400015378,2024-07-01,Morning,4,1,6.0,1,2,91
202400015379,2024-03-12,Afternoon,4,8,6.0,1,2,72
202400015380,2024-06-28,Evening,4,1,3.0,1,2,87
202400015381,2024-03-11,Afternoon,4,2,3.0,1,2,69
202400015382,2024-06-29,Afternoon,4,1,3.0,1,2,87
202400015383,2024-03-09,Afternoon,4,1,7.0,1,2,68
202400015384,2024-03-12,Afternoon,3,8,6.0,1,2,67
202400015385,2024-06-28,Morning,3,1,3.0,1,2,83
202400015386,2024-06-27,Afternoon,4,1,6.0,1,2,80
202400015387,2024-03-13,Afternoon,4,1,3.0,1,2,64
202400015388,2024-06-30,Afternoon,4,1,6.0,1,2,80
202400015389,2024-03-12,Morning,4,1,6.0,1,2,64
202400015390,2024-07-01,Evening,4,1,1.0,2,2,78
202400015391,2024-03-11,Afternoon,4,3,2.0,1,2,64
202400015392,2024-07-01,Morning,3,1,2.0,1,1,76
202400015393,2024-03-13,Afternoon,3,1,6.0,1,2,63
202400015394,2024-03-13,Morning,4,1,3.0,1,2,63
202400015395,2024-06-28,Evening,4,1,6.0,1,2,76
202400015396,2024-03-12,Morning,4,1,2.0,1,2,49
202400015397,2024-03-12,Evening,4,1,6.0,5,2,49
202400015398,2024-06-28,Afternoon,4,1,6.0,1,2,76
202400015399,2024-03-13,Morning,3,1,6.0,1,2,45
202400015400,2024-06-30,Evening,4,1,1.0,1,2,72
202400015401,2024-06-27,Afternoon,4,1,3.0,1,2,71
202400015402,2024-03-13,Evening,4,1,3.0,5,2,45
202400015403,2024-07-01,Evening,4,1,2.0,1,2,69
202400015404,2024-03-13,Afternoon,4,1,1.0,1,2,44
202400015405,2024-06-27,Morning,4,1,6.0,1,2,69
202400015406,2024-03-13,Afternoon,4,1,3.0,1,2,43
202400015407,2024-03-13,Evening,4,1,2.0,3,2,42
202400015408,2024-07-01,Evening,4,1,3.0,2,2,69
202400015409,2024-03-10,Afternoon,4,1,6.0,1,2,38
202400015410,2024-06-30,Afternoon,4,8,3.0,1,2,64
202400015411,2024-03-12,Morning,3,2,6.0,1,2,35
202400015412,2024-06-29,Evening,4,1,7.0,1,2,60
202400015413,2024-03-13,Evening,4,1,3.0,1,2,33
202400015414,2024-06-22,Night,4,1,6.0,5,2,59
202400015415,2024-03-13,Morning,4,1,3.0,1,2,33
202400015416,2024-06-30,Morning,3,1,6.0,1,2,57
202400015417,2024-03-13,Afternoon,4,1,4.0,1,1,31
202400015418,2024-06-29,Afternoon,4,1,5.0,1,2,57
202400015419,2024-03-13,Morning,2,1,3.0,1,2,31
202400015420,2024-07-01,Afternoon,3,1,6.0,1,2,56
202400015421,2024-03-07,Afternoon,4,1,3.0,1,2,31
202400015422,2024-06-22,Evening,4,1,1.0,1,2,52
202400015423,2024-03-13,Afternoon,4,1,3.0,1,2,29
202400015424,2024-06-30,Morning,4,1,3.0,1,2,51
202400015425,2024-03-13,Morning,4,1,3.0,1,1,27
202400015426,2024-06-28,Afternoon,4,1,4.0,1,2,50
202400015427,2024-03-13,Afternoon,3,1,7.0,1,2,18
202400015428,2024-07-01,Morning,3,1,6.0,1,2,49
202400015429,2024-03-12,Evening,4,1,7.0,5,2,14
202400015430,2024-03-13,Night,3,1,1.0,5,2,13
202400015431,2024-07-01,Morning,4,1,2.0,1,2,45
202400015432,2024-03-13,Afternoon,3,1,3.0,1,2,13
202400015433,2024-06-29,Afternoon,4,1,5.0,1,1,40
202400015434,2024-03-13,Afternoon,4,1,3.0,1,2,11
202400015435,2024-06-29,Night,3,1,6.0,5,2,38
202400015436,2024-03-10,Evening,4,1,7.0,5,2,10
202400015437,2024-03-10,Evening,4,4,1.0,2,1,07
202400015438,2024-07-01,Morning,4,1,2.0,2,1,34
202400015439,2024-03-13,Afternoon,3,1,6.0,1,2,06
202400015440,2024-06-30,Night,4,1,1.0,5,2,34
202400015441,2024-03-13,Morning,3,1,6.0,1,2,06
202400015442,2024-03-13,Morning,4,1,3.0,1,2,75
202400015443,2024-07-01,Evening,3,8,3.0,1,1,33
202400015444,2024-03-11,Afternoon,4,2,2.0,1,2,75