Num_Acc,date,time_of_day,max_severity,weather,collision_type,lighting,urban_area,department
202400015445,2024-06-30,Night,4,1,3.0,5,2,33
202400015446,2024-03-13,Morning,3,1,3.0,1,2,75
202400015447,2024-06-30,Afternoon,4,1,3.0,1,2,33
202400015448,2024-03-12,Evening,3,8,3.0,1,2,75
202400015449,2024-06-28,Afternoon,3,1,5.0,1,2,30
202400015450,2024-03-12,Evening,4,1,3.0,1,2,75
202400015451,2024-06-29,Night,4,1,6.0,1,2,28
202400015452,2024-03-13,Afternoon,4,1,6.0,1,2,75
202400015453,2024-07-01,Afternoon,4,1,6.0,1,2,27
202400015454,2024-03-13,Afternoon,4,1,2.0,1,2,75
202400015455,2024-06-30,Night,4,1,1.0,5,2,27
202400015456,2024-03-12,Afternoon,3,2,3.0,1,2,75
202400015457,2024-07-01,Evening,4,1,3.0,1,2,26
202400015458,2024-07-01,Morning,4,1,2.0,1,2,14
202400015459,2024-07-01,Evening,4,1,1.0,1,2,13
202400015460,2024-07-01,Morning,4,1,1.0,1,2,13
202400015461,2024-07-01,Evening,4,1,6.0,1,2,13
202400015462,2024-07-01,Morning,4,1,3.0,1,2,13
202400015463,2024-07-01,Evening,4,1,3.0,1,1,13
202400015464,2024-06-22,Night,4,1,6.0,3,1,11
202400015465,2024-06-28,Morning,2,1,2.0,1,2,02
202400015466,2024-06-30,Night,4,1,2.0,1,2,75
202400015467,2024-07-01,Evening,4,1,3.0,1,2,75
202400015468,2024-07-01,Afternoon,4,1,1.0,1,2,75
202400015469,2024-07-01,Morning,4,1,3.0,1,2,75
202400015470,2024-07-01,Night,4,1,3.0,5,2,75
202400015471,2024-07-01,Evening,4,1,6.0,1,2,75
202400015472,2024-07-01,Afternoon,4,1,7.0,1,2,75
202400015473,2024-07-01,Night,4,1,7.0,5,2,75
202400015474,2024-08-24,Evening,3,3,2.0,3,1,57
202400015476,2024-07-01,Afternoon,4,1,3.0,1,2,75
202400015478,2024-07-01,Evening,4,1,3.0,1,2,75
202400015480,2024-07-01,Morning,4,1,3.0,1,2,75
202400015482,2024-07-01,Afternoon,4,8,3.0,1,2,75
202400015484,2024-06-30,Evening,4,1,1.0,5,2,75
202400015486,2024-11-21,Afternoon,4,2,3.0,1,2,69
202400015487,2024-07-01,Evening,4,1,5.0,2,2,94
202400015488,2024-11-20,Afternoon,3,1,6.0,1,2,69
202400015490,2024-11-21,Night,3,6,6.0,5,2,2A
202400015491,2024-11-20,Morning,4,1,6.0,1,2,95
202400015492,2024-11-21,Afternoon,4,4,1.0,5,2,91
202400015493,2024-11-20,Morning,4,9,6.0,4,2,91
202400015494,2024-11-21,Afternoon,4,3,6.0,1,2,87
202400015495,2024-11-21,Morning,4,2,4.0,1,2,87
202400015496,2024-11-20,Afternoon,4,1,2.0,1,2,84
202400015497,2024-11-21,Morning,4,1,6.0,1,2,83
202400015498,2024-11-21,Night,4,9,7.0,3,1,80
202400015499,2024-11-21,Evening,3,4,6.0,3,1,77
202400015500,2024-11-20,Night,4,1,1.0,5,2,77
202400015501,2024-11-20,Evening,4,1,6.0,5,2,77
202400015502,2024-11-20,Morning,3,1,3.0,1,2,76
202400015503,2024-11-21,Morning,4,4,2.0,1,2,72
202400015504,2024-11-21,Afternoon,4,2,6.0,1,2,69
202400015505,2024-11-20,Morning,4,3,3.0,1,2,69
202400015506,2024-11-21,Evening,3,4,6.0,5,2,68
202400015507,2024-11-21,Evening,4,1,6.0,5,2,66
202400015508,2024-11-21,Morning,4,1,3.0,1,1,66
202400015509,2024-11-21,Morning,4,2,3.0,2,2,66
202400015510,2024-11-20,Evening,3,2,6.0,5,2,64
202400015511,2024-11-20,Evening,4,3,4.0,5,2,64
202400015512,2024-11-21,Evening,4,6,6.0,3,1,63
202400015513,2024-11-21,Morning,4,2,6.0,1,2,63
202400015514,2024-11-20,Afternoon,4,1,1.0,1,2,61
202400015515,2024-11-21,Morning,4,1,6.0,1,1,59
202400015516,2024-11-20,Afternoon,4,1,6.0,1,2,59
202400015517,2024-11-20,Afternoon,3,1,3.0,5,2,58
202400015518,2024-11-20,Morning,3,7,6.0,1,2,57
202400015519,2024-11-17,Evening,4,1,5.0,3,1,56
202400015520,2024-11-19,Evening,3,1,2.0,5,2,49
202400015521,2024-11-20,Evening,4,2,1.0,2,2,49
202400015522,2024-11-20,Afternoon,4,2,2.0,1,2,47
202400015523,2024-11-20,Afternoon,4,3,3.0,5,1,46
202400015524,2024-11-21,Afternoon,4,2,3.0,1,2,45
202400015525,2024-11-21,Evening,4,4,6.0,5,2,45
202400015526,2024-11-17,Evening,4,1,4.0,3,2,44
202400015527,2024-11-20,Afternoon,3,2,1.0,2,2,42
202400015528,2024-11-21,Afternoon,4,8,6.0,3,2,38
202400015529,2024-11-21,Morning,2,4,6.0,1,2,37
202400015530,2024-11-21,Morning,4,4,7.0,1,2,37
202400015531,2024-11-21,Morning,4,4,6.0,2,2,37
202400015532,2024-11-20,Afternoon,2,1,6.0,1,2,35
202400015533,2024-11-21,Afternoon,3,2,1.0,1,2,34
202400015534,2024-11-20,Afternoon,3,1,1.0,1,2,34
202400015535,2024-11-21,Afternoon,4,8,6.0,1,2,32
202400015536,2024-11-21,Afternoon,4,1,3.0,1,2,31
202400015537,2024-11-20,Evening,4,1,2.0,5,2,29
202400015538,2024-11-21,Morning,3,3,6.0,4,2,29
202400015539,2024-11-21,Night,4,6,3.0,5,2,29
202400015540,2024-11-20,Evening,4,1,6.0,5,2,29
202400015541,2024-11-21,Morning,4,4,6.0,1,2,27
202400015542,2024-11-21,Morning,4,3,3.0,1,2,15
202400015543,2024-11-21,Afternoon,4,2,3.0,5,2,13
202400015544,2024-11-20,Afternoon,4,1,6.0,1,2,10
202400015545,2024-11-20,Morning,4,1,6.0,1,2,10
202400015546,2024-11-20,Morning,4,7,6.0,1,2,10
202400015547,2024-11-21,Morning,4,1,3.0,2,1,07
202400015548,2024-11-21,Morning,4,1,6.0,1,2,06
202400015549,2024-11-21,Evening,4,4,6.0,5,2,75
202400015550,2024-11-21,Morning,4,4,6.0,1,2,75
202400015551,2024-11-21,Afternoon,4,4,6.0,4,2,75
202400015552,2024-11-21,Morning,4,4,6.0,1,2,75
202400015553,2024-11-21,Night,4,1,2.0,5,2,75
202400015554,2024-11-20,Evening,3,2,6.0,5,2,75
202400015555,2024-11-21,Morning,3,4,6.0,1,2,75
202400015556,2024-11-21,Night,4,1,1.0,5,2,75
202400015557,2024-11-21,Morning,4,1,3.0,1,2,75
202400015558,2024-11-20,Afternoon,4,1,3.0,5,2,75
202400015559,2024-11-21,Evening,4,8,6.0,5,2,75
202400015560,2024-11-21,Night,4,1,7.0,5,2,75
202400015561,2024-11-21,Afternoon,4,4,6.0,5,2,94
202400015562,2024-11-20,Afternoon,4,1,3.0,1,2,94
202400015563,2024-11-21,Morning,4,4,6.0,1,2,94
202400015564,2024-11-20,Morning,2,1,1.0,1,2,94
202400015565,2024-11-21,Afternoon,4,4,2.0,1,1,77
202400015566,2024-11-21,Evening,4,9,2.0,5,2,93
202400015567,2024-11-21,Morning,4,4,2.0,1,2,93
202400015568,2024-11-21,Afternoon,4,4,6.0,5,2,93
202400015569,2024-11-21,Morning,4,4,3.0,1,2,93
202400015570,2024-11-21,Morning,4,1,6.0,1,2,93
202400015571,2024-11-21,Night,4,1,3.0,5,2,92
202400015572,2024-11-21,Morning,4,1,3.0,5,2,92
202400015573,2024-11-21,Morning,4,4,2.0,2,2,92
202400015574,2024-11-21,Morning,4,8,6.0,2,2,92
202400015575,2024-11-20,Evening,4,2,3.0,5,2,92
202400015576,2024-11-21,Afternoon,4,4,3.0,1,2,92
202400015577,2024-11-21,Afternoon,4,4,3.0,1,2,92
202400015578,2024-11-20,Evening,3,1,3.0,3,1,26
202400015579,2024-11-18,Afternoon,4,1,6.0,2,1,83
202400015580,2024-11-20,Evening,4,1,3.0,5,2,06
202400015581,2024-11-21,Afternoon,4,1,7.0,1,1,02
202400015583,2024-11-21,Afternoon,3,3,7.0,1,1,63
202400015584,2024-11-21,Evening,3,8,2.0,3,1,38
202400015585,2024-11-21,Night,4,1,6.0,3,1,06
202400015586,2024-11-19,Afternoon,3,5,7.0,1,1,79
202400015587,2024-11-21,Afternoon,3,4,5.0,1,1,21
202400015588,2024-11-21,Evening,4,8,1.0,3,1,77
202400015589,2024-11-21,Evening,4,1,1.0,3,1,51
202400015590,2024-11-22,Evening,4,1,7.0,3,2,51
202400015591,2024-11-22,Evening,4,1,6.0,3,2,56
202400015592,2024-11-21,Afternoon,3,4,6.0,1,1,76
202400015593,2024-11-21,Evening,3,6,6.0,5,2,82
202400015594,2024-11-14,Evening,4,1,4.0,5,1,33
202400015595,2024-11-21,Evening,3,2,6.0,5,2,11
202400015596,2024-11-22,Morning,2,1,6.0,2,2,49
202400015597,2024-11-21,Afternoon,3,4,3.0,3,1,68
202400015598,2024-11-19,Afternoon,4,3,3.0,5,2,44
202400015599,2024-11-21,Morning,3,2,6.0,2,1,44
202400015600,2024-11-21,Afternoon,4,7,3.0,2,2,29
202400015601,2024-11-21,Morning,2,8,6.0,1,1,01
202400015602,2024-11-21,Afternoon,4,1,6.0,1,2,06
202400015603,2024-11-20,Night,4,1,6.0,3,1,90
202400015604,2024-11-22,Afternoon,4,1,6.0,1,2,60
202400015605,2024-01-28,Afternoon,4,1,2.0,1,1,73
202400015606,2024-11-21,Evening,3,6,6.0,3,1,36
202400015607,2024-11-21,Afternoon,4,4,1.0,1,1,53
202400015608,2024-04-20,Night,4,1,2.0,5,2,92
202400015609,2024-11-22,Morning,3,8,6.0,5,2,85
202400015610,2024-04-20,Afternoon,4,1,6.0,1,2,92
202400015611,2024-11-21,Evening,3,6,6.0,3,1,87
202400015612,2024-04-20,Afternoon,4,1,3.0,1,2,92
202400015613,2024-11-21,Afternoon,3,1,6.0,2,1,30
202400015614,2024-04-20,Afternoon,4,1,5.0,1,1,34
202400015615,2024-11-21,Evening,4,4,6.0,3,1,10
202400015616,2024-04-21,Afternoon,3,1,7.0,1,2,22
202400015617,2024-04-18,Morning,3,1,3.0,1,1,36
202400015618,2024-11-22,Afternoon,3,4,3.0,1,1,76
202400015620,2024-04-21,Afternoon,4,1,6.0,1,1,28
202400015621,2024-11-22,Morning,3,1,3.0,1,1,06
202400015623,2024-11-22,Evening,4,8,3.0,3,1,69
202400015626,2024-04-21,Morning,3,1,3.0,1,1,64
202400015627,2024-04-20,Afternoon,3,1,7.0,1,1,86
202400015628,2024-11-22,Morning,4,1,5.0,3,1,06
202400015629,2024-04-20,Evening,3,1,6.0,1,2,86
202400015630,2024-11-21,Evening,4,8,4.0,3,1,21
202400015631,2024-04-21,Afternoon,4,7,5.0,1,1,71
202400015632,2024-04-20,Afternoon,3,1,3.0,1,2,62
202400015633,2024-11-22,Night,3,4,3.0,3,1,45
202400015634,2024-11-22,Night,4,4,4.0,3,1,45
202400015635,2024-04-20,Afternoon,4,1,4.0,1,1,44
202400015637,2024-04-20,Afternoon,2,1,1.0,1,1,32
202400015638,2024-11-22,Evening,4,8,6.0,3,1,60
202400015639,2024-04-21,Afternoon,2,1,6.0,1,1,11
202400015640,2024-11-17,Night,4,2,2.0,3,1,62
202400015641,2024-04-20,Evening,4,1,6.0,1,1,11
202400015643,2024-04-11,Afternoon,4,1,1.0,1,1,71
202400015644,2024-04-20,Night,3,1,7.0,3,2,89
202400015645,2024-11-22,Afternoon,4,4,6.0,1,1,55
202400015646,2024-04-20,Night,2,1,7.0,3,2,55
202400015647,2024-11-22,Afternoon,4,1,6.0,5,2,54
202400015648,2024-03-24,Night,3,1,7.0,3,1,41
202400015649,2024-11-21,Morning,4,8,1.0,1,1,73
202400015650,2024-04-20,Evening,3,1,7.0,1,1,86
202400015651,2024-11-21,Morning,3,4,6.0,1,2,27
202400015652,2024-04-20,Afternoon,3,1,7.0,1,1,34
202400015653,2024-11-22,Afternoon,3,4,7.0,1,2,02
202400015654,2024-04-21,Morning,4,2,6.0,1,1,39
202400015655,2024-11-18,Morning,3,2,7.0,1,2,59
202400015656,2024-11-22,Afternoon,4,1,6.0,1,2,59
202400015657,2024-04-21,Night,2,8,6.0,3,1,39
202400015658,2024-11-21,Evening,4,8,2.0,3,1,83
202400015659,2024-04-21,Morning,4,2,1.0,1,1,25
202400015660,2024-11-20,Afternoon,4,1,2.0,1,1,78
202400015661,2024-04-19,Morning,3,1,6.0,1,2,38
202400015662,2024-11-20,Morning,4,1,4.0,5,1,78
202400015663,2024-04-19,Afternoon,4,1,2.0,1,1,03
202400015664,2024-11-20,Morning,4,8,3.0,1,1,78
202400015665,2024-04-20,Afternoon,3,1,6.0,1,1,01
202400015666,2024-11-21,Afternoon,4,4,2.0,3,1,93
202400015667,2024-04-20,Night,4,1,1.0,3,2,64
202400015668,2024-11-21,Morning,4,1,3.0,1,1,93
202400015669,2024-11-20,Night,4,1,6.0,3,1,93
202400015670,2024-04-20,Night,4,8,6.0,5,2,21
202400015671,2024-04-20,Afternoon,3,1,2.0,1,1,85
202400015672,2024-11-20,Morning,4,1,5.0,3,1,93
202400015673,2024-04-16,Afternoon,3,1,3.0,1,1,17
202400015674,2024-11-19,Morning,4,2,2.0,1,1,95
202400015675,2024-11-18,Afternoon,4,2,2.0,3,1,93
202400015676,2024-04-21,Morning,3,1,1.0,1,1,08
202400015677,2024-11-18,Morning,4,2,3.0,1,1,95
202400015679,2024-11-18,Morning,4,2,4.0,1,1,95
202400015680,2024-04-20,Night,4,1,1.0,3,1,34
202400015681,2024-04-18,Afternoon,4,1,5.0,1,1,35
202400015682,2024-11-20,Evening,4,1,4.0,3,1,77
202400015683,2024-04-20,Night,3,8,7.0,3,1,45
202400015684,2024-08-09,Afternoon,2,1,7.0,1,2,34
202400015685,2024-04-21,Night,3,1,6.0,5,1,78
202400015686,2024-07-22,Morning,4,1,3.0,1,2,14
202400015687,2024-04-20,Afternoon,3,1,2.0,1,1,34
202400015688,2024-06-25,Morning,4,1,3.0,1,2,84
202400015689,2024-04-20,Afternoon,3,1,3.0,1,2,83
202400015690,2024-07-31,Morning,3,1,3.0,1,1,84
202400015691,2024-07-18,Afternoon,3,1,3.0,1,2,84
202400015692,2024-04-14,Afternoon,4,1,1.0,1,1,13
202400015693,2024-04-21,Night,3,1,7.0,3,1,26
202400015694,2024-07-18,Afternoon,4,1,3.0,1,2,84
202400015695,2024-04-20,Night,2,1,6.0,3,1,35
202400015696,2024-04-21,Morning,3,1,7.0,1,1,60
202400015697,2024-07-02,Afternoon,3,1,3.0,1,1,84
202400015698,2024-09-18,Afternoon,4,7,3.0,1,2,74
202400015699,2024-08-31,Night,4,1,6.0,3,2,74
202400015700,2024-08-26,Night,3,1,7.0,5,2,74
202400015701,2024-08-24,Night,2,1,7.0,3,1,74
202400015702,2024-04-20,Morning,4,1,4.0,1,1,91
202400015703,2024-09-01,Evening,4,1,6.0,1,2,57
202400015704,2024-04-20,Morning,4,1,2.0,1,1,91
202400015705,2024-06-19,Morning,4,1,6.0,1,1,73
202400015706,2024-04-20,Night,4,2,6.0,3,1,93
202400015707,2024-04-19,Evening,4,1,6.0,5,1,94
202400015709,2024-02-19,Morning,4,2,2.0,2,1,72
202400015711,2024-02-19,Morning,4,2,3.0,2,2,72
202400015714,2024-02-19,Morning,3,1,3.0,1,2,54
202400015716,2024-02-19,Evening,4,1,3.0,5,2,49
202400015718,2024-02-19,Evening,4,1,3.0,1,2,49
202400015720,2024-02-19,Morning,4,1,6.0,1,2,29
202400015721,2024-02-19,Afternoon,4,1,6.0,1,2,06
202400015725,2024-02-18,Afternoon,4,1,6.0,1,2,06
202400015729,2024-02-18,Morning,4,1,6.0,5,2,06
202400015731,2024-11-20,Evening,4,2,6.0,5,2,95
202400015732,2024-11-20,Morning,4,1,3.0,1,2,95
202400015733,2024-02-15,Evening,4,1,1.0,3,2,75
202400015734,2024-11-19,Afternoon,4,2,3.0,1,2,95
202400015735,2024-11-18,Evening,4,2,6.0,5,2,95
202400015743,2024-04-19,Evening,4,1,5.0,1,2,69
202400015744,2024-02-17,Morning,4,8,3.0,1,2,69
202400015748,2024-04-19,Evening,4,1,3.0,5,2,69
202400015749,2024-04-19,Afternoon,4,1,6.0,1,1,2B
202400015750,2024-04-18,Night,4,1,1.0,5,2,91
202400015751,2024-04-19,Night,4,1,7.0,5,1,91
202400015752,2024-04-18,Afternoon,4,1,7.0,1,2,87
202400015753,2024-04-16,Evening,4,1,3.0,1,2,87
202400015754,2024-04-16,Afternoon,3,1,3.0,1,2,87
202400015755,2024-04-16,Afternoon,4,1,6.0,1,1,87
202400015756,2024-04-17,Morning,4,1,3.0,1,2,83
202400015757,2024-04-15,Night,3,6,6.0,5,2,83
202400015758,2024-04-19,Afternoon,4,1,3.0,1,1,82
202400015759,2024-04-19,Afternoon,4,1,6.0,1,2,81
202400015760,2024-01-22,Evening,3,1,7.0,2,2,78
202400015761,2024-04-19,Afternoon,4,1,6.0,1,2,78
202400015762,2024-04-19,Afternoon,4,2,6.0,1,2,78
202400015763,2024-04-19,Afternoon,4,1,3.0,1,2,77
202400015764,2024-04-19,Evening,4,1,3.0,1,2,76
202400015765,2024-04-19,Night,4,1,3.0,5,2,76
202400015766,2024-04-19,Morning,4,1,3.0,1,2,76
202400015767,2024-04-18,Afternoon,4,7,6.0,1,2,72
202400015768,2024-04-19,Evening,4,1,3.0,5,2,71
202400015769,2024-04-19,Afternoon,4,1,6.0,1,2,69
202400015770,2024-04-19,Evening,4,1,1.0,3,2,69
202400015771,2024-04-18,Evening,4,1,6.0,1,2,69
202400015772,2024-04-18,Afternoon,4,1,3.0,1,2,67
202400015773,2024-04-19,Night,3,1,7.0,3,1,67
202400015774,2024-04-19,Afternoon,4,1,6.0,1,2,66
202400015775,2024-04-19,Morning,4,1,6.0,1,2,66
202400015776,2024-04-19,Night,4,1,4.0,4,1,65
202400015777,2024-04-18,Afternoon,4,1,2.0,1,2,64
202400015778,2024-04-19,Morning,4,1,2.0,1,2,63
202400015779,2024-02-13,Morning,3,1,3.0,1,2,62
202400015780,2024-04-19,Evening,4,7,3.0,2,2,62
202400015781,2024-04-19,Afternoon,4,8,6.0,1,2,62
202400015782,2024-04-18,Afternoon,3,1,6.0,1,1,60
202400015784,2024-04-19,Morning,4,8,6.0,2,2,59
202400015786,2024-04-17,Afternoon,4,1,2.0,1,2,58
202400015787,2024-12-26,Afternoon,4,1,3.0,1,2,69
202400015788,2024-04-18,Afternoon,4,1,6.0,1,1,56
202400015789,2024-12-25,Afternoon,4,1,3.0,2,2,69
202400015790,2024-04-19,Afternoon,4,3,4.0,1,2,54
202400015791,2024-12-25,Evening,4,2,3.0,5,2,91
202400015792,2024-04-19,Morning,4,1,6.0,5,2,54
202400015793,2024-08-31,Morning,3,1,2.0,1,2,16
202400015794,2024-12-25,Afternoon,4,1,7.0,1,2,87
202400015795,2024-04-18,Afternoon,4,1,6.0,1,2,54
202400015796,2024-09-11,Afternoon,4,9,7.0,1,2,16
202400015797,2024-12-25,Afternoon,4,2,3.0,1,2,86
202400015798,2024-04-18,Afternoon,4,1,6.0,1,2,54
202400015799,2024-12-26,Morning,4,1,2.0,1,2,83
202400015800,2024-04-18,Afternoon,4,1,3.0,1,2,54
202400015801,2024-09-11,Morning,3,3,1.0,1,1,52
202400015802,2024-12-26,Morning,3,1,3.0,1,1,82
202400015803,2024-04-18,Afternoon,4,1,6.0,1,2,54
202400015804,2024-12-26,Evening,4,1,6.0,2,1,82
202400015805,2024-09-02,Night,2,1,6.0,3,1,62
202400015806,2024-12-26,Evening,4,1,7.0,5,2,81
202400015807,2024-04-19,Morning,4,2,3.0,1,2,54
202400015808,2024-12-26,Afternoon,3,1,6.0,1,2,81
202400015809,2024-12-26,Afternoon,4,1,1.0,1,2,78
202400015810,2024-04-19,Morning,4,1,2.0,1,2,50
202400015811,2024-09-10,Afternoon,4,1,3.0,1,1,31
202400015812,2024-09-10,Night,4,1,6.0,3,1,72
202400015813,2024-12-24,Afternoon,4,2,6.0,1,2,76
202400015814,2024-04-18,Evening,4,1,6.0,1,1,49
202400015815,2024-12-26,Night,3,1,3.0,5,2,72
202400015816,2024-04-18,Evening,4,1,3.0,1,2,49
202400015817,2024-12-26,Evening,4,1,6.0,5,2,69
202400015818,2024-04-19,Morning,4,1,7.0,1,1,47
202400015819,2024-12-25,Afternoon,4,1,6.0,1,1,66
202400015820,2024-04-19,Afternoon,4,1,3.0,1,2,43
202400015821,2024-12-25,Afternoon,4,1,6.0,1,2,66
202400015822,2024-12-26,Morning,4,2,2.0,2,2,62
202400015823,2024-04-18,Afternoon,3,1,3.0,1,2,39
202400015824,2024-09-06,Afternoon,4,1,5.0,1,1,84
202400015825,2024-04-19,Evening,3,1,2.0,1,2,38
202400015826,2024-12-25,Evening,4,1,3.0,5,2,62
202400015827,2024-09-10,Night,4,1,6.0,5,1,77
202400015828,2024-04-17,Morning,4,1,3.0,1,2,37
202400015829,2024-09-10,Afternoon,4,1,3.0,1,2,33
202400015830,2024-12-20,Night,4,2,3.0,5,2,62
202400015831,2024-04-18,Morning,4,1,3.0,1,2,37
202400015832,2024-12-26,Morning,4,1,3.0,1,1,56
202400015833,2024-09-07,Night,4,8,2.0,3,1,77
202400015834,2024-12-12,Afternoon,4,1,2.0,2,2,49
202400015835,2024-04-12,Morning,4,1,3.0,1,2,37
202400015836,2024-09-09,Night,3,1,6.0,3,1,11
202400015837,2024-12-06,Evening,4,1,3.0,5,2,49
202400015838,2024-04-19,Evening,4,1,3.0,3,2,35
202400015839,2024-12-02,Morning,4,1,3.0,1,2,49
202400015840,2024-09-10,Afternoon,3,1,3.0,1,2,34
202400015841,2024-12-26,Evening,4,1,6.0,3,1,47
202400015842,2024-04-19,Evening,3,1,3.0,1,2,34
202400015843,2024-12-23,Evening,3,1,2.0,5,2,40
202400015844,2024-09-10,Evening,3,1,3.0,5,2,84
202400015845,2024-12-25,Afternoon,4,1,3.0,1,2,33
202400015846,2024-12-26,Afternoon,4,1,7.0,1,2,15
202400015847,2024-04-19,Morning,4,1,3.0,1,2,33
202400015848,2024-09-10,Evening,3,1,6.0,1,1,83
202400015849,2024-12-26,Afternoon,3,1,5.0,1,2,14
202400015850,2024-04-19,Afternoon,4,1,3.0,1,2,31
202400015851,2024-09-09,Morning,2,2,6.0,1,2,69
202400015852,2024-12-24,Afternoon,3,1,3.0,1,1,13
202400015853,2024-04-18,Evening,3,1,4.0,1,1,31
202400015854,2024-12-17,Afternoon,3,1,3.0,1,1,30
202400015855,2024-09-09,Morning,3,8,3.0,1,1,17
202400015856,2024-04-19,Evening,4,1,3.0,1,2,29
202400015857,2024-12-26,Evening,4,1,7.0,3,2,13
202400015858,2024-09-04,Afternoon,4,1,2.0,1,2,33
202400015859,2024-04-17,Night,4,1,4.0,5,2,29
202400015860,2024-12-26,Afternoon,4,1,5.0,1,2,13
202400015861,2024-12-26,Morning,4,1,6.0,1,2,13
202400015862,2024-02-17,Afternoon,4,1,2.0,1,2,27
202400015863,2024-08-26,Morning,4,1,3.0,1,2,33
202400015864,2024-04-19,Afternoon,4,2,3.0,1,2,25
202400015865,2024-12-26,Evening,4,1,3.0,5,2,11
202400015866,2024-04-19,Evening,3,1,6.0,5,2,18
202400015867,2024-12-25,Afternoon,3,7,6.0,2,2,06
202400015868,2024-09-09,Afternoon,3,2,3.0,1,1,27
202400015869,2024-04-17,Evening,3,8,3.0,1,2,14
202400015870,2024-12-25,Afternoon,4,1,6.0,2,2,06
202400015871,2024-09-07,Night,3,1,7.0,3,1,59
202400015872,2024-12-25,Morning,4,2,2.0,1,2,75
202400015873,2024-04-17,Afternoon,4,1,3.0,1,1,30
202400015874,2024-09-09,Morning,4,1,2.0,1,1,13
202400015875,2024-12-25,Morning,4,2,6.0,1,2,75
202400015876,2024-04-20,Night,4,1,6.0,5,2,13
202400015877,2024-09-10,Evening,4,1,3.0,1,1,91
202400015878,2024-12-26,Afternoon,4,1,4.0,1,2,75
202400015879,2024-04-19,Afternoon,4,1,3.0,1,2,13
202400015880,2024-12-23,Morning,4,1,6.0,5,2,75
202400015881,2024-09-10,Evening,3,1,4.0,1,1,92
202400015882,2024-04-07,Morning,3,1,3.0,1,2,11
202400015883,2024-12-25,Afternoon,4,1,6.0,5,2,75
202400015884,2024-04-16,Afternoon,4,1,6.0,1,2,06
202400015885,2024-12-26,Afternoon,4,1,2.0,1,2,75
202400015886,2024-09-10,Morning,4,7,4.0,1,1,78
202400015887,2024-04-18,Evening,4,1,2.0,1,2,75
202400015888,2024-12-26,Night,4,1,3.0,5,2,75
202400015889,2024-04-18,Night,4,1,7.0,5,2,75
202400015890,2024-09-09,Evening,4,1,4.0,2,1,92
202400015891,2024-04-19,Afternoon,4,2,3.0,1,2,75
202400015892,2024-12-26,Evening,4,1,4.0,5,2,75
202400015893,2024-09-09,Morning,4,2,3.0,1,1,78
202400015894,2024-04-19,Morning,4,1,3.0,1,2,75
202400015895,2024-09-10,Afternoon,4,1,6.0,1,1,95
202400015896,2024-12-26,Morning,4,1,3.0,1,2,75
202400015897,2024-12-26,Evening,4,1,3.0,2,2,75
202400015898,2024-04-18,Afternoon,4,1,2.0,1,2,75
202400015899,2024-09-10,Morning,4,1,4.0,1,1,92
202400015900,2024-02-01,Night,4,1,3.0,5,2,06
202400015901,2024-04-19,Morning,4,1,7.0,1,2,75
202400015902,2024-12-26,Night,4,1,2.0,5,2,75
202400015903,2024-04-18,Afternoon,3,1,7.0,1,2,75
202400015904,2024-09-09,Morning,4,1,2.0,1,1,93
202400015905,2024-02-02,Morning,3,1,3.0,2,2,31
202400015906,2024-12-26,Morning,4,2,3.0,5,2,94
202400015908,2024-09-09,Night,4,9,6.0,3,1,95
202400015909,2024-04-19,Afternoon,4,2,2.0,1,2,75
202400015910,2024-09-09,Night,4,1,6.0,4,1,92
202400015911,2024-12-25,Afternoon,4,8,3.0,1,2,94
202400015912,2024-09-09,Night,4,8,6.0,3,1,92
202400015913,2024-02-02,Afternoon,4,1,3.0,1,1,63
202400015914,2024-04-19,Evening,4,9,3.0,5,2,75
202400015915,2024-12-26,Afternoon,4,1,6.0,1,2,94
202400015916,2024-09-10,Morning,4,1,2.0,1,1,77
202400015917,2024-04-19,Evening,4,3,2.0,1,2,75
202400015918,2024-12-26,Afternoon,3,1,3.0,1,2,94
202400015919,2024-09-09,Night,4,1,6.0,3,1,77
202400015920,2024-12-26,Night,4,1,3.0,5,2,94
202400015921,2024-04-18,Afternoon,4,1,5.0,1,2,75
202400015922,2024-12-26,Evening,3,1,6.0,5,2,94
202400015923,2024-09-09,Evening,4,2,5.0,1,1,93
202400015924,2024-04-17,Morning,3,7,3.0,1,2,94
202400015925,2024-12-26,Night,4,2,6.0,5,2,94
202400015926,2024-09-09,Evening,4,2,3.0,1,1,94
202400015927,2024-04-19,Evening,4,2,6.0,1,2,94
202400015928,2024-12-26,Evening,4,1,6.0,5,2,93
202400015929,2024-04-19,Afternoon,4,8,6.0,1,2,94
202400015930,2024-09-09,Afternoon,4,2,3.0,1,1,94
202400015931,2024-09-09,Night,4,2,6.0,3,1,94
202400015932,2024-12-26,Evening,4,1,3.0,5,2,93
202400015933,2024-04-18,Evening,4,1,3.0,1,2,94
202400015934,2024-02-02,Morning,4,5,3.0,2,1,21
202400015935,2024-09-09,Night,4,2,6.0,3,1,94
202400015936,2024-04-19,Night,3,1,2.0,5,2,94
202400015937,2024-02-02,Night,2,2,6.0,3,1,42
202400015938,2024-12-26,Afternoon,4,1,3.0,1,2,93