Num_Acc,date,time_of_day,max_severity,weather,collision_type,lighting,urban_area,department
202400015940,2024-12-26,Morning,4,2,6.0,3,1,93
202400015941,2024-04-19,Evening,4,2,1.0,3,2,94
202400015942,2024-02-26,Afternoon,4,1,4.0,1,1,42
202400015943,2024-02-01,Afternoon,3,1,3.0,1,2,26
202400015944,2024-12-26,Morning,4,1,7.0,1,2,93
202400015945,2024-09-05,Afternoon,4,1,3.0,1,2,44
202400015946,2024-04-19,Afternoon,4,2,2.0,1,2,94
202400015947,2024-01-31,Afternoon,4,1,2.0,1,1,63
202400015948,2024-12-26,Evening,4,1,3.0,5,2,92
202400015949,2024-02-02,Afternoon,4,1,1.0,1,2,62
202400015950,2024-01-05,Morning,4,1,1.0,5,2,42
202400015951,2024-12-26,Afternoon,4,1,2.0,1,2,92
202400015952,2024-04-19,Evening,4,2,3.0,5,2,94
202400015953,2024-02-02,Night,4,1,7.0,3,1,79
202400015954,2024-05-19,Afternoon,3,1,3.0,1,2,38
202400015955,2024-12-26,Evening,4,1,6.0,5,2,92
202400015956,2024-02-02,Morning,4,1,5.0,1,1,2B
202400015957,2024-05-13,Night,3,1,2.0,3,1,38
202400015958,2024-12-25,Afternoon,4,1,6.0,5,2,92
202400015959,2024-02-02,Afternoon,3,1,7.0,1,1,33
202400015960,2024-04-18,Afternoon,4,1,4.0,1,2,94
202400015961,2024-09-05,Morning,4,1,6.0,2,2,44
202400015962,2024-12-24,Morning,4,5,1.0,2,1,47
202400015963,2024-02-02,Morning,4,1,1.0,1,1,71
202400015964,2024-04-19,Morning,4,1,1.0,1,2,93
202400015965,2024-06-29,Evening,4,1,3.0,1,2,66
202400015966,2024-01-29,Afternoon,4,1,6.0,1,1,71
202400015967,2024-12-23,Evening,4,1,2.0,5,2,83
202400015968,2024-04-19,Evening,4,9,1.0,5,2,93
202400015969,2024-02-02,Evening,3,1,1.0,5,2,63
202400015970,2024-06-28,Morning,4,1,3.0,1,2,66
202400015971,2024-12-23,Morning,3,1,2.0,1,1,84
202400015972,2024-02-01,Afternoon,4,2,7.0,1,1,61
202400015973,2024-04-18,Morning,4,8,3.0,1,2,93
202400015974,2024-09-04,Morning,4,1,6.0,2,2,44
202400015975,2024-02-01,Evening,3,5,1.0,3,1,46
202400015976,2024-12-18,Morning,3,1,6.0,2,1,42
202400015977,2024-04-19,Afternoon,4,1,6.0,1,2,93
202400015978,2024-09-03,Evening,4,1,6.0,1,2,44
202400015979,2024-02-01,Evening,4,1,2.0,2,2,68
202400015980,2024-04-19,Evening,4,2,3.0,1,2,93
202400015981,2024-02-02,Night,4,1,6.0,3,1,25
202400015982,2024-09-03,Morning,4,1,3.0,1,2,44
202400015983,2024-12-18,Morning,4,1,2.0,1,2,83
202400015984,2024-01-26,Afternoon,3,7,6.0,2,1,29
202400015985,2024-12-21,Evening,2,1,6.0,5,2,83
202400015986,2024-04-18,Evening,4,1,3.0,1,2,93
202400015987,2024-09-03,Morning,4,1,2.0,1,1,44
202400015988,2024-01-26,Evening,4,1,7.0,5,2,38
202400015989,2024-04-18,Afternoon,4,1,6.0,1,2,92
202400015990,2024-01-30,Afternoon,3,1,7.0,1,1,01
202400015991,2024-09-07,Afternoon,4,2,6.0,1,2,93
202400015992,2024-12-23,Morning,3,1,5.0,1,1,19
202400015993,2024-04-18,Morning,4,8,6.0,1,2,92
202400015994,2024-02-02,Morning,4,1,6.0,1,1,66
202400015995,2024-09-06,Afternoon,3,1,6.0,1,2,81
202400015996,2024-12-23,Morning,3,8,1.0,1,1,65
202400015997,2024-04-19,Evening,4,3,3.0,1,2,92
202400015998,2024-02-02,Morning,4,1,3.0,1,1,54
202400015999,2024-09-02,Morning,4,1,3.0,1,2,44
202400016000,2024-12-25,Evening,2,5,6.0,3,1,33
202400016001,2024-04-19,Morning,4,1,2.0,1,2,92
202400016002,2024-02-01,Afternoon,4,1,1.0,1,1,50
202400016003,2024-05-30,Morning,4,1,7.0,1,1,14
202400016004,2024-12-27,Afternoon,4,1,3.0,1,1,61
202400016005,2024-04-19,Afternoon,3,1,3.0,1,2,92
202400016006,2024-04-19,Morning,4,1,6.0,1,2,92
202400016007,2024-02-02,Afternoon,4,1,3.0,1,1,50
202400016008,2024-07-11,Morning,4,1,3.0,1,2,57
202400016009,2024-12-26,Evening,4,5,6.0,3,1,68
202400016011,2024-02-01,Afternoon,4,1,3.0,1,2,60
202400016012,2024-04-19,Evening,4,1,6.0,1,1,72
202400016013,2024-12-27,Afternoon,4,1,6.0,1,2,39
202400016014,2024-12-26,Night,3,1,7.0,3,1,31
202400016015,2024-02-02,Afternoon,4,1,1.0,1,1,64
202400016017,2024-04-20,Afternoon,3,8,2.0,1,1,59
202400016018,2024-02-02,Afternoon,4,1,1.0,1,1,10
202400016020,2024-04-20,Morning,3,1,1.0,1,1,14
202400016021,2024-02-02,Morning,4,8,1.0,2,1,16
202400016023,2024-12-27,Night,4,1,1.0,3,2,06
202400016024,2024-04-19,Evening,3,1,1.0,1,1,86
202400016025,2024-02-01,Afternoon,4,1,1.0,1,1,07
202400016027,2024-01-25,Morning,3,1,6.0,2,2,24
202400016028,2024-12-26,Evening,3,5,7.0,3,1,14
202400016031,2024-02-02,Afternoon,4,1,6.0,1,2,04
202400016032,2024-12-27,Afternoon,2,1,6.0,1,2,90
202400016033,2024-04-20,Morning,4,2,3.0,1,2,67
202400016034,2024-09-09,Evening,4,9,6.0,1,2,69
202400016035,2024-02-01,Evening,3,1,3.0,5,2,85
202400016036,2024-12-26,Afternoon,4,1,1.0,1,2,60
202400016038,2024-02-01,Afternoon,3,1,1.0,1,2,27
202400016039,2024-12-20,Morning,4,5,6.0,2,2,60
202400016043,2024-12-20,Afternoon,4,7,1.0,1,2,60
202400016044,2024-01-31,Afternoon,4,1,3.0,1,1,28
202400016045,2024-04-19,Evening,4,1,5.0,1,1,34
202400016047,2024-12-26,Evening,3,1,7.0,3,1,10
202400016048,2024-03-16,Night,4,1,6.0,3,1,34
202400016049,2024-02-01,Evening,3,2,1.0,5,2,17
202400016050,2024-09-09,Evening,4,1,3.0,5,2,95
202400016051,2024-12-26,Evening,3,5,6.0,3,1,16
202400016052,2024-04-19,Morning,3,1,6.0,3,1,37
202400016053,2024-12-27,Morning,3,1,6.0,1,2,53
202400016054,2024-04-20,Afternoon,3,1,6.0,1,1,19
202400016055,2024-02-01,Afternoon,2,1,6.0,1,1,08
202400016056,2024-09-05,Morning,4,3,3.0,1,2,91
202400016057,2024-02-02,Night,2,5,6.0,3,1,18
202400016058,2024-12-23,Afternoon,4,1,1.0,1,1,85
202400016059,2024-04-19,Afternoon,3,8,3.0,1,1,89
202400016060,2024-09-09,Night,4,2,2.0,3,1,91
202400016061,2024-12-26,Morning,3,7,6.0,1,2,69
202400016062,2024-01-30,Morning,4,1,2.0,2,1,33
202400016063,2024-04-19,Afternoon,4,1,1.0,1,1,63
202400016064,2024-09-08,Afternoon,4,2,7.0,1,2,87
202400016065,2024-12-27,Night,2,5,4.0,3,1,17
202400016067,2024-09-08,Afternoon,3,2,7.0,1,1,87
202400016068,2024-04-19,Evening,3,1,6.0,1,2,63
202400016069,2024-12-27,Night,3,1,1.0,3,1,38
202400016070,2024-09-08,Afternoon,4,1,3.0,1,2,87
202400016072,2024-04-18,Afternoon,4,1,5.0,1,1,61
202400016073,2024-12-27,Night,4,5,2.0,3,1,27
202400016074,2024-04-20,Afternoon,2,1,6.0,1,1,61
202400016075,2024-09-06,Afternoon,4,2,6.0,1,2,87
202400016076,2024-02-02,Night,3,1,6.0,3,2,34
202400016077,2024-04-19,Afternoon,4,1,6.0,1,2,42
202400016079,2024-09-08,Night,4,1,6.0,5,2,85
202400016080,2024-01-31,Afternoon,3,1,3.0,1,2,13
202400016082,2024-04-20,Afternoon,4,1,6.0,1,1,46
202400016083,2024-12-27,Morning,3,7,6.0,2,2,77
202400016084,2024-02-02,Morning,4,5,3.0,2,2,52
202400016085,2024-09-09,Afternoon,3,1,1.0,1,2,83
202400016086,2024-04-17,Evening,3,1,3.0,1,2,47
202400016087,2024-09-09,Morning,4,1,6.0,1,2,83
202400016088,2024-04-17,Morning,3,1,6.0,1,1,86
202400016089,2024-12-27,Afternoon,2,1,7.0,1,2,78
202400016090,2024-02-01,Evening,4,2,4.0,3,1,67
202400016091,2024-08-30,Morning,3,1,6.0,1,2,83
202400016092,2024-04-19,Evening,3,1,3.0,1,1,44
202400016093,2024-02-01,Afternoon,4,1,6.0,1,2,73
202400016094,2024-12-25,Evening,3,1,1.0,3,1,2B
202400016095,2024-09-09,Morning,4,2,7.0,1,2,81
202400016096,2024-02-02,Evening,3,1,6.0,3,1,42
202400016097,2024-04-20,Afternoon,4,1,6.0,1,2,29
202400016098,2024-09-08,Evening,4,2,7.0,2,1,80
202400016099,2024-12-25,Afternoon,3,1,1.0,3,1,2B
202400016100,2024-02-01,Afternoon,4,1,6.0,1,2,38
202400016101,2024-09-09,Evening,4,1,3.0,1,2,78
202400016102,2024-12-27,Afternoon,3,1,3.0,1,2,34
202400016103,2024-01-31,Afternoon,4,1,5.0,1,1,26
202400016104,2024-09-09,Afternoon,4,1,6.0,1,2,78
202400016105,2024-12-27,Morning,4,1,3.0,2,1,34
202400016106,2024-02-02,Morning,3,1,1.0,2,2,31
202400016107,2024-09-09,Afternoon,4,2,3.0,1,2,78
202400016108,2024-12-23,Afternoon,3,6,6.0,1,2,83
202400016109,2024-02-01,Afternoon,4,1,6.0,1,1,16
202400016110,2024-12-27,Morning,2,1,6.0,1,2,57
202400016111,2024-02-02,Evening,4,1,3.0,5,1,14
202400016112,2024-12-27,Afternoon,4,1,3.0,1,1,73
202400016113,2024-09-09,Afternoon,3,1,6.0,1,2,77
202400016114,2024-12-27,Afternoon,3,1,5.0,1,1,73
202400016115,2024-09-09,Evening,4,8,4.0,5,1,77
202400016116,2024-01-31,Evening,4,1,5.0,3,1,83
202400016117,2024-12-26,Evening,4,1,3.0,5,2,07
202400016118,2024-02-01,Night,4,1,6.0,3,1,91
202400016119,2024-09-09,Night,3,1,6.0,5,2,77
202400016120,2024-02-01,Night,3,2,6.0,5,1,92
202400016121,2024-12-27,Afternoon,3,1,6.0,2,2,69
202400016122,2024-09-07,Morning,3,2,1.0,1,2,76
202400016123,2024-01-31,Evening,4,1,4.0,3,1,78
202400016124,2024-09-08,Night,4,1,6.0,5,2,76
202400016125,2024-12-23,Afternoon,4,2,5.0,1,2,69
202400016126,2024-01-31,Morning,4,1,4.0,5,1,78
202400016127,2024-12-26,Afternoon,3,1,6.0,1,2,44
202400016128,2024-09-07,Morning,4,2,3.0,1,2,76
202400016129,2024-02-01,Evening,4,1,2.0,3,1,95
202400016130,2024-12-26,Night,2,2,7.0,3,1,44
202400016131,2024-09-08,Night,4,1,6.0,5,2,76
202400016132,2024-02-01,Afternoon,4,1,2.0,1,1,93
202400016133,2024-12-26,Afternoon,3,1,3.0,1,1,80
202400016134,2024-12-22,Afternoon,3,3,6.0,1,1,69
202400016135,2024-02-01,Morning,3,2,3.0,1,1,95
202400016136,2024-09-07,Afternoon,4,3,6.0,1,2,72
202400016137,2024-12-25,Afternoon,4,1,6.0,1,1,69
202400016138,2024-01-31,Evening,4,1,4.0,5,1,95
202400016139,2024-09-08,Afternoon,4,1,1.0,1,1,69
202400016140,2024-09-08,Night,4,2,7.0,5,2,67
202400016141,2024-02-01,Evening,4,2,5.0,2,1,94
202400016142,2024-12-26,Afternoon,4,1,2.0,1,1,33
202400016143,2024-09-09,Afternoon,4,1,6.0,1,2,66
202400016144,2024-01-31,Afternoon,4,1,2.0,1,1,94
202400016145,2024-09-09,Evening,4,2,2.0,2,2,64
202400016146,2024-12-26,Afternoon,4,1,6.0,1,1,91
202400016148,2024-09-09,Morning,4,1,2.0,1,2,64
202400016150,2024-12-26,Night,4,2,6.0,3,1,91
202400016152,2024-09-09,Morning,4,1,5.0,2,2,64
202400016153,2024-01-31,Afternoon,4,1,3.0,1,2,69
202400016154,2024-09-09,Night,4,2,6.0,5,2,64
202400016155,2024-12-25,Night,4,1,4.0,3,1,91
202400016156,2024-01-31,Afternoon,4,1,3.0,1,2,69
202400016157,2024-09-09,Evening,4,2,2.0,1,2,64
202400016158,2024-01-31,Afternoon,4,1,6.0,1,2,69
202400016159,2024-12-26,Afternoon,3,1,2.0,1,1,93
202400016160,2024-09-08,Evening,4,1,3.0,5,2,63
202400016161,2024-01-31,Evening,4,1,2.0,5,2,2A
202400016162,2024-09-07,Afternoon,3,1,6.0,1,2,60
202400016163,2024-01-31,Afternoon,4,1,6.0,1,2,2A
202400016164,2024-12-26,Afternoon,4,1,4.0,3,1,93
202400016165,2024-09-09,Morning,4,8,7.0,1,2,59
202400016166,2024-01-31,Afternoon,4,1,3.0,1,2,95
202400016167,2024-12-26,Morning,4,1,2.0,1,1,93
202400016168,2024-09-08,Night,4,2,3.0,5,2,56
202400016169,2024-01-31,Morning,4,1,6.0,1,2,95
202400016170,2024-09-09,Afternoon,4,1,3.0,1,2,51
202400016171,2024-01-31,Morning,3,1,3.0,1,1,91
202400016172,2024-12-26,Afternoon,4,1,2.0,1,1,93
202400016173,2024-09-09,Morning,4,1,6.0,1,2,51
202400016174,2024-01-29,Evening,4,1,6.0,5,2,87
202400016175,2024-09-06,Night,4,1,6.0,3,2,34
202400016176,2024-09-08,Night,4,1,3.0,5,2,51
202400016177,2024-01-31,Morning,4,1,2.0,1,2,83
202400016178,2024-09-01,Evening,4,1,1.0,3,1,34
202400016179,2024-01-31,Afternoon,3,1,3.0,1,2,82
202400016180,2024-09-08,Morning,4,1,2.0,1,2,49
202400016181,2024-12-24,Morning,4,1,6.0,1,2,59
202400016182,2024-01-31,Morning,3,1,6.0,1,2,81
202400016183,2024-09-08,Morning,4,1,6.0,5,2,49
202400016185,2024-01-13,Afternoon,3,1,3.0,1,2,77
202400016186,2024-08-03,Morning,4,1,3.0,1,1,13
202400016187,2024-09-08,Night,4,1,3.0,3,2,45
202400016188,2024-08-03,Afternoon,4,1,3.0,1,2,07
202400016189,2024-01-13,Morning,3,1,5.0,3,1,77
202400016191,2024-08-31,Night,4,1,3.0,5,2,42
202400016192,2024-08-03,Afternoon,4,1,3.0,1,1,07
202400016193,2024-01-31,Afternoon,4,1,2.0,1,2,77
202400016195,2024-08-02,Morning,4,1,6.0,1,2,53
202400016196,2024-09-09,Afternoon,4,1,6.0,1,2,35
202400016197,2024-01-31,Morning,4,1,3.0,2,1,77
202400016199,2024-08-03,Afternoon,2,1,1.0,1,1,40
202400016200,2024-09-09,Morning,4,1,3.0,1,2,35
202400016201,2024-01-31,Afternoon,4,1,1.0,1,1,77
202400016202,2024-12-25,Evening,4,1,6.0,5,2,69
202400016203,2024-08-04,Afternoon,4,8,1.0,1,1,24
202400016204,2024-09-10,Night,4,1,3.0,5,2,34
202400016205,2024-01-30,Afternoon,3,7,3.0,1,2,71
202400016206,2024-08-03,Afternoon,2,1,7.0,1,1,85
202400016207,2024-12-25,Night,4,1,3.0,4,2,91
202400016208,2024-09-09,Morning,4,1,3.0,1,2,34
202400016209,2024-08-03,Afternoon,3,1,7.0,1,1,87
202400016210,2024-09-09,Morning,4,1,3.0,1,2,34
202400016211,2024-08-03,Afternoon,3,1,7.0,1,1,30
202400016212,2024-01-17,Morning,4,2,6.0,1,2,68
202400016213,2024-08-04,Afternoon,3,1,7.0,1,1,30
202400016214,2024-01-30,Evening,3,2,3.0,5,2,67
202400016215,2024-09-09,Afternoon,3,1,2.0,1,2,33
202400016216,2024-12-25,Evening,4,1,1.0,5,2,69
202400016217,2024-08-04,Night,3,1,6.0,3,1,52
202400016218,2024-09-02,Morning,4,1,1.0,1,1,30
202400016219,2024-01-31,Afternoon,4,1,3.0,1,2,64
202400016220,2024-08-04,Night,4,1,1.0,3,1,13
202400016221,2024-12-24,Morning,3,1,3.0,1,2,67
202400016222,2024-01-31,Night,4,1,3.0,5,1,64
202400016223,2024-09-09,Evening,4,1,3.0,1,2,22
202400016224,2024-12-22,Afternoon,4,1,3.0,1,2,62
202400016225,2024-08-03,Night,4,1,3.0,3,1,77
202400016226,2024-09-08,Evening,4,1,7.0,1,1,19
202400016227,2024-01-31,Morning,3,1,6.0,1,2,63
202400016228,2024-12-26,Night,4,8,6.0,5,2,61
202400016230,2024-09-09,Night,4,1,3.0,5,2,13
202400016232,2024-01-31,Morning,4,1,2.0,1,2,63
202400016233,2024-09-05,Afternoon,4,1,3.0,1,2,13
202400016234,2024-12-20,Morning,4,2,3.0,2,2,59
202400016235,2024-08-04,Night,3,1,6.0,3,2,34
202400016236,2024-09-09,Evening,4,1,2.0,2,2,75
202400016237,2024-08-03,Evening,4,1,7.0,1,2,83
202400016238,2024-01-30,Evening,4,1,6.0,5,2,57
202400016239,2024-12-21,Morning,4,1,6.0,1,2,59
202400016240,2024-08-04,Afternoon,3,1,7.0,1,1,05
202400016241,2024-09-07,Evening,4,8,2.0,1,2,75
202400016242,2024-01-30,Morning,4,1,1.0,5,2,54
202400016243,2024-05-13,Night,3,1,7.0,2,2,13
202400016244,2024-09-07,Evening,3,1,5.0,2,2,75
202400016245,2024-01-31,Evening,4,1,6.0,5,2,44
202400016246,2024-08-04,Night,3,1,6.0,3,2,89
202400016247,2024-12-25,Night,4,1,2.0,5,2,01
202400016248,2024-09-09,Afternoon,4,1,2.0,1,2,75
202400016249,2024-12-25,Afternoon,4,1,6.0,1,2,75
202400016250,2024-01-31,Afternoon,4,1,3.0,1,2,38
202400016251,2024-08-04,Night,4,1,3.0,2,1,21
202400016252,2024-01-31,Evening,4,1,6.0,5,2,37
202400016253,2024-12-25,Night,4,2,6.0,5,2,75
202400016254,2024-09-08,Night,4,1,3.0,5,2,75
202400016255,2024-08-04,Evening,4,1,7.0,1,1,68
202400016256,2024-01-31,Afternoon,4,1,7.0,1,2,37
202400016257,2024-09-09,Afternoon,4,1,6.0,1,2,75
202400016258,2024-12-25,Night,4,2,3.0,5,2,75
202400016259,2024-08-03,Evening,3,1,1.0,2,1,57
202400016260,2024-01-31,Morning,4,5,1.0,5,2,36
202400016261,2024-09-09,Morning,4,2,3.0,2,2,75
202400016262,2024-08-04,Night,2,1,6.0,3,1,03
202400016263,2024-12-24,Night,4,2,3.0,5,2,75
202400016264,2024-01-31,Afternoon,3,1,3.0,2,2,35
202400016265,2024-08-03,Afternoon,3,1,6.0,1,2,38
202400016266,2024-09-07,Evening,4,1,3.0,1,2,75
202400016267,2024-08-03,Night,4,1,6.0,3,1,38
202400016268,2024-12-24,Night,4,2,1.0,5,2,75
202400016269,2024-09-09,Evening,4,8,3.0,1,2,75
202400016270,2024-01-29,Evening,3,1,3.0,5,2,34
202400016271,2024-08-03,Afternoon,3,1,3.0,1,1,26
202400016272,2024-12-24,Evening,4,2,6.0,5,2,75
202400016273,2024-09-09,Evening,4,8,3.0,1,2,75
202400016274,2024-01-29,Morning,4,1,3.0,1,2,33
202400016275,2024-08-02,Afternoon,4,1,5.0,1,1,69
202400016276,2024-01-31,Morning,4,1,3.0,1,2,31
202400016277,2024-12-25,Evening,4,2,3.0,5,2,93
202400016278,2024-09-09,Morning,4,8,3.0,1,2,75
202400016279,2024-01-31,Evening,4,1,7.0,4,1,30
202400016280,2024-09-09,Afternoon,4,1,3.0,1,2,94
202400016281,2024-08-03,Afternoon,4,1,2.0,1,1,81
202400016282,2024-12-24,Night,4,2,2.0,5,2,92
202400016283,2024-01-30,Morning,4,1,6.0,1,2,29
202400016284,2024-07-17,Morning,4,1,1.0,2,1,31
202400016285,2024-12-25,Afternoon,4,2,3.0,1,2,92
202400016286,2024-09-08,Night,4,3,3.0,5,2,94
202400016287,2024-01-31,Morning,4,1,6.0,5,2,28
202400016288,2024-12-26,Afternoon,4,1,2.0,1,1,60
202400016289,2024-09-09,Morning,4,2,6.0,1,2,94
202400016290,2024-08-04,Night,4,1,3.0,4,2,17
202400016291,2024-01-30,Afternoon,4,1,1.0,1,2,27
202400016292,2024-12-25,Night,2,1,6.0,3,1,34
202400016293,2024-09-09,Morning,4,8,3.0,1,2,93
202400016294,2024-08-04,Afternoon,4,1,2.0,1,2,14
202400016295,2024-01-31,Afternoon,4,7,6.0,1,2,25
202400016296,2024-08-03,Night,3,1,6.0,3,1,27
202400016297,2024-09-09,Morning,4,2,3.0,1,2,93
202400016298,2024-01-29,Night,3,1,6.0,5,2,17
202400016299,2024-08-04,Night,3,1,6.0,3,1,60
202400016300,2024-09-09,Morning,4,1,6.0,5,2,93
202400016302,2024-08-03,Evening,3,1,6.0,1,2,62
202400016303,2024-02-01,Night,3,1,1.0,5,2,13
202400016304,2024-09-06,Evening,4,1,3.0,5,2,93
202400016305,2024-12-26,Morning,4,5,5.0,3,1,76
202400016306,2024-01-31,Afternoon,3,1,3.0,1,2,13
202400016307,2024-09-09,Afternoon,4,2,6.0,1,2,93
202400016308,2024-12-20,Night,3,2,6.0,3,1,62
202400016309,2024-08-02,Afternoon,4,1,2.0,1,1,13
202400016310,2024-01-31,Morning,4,1,2.0,2,2,13
202400016311,2024-12-25,Evening,3,2,1.0,3,1,77
202400016312,2024-08-02,Afternoon,3,1,3.0,1,1,69
202400016313,2024-01-31,Night,4,1,7.0,3,2,13
202400016314,2024-09-09,Afternoon,4,2,3.0,1,2,92
202400016315,2024-12-26,Afternoon,4,1,3.0,1,2,79
202400016316,2024-01-31,Afternoon,3,1,1.0,1,2,04
202400016317,2024-08-02,Night,4,1,6.0,4,1,69
202400016318,2024-01-31,Evening,3,1,7.0,5,2,75
202400016319,2024-12-25,Evening,3,2,6.0,3,1,80
202400016320,2024-09-09,Morning,4,1,2.0,1,2,92
202400016321,2024-08-03,Afternoon,4,1,7.0,1,1,91
202400016322,2024-12-26,Afternoon,3,1,6.0,5,2,80
202400016323,2024-08-03,Afternoon,4,1,7.0,1,1,91
202400016324,2024-01-30,Morning,2,1,3.0,1,2,75
202400016325,2024-09-08,Evening,4,2,3.0,5,2,92
202400016326,2024-12-25,Evening,3,9,1.0,3,1,32
202400016327,2024-08-03,Afternoon,4,1,2.0,1,1,92
202400016328,2024-09-09,Morning,4,2,7.0,1,2,92
202400016329,2024-01-31,Night,4,1,3.0,5,2,75
202400016330,2024-08-03,Afternoon,4,1,4.0,1,1,78
202400016331,2024-12-26,Morning,3,2,3.0,3,1,49
202400016332,2024-09-09,Evening,4,8,3.0,1,2,92
202400016333,2024-08-03,Morning,3,8,7.0,1,1,78
202400016334,2024-01-29,Evening,4,1,6.0,5,2,75
202400016335,2024-12-26,Morning,3,7,6.0,2,2,12
202400016336,2024-09-09,Night,3,2,1.0,3,1,01
202400016337,2024-08-02,Afternoon,4,1,2.0,1,1,92
202400016338,2024-12-25,Evening,4,2,1.0,3,1,41
202400016339,2024-01-30,Morning,4,1,2.0,2,2,75
202400016340,2024-09-09,Afternoon,3,2,3.0,1,1,73
202400016341,2024-12-26,Afternoon,4,1,1.0,1,1,34
202400016342,2024-01-31,Evening,4,1,6.0,5,2,75
202400016343,2024-08-02,Night,4,1,2.0,3,1,78
202400016344,2024-09-10,Morning,3,1,3.0,1,2,43
202400016345,2024-01-31,Morning,4,1,7.0,2,2,75
202400016346,2024-08-03,Morning,4,1,2.0,1,1,93
202400016347,2024-12-25,Morning,4,1,7.0,2,2,68
202400016348,2024-09-10,Morning,3,1,1.0,1,1,57
202400016349,2024-01-30,Night,3,1,6.0,5,2,75
202400016350,2024-08-03,Night,4,1,2.0,3,1,95
202400016351,2024-12-26,Afternoon,4,1,1.0,1,1,39
202400016352,2024-01-31,Afternoon,4,1,6.0,1,2,75
202400016353,2024-12-19,Evening,4,2,1.0,5,1,44
202400016354,2024-08-02,Evening,4,1,4.0,5,2,93
202400016356,2024-01-31,Afternoon,4,1,3.0,1,2,75
202400016358,2024-12-24,Evening,4,5,1.0,3,1,29
202400016359,2024-08-03,Afternoon,4,1,5.0,1,1,94
202400016360,2024-12-25,Afternoon,3,2,7.0,3,2,31
202400016361,2024-09-09,Morning,3,3,6.0,1,1,21
202400016362,2024-01-31,Morning,4,1,3.0,1,2,94
202400016363,2024-12-24,Afternoon,3,2,6.0,1,1,14
202400016365,2024-09-10,Afternoon,4,1,3.0,1,2,83
202400016366,2024-01-31,Night,4,1,7.0,5,2,94
202400016367,2024-12-25,Morning,2,8,6.0,1,1,60
202400016369,2024-09-10,Afternoon,3,2,6.0,1,2,62
202400016370,2024-01-30,Evening,4,1,2.0,5,2,94
202400016371,2024-12-26,Afternoon,4,1,7.0,1,1,64
202400016372,2024-09-10,Morning,4,1,1.0,1,2,06
202400016373,2024-08-02,Evening,4,1,6.0,1,2,69
202400016374,2024-12-23,Afternoon,3,2,7.0,2,2,43
202400016375,2024-01-31,Morning,4,1,2.0,1,2,94
202400016376,2024-09-05,Morning,4,2,4.0,1,1,14
202400016377,2024-08-02,Morning,3,1,6.0,1,2,69
202400016378,2024-12-19,Evening,3,2,6.0,5,2,21
202400016379,2024-01-31,Evening,4,1,6.0,5,2,94
202400016381,2024-09-10,Night,4,1,6.0,5,1,14
202400016382,2024-12-24,Evening,3,1,3.0,3,1,24
202400016383,2024-09-10,Afternoon,3,1,2.0,1,1,12
202400016385,2024-12-24,Night,3,2,6.0,3,1,85
202400016386,2024-08-02,Evening,4,3,7.0,1,2,69
202400016387,2024-01-31,Night,4,1,3.0,5,2,94
202400016388,2024-09-10,Night,2,1,7.0,3,1,35
202400016389,2024-12-25,Evening,3,1,6.0,3,1,08
202400016390,2024-08-02,Afternoon,4,1,3.0,1,2,2B
202400016391,2024-12-25,Evening,3,2,6.0,3,1,08
202400016392,2024-01-04,Afternoon,4,1,3.0,5,2,94
202400016393,2024-09-09,Afternoon,4,2,3.0,1,1,76
202400016395,2024-09-10,Evening,4,1,6.0,3,1,2B
202400016396,2024-01-31,Afternoon,4,1,6.0,1,2,93
202400016398,2024-09-09,Afternoon,2,1,6.0,1,2,65
202400016399,2024-01-31,Afternoon,4,1,3.0,5,2,92
202400016400,2024-08-02,Evening,4,1,6.0,2,2,2A
202400016402,2024-09-09,Evening,4,1,6.0,1,1,47
202400016403,2024-12-26,Night,4,2,6.0,3,1,49
202400016404,2024-08-02,Morning,4,1,3.0,1,2,2A
202400016405,2024-01-31,Morning,4,1,2.0,1,2,92
202400016406,2024-08-03,Night,4,1,7.0,3,2,91
202400016407,2024-09-10,Morning,3,1,3.0,1,1,41
202400016408,2024-01-31,Morning,4,1,6.0,1,2,92
202400016409,2024-08-02,Night,4,1,7.0,3,1,91
202400016410,2024-08-31,Night,4,1,6.0,5,2,29
202400016411,2024-08-02,Morning,4,1,3.0,1,2,87
202400016412,2024-12-22,Afternoon,4,6,2.0,1,1,14
202400016413,2024-01-31,Evening,4,1,6.0,5,2,92
202400016414,2024-09-08,Morning,4,1,3.0,1,2,25
202400016415,2024-08-01,Afternoon,4,1,1.0,1,1,87
202400016416,2024-09-08,Afternoon,3,2,6.0,1,2,44
202400016417,2024-07-30,Afternoon,4,1,3.0,1,2,84
202400016418,2024-12-26,Morning,4,1,4.0,1,1,69
202400016419,2024-01-31,Evening,3,1,6.0,4,2,92
202400016421,2024-09-09,Afternoon,4,1,4.0,1,1,44
202400016422,2024-08-01,Afternoon,4,1,3.0,1,2,84
202400016423,2024-02-01,Afternoon,4,1,3.0,1,1,95
202400016424,2024-09-08,Night,4,2,6.0,5,2,29
202400016425,2024-07-30,Afternoon,4,1,3.0,1,2,83
202400016426,2024-12-25,Afternoon,2,1,6.0,3,1,45
202400016428,2024-09-10,Afternoon,4,1,3.0,1,2,15
202400016429,2024-12-26,Afternoon,3,1,7.0,2,2,77