Num_Acc,date,time_of_day,max_severity,weather,collision_type,lighting,urban_area,department
202400016431,2024-08-07,Morning,3,1,7.0,1,1,26
202400016432,2024-08-02,Evening,4,1,5.0,1,1,80
202400016433,2024-12-25,Night,4,1,6.0,3,1,13
202400016434,2024-08-02,Afternoon,4,1,3.0,1,2,80
202400016435,2024-01-29,Evening,3,1,1.0,3,2,69
202400016436,2024-09-08,Night,3,5,7.0,4,2,18
202400016437,2024-12-23,Morning,4,1,3.0,1,1,13
202400016438,2024-01-31,Afternoon,3,1,7.0,3,1,62
202400016439,2024-09-10,Morning,4,1,6.0,1,1,36
202400016440,2024-07-31,Morning,4,1,3.0,1,2,80
202400016441,2024-12-24,Night,3,2,6.0,3,1,33
202400016442,2024-08-02,Night,3,1,7.0,3,1,78
202400016443,2024-12-21,Night,4,2,6.0,5,2,29
202400016444,2024-09-09,Morning,4,1,1.0,1,1,07
202400016445,2024-01-31,Afternoon,4,8,1.0,1,1,57
202400016446,2024-12-25,Afternoon,3,5,6.0,1,2,22
202400016447,2024-09-10,Morning,2,8,2.0,1,1,53
202400016448,2024-08-02,Afternoon,4,1,2.0,1,2,78
202400016449,2024-02-01,Morning,3,8,3.0,3,1,56
202400016450,2024-12-24,Evening,4,2,1.0,3,2,60
202400016451,2024-09-06,Afternoon,4,1,6.0,1,1,04
202400016452,2024-08-02,Night,3,2,2.0,3,1,77
202400016453,2024-01-25,Evening,4,1,5.0,3,1,76
202400016454,2024-09-09,Morning,4,1,3.0,1,2,17
202400016455,2024-08-02,Night,4,1,3.0,5,2,72
202400016456,2024-01-30,Morning,3,1,6.0,1,2,47
202400016457,2024-08-01,Afternoon,4,7,1.0,1,2,72
202400016458,2024-09-03,Afternoon,3,1,1.0,1,2,37
202400016459,2024-02-01,Night,3,5,6.0,3,1,47
202400016460,2024-08-02,Afternoon,4,1,3.0,1,2,71
202400016461,2024-01-26,Morning,4,1,3.0,5,2,68
202400016462,2024-09-10,Afternoon,4,1,7.0,1,1,30
202400016463,2024-08-01,Evening,4,7,3.0,1,2,71
202400016464,2024-02-01,Evening,4,3,6.0,5,2,25
202400016465,2024-09-09,Evening,4,1,3.0,3,1,13
202400016466,2024-07-31,Afternoon,3,1,7.0,1,2,71
202400016467,2024-01-27,Afternoon,3,1,6.0,1,2,38
202400016468,2024-08-02,Afternoon,4,1,3.0,1,2,71
202400016469,2024-09-10,Morning,3,1,3.0,1,1,91
202400016470,2024-01-31,Afternoon,4,1,3.0,1,1,38
202400016471,2024-08-02,Afternoon,4,1,3.0,1,2,71
202400016472,2024-09-10,Afternoon,2,1,3.0,1,2,66
202400016473,2024-07-19,Evening,3,1,6.0,1,2,69
202400016474,2024-01-31,Afternoon,3,1,3.0,1,1,01
202400016475,2024-09-10,Afternoon,4,1,2.0,1,1,27
202400016476,2024-08-02,Afternoon,4,1,6.0,1,2,67
202400016477,2024-02-01,Night,3,1,3.0,3,2,26
202400016478,2024-09-09,Afternoon,4,2,6.0,1,1,45
202400016479,2024-08-02,Afternoon,4,3,7.0,1,2,67
202400016480,2024-01-21,Afternoon,3,1,7.0,1,1,83
202400016481,2024-09-07,Afternoon,3,1,6.0,1,1,95
202400016482,2024-01-31,Afternoon,3,1,7.0,1,1,64
202400016483,2024-08-02,Morning,4,1,2.0,1,2,66
202400016484,2024-09-04,Evening,3,2,6.0,3,1,34
202400016485,2024-01-31,Afternoon,4,1,6.0,1,1,16
202400016486,2024-08-01,Morning,4,1,2.0,1,2,64
202400016487,2024-08-02,Evening,4,1,7.0,1,2,62
202400016488,2024-09-06,Night,4,1,2.0,3,1,13
202400016489,2024-01-31,Evening,2,1,6.0,3,1,85
202400016490,2024-08-23,Night,4,1,7.0,3,2,67
202400016491,2024-08-01,Afternoon,4,1,1.0,1,1,62
202400016492,2024-01-31,Morning,3,1,2.0,2,1,85
202400016493,2024-06-27,Night,3,1,6.0,5,2,59
202400016494,2024-09-10,Morning,3,1,3.0,1,2,42
202400016495,2024-08-02,Evening,4,1,3.0,1,2,56
202400016496,2024-01-31,Afternoon,4,7,3.0,1,1,27
202400016497,2024-09-10,Morning,4,1,3.0,1,1,42
202400016498,2024-08-03,Night,4,1,3.0,3,2,50
202400016499,2024-01-31,Afternoon,3,7,3.0,1,1,28
202400016500,2024-09-08,Afternoon,4,2,1.0,1,2,69
202400016501,2024-02-01,Afternoon,2,2,7.0,1,1,23
202400016502,2024-08-02,Morning,4,1,3.0,1,2,50
202400016503,2024-08-02,Evening,3,1,6.0,1,2,49
202400016504,2024-02-01,Morning,4,1,3.0,1,1,30
202400016505,2024-02-01,Afternoon,4,1,1.0,1,1,30
202400016506,2024-01-31,Morning,4,1,3.0,1,1,33
202400016507,2024-08-02,Morning,4,1,3.0,1,2,35
202400016508,2024-02-01,Afternoon,4,7,4.0,2,1,57
202400016509,2024-08-01,Night,4,1,3.0,5,2,35
202400016510,2024-01-31,Afternoon,4,1,7.0,1,1,14
202400016511,2024-08-01,Afternoon,4,1,3.0,1,2,35
202400016512,2024-08-02,Morning,4,1,3.0,1,2,34
202400016513,2024-01-31,Evening,4,1,1.0,3,1,13
202400016514,2024-08-02,Morning,4,1,6.0,1,2,34
202400016517,2024-08-02,Evening,4,2,2.0,5,2,34
202400016518,2024-01-31,Evening,3,1,6.0,3,1,77
202400016519,2024-02-01,Night,3,1,6.0,3,1,66
202400016520,2024-08-01,Night,3,1,1.0,5,2,34
202400016521,2024-08-03,Night,4,1,3.0,5,2,33
202400016522,2024-01-31,Morning,3,5,3.0,1,1,34
202400016523,2024-08-01,Morning,4,1,3.0,1,2,33
202400016524,2024-08-01,Morning,3,8,1.0,1,2,32
202400016525,2024-02-01,Night,3,1,3.0,3,1,67
202400016526,2024-08-02,Night,4,1,6.0,5,2,30
202400016527,2024-08-02,Evening,4,1,2.0,1,1,29
202400016528,2024-02-01,Night,3,2,3.0,3,1,57
202400016529,2024-08-01,Morning,4,1,6.0,1,2,29
202400016530,2024-02-01,Morning,3,1,2.0,1,1,73
202400016531,2024-08-01,Afternoon,4,1,2.0,1,2,29
202400016532,2024-02-01,Morning,3,1,6.0,1,1,69
202400016533,2024-01-29,Night,3,1,7.0,3,1,29
202400016534,2024-01-31,Morning,4,1,3.0,1,1,22
202400016535,2024-08-01,Afternoon,4,1,1.0,1,2,27
202400016536,2024-08-02,Night,3,1,7.0,2,2,19
202400016537,2024-02-01,Morning,2,2,1.0,2,1,57
202400016538,2024-08-01,Morning,4,1,3.0,1,2,15
202400016539,2024-02-01,Afternoon,4,1,2.0,1,1,80
202400016540,2024-07-31,Night,4,1,6.0,3,2,15
202400016541,2024-02-01,Morning,3,1,6.0,1,2,62
202400016542,2024-08-02,Morning,4,1,1.0,1,1,14
202400016543,2024-01-29,Morning,3,1,1.0,1,1,59
202400016544,2024-01-31,Morning,4,1,3.0,1,1,33
202400016545,2024-08-02,Morning,4,1,3.0,1,1,13
202400016546,2024-01-31,Evening,4,1,2.0,3,1,93
202400016547,2024-08-02,Evening,4,1,2.0,1,2,13
202400016548,2024-01-31,Afternoon,4,1,7.0,1,1,95
202400016549,2024-01-31,Afternoon,4,1,7.0,1,1,92
202400016550,2024-01-31,Evening,4,1,5.0,2,1,94
202400016551,2024-08-02,Morning,3,1,3.0,1,2,13
202400016553,2024-08-02,Night,4,1,6.0,4,2,13
202400016555,2024-08-02,Morning,3,1,3.0,1,2,11
202400016556,2024-01-30,Night,3,1,3.0,4,2,69
202400016558,2024-07-12,Night,3,1,3.0,5,2,06
202400016559,2024-01-30,Morning,4,1,6.0,1,2,69
202400016560,2024-01-30,Evening,4,1,6.0,3,2,2B
202400016561,2024-07-13,Evening,4,1,6.0,1,2,02
202400016564,2024-08-02,Evening,4,1,4.0,1,2,75
202400016565,2024-08-02,Afternoon,4,1,2.0,1,2,75
202400016566,2024-08-02,Afternoon,4,1,2.0,1,2,75
202400016567,2024-08-02,Afternoon,3,1,3.0,1,2,75
202400016568,2024-08-02,Morning,4,1,4.0,1,2,75
202400016569,2024-08-01,Evening,3,1,3.0,1,2,75
202400016570,2024-07-30,Evening,4,1,4.0,5,2,75
202400016571,2024-08-02,Afternoon,4,1,3.0,1,2,75
202400016572,2024-08-02,Afternoon,4,1,2.0,1,2,75
202400016573,2024-08-02,Night,4,1,6.0,5,2,75
202400016574,2024-08-02,Morning,4,1,6.0,1,2,75
202400016575,2024-08-02,Morning,4,1,3.0,1,2,75
202400016576,2024-08-02,Morning,4,1,1.0,2,2,94
202400016577,2024-08-02,Night,4,2,6.0,5,2,94
202400016578,2024-08-01,Afternoon,4,1,2.0,1,2,94
202400016579,2024-08-02,Evening,4,1,3.0,1,2,94
202400016580,2024-08-01,Afternoon,3,1,3.0,1,2,94
202400016581,2024-08-01,Evening,4,1,3.0,1,2,93
202400016582,2024-08-02,Afternoon,4,1,3.0,1,2,93
202400016583,2024-08-02,Afternoon,4,1,4.0,1,2,93
202400016584,2024-08-02,Afternoon,4,1,3.0,1,2,92
202400016585,2024-08-02,Night,2,1,6.0,5,2,92
202400016586,2024-08-01,Evening,4,1,2.0,1,2,92
202400016587,2024-08-02,Evening,4,1,6.0,1,2,92
202400016588,2024-08-02,Morning,4,1,1.0,1,2,92
202400016589,2024-08-01,Evening,4,1,7.0,1,2,92
202400016590,2024-08-02,Morning,4,1,6.0,1,2,92
202400016591,2024-08-01,Afternoon,4,1,7.0,1,2,92
202400016593,2024-07-23,Evening,3,1,3.0,1,2,63
202400016594,2024-08-03,Afternoon,3,1,1.0,1,2,40
202400016595,2024-08-02,Evening,3,1,1.0,1,1,17
202400016596,2024-08-03,Afternoon,2,1,6.0,1,1,18
202400016598,2024-08-03,Morning,3,1,6.0,1,2,51
202400016601,2024-08-02,Morning,4,1,3.0,2,1,26
202400016602,2024-08-02,Morning,3,1,3.0,1,2,86
202400016603,2024-08-02,Evening,2,1,5.0,1,1,87
202400016604,2024-08-03,Morning,4,1,1.0,1,1,38
202400016605,2024-08-03,Morning,4,1,1.0,1,1,60
202400016606,2024-08-02,Afternoon,4,1,1.0,1,1,71
202400016607,2024-08-03,Afternoon,3,1,1.0,1,2,51
202400016608,2024-08-02,Evening,4,8,6.0,3,1,59
202400016609,2024-08-03,Morning,4,1,1.0,1,2,19
202400016610,2024-08-02,Night,3,1,6.0,3,2,19
202400016611,2024-08-02,Morning,4,1,6.0,1,2,56
202400016612,2024-07-08,Morning,4,1,3.0,1,2,56
202400016613,2024-08-03,Night,3,1,6.0,3,1,81
202400016614,2024-08-03,Morning,3,1,6.0,1,1,81
202400016615,2024-08-02,Evening,3,1,6.0,2,1,71
202400016616,2024-08-03,Morning,4,1,3.0,1,1,89
202400016617,2024-08-03,Morning,2,7,6.0,1,2,42
202400016618,2024-08-03,Evening,3,1,6.0,2,2,42
202400016619,2024-08-03,Afternoon,3,1,7.0,1,1,68
202400016620,2024-08-02,Evening,3,1,6.0,1,1,22
202400016621,2024-08-02,Afternoon,4,1,1.0,1,1,44
202400016622,2024-07-18,Night,3,1,6.0,3,1,29
202400016623,2024-08-03,Afternoon,4,2,3.0,1,2,29
202400016624,2024-08-02,Evening,3,1,6.0,2,1,29
202400016625,2024-05-28,Afternoon,4,2,3.0,1,1,56
202400016626,2024-07-18,Morning,4,1,7.0,1,1,29
202400016627,2024-05-29,Morning,4,1,6.0,1,2,54
202400016628,2024-08-02,Evening,3,1,3.0,1,1,02
202400016629,2024-05-28,Evening,3,8,3.0,1,2,54
202400016630,2024-08-02,Morning,4,1,6.0,1,2,01
202400016631,2024-05-28,Afternoon,4,1,3.0,1,2,54
202400016632,2024-08-02,Afternoon,4,1,3.0,1,1,01
202400016633,2024-05-29,Morning,4,2,2.0,1,2,54
202400016634,2024-05-29,Afternoon,4,2,6.0,1,2,53
202400016635,2024-08-02,Evening,4,1,3.0,2,2,66
202400016636,2024-08-02,Afternoon,3,1,6.0,1,1,72
202400016637,2024-05-28,Afternoon,4,8,3.0,1,2,51
202400016638,2024-08-03,Afternoon,2,1,2.0,1,1,06
202400016639,2024-05-29,Morning,4,2,3.0,1,2,45
202400016640,2024-08-03,Morning,2,1,3.0,1,1,50
202400016641,2024-05-29,Afternoon,4,8,6.0,1,2,44
202400016642,2024-07-31,Morning,3,1,2.0,1,1,09
202400016643,2024-05-30,Night,4,1,3.0,5,2,44
202400016644,2024-08-02,Morning,3,1,7.0,1,1,43
202400016645,2024-05-29,Evening,3,2,7.0,2,1,44
202400016646,2024-07-31,Evening,4,1,3.0,1,2,21
202400016647,2024-04-14,Evening,4,1,6.0,1,2,42
202400016648,2024-08-01,Evening,3,7,3.0,1,2,85
202400016649,2024-04-13,Evening,4,1,3.0,1,2,42
202400016650,2024-08-02,Evening,4,1,6.0,1,1,85
202400016651,2024-05-29,Morning,4,1,3.0,1,2,37
202400016652,2024-08-02,Evening,3,1,7.0,1,1,85
202400016653,2024-08-03,Morning,3,1,6.0,1,1,37
202400016654,2024-05-29,Afternoon,4,2,6.0,1,2,29
202400016655,2024-05-29,Afternoon,4,2,4.0,1,1,27
202400016656,2024-05-29,Evening,4,2,7.0,2,2,27
202400016657,2024-05-29,Afternoon,3,2,6.0,1,2,70
202400016658,2024-05-29,Afternoon,4,1,3.0,1,2,22
202400016659,2024-05-28,Afternoon,4,1,2.0,1,2,19
202400016660,2024-05-29,Evening,4,2,7.0,1,2,17
202400016661,2024-05-29,Afternoon,4,2,3.0,1,2,17
202400016662,2024-05-29,Afternoon,4,2,3.0,1,1,14
202400016663,2024-05-28,Night,3,8,1.0,3,1,14
202400016664,2024-05-27,Evening,3,1,2.0,1,2,13
202400016665,2024-05-29,Morning,4,1,3.0,1,2,13
202400016666,2024-05-29,Afternoon,3,1,7.0,1,2,07
202400016667,2024-05-29,Afternoon,4,1,6.0,1,2,06
202400016668,2024-05-28,Morning,4,1,6.0,1,2,06
202400016669,2024-05-29,Morning,3,2,7.0,1,2,75
202400016670,2024-05-29,Afternoon,4,2,3.0,1,2,75
202400016671,2024-05-29,Afternoon,4,2,3.0,1,2,75
202400016672,2024-05-29,Morning,4,2,3.0,1,2,75
202400016673,2024-05-29,Evening,4,2,6.0,1,2,75
202400016674,2024-05-29,Afternoon,4,2,7.0,1,2,75
202400016675,2024-05-29,Morning,4,2,3.0,1,2,75
202400016676,2024-05-29,Morning,4,2,7.0,2,2,75
202400016677,2024-05-29,Morning,4,2,6.0,1,2,75
202400016678,2024-05-29,Afternoon,4,2,7.0,1,2,75
202400016679,2024-05-29,Afternoon,4,2,6.0,1,2,75
202400016680,2024-05-29,Morning,4,2,2.0,1,2,75
202400016681,2024-05-29,Morning,4,2,3.0,1,2,75
202400016682,2024-05-29,Afternoon,4,2,3.0,1,2,75
202400016683,2024-05-29,Afternoon,4,2,1.0,1,2,94
202400016684,2024-05-29,Afternoon,4,3,3.0,1,2,93
202400016685,2024-05-28,Night,4,1,3.0,5,2,93
202400016686,2024-05-29,Morning,4,2,3.0,1,2,93
202400016687,2024-05-29,Afternoon,4,2,2.0,1,2,93
202400016688,2024-05-29,Morning,4,2,6.0,1,2,93
202400016689,2024-05-29,Evening,4,3,3.0,1,2,93
202400016690,2024-05-29,Evening,4,2,6.0,1,2,92
202400016691,2024-05-29,Afternoon,4,2,3.0,1,2,92
202400016692,2024-05-29,Morning,4,2,7.0,1,2,92
202400016693,2024-05-29,Afternoon,4,2,7.0,1,2,92
202400016694,2024-05-29,Afternoon,4,2,2.0,1,2,92
202400016695,2024-05-29,Afternoon,4,2,3.0,1,2,92
202400016696,2024-05-28,Evening,4,1,3.0,1,2,92
202400016697,2024-05-29,Morning,4,2,3.0,1,2,92
202400016698,2024-05-29,Afternoon,4,2,3.0,1,2,92
202400016699,2024-05-29,Afternoon,4,2,3.0,1,2,92
202400016700,2024-05-29,Afternoon,4,2,7.0,1,2,92
202400016701,2024-05-29,Morning,4,2,7.0,1,2,92
202400016702,2024-05-28,Night,4,2,6.0,5,2,92
202400016703,2024-05-29,Night,3,3,7.0,5,2,54
202400016704,2024-05-26,Afternoon,4,1,3.0,1,2,24
202400016705,2024-05-30,Morning,3,1,6.0,1,1,60
202400016706,2024-05-26,Night,4,1,6.0,2,2,45
202400016707,2024-05-29,Afternoon,3,2,3.0,1,1,86
202400016708,2024-05-30,Morning,3,1,1.0,2,1,83
202400016709,2024-05-29,Afternoon,4,1,3.0,1,2,65
202400016710,2024-05-30,Morning,4,8,2.0,1,1,47
202400016711,2024-05-24,Morning,3,1,5.0,1,1,89
202400016712,2024-05-29,Afternoon,4,2,3.0,1,2,56
202400016713,2024-05-30,Morning,4,1,5.0,1,1,56
202400016714,2024-05-30,Afternoon,4,1,6.0,1,1,2B
202400016715,2024-05-30,Afternoon,4,1,6.0,1,1,71
202400016716,2024-05-30,Evening,4,1,3.0,1,1,63
202400016717,2024-05-29,Afternoon,3,1,6.0,1,2,12
202400016718,2024-05-18,Afternoon,4,1,2.0,1,2,25
202400016719,2024-05-24,Evening,3,1,7.0,1,1,25
202400016720,2024-05-29,Afternoon,4,8,3.0,1,1,44
202400016721,2024-05-29,Afternoon,3,2,1.0,1,1,44
202400016722,2024-05-30,Morning,3,3,6.0,1,2,38
202400016723,2024-05-29,Evening,2,1,6.0,1,1,38
202400016724,2024-05-29,Evening,4,3,1.0,1,1,15
202400016725,2024-05-30,Morning,4,1,6.0,1,2,72
202400016726,2024-05-28,Evening,4,2,6.0,3,1,50
202400016727,2024-05-29,Afternoon,4,1,5.0,1,1,64
202400016728,2024-05-29,Morning,3,1,3.0,1,1,07
202400016729,2024-05-28,Morning,4,1,1.0,1,1,40
202400016730,2024-05-30,Afternoon,3,1,1.0,1,1,17
202400016731,2024-05-30,Afternoon,3,1,7.0,1,1,30
202400016732,2024-05-30,Afternoon,4,5,3.0,1,1,09
202400016734,2024-05-26,Evening,3,1,6.0,2,2,34
202400016735,2024-05-28,Evening,2,1,7.0,1,1,67
202400016736,2024-05-30,Afternoon,2,1,6.0,1,2,55
202400016737,2024-05-30,Afternoon,3,1,6.0,1,2,63
202400016738,2024-05-10,Evening,4,1,3.0,1,2,01
202400016739,2024-04-30,Afternoon,3,1,6.0,1,1,01
202400016740,2024-05-30,Morning,3,1,6.0,1,2,33
202400016741,2024-05-29,Evening,4,8,3.0,1,1,14
202400016742,2024-05-27,Afternoon,3,1,6.0,1,2,14
202400016743,2024-05-27,Evening,3,1,7.0,2,1,14
202400016744,2024-05-12,Afternoon,4,1,3.0,1,1,27
202400016745,2024-05-30,Afternoon,4,3,5.0,2,1,80
202400016746,2024-05-29,Afternoon,4,1,2.0,1,1,83
202400016747,2024-05-26,Afternoon,3,1,7.0,1,1,59
202400016748,2024-05-27,Night,4,3,7.0,3,1,59
202400016749,2024-05-26,Afternoon,4,3,7.0,1,1,59
202400016750,2024-05-25,Night,4,1,6.0,3,1,62
202400016751,2024-05-29,Evening,4,2,3.0,1,1,94
202400016752,2024-05-29,Morning,4,8,3.0,1,1,94
202400016753,2024-05-29,Morning,4,2,3.0,1,1,92
202400016754,2024-05-29,Morning,4,2,3.0,1,1,78
202400016755,2024-05-29,Morning,4,1,3.0,1,1,92
202400016756,2024-05-28,Morning,3,1,3.0,1,1,92
202400016757,2024-05-29,Morning,4,2,5.0,1,1,95
202400016758,2024-05-29,Morning,4,2,6.0,1,1,95
202400016759,2024-05-26,Evening,4,1,3.0,1,1,93
202400016760,2024-05-29,Morning,4,2,2.0,1,1,77
202400016761,2024-05-29,Night,4,1,4.0,3,1,77
202400016762,2024-05-27,Morning,4,1,3.0,1,2,06
202400016763,2024-03-01,Night,2,1,6.0,4,2,35
202400016764,2024-03-19,Evening,4,1,6.0,2,1,74
202400016765,2024-03-17,Afternoon,3,1,7.0,1,2,74
202400016766,2024-03-15,Morning,3,1,3.0,1,2,74
202400016767,2024-03-10,Evening,3,2,6.0,3,1,74
202400016768,2024-02-17,Evening,3,1,1.0,3,1,74
202400016776,2024-05-28,Evening,4,1,6.0,1,2,69
202400016780,2024-05-28,Night,3,1,1.0,2,1,91
202400016781,2024-05-28,Afternoon,4,2,3.0,1,2,91
202400016782,2024-05-28,Morning,4,1,3.0,1,1,91
202400016783,2024-05-28,Morning,4,1,6.0,1,1,91
202400016784,2024-10-14,Afternoon,4,1,3.0,1,2,33
202400016785,2024-05-28,Afternoon,4,1,3.0,1,2,90
202400016786,2024-10-13,Evening,3,1,6.0,2,1,71
202400016787,2024-10-13,Evening,3,8,6.0,1,2,68
202400016788,2024-05-27,Evening,4,1,7.0,1,2,87
202400016789,2024-05-24,Afternoon,4,1,3.0,1,2,87
202400016790,2024-10-14,Afternoon,3,1,6.0,1,2,31
202400016791,2024-05-28,Evening,4,7,7.0,1,1,84
202400016792,2024-10-13,Evening,2,7,3.0,1,1,31
202400016793,2024-05-23,Evening,4,1,6.0,5,2,84
202400016794,2024-10-13,Night,4,1,3.0,5,2,31
202400016795,2024-05-28,Morning,4,2,3.0,1,2,78
202400016796,2024-10-13,Evening,3,1,6.0,5,2,31
202400016797,2024-05-28,Afternoon,3,2,3.0,1,2,78
202400016798,2024-10-15,Morning,3,1,3.0,2,2,38
202400016799,2024-05-28,Afternoon,4,2,7.0,1,2,77
202400016800,2024-10-14,Evening,4,1,1.0,3,1,72
202400016801,2024-05-27,Afternoon,3,1,6.0,1,2,76
202400016802,2024-10-13,Afternoon,4,1,3.0,1,1,14
202400016803,2024-10-15,Afternoon,4,2,6.0,1,1,50
202400016804,2024-05-28,Morning,4,2,3.0,1,2,72
202400016805,2024-10-15,Morning,4,5,2.0,3,1,50
202400016806,2024-05-28,Afternoon,4,1,6.0,1,2,71
202400016807,2024-10-14,Evening,3,8,1.0,2,1,60
202400016808,2024-05-28,Afternoon,4,1,3.0,1,2,69
202400016809,2024-05-26,Morning,4,1,3.0,1,2,69
202400016810,2024-10-15,Afternoon,3,2,1.0,1,1,64
202400016811,2024-05-28,Afternoon,2,1,7.0,1,2,67
202400016812,2024-10-11,Afternoon,3,1,2.0,1,1,43
202400016813,2024-05-28,Night,3,1,6.0,5,2,64
202400016814,2024-10-10,Evening,3,2,6.0,3,1,27
202400016815,2024-10-10,Evening,3,2,6.0,3,1,27
202400016816,2024-05-28,Morning,4,1,2.0,1,2,63
202400016817,2024-05-25,Evening,4,1,2.0,1,2,62
202400016818,2024-10-15,Afternoon,2,1,3.0,1,1,17
202400016819,2024-10-15,Night,2,1,6.0,3,1,68
202400016820,2024-05-28,Afternoon,4,2,3.0,1,2,62
202400016821,2024-10-15,Afternoon,4,1,7.0,1,1,18
202400016822,2024-05-28,Morning,4,2,3.0,1,2,60
202400016823,2024-05-28,Afternoon,4,2,1.0,1,2,59
202400016824,2024-10-15,Morning,4,1,3.0,1,1,95
202400016825,2024-05-26,Evening,4,1,3.0,2,2,56
202400016826,2024-10-12,Night,3,1,2.0,3,1,01
202400016827,2024-05-27,Morning,4,1,2.0,1,2,56
202400016829,2024-05-27,Afternoon,4,1,3.0,1,2,54
202400016830,2024-10-15,Morning,4,1,2.0,1,1,13
202400016831,2024-05-27,Morning,3,1,1.0,1,1,54
202400016832,2024-10-14,Afternoon,3,2,2.0,1,1,62
202400016833,2024-05-27,Evening,4,1,7.0,1,1,54
202400016834,2024-05-27,Morning,4,1,3.0,1,1,49
202400016837,2024-05-28,Evening,3,1,1.0,1,2,44
202400016838,2024-05-28,Morning,4,1,2.0,1,2,44
202400016839,2024-10-15,Morning,4,1,2.0,2,1,77
202400016840,2024-05-28,Morning,4,1,6.0,1,2,37
202400016841,2024-10-15,Morning,4,1,2.0,2,1,77
202400016842,2024-05-28,Morning,4,2,3.0,1,2,35
202400016843,2024-10-14,Morning,4,1,1.0,1,1,78
202400016844,2024-05-27,Morning,3,1,1.0,1,2,34
202400016845,2024-10-14,Evening,3,2,6.0,1,2,84
202400016846,2024-05-28,Evening,4,1,6.0,1,2,33
202400016847,2024-10-14,Evening,3,1,1.0,3,1,83
202400016848,2024-05-28,Night,4,1,6.0,5,2,33
202400016849,2024-10-15,Afternoon,3,1,6.0,1,2,83
202400016850,2024-05-28,Evening,4,1,1.0,1,2,33
202400016851,2024-10-11,Afternoon,4,1,7.0,2,1,06
202400016852,2024-05-28,Evening,3,1,6.0,1,2,33
202400016853,2024-10-15,Afternoon,4,1,5.0,1,1,06
202400016854,2024-05-28,Afternoon,4,1,3.0,1,2,33
202400016855,2024-10-13,Afternoon,4,1,2.0,1,2,13
202400016856,2024-04-30,Morning,2,1,6.0,1,2,31
202400016857,2024-10-13,Afternoon,4,1,1.0,1,1,69
202400016858,2024-05-27,Afternoon,4,1,2.0,1,1,29
202400016859,2024-09-21,Evening,4,2,1.0,1,1,85
202400016860,2024-05-28,Morning,4,1,3.0,1,2,29
202400016861,2024-10-14,Afternoon,3,1,3.0,1,1,49
202400016862,2024-10-11,Afternoon,3,1,7.0,1,2,29
202400016863,2024-05-28,Morning,3,1,3.0,1,1,26
202400016864,2024-05-28,Evening,4,1,2.0,1,2,25
202400016865,2024-10-10,Afternoon,3,1,1.0,1,1,35
202400016866,2024-05-28,Evening,4,1,3.0,5,2,25
202400016867,2024-10-14,Evening,4,1,6.0,1,1,33
202400016868,2024-05-28,Night,4,1,7.0,1,1,13
202400016869,2024-05-28,Morning,4,1,3.0,1,2,13
202400016870,2024-10-14,Morning,4,1,2.0,1,1,33
202400016871,2024-05-27,Morning,4,1,6.0,1,2,10
202400016872,2024-10-14,Morning,4,1,4.0,3,1,33
202400016873,2024-05-28,Afternoon,4,1,6.0,1,1,09
202400016874,2024-10-14,Morning,4,1,3.0,5,1,33
202400016875,2024-05-28,Afternoon,4,1,3.0,1,2,03
202400016876,2024-10-11,Evening,4,1,2.0,5,1,33
202400016877,2024-10-14,Morning,4,1,3.0,1,1,91
202400016878,2024-05-28,Afternoon,4,2,4.0,1,2,75
202400016879,2024-10-13,Afternoon,4,1,5.0,1,1,78
202400016880,2024-05-28,Morning,4,8,3.0,1,2,75
202400016881,2024-10-13,Afternoon,4,1,6.0,1,1,78
202400016882,2024-05-28,Afternoon,4,2,3.0,1,2,75
202400016883,2024-10-13,Morning,4,1,2.0,2,1,78
202400016884,2024-05-28,Morning,4,2,3.0,1,2,75
202400016885,2024-10-12,Night,4,1,5.0,3,1,78
202400016886,2024-05-28,Morning,4,8,2.0,1,2,75
202400016887,2024-10-14,Afternoon,4,1,6.0,1,1,95
202400016888,2024-10-14,Morning,4,1,2.0,1,1,95
202400016889,2024-05-28,Afternoon,4,8,7.0,1,2,75
202400016890,2024-10-14,Afternoon,4,1,2.0,1,1,93
202400016891,2024-10-14,Morning,4,1,2.0,1,1,93
202400016892,2024-10-10,Evening,4,2,2.0,3,1,95
202400016893,2024-06-24,Afternoon,3,1,6.0,1,2,84
202400016894,2024-05-23,Morning,3,1,3.0,1,1,80
202400016895,2024-04-29,Evening,4,1,7.0,2,1,80
202400016896,2024-05-20,Evening,3,1,2.0,1,1,32
202400016897,2024-07-20,Evening,3,1,6.0,1,2,41
202400016898,2024-07-26,Night,3,1,6.0,3,1,24
202400016899,2024-07-25,Afternoon,4,1,1.0,1,1,57
202400016900,2024-10-13,Evening,4,1,6.0,5,2,69
202400016901,2024-10-11,Morning,3,1,3.0,1,2,69
202400016902,2024-10-13,Afternoon,4,1,6.0,1,2,95
202400016903,2024-10-12,Afternoon,3,2,6.0,1,2,95
202400016904,2024-10-11,Afternoon,3,1,6.0,1,2,95
202400016905,2024-10-12,Morning,4,8,1.0,1,2,91
202400016906,2024-10-13,Morning,4,1,3.0,5,2,91