Num_Acc,date,time_of_day,max_severity,weather,collision_type,lighting,urban_area,department
202400016907,2024-10-13,Night,4,3,1.0,4,1,84
202400016908,2024-10-12,Afternoon,4,8,1.0,1,1,83
202400016909,2024-10-12,Afternoon,4,1,3.0,1,2,81
202400016910,2024-10-13,Evening,4,1,3.0,4,1,78
202400016911,2024-10-13,Afternoon,4,1,3.0,1,1,77
202400016912,2024-09-23,Morning,3,1,6.0,1,2,76
202400016913,2024-10-08,Afternoon,4,2,6.0,1,2,73
202400016914,2024-10-13,Afternoon,4,1,2.0,1,2,71
202400016915,2024-10-13,Afternoon,4,1,5.0,1,1,69
202400016916,2024-10-13,Afternoon,4,1,3.0,1,2,64
202400016917,2024-10-13,Morning,4,1,7.0,1,2,64
202400016918,2024-10-12,Night,3,1,1.0,5,1,60
202400016919,2024-10-13,Night,3,1,1.0,5,2,44
202400016920,2024-10-13,Morning,4,1,2.0,1,1,35
202400016921,2024-10-13,Afternoon,4,1,3.0,1,2,22
202400016922,2024-10-13,Afternoon,3,1,6.0,1,2,17
202400016923,2024-10-08,Afternoon,4,1,7.0,1,2,14
202400016924,2024-10-13,Afternoon,3,1,3.0,1,1,13
202400016925,2024-09-05,Evening,4,1,4.0,4,2,13
202400016926,2024-10-13,Afternoon,3,1,1.0,1,2,13
202400016927,2024-10-12,Morning,3,1,3.0,1,2,13
202400016928,2024-10-13,Afternoon,4,1,1.0,1,1,13
202400016929,2024-10-12,Night,3,1,6.0,3,2,08
202400016930,2024-10-13,Night,4,2,5.0,5,2,07
202400016931,2024-10-13,Afternoon,4,1,3.0,1,1,03
202400016932,2024-10-12,Night,4,2,6.0,5,2,01
202400016933,2024-10-11,Afternoon,4,1,2.0,1,2,75
202400016934,2024-10-11,Night,3,1,6.0,5,2,75
202400016935,2024-10-10,Evening,4,1,4.0,5,2,75
202400016936,2024-10-13,Evening,4,1,6.0,5,2,75
202400016937,2024-10-13,Night,3,1,6.0,5,2,75
202400016938,2024-10-13,Night,4,1,3.0,5,2,75
202400016939,2024-10-13,Morning,3,1,7.0,1,2,75
202400016940,2024-10-13,Afternoon,4,1,3.0,1,2,75
202400016941,2024-10-12,Night,3,1,6.0,5,2,94
202400016942,2024-10-13,Evening,3,1,3.0,5,2,94
202400016943,2024-10-13,Afternoon,4,1,3.0,1,2,94
202400016944,2024-10-13,Night,4,2,2.0,5,2,93
202400016945,2024-10-13,Morning,4,1,1.0,1,2,93
202400016946,2024-10-13,Evening,4,1,6.0,5,2,93
202400016947,2024-10-13,Morning,4,1,6.0,1,2,93
202400016948,2024-10-11,Evening,4,1,6.0,5,2,92
202400016949,2024-10-13,Afternoon,4,1,3.0,1,2,92
202400016950,2024-10-13,Evening,4,1,3.0,5,2,92
202400016951,2024-10-14,Morning,3,1,3.0,1,1,78
202400016952,2024-10-13,Afternoon,4,1,3.0,1,1,71
202400016954,2024-10-14,Morning,4,1,1.0,1,1,11
202400016955,2024-10-13,Afternoon,3,1,1.0,1,1,09
202400016956,2024-10-13,Night,3,1,7.0,3,1,22
202400016957,2024-10-14,Morning,4,1,6.0,1,2,40
202400016958,2024-10-06,Night,3,1,6.0,5,2,40
202400016959,2024-10-14,Afternoon,2,1,1.0,1,1,49
202400016960,2024-10-10,Evening,3,1,6.0,2,1,83
202400016961,2024-10-14,Morning,3,3,1.0,1,1,59
202400016962,2024-10-13,Morning,3,1,7.0,1,1,79
202400016963,2024-10-12,Night,3,1,7.0,4,1,79
202400016964,2024-10-12,Night,2,1,7.0,3,1,79
202400016965,2024-09-15,Evening,3,1,3.0,5,1,80
202400016966,2024-10-13,Afternoon,4,1,6.0,1,1,82
202400016967,2024-10-10,Evening,4,1,4.0,3,1,11
202400016968,2024-10-14,Evening,4,1,3.0,2,2,41
202400016969,2024-10-14,Afternoon,4,1,7.0,1,2,68
202400016970,2024-10-02,Afternoon,4,1,6.0,1,1,22
202400016971,2024-10-12,Afternoon,3,1,7.0,1,1,44
202400016972,2024-10-11,Morning,3,5,3.0,2,1,44
202400016973,2024-10-06,Morning,4,1,1.0,5,1,29
202400016974,2024-10-13,Afternoon,3,1,7.0,1,2,31
202400016975,2024-10-13,Evening,3,1,1.0,3,1,50
202400016976,2024-10-12,Afternoon,4,2,3.0,1,2,16
202400016977,2024-10-13,Afternoon,4,7,6.0,1,1,04
202400016978,2024-10-13,Night,4,1,7.0,3,1,85
202400016979,2024-10-11,Afternoon,3,1,6.0,1,2,27
202400016980,2024-10-14,Afternoon,3,1,1.0,1,1,17
202400016981,2024-10-13,Afternoon,3,1,6.0,1,1,87
202400016984,2024-10-11,Afternoon,3,1,2.0,1,1,42
202400016985,2024-10-12,Afternoon,4,3,2.0,1,1,01
202400016986,2024-10-13,Night,4,1,1.0,3,1,82
202400016987,2024-09-30,Afternoon,4,1,3.0,1,2,36
202400016988,2024-10-11,Afternoon,3,1,2.0,1,1,14
202400016989,2024-10-08,Afternoon,4,1,3.0,1,1,73
202400016990,2024-10-13,Night,4,1,1.0,3,1,77
202400016991,2024-10-12,Night,3,9,1.0,3,1,60
202400016994,2024-10-13,Afternoon,3,1,3.0,1,2,78
202400016995,2024-10-13,Afternoon,4,1,2.0,1,1,83
202400016996,2024-10-13,Evening,3,1,1.0,2,1,83
202400016997,2024-10-14,Evening,3,2,3.0,2,1,13
202400016998,2024-10-14,Afternoon,4,2,2.0,2,1,13
202400016999,2024-10-12,Night,4,3,7.0,5,2,03
202400017000,2024-10-14,Afternoon,3,1,1.0,1,1,73
202400017001,2024-10-13,Evening,4,1,7.0,3,2,69
202400017002,2024-10-13,Morning,3,1,3.0,1,1,33
202400017003,2024-10-13,Evening,2,1,6.0,3,1,49
202400017004,2024-10-14,Morning,3,2,3.0,2,1,44
202400017005,2024-10-13,Morning,4,1,2.0,1,1,50
202400017006,2024-10-04,Morning,4,1,6.0,1,2,35
202400017007,2024-10-13,Evening,4,1,2.0,1,2,13
202400017008,2024-10-12,Morning,4,1,3.0,3,1,13
202400017009,2024-10-13,Afternoon,4,1,3.0,1,1,83
202400017010,2024-10-12,Evening,4,1,7.0,1,1,67
202400017011,2024-10-12,Evening,4,1,6.0,3,1,91
202400017012,2024-10-13,Night,4,1,5.0,3,1,91
202400017013,2024-10-12,Night,4,1,4.0,3,1,91
202400017014,2024-10-12,Afternoon,4,2,4.0,1,1,95
202400017015,2024-10-12,Afternoon,4,2,7.0,1,1,93
202400017016,2024-10-11,Evening,4,1,2.0,3,1,95
202400017017,2024-10-12,Afternoon,4,2,3.0,1,1,93
202400017018,2024-10-12,Afternoon,4,2,5.0,1,1,93
202400017019,2024-10-12,Night,4,1,4.0,3,1,95
202400017020,2024-10-12,Night,3,1,6.0,3,1,93
202400017021,2024-10-12,Night,4,1,5.0,3,1,93
202400017022,2024-10-11,Evening,4,1,2.0,3,1,93
202400017023,2024-10-13,Night,4,1,2.0,3,1,77
202400017024,2024-10-12,Evening,4,2,2.0,3,1,77
202400017025,2024-10-12,Afternoon,4,2,4.0,1,1,94
202400017026,2024-10-12,Afternoon,4,3,2.0,1,1,94
202400017027,2024-10-06,Afternoon,4,1,2.0,1,1,44
202400017028,2024-10-03,Morning,4,1,6.0,2,2,44
202400017029,2024-09-24,Afternoon,4,1,3.0,1,2,44
202400017030,2024-10-11,Afternoon,3,1,6.0,1,2,14
202400017031,2024-10-11,Afternoon,4,1,3.0,1,2,92
202400017032,2024-03-11,Afternoon,4,2,3.0,1,2,75
202400017033,2024-03-13,Afternoon,4,8,6.0,1,2,75
202400017034,2024-03-13,Afternoon,4,1,3.0,1,2,75
202400017035,2024-03-13,Morning,4,8,6.0,1,2,75
202400017036,2024-03-13,Night,4,2,7.0,5,2,75
202400017037,2024-03-12,Morning,4,8,7.0,1,2,75
202400017038,2024-03-03,Morning,4,1,1.0,1,2,94
202400017039,2024-03-13,Afternoon,4,1,6.0,1,2,94
202400017040,2024-03-10,Evening,4,1,3.0,5,2,94
202400017041,2024-03-13,Evening,4,1,3.0,5,2,94
202400017042,2024-03-13,Morning,4,1,6.0,2,2,93
202400017043,2024-03-13,Evening,4,2,6.0,5,2,93
202400017044,2024-03-13,Morning,4,2,3.0,2,2,93
202400017045,2024-03-13,Morning,4,1,7.0,1,2,93
202400017046,2024-03-12,Night,4,1,6.0,5,2,93
202400017047,2024-03-13,Afternoon,4,1,6.0,1,2,93
202400017048,2024-03-13,Evening,4,1,3.0,5,2,92
202400017049,2024-03-13,Afternoon,3,8,7.0,1,2,92
202400017050,2024-07-01,Morning,4,1,3.0,1,2,94
202400017051,2024-03-12,Afternoon,4,2,6.0,1,2,92
202400017052,2024-07-01,Morning,4,1,3.0,2,2,94
202400017053,2024-03-12,Afternoon,4,2,6.0,1,2,92
202400017054,2024-03-12,Evening,3,2,6.0,5,2,92
202400017055,2024-06-30,Night,4,1,3.0,5,2,94
202400017056,2024-03-12,Afternoon,3,1,6.0,1,1,12
202400017057,2024-07-01,Night,4,1,3.0,5,2,94
202400017058,2024-03-14,Morning,3,1,6.0,1,2,08
202400017059,2024-07-01,Evening,4,1,1.0,1,2,94
202400017060,2024-07-01,Evening,4,1,3.0,1,2,94
202400017061,2024-03-12,Night,3,2,1.0,3,1,87
202400017062,2024-07-01,Morning,4,1,6.0,1,2,94
202400017063,2024-03-14,Morning,3,1,1.0,1,1,06
202400017064,2024-06-30,Evening,4,1,1.0,1,2,93
202400017065,2024-03-13,Afternoon,2,1,6.0,1,2,34
202400017066,2024-07-01,Night,4,1,3.0,5,2,93
202400017067,2024-03-02,Afternoon,4,1,1.0,1,2,51
202400017068,2024-06-30,Evening,4,1,3.0,1,2,93
202400017069,2024-07-01,Afternoon,4,1,6.0,1,2,93
202400017070,2024-03-13,Morning,4,1,3.0,1,2,31
202400017071,2024-06-25,Evening,4,1,3.0,1,2,92
202400017072,2024-03-14,Morning,4,1,1.0,1,2,55
202400017073,2024-06-30,Afternoon,4,1,7.0,1,2,92
202400017074,2024-03-13,Afternoon,3,7,6.0,1,1,72
202400017075,2024-03-14,Morning,3,1,6.0,1,2,14
202400017076,2024-06-30,Night,4,1,3.0,5,2,92
202400017077,2024-03-13,Evening,3,1,3.0,1,2,27
202400017078,2024-06-30,Afternoon,4,1,3.0,1,2,92
202400017079,2024-07-01,Morning,4,1,3.0,1,2,92
202400017080,2024-03-13,Evening,3,1,6.0,2,1,80
202400017081,2024-02-10,Evening,3,1,7.0,5,2,67
202400017082,2024-07-02,Afternoon,3,1,2.0,1,1,40
202400017083,2024-03-14,Morning,4,1,3.0,1,2,69
202400017084,2024-07-01,Evening,4,1,6.0,1,2,60
202400017085,2024-03-13,Night,4,1,3.0,3,1,83
202400017086,2024-07-01,Afternoon,3,1,3.0,1,1,60
202400017087,2024-03-13,Evening,3,1,1.0,5,2,27
202400017088,2024-06-30,Evening,3,1,1.0,1,1,39
202400017089,2024-03-09,Afternoon,4,3,2.0,1,1,42
202400017090,2024-07-02,Afternoon,4,1,2.0,1,1,25
202400017091,2024-07-01,Morning,4,1,7.0,1,1,17
202400017092,2024-03-13,Afternoon,4,1,5.0,1,1,33
202400017093,2024-07-01,Afternoon,3,1,7.0,1,1,16
202400017094,2024-03-08,Morning,3,1,7.0,1,1,59
202400017095,2024-06-28,Night,4,1,3.0,2,2,68
202400017096,2024-03-13,Morning,4,1,2.0,1,1,92
202400017097,2024-07-02,Morning,4,1,7.0,1,2,68
202400017098,2024-07-02,Morning,2,1,6.0,1,1,67
202400017099,2024-03-12,Night,4,2,7.0,5,1,92
202400017100,2024-07-02,Afternoon,3,1,6.0,1,2,83
202400017101,2024-03-12,Evening,4,2,2.0,5,1,92
202400017102,2024-03-11,Evening,4,1,6.0,3,1,95
202400017103,2024-06-28,Evening,4,1,5.0,1,1,14
202400017104,2024-03-11,Evening,4,2,2.0,3,1,93
202400017105,2024-07-02,Afternoon,3,1,6.0,1,1,50
202400017106,2024-07-02,Afternoon,4,1,2.0,1,1,14
202400017107,2024-03-13,Afternoon,4,1,5.0,1,1,94
202400017108,2024-01-11,Evening,4,1,3.0,5,2,74
202400017109,2024-07-02,Morning,3,8,2.0,1,1,27
202400017110,2024-01-11,Afternoon,4,1,1.0,1,2,74
202400017111,2024-07-02,Morning,4,1,1.0,1,1,79
202400017114,2024-07-02,Afternoon,4,1,3.0,1,1,82
202400017115,2024-06-30,Afternoon,3,1,2.0,1,2,65
202400017118,2024-06-28,Night,4,1,1.0,3,1,32
202400017119,2024-05-17,Evening,4,1,1.0,2,2,42
202400017120,2024-03-13,Night,4,1,1.0,5,2,69
202400017121,2024-03-12,Afternoon,4,1,3.0,1,2,69
202400017122,2024-06-10,Morning,4,1,3.0,2,1,29
202400017123,2024-03-12,Morning,4,8,3.0,1,2,69
202400017124,2024-06-29,Morning,3,5,6.0,2,1,03
202400017126,2024-06-30,Afternoon,4,8,1.0,1,1,03
202400017127,2024-07-01,Afternoon,3,1,6.0,1,1,70
202400017128,2024-03-12,Morning,4,1,6.0,1,2,2A
202400017129,2024-07-01,Evening,4,1,3.0,1,2,58
202400017130,2024-03-11,Afternoon,4,2,2.0,2,2,2A
202400017131,2024-06-30,Morning,4,1,6.0,1,2,66
202400017132,2024-03-12,Evening,4,1,6.0,5,2,95
202400017133,2024-07-02,Morning,3,1,6.0,1,1,54
202400017134,2024-03-12,Afternoon,4,2,6.0,1,2,95
202400017135,2024-07-02,Morning,4,8,1.0,1,1,72
202400017136,2024-03-11,Morning,4,1,3.0,1,2,95
202400017137,2024-06-25,Morning,4,1,6.0,1,1,72
202400017138,2024-03-12,Morning,4,1,6.0,1,2,91
202400017139,2024-06-14,Morning,4,1,3.0,1,2,06
202400017140,2024-03-12,Afternoon,4,2,3.0,1,2,91
202400017141,2024-07-01,Afternoon,4,3,1.0,1,2,90
202400017142,2024-03-11,Afternoon,4,1,3.0,1,2,91
202400017143,2024-07-02,Morning,4,1,6.0,1,2,36
202400017144,2024-03-11,Evening,3,2,6.0,5,2,91
202400017145,2024-07-02,Afternoon,4,1,1.0,1,1,16
202400017146,2024-03-12,Afternoon,4,2,6.0,1,2,91
202400017147,2024-07-01,Morning,4,1,3.0,1,2,17
202400017148,2024-03-11,Afternoon,4,2,6.0,1,2,91
202400017149,2024-03-12,Afternoon,4,2,6.0,2,2,91
202400017150,2024-07-01,Morning,3,1,3.0,1,1,37
202400017151,2024-03-12,Morning,4,8,6.0,1,2,91
202400017152,2024-06-25,Morning,3,1,3.0,1,1,37
202400017153,2024-03-12,Evening,4,1,2.0,3,2,91
202400017154,2024-06-25,Afternoon,4,1,3.0,1,1,37
202400017155,2024-03-07,Afternoon,4,1,3.0,1,2,89
202400017156,2024-03-11,Evening,4,1,3.0,1,2,87
202400017157,2024-07-01,Afternoon,3,1,5.0,1,1,30
202400017158,2024-03-11,Afternoon,4,1,6.0,1,2,87
202400017159,2024-07-01,Morning,3,1,2.0,1,1,53
202400017160,2024-03-07,Afternoon,4,1,3.0,1,2,87
202400017161,2024-07-02,Morning,3,1,3.0,1,1,90
202400017162,2024-03-12,Afternoon,4,1,3.0,1,2,84
202400017163,2024-07-02,Night,3,1,2.0,5,1,06
202400017164,2024-03-12,Night,4,1,1.0,5,2,83
202400017165,2024-07-02,Morning,4,1,2.0,1,1,13
202400017167,2024-03-11,Afternoon,4,1,1.0,1,2,83
202400017168,2024-06-23,Evening,3,1,3.0,1,1,78
202400017169,2024-03-12,Evening,3,2,6.0,5,2,78
202400017170,2024-06-30,Morning,3,1,1.0,1,1,04
202400017171,2024-07-02,Morning,4,1,1.0,1,1,13
202400017172,2024-03-13,Night,4,2,7.0,3,1,77
202400017173,2024-07-01,Evening,3,1,7.0,1,1,21
202400017174,2024-03-12,Morning,4,8,3.0,5,2,77
202400017175,2024-02-18,Evening,2,2,6.0,2,2,77
202400017176,2024-06-23,Evening,4,1,7.0,1,1,51
202400017177,2024-03-12,Night,4,1,6.0,5,2,76
202400017178,2024-07-01,Morning,3,1,3.0,1,1,44
202400017179,2024-03-08,Evening,4,1,7.0,3,2,76
202400017180,2024-07-02,Morning,4,1,1.0,1,2,38
202400017181,2024-06-30,Afternoon,3,1,7.0,1,1,38
202400017182,2024-03-11,Afternoon,4,1,4.0,1,2,73
202400017183,2024-03-11,Afternoon,4,1,6.0,1,2,72
202400017184,2024-06-29,Afternoon,4,1,3.0,1,1,69
202400017185,2024-03-11,Afternoon,4,1,3.0,1,2,72
202400017186,2024-03-11,Afternoon,4,1,3.0,1,2,68
202400017187,2024-05-19,Night,4,1,3.0,5,2,69
202400017188,2024-03-11,Evening,3,1,3.0,1,2,66
202400017189,2024-07-01,Evening,3,2,1.0,2,1,64
202400017190,2024-03-12,Afternoon,4,1,2.0,1,2,64
202400017191,2024-07-01,Afternoon,4,1,4.0,1,1,33
202400017192,2024-03-11,Evening,4,1,3.0,1,2,64
202400017193,2024-06-27,Evening,3,1,7.0,1,1,59
202400017194,2024-07-01,Evening,3,1,3.0,1,1,91
202400017195,2024-03-12,Evening,4,1,3.0,5,2,63
202400017196,2024-03-11,Evening,4,1,1.0,5,2,62
202400017197,2024-02-04,Afternoon,4,2,7.0,1,1,62
202400017198,2024-07-01,Afternoon,3,1,3.0,1,1,94
202400017199,2024-03-11,Morning,4,1,2.0,1,2,56
202400017200,2024-07-01,Morning,4,1,5.0,1,1,91
202400017201,2024-03-10,Afternoon,4,1,3.0,1,2,56
202400017202,2024-07-01,Morning,4,1,3.0,2,1,91
202400017203,2024-07-01,Night,4,1,3.0,3,1,91
202400017204,2024-03-12,Morning,4,1,3.0,1,2,51
202400017205,2024-03-11,Evening,2,1,7.0,5,2,50
202400017206,2024-07-01,Afternoon,4,1,4.0,1,1,92
202400017207,2024-03-12,Afternoon,4,1,1.0,1,2,47
202400017208,2024-07-01,Morning,4,1,2.0,1,1,92
202400017209,2024-03-11,Afternoon,4,1,3.0,1,2,45
202400017210,2024-06-30,Evening,4,1,4.0,1,1,92
202400017211,2024-03-12,Morning,4,8,6.0,1,2,38
202400017212,2024-06-30,Afternoon,4,1,2.0,1,1,78
202400017213,2024-03-11,Afternoon,4,1,4.0,1,2,37
202400017214,2024-03-11,Morning,3,7,6.0,1,2,35
202400017215,2024-06-30,Morning,4,1,4.0,1,1,92
202400017216,2024-03-12,Afternoon,3,8,6.0,1,2,31
202400017217,2024-03-12,Afternoon,4,2,2.0,1,2,29
202400017218,2024-07-01,Night,4,9,2.0,3,1,93
202400017219,2024-03-11,Evening,2,1,6.0,5,2,19
202400017220,2024-06-30,Night,4,1,6.0,3,1,95
202400017221,2024-03-12,Morning,4,1,3.0,1,2,13
202400017222,2024-06-29,Night,4,1,5.0,3,1,77
202400017223,2024-03-12,Evening,3,1,3.0,5,2,13
202400017224,2024-03-11,Evening,3,1,3.0,2,2,13
202400017226,2024-03-12,Afternoon,3,1,6.0,1,2,13
202400017227,2024-06-25,Afternoon,4,1,6.0,1,2,44
202400017228,2024-03-12,Afternoon,4,1,2.0,1,2,13
202400017229,2024-03-12,Morning,3,1,3.0,1,2,13
202400017230,2024-06-22,Afternoon,4,1,1.0,1,2,44
202400017231,2024-03-12,Afternoon,4,1,3.0,1,1,13
202400017232,2024-05-24,Afternoon,4,1,3.0,1,2,44
202400017233,2024-03-13,Night,4,1,1.0,5,2,13
202400017234,2024-05-21,Afternoon,4,1,3.0,1,2,44
202400017235,2024-03-11,Afternoon,4,2,2.0,1,2,11
202400017236,2024-03-12,Morning,4,1,6.0,1,2,09
202400017238,2024-03-12,Morning,4,1,2.0,1,2,06
202400017240,2024-03-12,Morning,4,1,6.0,1,2,06
202400017241,2024-06-30,Night,3,1,3.0,5,2,2A
202400017242,2024-06-30,Evening,4,1,6.0,1,2,95
202400017243,2024-03-12,Morning,4,1,4.0,1,2,06
202400017244,2024-06-29,Afternoon,4,1,6.0,1,2,95
202400017245,2024-03-11,Morning,4,2,6.0,2,2,04
202400017246,2024-06-30,Afternoon,4,1,6.0,1,2,95
202400017247,2024-03-12,Afternoon,4,2,6.0,1,2,75
202400017248,2024-06-30,Morning,4,1,1.0,1,2,91
202400017249,2024-03-12,Afternoon,4,2,6.0,1,2,75
202400017250,2024-06-30,Afternoon,4,1,2.0,1,2,91
202400017251,2024-06-30,Afternoon,4,1,3.0,1,2,83
202400017252,2024-03-11,Evening,4,2,3.0,5,2,75
202400017253,2024-06-30,Morning,4,1,3.0,1,2,83
202400017254,2024-03-12,Afternoon,4,2,1.0,1,2,75
202400017255,2024-03-12,Morning,4,8,7.0,1,2,75
202400017256,2024-06-30,Evening,4,1,6.0,1,2,78
202400017257,2024-03-11,Afternoon,4,2,2.0,1,2,94
202400017258,2024-06-30,Night,4,1,6.0,5,2,78
202400017259,2024-06-30,Morning,4,1,7.0,1,1,76
202400017260,2024-03-09,Evening,4,2,3.0,5,2,94
202400017261,2024-06-30,Morning,4,1,6.0,2,2,76
202400017262,2024-06-30,Morning,4,1,6.0,1,2,69
202400017263,2024-03-11,Afternoon,4,2,3.0,1,2,93
202400017264,2024-06-30,Afternoon,4,8,6.0,1,2,63
202400017265,2024-03-12,Afternoon,4,2,6.0,1,2,93
202400017266,2024-06-30,Night,4,1,6.0,5,1,62
202400017267,2024-06-30,Night,4,1,3.0,5,2,59
202400017268,2024-03-12,Evening,4,2,6.0,5,2,93
202400017269,2024-06-30,Afternoon,4,8,6.0,1,2,56
202400017270,2024-06-28,Afternoon,4,1,7.0,1,1,46
202400017271,2024-06-30,Morning,4,2,2.0,1,2,45
202400017272,2024-03-12,Evening,4,2,6.0,5,2,93
202400017273,2024-06-29,Afternoon,4,1,6.0,1,2,37
202400017274,2024-06-30,Afternoon,4,1,3.0,1,2,29
202400017275,2024-11-18,Afternoon,4,2,6.0,5,2,91
202400017276,2024-06-30,Night,4,1,7.0,3,1,29
202400017277,2024-03-12,Night,4,1,2.0,3,2,93
202400017278,2024-11-19,Afternoon,4,2,6.0,5,2,91
202400017279,2024-03-12,Morning,4,1,3.0,1,2,92
202400017280,2024-11-20,Night,3,2,6.0,5,2,87
202400017281,2024-06-30,Afternoon,4,1,7.0,1,2,18
202400017282,2024-03-12,Afternoon,4,2,3.0,2,2,92
202400017283,2024-06-30,Evening,4,1,7.0,1,2,14
202400017284,2024-03-12,Morning,4,2,2.0,1,2,92
202400017285,2024-11-19,Morning,3,1,6.0,1,2,84
202400017286,2024-06-30,Night,4,1,1.0,3,1,13
202400017287,2024-03-12,Morning,4,2,1.0,1,2,92
202400017288,2024-06-30,Night,3,1,3.0,5,2,13
202400017289,2024-11-20,Afternoon,4,6,3.0,1,1,83
202400017290,2024-03-12,Evening,4,2,3.0,2,2,92
202400017291,2024-06-29,Evening,2,1,6.0,1,1,06
202400017292,2024-11-14,Evening,3,1,3.0,5,2,83
202400017293,2024-03-12,Morning,4,1,3.0,1,2,92
202400017294,2024-06-30,Morning,4,1,3.0,1,2,05
202400017295,2024-11-20,Evening,4,2,6.0,5,2,81
202400017297,2024-06-30,Night,4,1,6.0,2,2,03
202400017298,2024-11-19,Afternoon,3,2,6.0,1,2,80
202400017299,2024-11-19,Afternoon,2,2,7.0,1,2,79
202400017300,2024-03-05,Morning,3,1,1.0,1,1,35
202400017301,2024-06-30,Afternoon,4,1,2.0,1,2,75
202400017302,2024-11-17,Evening,3,1,7.0,5,2,79
202400017303,2024-03-11,Afternoon,3,1,6.0,1,1,06
202400017304,2024-06-29,Night,4,2,2.0,5,2,75
202400017305,2024-11-20,Morning,4,1,3.0,1,2,78
202400017306,2024-03-13,Afternoon,3,1,3.0,1,2,28
202400017307,2024-06-30,Afternoon,4,1,3.0,1,2,75
202400017308,2024-11-20,Morning,3,1,6.0,1,2,77
202400017309,2024-03-12,Afternoon,4,1,1.0,1,1,69
202400017310,2024-06-30,Morning,4,1,3.0,3,2,75
202400017311,2024-11-18,Evening,4,2,6.0,3,2,77
202400017312,2024-06-30,Afternoon,4,1,7.0,1,2,75
202400017313,2024-03-12,Evening,4,1,1.0,5,2,63
202400017314,2024-11-20,Evening,4,2,2.0,3,1,74
202400017315,2024-06-30,Afternoon,4,1,1.0,1,2,75
202400017316,2024-03-12,Evening,3,1,6.0,3,1,28
202400017317,2024-11-17,Night,4,1,6.0,3,1,74
202400017318,2024-06-30,Afternoon,4,1,4.0,1,2,75
202400017319,2024-11-20,Afternoon,4,2,6.0,3,2,73
202400017320,2024-03-12,Afternoon,4,8,1.0,1,1,28
202400017321,2024-06-30,Afternoon,4,1,3.0,1,2,75
202400017322,2024-11-20,Morning,4,1,6.0,5,2,67
202400017324,2024-06-30,Afternoon,4,1,3.0,1,2,75
202400017325,2024-11-20,Morning,4,3,2.0,1,2,64
202400017326,2024-06-28,Evening,4,1,6.0,2,2,75
202400017327,2024-03-12,Morning,3,1,1.0,1,2,62
202400017328,2024-11-19,Evening,4,1,3.0,5,2,64
202400017329,2024-06-30,Night,4,2,2.0,5,2,94
202400017330,2024-03-13,Evening,3,1,3.0,1,2,60
202400017331,2024-11-20,Morning,4,1,6.0,1,2,59
202400017332,2024-06-29,Night,4,2,6.0,5,2,94
202400017333,2024-03-13,Morning,3,1,2.0,1,2,83
202400017334,2024-11-20,Morning,3,7,6.0,1,2,59
202400017335,2024-06-30,Evening,4,1,6.0,1,2,93
202400017336,2024-11-16,Afternoon,4,1,3.0,1,2,56
202400017337,2024-03-13,Afternoon,4,1,1.0,1,1,83
202400017338,2024-06-30,Night,4,2,3.0,5,2,93
202400017339,2024-03-12,Morning,3,8,6.0,1,1,57
202400017340,2024-10-30,Afternoon,3,1,7.0,1,2,55
202400017341,2024-03-13,Afternoon,4,1,7.0,1,1,77
202400017342,2024-06-30,Morning,4,8,3.0,1,2,93
202400017343,2024-11-19,Evening,4,3,3.0,5,2,54
202400017344,2024-03-13,Morning,4,7,3.0,1,2,65
202400017345,2024-06-30,Evening,4,1,6.0,1,2,92
202400017346,2024-11-20,Afternoon,4,1,2.0,1,2,51
202400017347,2024-03-13,Afternoon,3,1,6.0,1,1,71
202400017348,2024-11-17,Evening,4,1,3.0,5,2,50
202400017349,2024-06-30,Morning,4,1,4.0,1,2,92
202400017350,2024-11-20,Morning,4,1,6.0,1,2,49
202400017351,2024-03-12,Afternoon,4,1,1.0,1,1,71
202400017352,2024-06-30,Evening,4,1,7.0,1,2,92
202400017353,2024-11-20,Morning,4,1,6.0,1,2,49
202400017354,2024-06-30,Morning,4,1,3.0,1,2,92
202400017355,2024-11-20,Morning,4,1,6.0,1,2,45
202400017356,2024-03-13,Afternoon,2,1,6.0,1,2,63
202400017357,2024-11-19,Evening,4,2,6.0,5,2,44
202400017358,2024-03-08,Afternoon,3,1,6.0,1,1,61
202400017359,2024-06-30,Afternoon,4,1,3.0,1,2,92
202400017360,2024-11-20,Morning,3,2,3.0,1,2,38
202400017361,2024-07-01,Afternoon,4,1,3.0,1,2,34
202400017362,2024-03-12,Evening,4,2,3.0,3,1,61
202400017363,2024-11-20,Afternoon,4,2,6.0,1,2,38
202400017365,2024-11-20,Afternoon,4,8,3.0,1,2,35
202400017366,2024-03-02,Morning,3,1,1.0,1,1,55
202400017367,2024-06-29,Afternoon,4,2,1.0,1,1,49
202400017368,2024-11-20,Morning,4,1,3.0,1,2,35
202400017369,2024-03-12,Evening,2,1,2.0,3,1,49
202400017370,2024-07-01,Morning,4,1,6.0,1,1,28
202400017371,2024-11-20,Evening,4,1,6.0,5,2,34
202400017372,2024-03-12,Evening,4,1,3.0,3,1,41
202400017373,2024-06-26,Afternoon,3,1,1.0,1,1,67
202400017374,2024-11-20,Morning,4,1,5.0,1,2,34
202400017375,2024-03-12,Afternoon,4,8,2.0,1,1,39