Num_Acc,date,time_of_day,max_severity,weather,collision_type,lighting,urban_area,department
202400017377,2024-11-21,Night,4,1,3.0,5,2,33
202400017378,2024-06-30,Night,3,1,6.0,5,2,11
202400017379,2024-03-13,Afternoon,3,2,2.0,1,1,25
202400017380,2024-11-20,Evening,4,2,3.0,5,2,33
202400017381,2024-06-29,Afternoon,2,1,7.0,1,1,54
202400017382,2024-06-29,Afternoon,3,1,6.0,1,1,29
202400017383,2024-06-30,Afternoon,3,1,6.0,1,1,22
202400017384,2024-11-20,Night,4,2,4.0,4,2,31
202400017385,2024-03-12,Afternoon,3,2,1.0,1,2,35
202400017386,2024-11-20,Evening,2,2,3.0,5,2,31
202400017388,2024-03-13,Morning,3,1,6.0,2,1,29
202400017389,2024-11-17,Night,4,1,3.0,3,1,29
202400017391,2024-03-12,Afternoon,3,1,2.0,1,1,26
202400017392,2024-06-30,Night,4,1,6.0,3,1,24
202400017393,2024-11-20,Evening,4,1,6.0,5,2,29
202400017394,2024-03-12,Night,4,1,2.0,3,1,05
202400017395,2024-06-30,Night,2,1,7.0,3,1,56
202400017396,2024-11-19,Afternoon,3,2,6.0,4,2,29
202400017397,2024-11-19,Morning,4,8,6.0,1,2,28
202400017398,2024-06-26,Morning,4,1,7.0,1,1,56
202400017399,2024-03-13,Morning,3,1,3.0,1,1,64
202400017400,2024-03-13,Night,3,1,6.0,3,1,16
202400017401,2024-11-17,Afternoon,4,1,3.0,5,2,28
202400017402,2024-07-01,Morning,3,8,3.0,1,1,56
202400017403,2024-03-13,Afternoon,3,1,6.0,1,1,07
202400017404,2024-03-12,Evening,2,1,6.0,2,2,53
202400017405,2024-11-20,Evening,4,1,3.0,5,2,13
202400017406,2024-07-01,Morning,4,1,2.0,1,1,11
202400017407,2024-11-20,Afternoon,4,1,3.0,1,2,13
202400017408,2024-07-01,Night,3,1,6.0,2,1,71
202400017409,2024-03-10,Morning,3,8,3.0,1,1,28
202400017410,2024-11-20,Afternoon,4,1,1.0,1,2,06
202400017411,2024-03-13,Afternoon,4,1,7.0,1,1,49
202400017412,2024-11-20,Afternoon,4,1,6.0,1,2,06
202400017413,2024-06-30,Evening,3,1,6.0,1,2,71
202400017414,2024-03-08,Morning,4,1,3.0,1,1,01
202400017415,2024-11-15,Evening,4,1,5.0,5,2,05
202400017416,2024-06-12,Evening,4,1,3.0,1,1,89
202400017417,2024-03-13,Morning,4,1,6.0,1,2,49
202400017418,2024-03-13,Night,4,2,6.0,3,1,51
202400017419,2024-11-20,Afternoon,4,1,2.0,5,2,75
202400017420,2024-07-01,Morning,4,2,1.0,1,1,89
202400017421,2024-06-16,Morning,4,1,7.0,2,1,49
202400017422,2024-11-20,Night,4,2,3.0,5,2,75
202400017423,2024-03-05,Afternoon,4,1,5.0,1,1,69
202400017424,2024-06-29,Afternoon,3,1,2.0,1,2,49
202400017425,2024-11-20,Evening,4,1,6.0,5,2,75
202400017427,2024-06-28,Evening,4,1,1.0,2,2,34
202400017428,2024-11-20,Morning,4,8,3.0,1,2,75
202400017429,2024-03-06,Morning,3,1,6.0,1,2,33
202400017430,2024-06-28,Afternoon,4,1,1.0,1,1,44
202400017431,2024-11-20,Afternoon,4,1,3.0,1,2,75
202400017432,2024-03-13,Afternoon,4,1,1.0,1,1,91
202400017433,2024-06-30,Evening,3,1,1.0,1,1,44
202400017434,2024-03-06,Afternoon,4,1,1.0,1,2,34
202400017435,2024-06-29,Afternoon,3,1,3.0,1,1,44
202400017436,2024-03-13,Morning,3,1,6.0,1,2,84
202400017437,2024-11-20,Afternoon,4,1,1.0,1,2,75
202400017438,2024-06-28,Morning,3,1,6.0,1,1,35
202400017439,2024-03-13,Afternoon,4,1,6.0,1,1,83
202400017440,2024-11-18,Evening,4,3,6.0,5,2,94
202400017441,2024-06-29,Morning,3,1,3.0,1,1,38
202400017442,2024-03-12,Evening,2,1,6.0,3,1,83
202400017443,2024-11-20,Morning,4,2,6.0,3,2,94
202400017444,2024-11-17,Night,4,1,3.0,5,2,94
202400017445,2024-03-13,Afternoon,4,1,1.0,1,1,25
202400017446,2024-06-30,Afternoon,4,1,3.0,1,2,38
202400017447,2024-11-20,Morning,4,2,6.0,5,2,94
202400017448,2024-07-01,Afternoon,4,1,1.0,1,1,38
202400017449,2024-03-12,Morning,4,2,3.0,2,2,42
202400017450,2024-11-19,Evening,4,3,3.0,5,2,94
202400017451,2024-06-29,Afternoon,4,1,6.0,1,2,38
202400017452,2024-03-12,Evening,4,2,6.0,3,1,42
202400017453,2024-11-18,Evening,4,2,3.0,5,2,94
202400017454,2024-11-20,Afternoon,4,1,6.0,1,2,94
202400017455,2024-11-20,Afternoon,4,1,6.0,1,2,94
202400017456,2024-03-11,Afternoon,4,1,3.0,1,1,26
202400017457,2024-06-29,Afternoon,4,1,1.0,1,1,03
202400017458,2024-11-20,Afternoon,4,1,2.0,1,1,95
202400017459,2024-03-13,Evening,3,1,3.0,3,2,50
202400017460,2024-11-19,Evening,4,3,6.0,3,2,93
202400017461,2024-07-01,Afternoon,3,1,6.0,1,2,03
202400017462,2024-03-11,Evening,4,2,6.0,3,1,60
202400017463,2024-06-30,Afternoon,3,1,7.0,1,1,15
202400017464,2024-11-20,Morning,4,1,2.0,1,2,93
202400017465,2024-03-13,Morning,3,2,1.0,1,1,02
202400017466,2024-07-01,Afternoon,3,1,7.0,1,2,26
202400017467,2024-11-20,Evening,4,1,3.0,5,2,93
202400017468,2024-06-28,Evening,3,1,6.0,1,2,72
202400017469,2024-11-19,Evening,4,2,6.0,5,2,93
202400017470,2024-06-28,Afternoon,3,1,6.0,1,1,72
202400017471,2024-06-29,Morning,3,1,6.0,1,1,14
202400017472,2024-11-20,Morning,4,8,3.0,1,2,92
202400017473,2024-11-20,Evening,4,2,6.0,5,2,92
202400017474,2024-05-12,Afternoon,3,1,6.0,1,1,45
202400017475,2024-11-19,Evening,4,3,6.0,5,1,92
202400017476,2024-06-30,Morning,3,2,3.0,2,1,10
202400017477,2024-06-29,Afternoon,3,1,6.0,1,1,16
202400017478,2024-11-20,Morning,4,1,2.0,1,2,92
202400017479,2024-06-26,Evening,3,1,7.0,1,1,53
202400017480,2024-11-20,Morning,4,1,6.0,1,2,92
202400017481,2024-06-28,Afternoon,2,1,6.0,1,2,40
202400017482,2024-11-20,Afternoon,4,1,3.0,1,2,92
202400017483,2024-11-14,Evening,3,1,1.0,3,1,91
202400017484,2024-06-29,Afternoon,4,1,1.0,1,1,24
202400017485,2024-11-20,Afternoon,3,1,1.0,1,1,84
202400017486,2024-06-30,Afternoon,3,1,3.0,1,2,24
202400017487,2024-11-20,Morning,4,2,2.0,1,1,22
202400017488,2024-06-30,Evening,4,1,6.0,2,1,08
202400017489,2024-06-29,Night,2,6,6.0,4,1,69
202400017490,2024-11-01,Evening,4,8,1.0,5,2,34
202400017491,2024-11-19,Afternoon,3,2,7.0,3,2,79
202400017492,2024-11-20,Morning,3,1,6.0,1,2,49
202400017493,2024-07-01,Night,4,1,6.0,3,1,51
202400017494,2024-11-21,Morning,4,2,1.0,1,1,12
202400017496,2024-11-19,Afternoon,3,5,1.0,1,1,12
202400017498,2024-11-20,Morning,3,2,6.0,3,1,46
202400017499,2024-11-20,Morning,4,1,1.0,1,2,68
202400017500,2024-11-18,Afternoon,4,8,2.0,2,1,22
202400017501,2024-11-20,Afternoon,3,1,7.0,1,2,44
202400017502,2024-11-20,Evening,3,1,6.0,5,2,29
202400017503,2024-11-20,Morning,4,1,6.0,2,2,29
202400017504,2024-11-20,Evening,3,1,6.0,3,1,29
202400017505,2024-11-20,Evening,4,3,1.0,3,1,31
202400017506,2024-11-21,Morning,3,2,3.0,1,1,38
202400017507,2024-11-20,Afternoon,3,1,3.0,1,2,02
202400017508,2024-11-20,Afternoon,3,1,3.0,1,1,01
202400017509,2024-11-21,Morning,4,1,3.0,3,1,01
202400017510,2024-11-20,Evening,3,1,3.0,3,1,70
202400017511,2024-11-20,Morning,4,1,1.0,1,2,54
202400017512,2024-11-21,Afternoon,4,1,7.0,1,2,06
202400017513,2024-11-21,Afternoon,4,4,2.0,1,1,50
202400017514,2024-11-19,Evening,3,3,6.0,3,1,73
202400017515,2024-11-20,Afternoon,2,1,6.0,3,1,53
202400017516,2024-11-20,Evening,3,8,3.0,4,2,85
202400017517,2024-07-20,Afternoon,4,1,3.0,1,1,37
202400017518,2024-11-21,Evening,2,2,6.0,3,1,37
202400017519,2024-11-21,Evening,3,1,3.0,3,1,30
202400017520,2024-11-20,Afternoon,4,1,4.0,1,1,08
202400017521,2024-11-20,Afternoon,3,1,6.0,1,2,69
202400017522,2024-11-20,Morning,4,2,1.0,1,1,82
202400017523,2024-11-21,Afternoon,4,4,6.0,1,1,45
202400017524,2024-11-21,Afternoon,3,2,2.0,1,1,84
202400017529,2024-11-20,Afternoon,2,8,6.0,2,1,29
202400017530,2024-10-02,Morning,3,1,2.0,3,1,91
202400017531,2024-11-20,Morning,4,7,6.0,1,2,21
202400017532,2024-11-02,Afternoon,4,1,3.0,5,2,42
202400017533,2024-11-19,Evening,4,1,3.0,5,2,38
202400017534,2024-11-21,Afternoon,2,2,7.0,3,1,38
202400017535,2024-11-20,Morning,3,1,6.0,1,2,38
202400017536,2024-11-21,Morning,4,3,6.0,1,2,85
202400017537,2024-11-19,Night,3,2,7.0,3,1,49
202400017538,2024-11-20,Evening,4,1,6.0,5,2,56
202400017539,2024-11-20,Afternoon,4,1,1.0,1,1,22
202400017540,2024-11-21,Morning,4,1,1.0,2,1,60
202400017541,2024-11-07,Evening,4,5,2.0,3,1,54
202400017542,2024-11-20,Morning,4,2,6.0,1,1,33
202400017543,2024-11-20,Morning,4,2,2.0,1,1,94
202400017544,2024-11-19,Morning,4,8,2.0,2,1,92
202400017545,2024-11-21,Night,4,4,5.0,3,1,94
202400017546,2024-11-20,Evening,4,2,3.0,2,1,77
202400017547,2024-09-17,Morning,2,1,1.0,1,1,24
202400017548,2024-07-14,Night,4,1,1.0,5,1,73
202400017549,2024-11-16,Evening,3,1,6.0,5,2,59
202400017550,2024-08-16,Morning,3,1,1.0,1,1,57
202400017554,2024-11-19,Morning,3,1,6.0,1,2,69
202400017556,2024-11-19,Afternoon,4,8,2.0,1,2,69
202400017557,2024-11-18,Morning,4,1,1.0,1,2,2B
202400017558,2024-11-14,Evening,3,8,1.0,5,2,95
202400017559,2024-11-18,Afternoon,4,2,2.0,5,2,91
202400017560,2024-11-19,Night,4,1,3.0,5,2,91
202400017561,2024-11-19,Evening,4,3,6.0,5,2,91
202400017562,2024-11-18,Afternoon,4,1,6.0,2,2,90
202400017563,2024-11-18,Afternoon,4,1,6.0,1,2,87
202400017564,2024-11-19,Evening,3,3,6.0,3,2,85
202400017565,2024-11-18,Morning,3,1,6.0,1,2,83
202400017566,2024-11-18,Afternoon,4,2,1.0,1,2,80
202400017567,2024-11-18,Evening,4,2,6.0,5,2,78
202400017568,2024-11-18,Afternoon,4,2,4.0,3,1,77
202400017569,2024-11-19,Evening,4,3,5.0,3,1,77
202400017570,2024-11-19,Morning,4,2,6.0,2,2,76
202400017571,2024-11-18,Afternoon,4,2,6.0,1,2,76
202400017572,2024-11-18,Afternoon,3,3,3.0,5,2,76
202400017573,2024-11-18,Morning,4,2,6.0,1,2,76
202400017574,2024-11-19,Evening,3,3,6.0,5,2,70
202400017575,2024-11-19,Evening,3,3,6.0,5,2,70
202400017576,2024-11-19,Evening,4,1,3.0,5,2,69
202400017577,2024-11-19,Evening,4,1,3.0,2,2,69
202400017578,2024-11-19,Morning,4,2,3.0,2,2,69
202400017579,2024-11-18,Morning,4,1,5.0,1,2,69
202400017580,2024-11-18,Afternoon,4,1,3.0,5,2,67
202400017581,2024-11-18,Afternoon,4,1,6.0,1,2,67
202400017582,2024-11-18,Evening,4,1,3.0,5,2,66
202400017583,2024-11-19,Evening,4,1,2.0,5,2,64
202400017584,2024-11-18,Afternoon,4,1,2.0,5,2,64
202400017585,2024-11-19,Evening,3,1,2.0,5,2,63
202400017586,2024-11-09,Night,4,2,6.0,3,2,62
202400017587,2024-11-19,Afternoon,4,1,1.0,3,2,62
202400017588,2024-11-18,Morning,3,3,6.0,2,2,62
202400017589,2024-11-19,Morning,4,2,6.0,3,2,59
202400017590,2024-11-12,Night,3,9,3.0,3,2,59
202400017591,2024-11-19,Afternoon,4,3,6.0,1,2,56
202400017592,2024-11-19,Morning,4,2,4.0,3,1,56
202400017593,2024-11-17,Afternoon,4,1,7.0,2,2,56
202400017594,2024-11-18,Afternoon,4,2,6.0,1,2,54
202400017595,2024-11-18,Morning,4,1,3.0,2,2,54
202400017596,2024-11-18,Morning,4,1,3.0,1,2,54
202400017597,2024-11-19,Morning,4,6,1.0,1,1,54
202400017598,2024-11-19,Afternoon,4,3,6.0,5,2,51
202400017599,2024-11-19,Night,4,2,6.0,5,2,51
202400017600,2024-11-18,Afternoon,4,2,5.0,2,1,49
202400017601,2024-04-18,Evening,4,1,7.0,1,1,38
202400017602,2024-04-19,Night,4,1,6.0,3,1,07
202400017603,2024-04-20,Afternoon,3,1,7.0,1,1,85
202400017604,2024-04-11,Afternoon,4,1,5.0,1,1,37
202400017605,2024-04-20,Afternoon,4,1,1.0,1,1,30
202400017606,2024-04-20,Morning,3,8,7.0,1,1,60
202400017607,2024-04-19,Night,2,8,6.0,5,2,67
202400017608,2024-04-20,Evening,4,1,3.0,1,1,13
202400017609,2024-04-17,Afternoon,3,2,6.0,1,1,39
202400017610,2024-04-20,Morning,3,1,2.0,2,1,83
202400017611,2024-04-19,Afternoon,3,1,1.0,1,1,17
202400017615,2024-04-17,Afternoon,3,1,1.0,1,2,45
202400017616,2024-04-19,Afternoon,3,1,3.0,1,1,2A
202400017617,2024-04-19,Night,3,1,6.0,3,1,2A
202400017618,2024-04-20,Night,4,1,2.0,3,1,66
202400017619,2024-04-19,Evening,3,1,3.0,1,2,66
202400017620,2024-04-19,Evening,4,1,3.0,2,2,30
202400017621,2024-04-19,Afternoon,4,1,6.0,1,1,83
202400017622,2024-04-20,Afternoon,3,1,6.0,1,1,71
202400017623,2024-03-28,Evening,4,1,2.0,5,1,67
202400017624,2024-04-05,Afternoon,3,1,2.0,1,1,01
202400017625,2024-04-15,Afternoon,3,1,7.0,1,1,27
202400017626,2024-04-19,Morning,4,1,2.0,1,1,13
202400017627,2024-04-18,Night,4,1,2.0,3,1,13
202400017628,2024-04-19,Morning,4,1,2.0,1,1,13
202400017629,2024-04-17,Afternoon,4,1,3.0,1,1,83
202400017630,2024-04-19,Afternoon,4,1,4.0,1,1,92
202400017631,2024-04-19,Afternoon,4,1,2.0,1,1,92
202400017632,2024-04-19,Evening,4,2,6.0,1,1,92
202400017633,2024-04-19,Afternoon,4,2,5.0,1,1,93
202400017634,2024-04-19,Afternoon,4,1,5.0,1,1,93
202400017635,2024-04-19,Evening,4,2,3.0,3,1,94
202400017636,2024-04-19,Night,3,1,6.0,3,1,94
202400017637,2024-02-18,Night,4,1,1.0,5,2,83
202400017638,2024-02-18,Night,4,1,7.0,5,1,76
202400017639,2024-02-17,Evening,4,1,3.0,5,2,67
202400017640,2024-02-17,Evening,4,1,1.0,5,2,67
202400017641,2024-02-18,Afternoon,4,1,3.0,1,2,64
202400017646,2024-04-18,Afternoon,4,2,2.0,1,2,69
202400017647,2024-04-18,Afternoon,4,1,4.0,1,2,69
202400017651,2024-04-18,Morning,3,1,6.0,1,2,2A
202400017652,2024-04-18,Evening,3,1,6.0,5,2,91
202400017653,2024-12-25,Afternoon,4,2,6.0,1,2,59
202400017654,2024-04-18,Afternoon,4,1,1.0,1,2,91
202400017655,2024-12-26,Afternoon,4,1,1.0,1,2,59
202400017656,2024-04-18,Evening,2,1,6.0,1,2,88
202400017657,2024-04-17,Morning,3,8,2.0,1,2,88
202400017658,2024-04-14,Afternoon,3,1,7.0,1,2,87
202400017659,2024-12-25,Night,4,1,2.0,5,1,13
202400017660,2024-04-12,Evening,4,1,7.0,1,1,87
202400017661,2024-12-24,Night,4,1,3.0,3,1,13
202400017662,2024-12-25,Afternoon,4,1,6.0,1,1,95
202400017663,2024-04-17,Afternoon,4,6,6.0,1,2,83
202400017664,2024-12-25,Night,4,2,2.0,4,1,93
202400017665,2024-12-24,Evening,4,2,2.0,3,1,93
202400017666,2024-04-17,Morning,3,1,3.0,1,2,83
202400017667,2024-12-16,Afternoon,4,1,6.0,1,2,44
202400017668,2024-04-17,Afternoon,4,1,7.0,1,1,81
202400017669,2024-12-12,Afternoon,4,1,3.0,2,2,44
202400017670,2024-04-17,Afternoon,4,1,2.0,1,2,80
202400017671,2024-12-11,Morning,4,1,3.0,2,2,44
202400017672,2024-04-17,Afternoon,3,1,3.0,1,1,80
202400017673,2024-12-10,Evening,4,1,4.0,3,1,44
202400017674,2024-04-17,Morning,2,1,1.0,1,1,77
202400017675,2024-12-05,Evening,4,1,3.0,5,2,44
202400017676,2024-10-24,Evening,4,1,3.0,2,1,74
202400017677,2024-04-17,Afternoon,4,1,6.0,1,2,77
202400017679,2024-04-17,Afternoon,4,1,3.0,1,2,76
202400017680,2024-04-18,Morning,4,1,7.0,5,2,72
202400017682,2024-04-18,Afternoon,4,8,3.0,1,2,69
202400017683,2024-12-24,Morning,4,1,6.0,1,2,69
202400017685,2024-04-17,Evening,4,8,3.0,1,2,69
202400017687,2024-04-17,Afternoon,4,2,5.0,1,2,69
202400017688,2024-12-24,Night,4,1,6.0,5,1,69
202400017689,2024-12-23,Afternoon,4,8,3.0,1,2,2A
202400017690,2024-04-17,Night,4,1,3.0,5,2,67
202400017691,2024-12-24,Afternoon,4,2,3.0,2,2,91
202400017692,2024-04-17,Afternoon,3,1,6.0,1,2,62
202400017693,2024-12-24,Afternoon,4,2,5.0,1,2,91
202400017694,2024-04-13,Morning,4,1,3.0,1,2,62
202400017695,2024-12-23,Afternoon,3,2,5.0,5,2,91
202400017696,2024-04-18,Evening,3,1,3.0,1,2,62
202400017697,2024-11-26,Afternoon,4,2,6.0,5,2,89
202400017698,2024-12-24,Morning,4,1,6.0,1,2,83
202400017699,2024-12-24,Evening,4,2,2.0,5,2,80
202400017700,2024-04-18,Morning,4,1,6.0,1,2,59
202400017701,2024-12-24,Morning,4,2,1.0,3,1,77
202400017702,2024-04-12,Afternoon,4,1,3.0,1,2,59
202400017703,2024-12-23,Evening,4,2,6.0,5,2,77
202400017704,2024-12-24,Afternoon,4,2,1.0,1,2,76
202400017705,2024-04-18,Afternoon,2,1,6.0,1,1,59
202400017706,2024-12-23,Afternoon,3,1,2.0,1,2,76
202400017707,2024-04-18,Morning,3,1,6.0,1,2,59
202400017708,2024-12-21,Evening,3,2,6.0,5,2,76
202400017709,2024-12-21,Night,4,1,6.0,5,2,76
202400017710,2024-04-18,Morning,4,1,2.0,1,2,56
202400017711,2024-12-24,Evening,4,1,1.0,5,2,72
202400017712,2024-04-17,Afternoon,3,1,2.0,1,1,56
202400017713,2024-12-23,Evening,4,1,3.0,5,2,72
202400017714,2024-04-17,Afternoon,4,1,3.0,1,2,56
202400017715,2024-12-23,Afternoon,4,1,6.0,1,2,69
202400017716,2024-04-13,Afternoon,3,1,1.0,1,2,50
202400017717,2024-12-24,Afternoon,4,1,6.0,1,2,69
202400017718,2024-04-16,Afternoon,3,1,6.0,1,1,50
202400017719,2024-12-24,Night,4,9,6.0,5,2,67
202400017721,2024-04-18,Morning,3,1,3.0,1,2,49
202400017722,2024-01-30,Morning,4,1,3.0,1,2,2A
202400017723,2024-12-23,Afternoon,4,1,3.0,1,2,67
202400017724,2024-04-04,Afternoon,3,1,6.0,1,2,49
202400017725,2024-12-23,Evening,4,1,3.0,3,2,64
202400017726,2024-04-17,Afternoon,4,1,7.0,1,1,49
202400017727,2024-01-29,Afternoon,4,1,3.0,1,2,91
202400017728,2024-12-22,Afternoon,4,3,6.0,5,2,63
202400017729,2024-04-16,Morning,4,1,5.0,1,2,49
202400017730,2024-01-29,Evening,4,1,3.0,5,2,91
202400017731,2024-12-24,Morning,4,8,3.0,1,2,59
202400017732,2024-04-18,Morning,4,9,3.0,1,2,45
202400017733,2024-01-29,Evening,4,1,5.0,5,2,83
202400017734,2024-12-24,Afternoon,3,1,6.0,1,2,57
202400017735,2024-04-17,Afternoon,4,1,3.0,1,2,45
202400017736,2024-01-29,Morning,4,1,3.0,1,2,83
202400017737,2024-04-18,Afternoon,4,1,6.0,1,2,44
202400017738,2024-12-23,Afternoon,4,1,6.0,1,2,56
202400017739,2024-01-29,Afternoon,4,1,3.0,2,1,82
202400017740,2024-12-24,Evening,4,2,6.0,5,2,54
202400017741,2024-12-23,Evening,4,2,2.0,5,2,54
202400017742,2024-04-16,Morning,4,1,3.0,1,2,41
202400017743,2024-04-18,Evening,4,1,6.0,1,2,38
202400017744,2024-12-23,Afternoon,4,1,3.0,1,2,54
202400017745,2024-01-30,Evening,4,1,2.0,5,2,77
202400017746,2024-04-17,Afternoon,3,1,3.0,1,2,38
202400017747,2024-12-23,Afternoon,4,1,3.0,5,2,51
202400017748,2024-01-30,Morning,3,1,3.0,3,1,77
202400017749,2024-04-17,Morning,4,1,6.0,1,2,37
202400017750,2024-01-30,Night,4,1,6.0,3,1,77
202400017751,2024-04-18,Afternoon,4,1,3.0,1,2,35
202400017752,2024-12-23,Evening,4,2,4.0,3,2,50
202400017753,2024-01-30,Night,3,1,1.0,3,1,76
202400017754,2024-12-23,Morning,3,2,6.0,1,2,42
202400017755,2024-09-09,Afternoon,4,1,5.0,1,1,32
202400017756,2024-04-18,Morning,4,1,3.0,1,2,33
202400017757,2024-01-30,Night,4,1,6.0,5,2,76
202400017758,2024-12-23,Afternoon,4,1,2.0,2,1,35
202400017759,2024-04-18,Afternoon,3,1,2.0,1,2,33
202400017760,2024-01-30,Afternoon,4,1,6.0,1,2,69
202400017761,2024-12-23,Morning,4,1,6.0,1,2,35
202400017762,2024-01-30,Morning,3,1,3.0,1,2,66
202400017763,2024-04-18,Afternoon,4,1,2.0,1,2,30
202400017764,2024-12-23,Night,4,1,2.0,3,1,31
202400017765,2024-01-29,Morning,4,1,3.0,1,2,62
202400017766,2024-09-09,Afternoon,4,1,4.0,1,1,33
202400017767,2024-12-23,Morning,2,1,7.0,1,2,29
202400017768,2024-04-17,Afternoon,4,1,1.0,1,2,29
202400017769,2024-01-30,Evening,3,1,6.0,5,2,62
202400017770,2024-12-24,Night,3,1,7.0,5,1,26
202400017771,2024-09-09,Morning,4,2,4.0,1,1,33
202400017772,2024-04-18,Afternoon,4,1,3.0,1,1,22
202400017773,2024-12-24,Morning,4,1,6.0,1,2,25
202400017774,2024-01-30,Afternoon,4,1,3.0,1,1,62
202400017775,2024-12-24,Morning,4,2,6.0,1,1,22
202400017776,2024-01-29,Evening,3,1,2.0,3,1,62
202400017777,2024-04-18,Morning,4,1,4.0,1,1,22
202400017778,2024-09-09,Morning,4,2,5.0,1,1,94
202400017779,2024-12-24,Afternoon,3,8,3.0,1,2,19
202400017780,2024-04-18,Afternoon,3,1,2.0,1,2,22
202400017781,2024-01-30,Morning,4,1,3.0,5,2,60
202400017782,2024-09-09,Morning,4,2,3.0,1,1,91
202400017783,2024-12-23,Afternoon,3,1,3.0,5,2,14
202400017784,2024-04-18,Evening,4,1,6.0,1,2,14
202400017785,2024-09-09,Night,4,2,6.0,3,1,91
202400017786,2024-01-30,Afternoon,3,8,3.0,1,2,59
202400017787,2024-12-23,Afternoon,4,8,7.0,1,2,14
202400017788,2024-04-18,Morning,4,1,4.0,1,2,13
202400017789,2024-09-09,Night,3,2,1.0,3,1,91
202400017790,2024-01-26,Afternoon,4,1,3.0,1,2,54
202400017791,2024-12-24,Evening,4,2,4.0,5,2,14
202400017792,2024-04-17,Evening,2,1,1.0,5,2,13
202400017793,2024-09-07,Afternoon,4,1,5.0,1,1,93
202400017794,2024-01-29,Afternoon,3,1,6.0,1,2,54
202400017795,2024-12-21,Night,4,6,6.0,5,2,14
202400017796,2024-04-17,Morning,4,1,3.0,1,2,13
202400017797,2024-09-08,Night,4,1,4.0,3,1,93
202400017798,2024-12-23,Evening,4,1,3.0,5,2,13
202400017799,2024-04-16,Evening,4,1,2.0,5,2,13
202400017800,2024-01-29,Afternoon,4,1,2.0,1,2,54
202400017801,2024-12-24,Morning,4,1,1.0,1,2,13
202400017802,2024-09-07,Afternoon,4,1,3.0,1,1,93
202400017803,2024-04-17,Afternoon,4,1,3.0,1,2,13
202400017804,2024-01-26,Afternoon,4,2,1.0,2,2,52
202400017805,2024-12-24,Morning,4,8,3.0,1,2,10
202400017806,2024-09-06,Afternoon,4,2,4.0,1,1,93
202400017807,2024-01-25,Evening,4,1,6.0,3,1,49
202400017808,2024-04-09,Afternoon,3,1,6.0,1,2,13
202400017809,2024-12-24,Night,4,1,6.0,3,1,10
202400017810,2024-09-09,Morning,4,2,3.0,1,1,94
202400017811,2024-01-30,Afternoon,4,1,3.0,1,2,49
202400017812,2024-12-23,Afternoon,4,8,2.0,1,1,10
202400017813,2024-04-16,Afternoon,4,1,2.0,1,2,11
202400017814,2024-09-07,Afternoon,4,1,6.0,1,2,70
202400017815,2024-12-23,Morning,4,2,6.0,2,2,07
202400017816,2024-04-18,Evening,3,1,6.0,2,2,10
202400017817,2024-01-30,Morning,3,1,3.0,5,2,49
202400017819,2024-04-18,Morning,4,1,6.0,1,2,06
202400017820,2024-01-29,Morning,4,1,1.0,2,2,49
202400017822,2024-04-17,Morning,4,1,3.0,1,2,75
202400017824,2024-04-18,Morning,4,1,3.0,1,2,75
202400017825,2024-09-08,Afternoon,4,1,6.0,1,2,69
202400017826,2024-04-18,Morning,4,1,6.0,1,2,75
202400017827,2024-12-23,Afternoon,4,1,4.0,1,2,06
202400017829,2024-04-18,Morning,4,8,6.0,1,2,75
202400017830,2024-01-20,Evening,4,1,2.0,5,2,42
202400017831,2024-12-23,Evening,3,1,3.0,5,2,03
202400017832,2024-09-08,Afternoon,4,1,6.0,1,2,95
202400017833,2024-04-17,Night,4,1,6.0,5,2,75
202400017834,2024-01-15,Afternoon,3,2,6.0,1,2,42
202400017835,2024-12-23,Afternoon,4,1,2.0,5,2,75
202400017836,2024-04-17,Evening,4,1,3.0,1,2,75
202400017837,2024-09-08,Morning,4,2,3.0,1,2,84
202400017838,2024-04-18,Morning,4,1,6.0,1,2,75
202400017839,2024-12-24,Evening,4,1,6.0,5,2,75
202400017840,2024-09-08,Morning,4,2,3.0,1,2,83
202400017841,2024-04-18,Evening,4,1,6.0,1,2,75
202400017842,2024-01-30,Afternoon,4,1,3.0,1,2,38
202400017843,2024-09-08,Night,4,1,6.0,3,2,83
202400017844,2024-12-24,Afternoon,3,2,6.0,5,2,75
202400017845,2024-04-18,Morning,4,1,6.0,1,2,75
202400017846,2024-09-08,Night,3,1,6.0,5,2,83
202400017847,2024-01-30,Evening,4,1,2.0,5,2,38
202400017848,2024-12-24,Morning,4,1,6.0,1,2,75
202400017849,2024-04-18,Afternoon,4,1,3.0,1,2,75
202400017850,2024-09-08,Morning,3,1,2.0,1,2,81
202400017851,2024-01-29,Afternoon,4,1,2.0,5,2,37
202400017852,2024-12-24,Afternoon,4,2,2.0,5,2,75
202400017853,2024-04-18,Morning,4,1,3.0,1,2,75
202400017854,2024-01-30,Afternoon,3,1,3.0,1,1,35
202400017855,2024-09-08,Afternoon,3,1,6.0,1,2,78
202400017856,2024-12-23,Afternoon,4,1,3.0,1,2,75
202400017857,2024-01-30,Morning,4,1,4.0,1,2,35
202400017858,2024-04-17,Evening,4,1,3.0,5,2,75
202400017859,2024-01-30,Afternoon,4,1,6.0,1,2,33