Num_Acc,date,time_of_day,max_severity,weather,collision_type,lighting,urban_area,department
202400017860,2024-09-08,Night,4,1,6.0,3,2,71
202400017861,2024-12-23,Morning,4,7,6.0,1,2,75
202400017862,2024-04-18,Afternoon,4,1,6.0,1,2,75
202400017863,2024-01-29,Morning,4,1,3.0,5,2,29
202400017864,2024-09-08,Night,3,1,6.0,5,2,69
202400017865,2024-12-22,Afternoon,3,8,6.0,2,2,75
202400017866,2024-01-30,Evening,3,1,6.0,5,2,26
202400017867,2024-09-08,Afternoon,3,8,6.0,1,2,64
202400017868,2024-04-17,Evening,4,1,3.0,1,2,75
202400017869,2024-01-31,Night,3,1,1.0,5,2,13
202400017870,2024-12-24,Night,4,2,1.0,5,2,94
202400017871,2024-09-08,Night,3,1,2.0,4,2,47
202400017872,2024-04-17,Night,4,1,3.0,5,2,94
202400017873,2024-01-30,Evening,4,1,3.0,5,2,13
202400017874,2024-12-24,Evening,4,2,4.0,5,2,94
202400017875,2024-09-07,Afternoon,3,2,6.0,1,2,45
202400017876,2024-04-18,Morning,2,1,3.0,2,2,94
202400017877,2024-01-30,Afternoon,4,1,3.0,1,2,13
202400017878,2024-09-08,Night,4,2,6.0,5,2,44
202400017879,2024-12-23,Afternoon,4,1,3.0,1,2,94
202400017880,2024-04-17,Afternoon,4,2,3.0,1,2,94
202400017881,2024-01-16,Afternoon,4,1,5.0,1,2,13
202400017882,2024-09-08,Night,3,2,6.0,5,2,44
202400017883,2024-12-24,Afternoon,4,2,3.0,1,2,93
202400017884,2024-01-29,Afternoon,4,1,3.0,1,2,13
202400017885,2024-04-18,Afternoon,4,1,2.0,1,2,94
202400017886,2024-09-07,Afternoon,4,1,2.0,1,2,43
202400017887,2024-12-23,Evening,4,1,7.0,5,2,93
202400017888,2024-01-30,Afternoon,4,1,5.0,1,1,07
202400017889,2024-04-18,Afternoon,4,1,3.0,1,2,93
202400017890,2024-09-08,Evening,4,2,3.0,5,2,38
202400017891,2024-12-24,Night,3,2,1.0,5,2,93
202400017892,2024-01-30,Afternoon,4,1,6.0,1,2,06
202400017893,2024-09-08,Afternoon,4,1,6.0,1,2,37
202400017894,2024-09-07,Afternoon,4,1,6.0,1,2,37
202400017895,2024-12-24,Morning,4,2,6.0,1,2,93
202400017896,2024-01-30,Afternoon,4,1,2.0,1,2,06
202400017897,2024-04-17,Afternoon,4,1,3.0,1,2,93
202400017898,2024-09-08,Afternoon,3,1,3.0,1,2,34
202400017899,2024-01-30,Afternoon,4,1,2.0,1,2,06
202400017900,2024-12-23,Night,4,1,3.0,5,2,93
202400017901,2024-04-17,Morning,4,1,6.0,1,2,93
202400017902,2024-09-08,Afternoon,4,3,7.0,1,2,29
202400017903,2024-01-30,Afternoon,4,1,6.0,1,2,06
202400017904,2024-04-18,Afternoon,3,1,7.0,1,2,93
202400017905,2024-12-24,Afternoon,4,2,4.0,2,2,92
202400017906,2024-01-29,Afternoon,4,1,6.0,1,2,05
202400017907,2024-04-18,Afternoon,4,1,6.0,1,2,93
202400017908,2024-09-08,Afternoon,4,1,3.0,1,2,27
202400017909,2024-01-30,Afternoon,4,1,3.0,2,2,75
202400017910,2024-12-23,Night,4,2,1.0,5,2,92
202400017911,2024-04-17,Morning,4,1,3.0,1,2,93
202400017912,2024-01-30,Afternoon,3,1,4.0,1,2,75
202400017913,2024-12-24,Morning,4,2,3.0,5,2,92
202400017914,2024-09-08,Morning,4,1,3.0,1,2,25
202400017915,2024-04-18,Afternoon,4,1,6.0,1,2,92
202400017916,2024-12-24,Afternoon,3,8,6.0,1,1,31
202400017917,2024-01-29,Afternoon,4,1,4.0,1,2,75
202400017918,2024-04-18,Morning,4,1,3.0,1,1,92
202400017919,2024-09-08,Afternoon,4,1,2.0,1,2,23
202400017920,2024-12-25,Morning,2,1,6.0,1,1,87
202400017921,2024-04-18,Evening,4,1,6.0,1,2,92
202400017922,2024-01-27,Evening,4,1,6.0,5,2,75
202400017923,2024-09-08,Afternoon,4,2,2.0,1,2,13
202400017924,2024-12-24,Night,4,1,6.0,3,1,05
202400017925,2024-01-30,Afternoon,4,1,6.0,1,2,75
202400017926,2024-04-18,Morning,4,8,2.0,1,2,92
202400017927,2024-09-08,Afternoon,4,8,7.0,1,2,13
202400017928,2024-12-25,Afternoon,3,1,1.0,1,2,07
202400017929,2024-01-30,Evening,4,1,1.0,5,2,75
202400017930,2024-04-18,Evening,4,1,1.0,1,2,92
202400017931,2024-09-08,Night,4,1,1.0,5,2,13
202400017932,2024-12-24,Evening,2,2,6.0,3,1,24
202400017933,2024-01-30,Afternoon,4,1,6.0,2,2,75
202400017934,2024-12-25,Night,2,1,7.0,3,1,30
202400017935,2024-09-09,Night,4,1,6.0,3,2,10
202400017936,2024-04-17,Evening,4,1,2.0,2,2,92
202400017937,2024-01-30,Morning,4,1,2.0,1,2,75
202400017938,2024-04-19,Morning,2,1,1.0,1,1,17
202400017939,2024-09-08,Morning,4,7,6.0,1,2,10
202400017940,2024-12-25,Evening,4,1,2.0,5,2,31
202400017941,2024-04-18,Evening,3,1,6.0,1,2,22
202400017942,2024-01-29,Evening,4,1,1.0,5,2,75
202400017943,2024-09-07,Afternoon,3,1,1.0,1,2,08
202400017944,2024-04-18,Afternoon,2,1,3.0,1,1,31
202400017945,2024-01-30,Night,4,1,7.0,5,2,94
202400017946,2024-12-25,Night,4,1,5.0,3,1,30
202400017947,2024-09-08,Morning,3,1,3.0,1,2,06
202400017949,2024-04-19,Night,3,1,2.0,3,1,35
202400017950,2024-01-30,Night,4,1,3.0,5,2,94
202400017951,2024-12-24,Night,3,2,6.0,5,2,33
202400017952,2024-09-08,Night,3,1,3.0,5,2,06
202400017953,2024-04-18,Afternoon,4,8,2.0,1,1,59
202400017954,2024-01-30,Afternoon,4,1,4.0,1,2,94
202400017955,2024-04-18,Evening,3,1,6.0,3,1,21
202400017956,2024-09-08,Afternoon,4,2,6.0,1,2,06
202400017957,2024-01-30,Afternoon,4,1,6.0,1,2,93
202400017958,2024-04-18,Afternoon,3,1,7.0,1,1,19
202400017959,2024-09-20,Morning,3,1,7.0,1,2,04
202400017960,2024-04-19,Morning,3,1,7.0,2,1,19
202400017961,2024-01-30,Morning,4,1,3.0,1,2,93
202400017962,2024-12-24,Evening,4,2,5.0,3,1,77
202400017963,2024-04-19,Morning,3,1,6.0,1,2,59
202400017964,2024-04-19,Morning,3,1,6.0,5,2,81
202400017965,2024-01-29,Afternoon,4,1,6.0,2,2,93
202400017966,2024-12-25,Afternoon,4,1,3.0,1,2,66
202400017967,2024-09-08,Afternoon,4,1,5.0,1,2,75
202400017968,2024-01-29,Afternoon,4,1,3.0,1,2,93
202400017969,2024-04-12,Evening,4,1,2.0,1,2,71
202400017970,2024-12-24,Morning,4,1,2.0,1,1,04
202400017971,2024-09-07,Night,4,1,2.0,5,2,75
202400017972,2024-01-30,Morning,4,8,6.0,1,2,93
202400017973,2024-04-19,Afternoon,3,1,7.0,1,2,63
202400017974,2024-12-24,Morning,3,1,6.0,1,2,69
202400017975,2024-09-06,Afternoon,4,1,2.0,1,2,75
202400017976,2024-12-23,Afternoon,3,1,7.0,1,1,27
202400017977,2024-01-30,Morning,4,1,6.0,2,2,93
202400017978,2024-04-17,Night,4,1,3.0,3,1,49
202400017979,2024-04-18,Afternoon,3,1,6.0,1,1,42
202400017980,2024-01-30,Afternoon,4,1,6.0,1,2,93
202400017981,2024-09-08,Afternoon,4,1,2.0,1,2,75
202400017982,2024-12-25,Morning,3,1,3.0,1,1,76
202400017983,2024-01-27,Afternoon,4,1,7.0,2,2,92
202400017984,2024-04-18,Evening,2,1,3.0,1,1,86
202400017985,2024-01-30,Morning,4,8,2.0,1,2,92
202400017986,2024-12-25,Morning,3,1,1.0,1,1,60
202400017987,2024-09-08,Night,4,1,4.0,5,2,75
202400017988,2024-03-15,Afternoon,2,1,7.0,1,2,34
202400017989,2024-01-30,Afternoon,4,1,3.0,1,2,92
202400017990,2024-09-06,Afternoon,4,1,3.0,1,2,75
202400017991,2024-04-05,Evening,4,1,1.0,3,1,44
202400017992,2024-12-23,Afternoon,4,1,2.0,1,1,13
202400017993,2024-01-30,Evening,4,1,3.0,5,2,92
202400017994,2024-09-08,Night,4,1,3.0,5,2,75
202400017995,2024-12-23,Evening,4,1,3.0,5,1,13
202400017996,2024-04-19,Afternoon,2,1,3.0,1,2,35
202400017997,2024-01-30,Afternoon,4,1,2.0,1,2,92
202400017998,2024-01-30,Afternoon,3,8,6.0,1,1,34
202400017999,2024-09-07,Night,4,1,3.0,5,2,75
202400018000,2024-04-19,Afternoon,3,1,6.0,1,2,58
202400018001,2024-12-13,Evening,4,1,4.0,3,1,13
202400018002,2024-01-31,Morning,4,1,3.0,2,1,51
202400018003,2024-04-19,Morning,3,7,1.0,1,1,72
202400018004,2024-01-30,Afternoon,4,1,6.0,1,2,33
202400018005,2024-12-21,Afternoon,4,8,2.0,1,1,57
202400018006,2024-09-08,Afternoon,4,8,3.0,1,2,75
202400018007,2024-01-17,Afternoon,4,1,7.0,1,1,36
202400018008,2024-04-19,Morning,3,1,6.0,1,1,14
202400018010,2024-09-08,Morning,4,1,5.0,1,2,75
202400018011,2024-04-14,Morning,3,1,3.0,1,1,64
202400018012,2024-12-23,Night,2,1,5.0,3,1,59
202400018013,2024-01-31,Afternoon,4,1,1.0,1,1,72
202400018014,2024-12-24,Evening,4,1,2.0,3,1,92
202400018015,2024-09-08,Night,4,1,3.0,5,2,94
202400018016,2024-01-29,Morning,3,1,7.0,1,1,82
202400018017,2024-04-13,Morning,3,1,6.0,1,2,43
202400018018,2024-01-31,Night,4,1,6.0,3,1,63
202400018019,2024-12-24,Evening,4,1,2.0,3,1,91
202400018020,2024-09-08,Morning,4,1,3.0,2,1,95
202400018021,2024-01-30,Night,3,1,6.0,3,1,42
202400018022,2024-04-18,Evening,3,1,6.0,3,1,07
202400018023,2024-09-07,Morning,4,2,3.0,2,2,93
202400018024,2024-01-30,Morning,3,5,6.0,1,2,29
202400018025,2024-12-24,Afternoon,4,2,2.0,1,1,92
202400018026,2024-09-08,Evening,4,2,6.0,5,2,92
202400018027,2024-01-31,Afternoon,4,7,3.0,1,1,38
202400018028,2024-12-24,Afternoon,4,1,2.0,1,1,78
202400018029,2024-04-18,Morning,4,1,3.0,1,2,04
202400018030,2024-01-31,Morning,3,8,6.0,1,1,15
202400018031,2024-12-24,Morning,4,2,6.0,1,1,92
202400018032,2024-09-08,Afternoon,4,1,6.0,1,2,39
202400018033,2024-04-19,Afternoon,2,1,6.0,1,1,85
202400018034,2024-12-24,Evening,4,2,2.0,3,1,78
202400018035,2024-01-31,Afternoon,4,1,1.0,1,1,70
202400018036,2024-08-29,Afternoon,4,1,1.0,1,1,57
202400018037,2024-04-18,Night,3,1,1.0,3,1,85
202400018038,2024-01-31,Morning,3,1,6.0,3,1,70
202400018039,2024-12-23,Afternoon,4,1,2.0,1,1,78
202400018040,2024-09-09,Morning,3,7,7.0,1,1,83
202400018041,2024-01-30,Morning,3,9,6.0,1,1,54
202400018042,2024-12-24,Afternoon,4,2,3.0,5,1,95
202400018043,2024-04-18,Evening,3,1,3.0,1,1,37
202400018045,2024-01-30,Morning,4,1,1.0,1,1,72
202400018046,2024-12-24,Afternoon,3,2,3.0,2,1,95
202400018047,2024-09-08,Morning,3,1,7.0,1,1,63
202400018048,2024-04-18,Evening,3,1,3.0,1,1,61
202400018049,2024-01-28,Afternoon,4,1,7.0,1,1,64
202400018050,2024-12-24,Morning,4,2,2.0,1,1,93
202400018051,2024-01-23,Afternoon,4,1,2.0,1,1,73
202400018052,2024-04-19,Afternoon,3,1,2.0,1,1,42
202400018053,2024-09-06,Afternoon,4,1,3.0,1,1,12
202400018054,2024-12-23,Night,4,1,2.0,3,1,93
202400018055,2024-01-21,Morning,4,2,1.0,5,2,37
202400018059,2024-04-18,Afternoon,4,1,3.0,1,2,69
202400018060,2024-12-24,Evening,4,5,6.0,3,1,77
202400018061,2024-09-08,Evening,3,8,6.0,1,1,50
202400018062,2024-01-31,Morning,4,1,3.0,1,1,34
202400018063,2024-04-18,Afternoon,3,1,2.0,1,1,86
202400018064,2024-06-20,Night,4,1,6.0,5,2,75
202400018066,2024-09-09,Night,3,1,6.0,3,1,50
202400018067,2024-09-07,Afternoon,3,1,6.0,1,1,34
202400018068,2024-06-29,Morning,3,1,1.0,1,2,93
202400018070,2024-04-18,Afternoon,4,1,2.0,1,1,45
202400018071,2024-06-26,Night,4,1,6.0,5,2,93
202400018073,2024-04-16,Night,3,2,6.0,3,1,59
202400018074,2024-09-08,Evening,3,8,1.0,1,1,87
202400018075,2024-06-21,Morning,4,2,3.0,1,2,93
202400018076,2024-04-19,Morning,4,1,6.0,2,1,77
202400018077,2024-01-31,Afternoon,3,1,3.0,1,2,77
202400018078,2024-01-31,Morning,4,1,6.0,1,2,2B
202400018079,2024-06-14,Evening,4,1,2.0,1,2,93
202400018080,2024-09-07,Afternoon,4,1,3.0,1,1,30
202400018081,2024-04-18,Afternoon,4,1,6.0,1,2,21
202400018082,2024-01-30,Evening,3,1,1.0,3,1,66
202400018083,2024-06-05,Night,3,1,2.0,5,2,93
202400018084,2024-09-07,Afternoon,3,1,6.0,1,2,62
202400018085,2024-04-19,Morning,3,1,6.0,2,2,21
202400018086,2024-01-31,Morning,2,1,2.0,2,2,84
202400018087,2024-04-17,Morning,3,1,7.0,1,2,68
202400018089,2024-01-31,Evening,2,1,6.0,3,1,83
202400018090,2024-09-09,Morning,4,8,3.0,1,1,57
202400018092,2024-04-18,Afternoon,4,4,2.0,1,1,07
202400018093,2024-01-31,Afternoon,3,1,1.0,1,1,70
202400018094,2024-09-08,Afternoon,2,2,7.0,1,1,19
202400018096,2024-01-27,Afternoon,2,7,7.0,1,1,67
202400018097,2024-04-18,Morning,3,7,7.0,1,1,53
202400018098,2024-09-06,Evening,3,1,7.0,1,1,56
202400018100,2024-01-30,Afternoon,3,1,7.0,2,1,07
202400018101,2024-04-09,Evening,3,1,2.0,2,1,44
202400018102,2024-09-07,Night,3,1,6.0,3,1,56
202400018103,2024-01-30,Morning,4,1,1.0,1,1,65
202400018104,2024-04-18,Morning,3,1,6.0,2,1,14
202400018106,2024-09-08,Night,3,1,7.0,3,1,79
202400018107,2024-01-30,Morning,3,1,1.0,1,1,86
202400018108,2024-04-17,Afternoon,3,1,6.0,1,2,35
202400018110,2024-01-25,Evening,3,1,3.0,3,1,47
202400018111,2024-04-19,Afternoon,4,2,1.0,1,1,27
202400018112,2024-12-23,Morning,4,1,3.0,2,2,91
202400018113,2024-09-07,Morning,3,1,6.0,1,1,80
202400018114,2024-12-18,Afternoon,4,1,3.0,1,2,88
202400018115,2024-09-07,Morning,3,8,6.0,1,1,82
202400018116,2024-01-31,Morning,4,1,6.0,1,2,22
202400018117,2024-12-21,Evening,4,1,6.0,5,2,87
202400018118,2024-09-09,Morning,3,2,1.0,1,1,71
202400018119,2024-01-31,Morning,3,1,6.0,2,2,76
202400018120,2024-04-17,Afternoon,4,1,2.0,1,1,13
202400018121,2024-12-21,Afternoon,3,1,6.0,1,1,87
202400018122,2024-01-30,Afternoon,3,1,6.0,1,1,60
202400018123,2024-04-17,Morning,4,6,2.0,1,1,13
202400018124,2024-09-07,Afternoon,4,3,3.0,1,1,89
202400018125,2024-12-19,Evening,4,2,2.0,5,2,87
202400018126,2024-01-31,Evening,4,1,2.0,3,1,80
202400018127,2024-12-22,Night,2,3,6.0,3,1,77
202400018128,2024-01-31,Night,3,1,6.0,3,2,62
202400018129,2024-04-14,Night,4,1,5.0,3,1,13
202400018130,2024-07-18,Morning,4,1,7.0,1,1,63
202400018131,2024-04-04,Evening,2,1,6.0,2,1,42
202400018132,2024-12-23,Night,4,2,3.0,5,2,76
202400018133,2024-01-30,Morning,4,1,4.0,1,1,83
202400018134,2024-04-18,Afternoon,4,1,2.0,1,1,92
202400018135,2024-04-18,Afternoon,4,2,2.0,1,1,93
202400018136,2024-01-30,Morning,3,1,3.0,1,1,69
202400018137,2024-09-07,Morning,3,1,1.0,1,1,49
202400018138,2024-12-22,Morning,4,1,6.0,1,1,76
202400018139,2024-12-23,Afternoon,3,1,6.0,1,2,76
202400018140,2024-09-09,Morning,3,2,6.0,1,1,12
202400018141,2024-04-18,Afternoon,4,1,4.0,1,1,94
202400018142,2024-03-15,Morning,4,2,4.0,1,1,54
202400018143,2024-08-02,Evening,4,1,2.0,2,1,31
202400018144,2024-09-08,Morning,4,1,3.0,1,2,42
202400018145,2024-12-18,Morning,4,1,3.0,5,2,76
202400018146,2024-04-17,Evening,4,1,4.0,1,1,77
202400018148,2024-09-08,Morning,3,1,7.0,1,1,42
202400018149,2024-01-30,Morning,4,1,2.0,1,1,91
202400018150,2024-08-02,Evening,3,2,7.0,1,1,67
202400018151,2024-12-22,Evening,4,8,6.0,5,2,67
202400018152,2024-01-28,Night,4,1,7.0,5,1,92
202400018153,2024-09-08,Night,4,1,1.0,3,1,46
202400018154,2024-12-21,Evening,4,1,3.0,3,1,66
202400018155,2024-09-09,Night,4,2,7.0,5,2,68
202400018156,2024-01-30,Afternoon,4,1,2.0,1,1,93
202400018157,2024-08-02,Morning,4,1,5.0,1,1,34
202400018158,2024-12-17,Afternoon,3,1,6.0,1,2,65
202400018159,2024-08-03,Night,4,1,6.0,3,1,60
202400018160,2024-12-23,Afternoon,4,2,2.0,1,2,64
202400018161,2024-09-05,Evening,4,1,2.0,3,1,39
202400018162,2024-12-22,Morning,4,2,3.0,1,2,64
202400018164,2024-01-29,Evening,4,1,2.0,4,1,93
202400018165,2024-09-08,Night,4,2,6.0,4,2,39
202400018166,2024-12-23,Evening,4,1,6.0,5,2,59
202400018168,2024-12-23,Evening,4,1,1.0,5,2,59
202400018169,2024-01-29,Evening,4,1,2.0,3,1,93
202400018170,2024-09-08,Night,3,3,6.0,3,1,25
202400018172,2024-12-23,Evening,4,1,2.0,3,1,59
202400018175,2024-09-08,Afternoon,3,8,6.0,1,2,44
202400018176,2024-12-23,Afternoon,4,1,6.0,1,2,56
202400018177,2024-09-08,Morning,3,3,7.0,1,1,29
202400018178,2024-11-30,Morning,4,1,6.0,4,2,56
202400018180,2024-08-03,Morning,3,8,3.0,1,1,45
202400018181,2024-09-08,Afternoon,3,2,1.0,1,1,29
202400018182,2024-12-22,Evening,4,1,3.0,5,2,56
202400018183,2024-02-27,Afternoon,3,1,2.0,1,2,45
202400018185,2024-09-07,Morning,3,2,7.0,1,2,29
202400018186,2024-12-20,Evening,4,2,6.0,5,2,56
202400018188,2024-09-08,Evening,4,3,6.0,3,2,38
202400018189,2024-12-22,Afternoon,4,1,1.0,2,2,54
202400018191,2024-09-04,Afternoon,4,1,6.0,1,1,01
202400018192,2024-08-01,Evening,3,1,1.0,1,2,11
202400018193,2024-12-21,Evening,3,2,6.0,5,2,54
202400018195,2024-09-09,Morning,4,7,6.0,1,2,26
202400018196,2024-12-22,Morning,4,1,6.0,5,2,50
202400018198,2024-08-03,Night,4,1,1.0,3,1,84
202400018199,2024-09-08,Afternoon,2,1,6.0,1,1,66
202400018201,2024-11-16,Night,4,1,3.0,5,2,42
202400018202,2024-09-07,Afternoon,3,1,7.0,1,1,06
202400018204,2024-08-02,Morning,4,1,3.0,1,2,06
202400018205,2024-12-12,Night,3,1,6.0,5,2,40
202400018206,2024-01-29,Afternoon,4,1,3.0,1,2,69
202400018207,2024-08-01,Evening,3,1,7.0,1,1,13
202400018208,2024-08-29,Afternoon,3,1,3.0,1,1,14
202400018210,2024-08-02,Afternoon,3,1,6.0,1,1,71
202400018211,2024-12-23,Afternoon,4,8,3.0,1,2,37
202400018213,2024-09-07,Afternoon,3,8,7.0,1,2,14
202400018214,2024-12-23,Evening,4,2,3.0,3,1,35
202400018215,2024-07-31,Afternoon,3,1,6.0,1,1,67
202400018216,2024-01-29,Morning,4,1,2.0,1,2,91
202400018217,2024-12-23,Morning,3,1,6.0,1,2,34
202400018218,2024-08-02,Afternoon,4,1,7.0,1,1,57
202400018219,2024-12-23,Afternoon,4,1,6.0,1,2,33
202400018220,2024-09-07,Evening,4,1,1.0,2,2,90
202400018221,2024-01-29,Afternoon,4,1,3.0,1,2,89
202400018222,2024-09-07,Afternoon,3,1,7.0,1,1,09
202400018223,2024-12-23,Evening,4,1,3.0,5,2,31
202400018224,2024-08-03,Afternoon,4,1,1.0,1,1,63
202400018225,2024-01-25,Evening,4,1,3.0,3,1,87
202400018226,2024-09-08,Evening,4,1,6.0,1,2,60
202400018227,2024-12-23,Afternoon,3,1,6.0,1,2,31
202400018228,2024-08-03,Afternoon,3,1,7.0,1,1,38
202400018229,2024-01-29,Morning,3,7,6.0,1,2,86
202400018230,2024-09-09,Morning,3,8,1.0,2,1,45
202400018231,2024-12-23,Morning,4,1,3.0,1,2,27
202400018232,2024-07-30,Evening,3,1,1.0,1,1,38
202400018233,2024-01-28,Morning,4,1,3.0,2,2,86
202400018234,2024-12-23,Afternoon,4,4,6.0,1,2,25
202400018235,2024-09-07,Evening,4,1,1.0,1,1,64
202400018236,2024-01-29,Night,3,1,1.0,5,2,84
202400018237,2024-08-03,Night,4,1,7.0,3,1,81
202400018238,2024-09-07,Evening,3,1,7.0,2,1,18
202400018239,2024-12-23,Evening,4,1,3.0,3,1,25
202400018240,2024-09-08,Evening,3,3,7.0,1,1,43
202400018241,2024-12-23,Morning,4,1,1.0,3,2,14
202400018242,2024-01-28,Evening,3,1,1.0,3,1,84
202400018243,2024-08-01,Evening,4,1,3.0,1,1,09
202400018244,2024-12-23,Morning,4,1,6.0,1,2,08
202400018245,2024-09-09,Afternoon,4,1,3.0,1,1,16
202400018246,2024-01-28,Morning,4,1,3.0,1,2,83
202400018247,2024-12-20,Afternoon,3,2,3.0,2,2,02
202400018248,2024-09-07,Afternoon,3,1,1.0,1,1,07
202400018249,2024-08-03,Morning,3,1,3.0,1,1,17
202400018250,2024-01-29,Morning,4,1,3.0,2,2,81
202400018251,2024-08-03,Afternoon,3,1,6.0,1,1,35
202400018252,2024-01-28,Afternoon,4,1,1.0,1,1,80
202400018253,2024-12-23,Morning,4,1,5.0,2,2,75
202400018254,2024-09-03,Night,4,2,1.0,5,1,07
202400018255,2024-08-01,Evening,4,1,3.0,1,1,13
202400018256,2024-12-22,Morning,4,2,2.0,5,2,75
202400018257,2024-01-29,Evening,4,1,2.0,3,2,78
202400018258,2024-09-09,Morning,4,2,1.0,2,1,21
202400018259,2024-12-23,Evening,4,1,6.0,5,2,75
202400018260,2024-01-29,Morning,4,1,3.0,1,2,76
202400018261,2024-08-02,Morning,4,1,4.0,1,1,13
202400018262,2024-12-23,Afternoon,4,1,6.0,1,2,75
202400018263,2024-09-07,Afternoon,3,2,3.0,1,1,24
202400018264,2024-01-28,Morning,4,1,6.0,5,2,76
202400018265,2024-12-22,Night,4,8,6.0,5,2,75
202400018266,2024-07-31,Evening,4,1,4.0,1,1,13
202400018267,2024-09-08,Night,4,2,6.0,3,2,27
202400018268,2024-01-28,Evening,4,1,3.0,5,2,76
202400018269,2024-12-23,Morning,4,1,6.0,1,2,75
202400018270,2024-01-26,Evening,4,1,7.0,5,2,76
202400018271,2024-09-04,Evening,3,1,3.0,2,1,27
202400018272,2024-12-23,Evening,4,2,2.0,5,2,75
202400018273,2024-08-02,Evening,4,2,3.0,3,1,69
202400018274,2024-01-29,Evening,4,1,3.0,5,2,69
202400018275,2024-07-30,Night,4,1,7.0,3,1,01
202400018276,2024-12-23,Afternoon,4,1,5.0,1,2,75
202400018277,2024-01-29,Morning,4,1,1.0,3,1,69
202400018278,2024-08-08,Afternoon,4,1,3.0,1,1,17
202400018279,2024-12-23,Afternoon,4,1,6.0,1,2,75
202400018280,2024-01-29,Morning,4,1,1.0,5,2,69
202400018281,2024-09-07,Afternoon,4,3,3.0,1,1,23
202400018282,2024-12-22,Evening,4,2,3.0,5,2,75
202400018283,2024-07-30,Afternoon,3,1,6.0,1,1,59
202400018284,2024-01-29,Afternoon,4,1,2.0,1,2,64
202400018285,2024-12-22,Night,4,2,7.0,5,2,75
202400018286,2024-08-02,Afternoon,4,1,2.0,1,1,94
202400018287,2024-09-08,Afternoon,2,1,5.0,1,1,87
202400018288,2024-12-20,Afternoon,4,8,6.0,2,2,94
202400018289,2024-01-28,Afternoon,4,1,3.0,1,2,64
202400018290,2024-12-16,Morning,4,1,2.0,1,2,94
202400018291,2024-01-29,Afternoon,4,1,3.0,1,2,63
202400018292,2024-08-02,Morning,4,1,4.0,1,1,91
202400018293,2024-09-07,Afternoon,3,8,6.0,1,2,30
202400018294,2024-08-02,Morning,4,1,7.0,1,1,91
202400018295,2024-12-23,Afternoon,2,1,2.0,1,2,93
202400018296,2024-01-07,Night,4,1,2.0,5,2,62
202400018297,2024-09-08,Afternoon,3,1,3.0,1,1,39
202400018298,2024-01-29,Evening,4,1,6.0,5,2,61
202400018299,2024-08-02,Morning,4,1,3.0,1,1,91
202400018300,2024-09-08,Morning,3,3,6.0,1,1,05
202400018301,2024-12-23,Afternoon,4,7,2.0,1,2,93
202400018302,2024-01-29,Morning,4,8,6.0,2,2,57
202400018303,2024-08-02,Morning,4,1,3.0,1,1,91
202400018305,2024-12-23,Evening,4,1,3.0,5,2,93
202400018306,2024-01-26,Night,4,1,7.0,5,2,56
202400018307,2024-08-02,Night,4,2,7.0,3,1,92
202400018308,2024-12-23,Morning,4,1,3.0,1,2,93
202400018309,2024-08-02,Night,4,1,2.0,3,1,93
202400018310,2024-01-29,Morning,4,1,2.0,1,2,54
202400018311,2024-09-09,Night,4,1,5.0,3,1,49
202400018312,2024-08-01,Evening,3,1,6.0,2,1,94
202400018313,2024-01-27,Morning,3,7,6.0,1,2,51
202400018314,2024-10-03,Evening,4,1,3.0,2,2,92
202400018315,2024-09-09,Morning,3,1,5.0,3,1,06
202400018317,2024-08-29,Morning,4,1,7.0,1,1,67
202400018318,2024-01-28,Afternoon,4,1,3.0,1,2,50
202400018319,2024-12-22,Night,4,2,3.0,5,2,92
202400018320,2024-01-29,Evening,4,1,5.0,3,1,49
202400018322,2024-12-23,Afternoon,4,1,2.0,1,2,92
202400018323,2024-09-08,Night,4,1,5.0,3,1,11
202400018324,2024-01-24,Afternoon,4,1,3.0,2,2,46
202400018325,2024-12-23,Morning,4,1,3.0,5,2,92
202400018326,2024-09-07,Night,3,2,7.0,3,1,38
202400018328,2024-01-30,Night,2,1,6.0,4,2,45
202400018329,2024-09-09,Night,3,1,2.0,3,1,13
202400018331,2024-01-29,Evening,4,1,6.0,2,2,41
202400018332,2024-12-20,Evening,4,2,5.0,5,2,92
202400018333,2024-09-07,Evening,2,1,6.0,3,1,33
202400018335,2024-12-23,Afternoon,4,1,2.0,1,2,92
202400018336,2024-01-29,Evening,3,1,3.0,2,2,38
202400018338,2024-07-31,Evening,4,1,6.0,1,2,69
202400018339,2024-12-23,Afternoon,4,2,6.0,1,1,38
202400018340,2024-01-28,Night,4,1,3.0,5,2,37
202400018342,2024-07-31,Night,4,1,2.0,5,2,69
202400018343,2024-01-29,Afternoon,4,1,2.0,1,1,35
202400018344,2024-09-08,Afternoon,3,1,6.0,1,2,77
202400018346,2024-01-29,Afternoon,3,1,2.0,1,2,35
202400018347,2024-09-08,Afternoon,3,2,1.0,1,1,91
202400018348,2024-08-01,Afternoon,2,1,3.0,1,2,2A
202400018349,2024-01-26,Afternoon,4,1,3.0,1,2,31
202400018350,2024-09-06,Afternoon,4,1,2.0,1,1,78
202400018351,2024-08-02,Night,4,2,2.0,5,2,91