Num_Acc,date,time_of_day,max_severity,weather,collision_type,lighting,urban_area,department
202400018352,2024-08-29,Afternoon,4,1,3.0,1,1,13
202400018353,2024-08-01,Evening,4,1,3.0,1,2,84
202400018354,2024-01-29,Morning,4,1,3.0,1,2,14
202400018355,2024-09-08,Evening,3,1,6.0,2,1,71
202400018356,2024-08-01,Morning,4,1,7.0,1,2,77
202400018357,2024-01-27,Night,2,1,6.0,5,1,13
202400018358,2024-09-05,Afternoon,3,3,3.0,1,1,21
202400018359,2024-01-29,Evening,4,1,2.0,5,2,13
202400018360,2024-09-07,Afternoon,2,1,7.0,1,2,67
202400018361,2024-01-29,Evening,4,1,2.0,5,2,13
202400018362,2024-07-23,Night,4,1,1.0,5,2,73
202400018363,2024-09-08,Night,3,1,1.0,3,1,67
202400018364,2024-01-29,Morning,4,1,3.0,1,2,13
202400018365,2024-07-26,Night,4,1,1.0,5,2,73
202400018366,2024-09-09,Morning,3,8,2.0,2,1,55
202400018367,2024-08-01,Evening,4,1,6.0,1,1,73
202400018368,2024-09-08,Morning,3,1,6.0,1,2,57
202400018369,2024-01-28,Night,4,1,3.0,5,2,10
202400018370,2024-09-06,Morning,3,1,7.0,1,1,63
202400018371,2024-08-01,Morning,4,1,3.0,1,1,73
202400018372,2024-01-28,Night,3,1,3.0,5,1,06
202400018373,2024-09-09,Afternoon,4,8,1.0,1,1,38
202400018374,2024-07-26,Morning,3,7,3.0,1,2,73
202400018375,2024-01-29,Morning,4,1,6.0,1,2,01
202400018376,2024-09-08,Evening,3,3,1.0,2,1,07
202400018377,2024-08-01,Night,3,1,6.0,5,2,72
202400018378,2024-01-29,Evening,4,1,6.0,5,2,75
202400018379,2024-09-07,Evening,2,1,6.0,1,2,69
202400018380,2024-07-31,Morning,4,1,3.0,1,2,69
202400018381,2024-01-29,Afternoon,4,1,2.0,1,2,75
202400018382,2024-09-06,Evening,3,1,6.0,5,2,69
202400018383,2024-01-26,Morning,4,1,3.0,5,2,75
202400018384,2024-07-31,Evening,4,1,2.0,1,2,67
202400018385,2024-09-08,Afternoon,3,1,1.0,1,1,33
202400018386,2024-09-08,Afternoon,4,1,6.0,1,1,49
202400018387,2024-07-31,Afternoon,4,1,3.0,1,2,67
202400018388,2024-01-28,Afternoon,4,1,3.0,1,2,75
202400018389,2024-07-31,Afternoon,4,1,3.0,1,2,64
202400018390,2024-09-05,Evening,4,3,4.0,2,1,44
202400018391,2024-01-27,Night,4,1,6.0,5,2,94
202400018392,2024-09-04,Morning,4,5,3.0,2,1,35
202400018393,2024-01-27,Afternoon,4,1,2.0,1,2,94
202400018394,2024-07-31,Afternoon,3,1,3.0,1,2,62
202400018395,2024-07-31,Afternoon,4,1,3.0,1,2,62
202400018396,2024-09-08,Evening,4,3,1.0,1,1,76
202400018397,2024-01-29,Morning,4,1,3.0,2,2,94
202400018398,2024-09-09,Morning,4,2,6.0,1,1,60
202400018399,2024-08-01,Afternoon,4,1,3.0,1,2,61
202400018400,2024-01-29,Morning,4,1,6.0,5,2,94
202400018401,2024-09-07,Morning,4,1,1.0,1,1,80
202400018402,2024-08-01,Afternoon,4,1,3.0,1,2,59
202400018403,2024-01-29,Evening,4,1,3.0,5,2,93
202400018404,2024-08-01,Morning,3,1,3.0,1,2,59
202400018405,2024-09-07,Evening,3,1,7.0,1,1,59
202400018406,2024-01-29,Morning,4,1,3.0,1,2,93
202400018407,2024-09-08,Evening,4,8,7.0,1,1,13
202400018408,2024-09-08,Afternoon,4,8,3.0,1,1,13
202400018409,2024-07-31,Evening,4,1,3.0,1,2,59
202400018410,2024-01-29,Afternoon,4,1,3.0,1,2,93
202400018411,2024-09-08,Afternoon,4,2,2.0,1,1,13
202400018412,2024-08-01,Afternoon,4,1,3.0,1,2,56
202400018413,2024-09-08,Afternoon,4,8,2.0,1,1,13
202400018414,2024-01-29,Night,4,1,7.0,5,2,93
202400018415,2024-07-31,Afternoon,4,1,6.0,1,2,54
202400018416,2024-09-07,Evening,4,1,2.0,3,1,13
202400018417,2024-07-31,Evening,4,1,3.0,1,1,50
202400018418,2024-01-29,Morning,4,1,6.0,5,2,93
202400018419,2024-08-01,Night,4,1,3.0,5,2,47
202400018420,2024-09-06,Evening,4,1,3.0,1,1,83
202400018421,2024-01-29,Afternoon,4,1,3.0,1,2,92
202400018422,2024-07-31,Afternoon,3,1,6.0,1,1,42
202400018423,2024-09-08,Morning,4,8,5.0,3,1,69
202400018424,2024-08-02,Night,4,1,3.0,5,2,38
202400018425,2024-01-29,Afternoon,4,1,3.0,1,2,92
202400018426,2024-09-08,Afternoon,4,8,4.0,1,1,33
202400018427,2024-08-01,Morning,4,1,2.0,1,2,38
202400018428,2024-01-29,Morning,4,1,1.0,1,2,92
202400018429,2024-09-08,Afternoon,4,1,2.0,1,1,91
202400018430,2024-08-01,Evening,4,1,3.0,1,2,37
202400018431,2024-01-30,Morning,3,2,6.0,1,2,72
202400018432,2024-08-01,Afternoon,3,1,3.0,1,2,37
202400018433,2024-09-08,Afternoon,4,1,2.0,1,1,78
202400018434,2024-01-30,Night,3,1,2.0,3,1,40
202400018435,2024-07-31,Afternoon,4,1,3.0,1,2,37
202400018436,2024-07-29,Night,3,1,6.0,5,2,34
202400018437,2024-09-07,Afternoon,4,1,4.0,1,1,78
202400018438,2024-07-31,Afternoon,4,1,2.0,1,2,22
202400018439,2024-09-06,Evening,4,1,2.0,1,1,92
202400018440,2024-07-31,Evening,4,1,2.0,1,2,19
202400018441,2024-09-07,Night,4,1,3.0,3,1,94
202400018442,2024-07-31,Evening,4,1,1.0,1,2,18
202400018445,2024-08-01,Afternoon,4,1,2.0,1,1,17
202400018446,2024-09-08,Night,4,2,3.0,5,2,69
202400018447,2024-08-01,Afternoon,4,1,3.0,1,2,17
202400018449,2024-07-31,Morning,4,1,3.0,1,2,14
202400018450,2024-09-06,Afternoon,4,1,3.0,1,2,91
202400018451,2024-08-01,Afternoon,4,1,3.0,1,2,13
202400018452,2024-09-06,Morning,4,1,3.0,1,2,91
202400018453,2024-07-31,Evening,4,1,3.0,1,2,13
202400018454,2024-07-31,Afternoon,4,1,2.0,1,2,13
202400018455,2024-09-07,Night,4,1,2.0,3,1,77
202400018456,2024-09-07,Evening,4,1,6.0,1,1,77
202400018457,2024-08-01,Afternoon,4,1,3.0,1,2,11
202400018458,2024-07-26,Night,3,3,6.0,5,2,08
202400018459,2024-09-07,Morning,4,1,3.0,1,2,74
202400018460,2024-07-31,Evening,4,1,3.0,1,2,07
202400018461,2024-09-07,Morning,4,1,3.0,2,2,72
202400018462,2024-07-31,Morning,4,1,3.0,1,2,07
202400018463,2024-09-07,Evening,4,1,3.0,5,2,71
202400018464,2024-08-01,Morning,4,1,1.0,1,2,06
202400018465,2024-07-31,Morning,4,1,6.0,1,1,06
202400018466,2024-08-01,Afternoon,4,1,6.0,1,2,05
202400018467,2024-09-07,Afternoon,4,1,3.0,1,2,69
202400018468,2024-08-01,Morning,4,1,6.0,1,2,03
202400018469,2024-09-06,Afternoon,3,1,1.0,1,2,69
202400018470,2024-08-01,Night,4,8,6.0,5,2,01
202400018471,2024-09-07,Night,2,2,1.0,5,2,68
202400018472,2024-08-01,Evening,4,1,4.0,1,2,75
202400018473,2024-09-07,Afternoon,4,1,1.0,1,2,67
202400018474,2024-07-31,Evening,4,1,2.0,1,2,75
202400018475,2024-09-07,Afternoon,3,1,1.0,1,2,67
202400018476,2024-07-31,Night,4,2,1.0,5,2,75
202400018477,2024-09-06,Afternoon,4,1,3.0,1,2,67
202400018478,2024-08-01,Afternoon,4,1,3.0,1,2,75
202400018479,2024-09-07,Night,4,1,7.0,3,2,64
202400018480,2024-08-01,Morning,4,1,2.0,1,2,75
202400018481,2024-09-07,Evening,4,1,7.0,1,1,64
202400018482,2024-07-31,Evening,3,1,7.0,5,2,75
202400018483,2024-09-07,Evening,4,1,3.0,1,2,64
202400018484,2024-08-01,Morning,4,1,6.0,1,2,75
202400018485,2024-07-31,Afternoon,4,1,2.0,1,2,75
202400018486,2024-09-06,Afternoon,4,1,2.0,1,2,64
202400018487,2024-09-07,Night,4,8,6.0,3,2,63
202400018488,2024-08-01,Evening,4,1,2.0,1,2,75
202400018489,2024-08-01,Afternoon,4,1,3.0,1,2,75
202400018490,2024-09-07,Afternoon,4,1,4.0,1,2,63
202400018491,2024-08-01,Night,4,1,3.0,2,2,75
202400018492,2024-07-31,Evening,4,1,6.0,5,2,75
202400018493,2024-09-07,Morning,4,2,3.0,1,2,58
202400018494,2024-08-01,Night,4,1,2.0,5,2,75
202400018495,2024-08-01,Morning,4,1,6.0,1,2,75
202400018496,2024-08-01,Morning,4,3,7.0,2,2,75
202400018497,2024-08-01,Night,4,1,2.0,5,2,75
202400018498,2024-08-01,Evening,4,1,4.0,1,2,94
202400018499,2024-07-31,Afternoon,4,1,3.0,1,2,94
202400018500,2024-08-01,Morning,4,2,6.0,2,2,94
202400018501,2024-08-01,Night,4,3,7.0,5,1,94
202400018502,2024-07-31,Evening,4,1,3.0,1,2,94
202400018503,2024-07-31,Afternoon,4,1,3.0,1,2,93
202400018504,2024-08-01,Afternoon,4,1,3.0,1,2,93
202400018505,2024-08-01,Afternoon,4,1,3.0,1,1,93
202400018506,2024-08-01,Morning,4,1,6.0,1,2,93
202400018507,2024-08-01,Morning,4,1,3.0,1,2,92
202400018508,2024-08-01,Night,4,1,6.0,5,2,92
202400018509,2024-08-01,Evening,4,1,6.0,1,2,92
202400018510,2024-08-02,Afternoon,4,1,2.0,1,2,24
202400018511,2024-07-31,Morning,4,1,7.0,1,2,06
202400018512,2024-08-02,Morning,4,1,6.0,2,1,28
202400018516,2024-08-02,Evening,3,1,2.0,1,1,83
202400018517,2024-08-01,Night,4,1,6.0,3,1,14
202400018518,2024-08-02,Afternoon,4,1,4.0,1,1,87
202400018519,2024-08-02,Morning,4,1,7.0,1,2,76
202400018520,2024-08-01,Evening,3,1,2.0,3,1,79
202400018521,2024-08-02,Afternoon,3,1,3.0,1,1,2A
202400018522,2024-07-31,Morning,3,1,7.0,1,2,33
202400018523,2024-07-31,Evening,3,1,6.0,1,1,71
202400018524,2024-08-02,Afternoon,4,1,6.0,1,1,71
202400018525,2024-05-28,Afternoon,4,2,2.0,1,2,75
202400018526,2024-08-02,Afternoon,4,2,2.0,1,2,63
202400018527,2024-05-27,Afternoon,4,1,3.0,1,2,75
202400018528,2024-08-02,Afternoon,4,1,3.0,1,1,61
202400018529,2024-05-27,Morning,4,1,6.0,1,2,75
202400018530,2024-07-22,Afternoon,4,1,6.0,1,2,61
202400018531,2024-05-28,Afternoon,4,2,3.0,1,2,75
202400018532,2024-05-28,Afternoon,4,2,7.0,1,2,75
202400018533,2024-05-27,Afternoon,4,8,3.0,1,2,75
202400018534,2024-08-01,Afternoon,4,1,3.0,1,1,35
202400018535,2024-07-28,Evening,4,1,6.0,2,2,29
202400018536,2024-05-28,Evening,4,1,1.0,1,2,75
202400018537,2024-07-29,Morning,4,1,3.0,1,1,31
202400018538,2024-05-28,Morning,4,1,2.0,1,2,75
202400018539,2024-08-02,Afternoon,3,1,1.0,1,1,03
202400018540,2024-05-28,Morning,4,2,6.0,1,2,75
202400018541,2024-08-02,Morning,4,1,6.0,1,2,01
202400018542,2024-08-02,Afternoon,3,9,1.0,1,1,70
202400018543,2024-05-28,Morning,4,2,3.0,1,2,94
202400018544,2024-05-28,Afternoon,4,2,2.0,1,2,94
202400018545,2024-08-01,Afternoon,4,1,6.0,1,1,06
202400018546,2024-07-30,Afternoon,3,1,7.0,1,1,64
202400018547,2024-05-28,Afternoon,4,2,1.0,1,2,94
202400018548,2024-07-26,Afternoon,3,1,3.0,1,1,43
202400018549,2024-05-27,Night,3,1,3.0,5,2,94
202400018550,2024-05-28,Morning,4,2,6.0,1,2,94
202400018551,2024-08-01,Afternoon,4,1,2.0,1,1,07
202400018552,2024-05-28,Morning,4,2,6.0,1,2,94
202400018553,2024-07-12,Evening,3,7,3.0,1,2,07
202400018554,2024-07-31,Afternoon,3,1,3.0,1,1,40
202400018555,2024-05-28,Afternoon,4,2,5.0,1,1,95
202400018556,2024-07-24,Afternoon,3,1,3.0,1,1,27
202400018557,2024-08-02,Morning,3,1,3.0,1,2,23
202400018558,2024-05-28,Evening,4,1,6.0,1,2,93
202400018559,2024-08-01,Evening,3,1,7.0,1,1,37
202400018560,2024-05-28,Night,4,1,3.0,2,2,93
202400018561,2024-08-02,Afternoon,3,1,4.0,1,1,30
202400018562,2024-05-28,Morning,4,1,6.0,1,2,93
202400018563,2024-08-02,Afternoon,2,1,1.0,1,1,30
202400018564,2024-05-28,Evening,4,1,3.0,1,2,92
202400018565,2024-08-01,Morning,3,1,7.0,1,1,48
202400018566,2024-05-28,Afternoon,4,2,2.0,1,2,92
202400018567,2024-05-28,Evening,4,1,6.0,1,1,92
202400018568,2024-08-01,Morning,4,1,3.0,1,1,35
202400018569,2024-05-27,Night,4,1,7.0,5,2,92
202400018570,2024-05-28,Night,4,1,7.0,5,2,92
202400018571,2024-08-01,Afternoon,4,1,1.0,1,1,44
202400018572,2024-05-27,Evening,4,1,6.0,1,2,92
202400018574,2024-05-27,Afternoon,4,2,3.0,1,2,92
202400018575,2024-05-28,Morning,4,3,7.0,1,2,92
202400018576,2024-08-01,Afternoon,4,1,7.0,1,1,33
202400018577,2024-05-27,Evening,4,1,3.0,1,2,92
202400018578,2024-08-01,Afternoon,3,1,3.0,1,2,44
202400018579,2024-07-12,Night,3,2,7.0,5,1,45
202400018580,2024-05-28,Night,3,1,3.0,5,2,92
202400018581,2024-05-28,Morning,4,1,1.0,1,2,92
202400018582,2024-08-01,Evening,3,7,1.0,1,1,34
202400018583,2024-05-28,Afternoon,4,8,3.0,1,2,92
202400018584,2024-07-05,Evening,4,1,7.0,1,1,84
202400018585,2024-05-28,Morning,4,1,3.0,1,2,92
202400018586,2024-07-21,Morning,4,2,1.0,1,2,83
202400018587,2024-08-01,Evening,4,1,7.0,1,1,05
202400018588,2024-05-27,Afternoon,4,1,3.0,1,2,92
202400018589,2024-08-01,Evening,3,7,1.0,2,1,21
202400018590,2024-05-28,Afternoon,4,2,6.0,1,2,92
202400018591,2024-08-01,Evening,4,2,3.0,5,2,68
202400018592,2024-05-27,Morning,3,1,3.0,1,2,86
202400018594,2024-07-31,Afternoon,3,1,6.0,1,2,67
202400018595,2024-05-29,Afternoon,4,2,1.0,1,1,16
202400018596,2024-08-01,Afternoon,3,7,1.0,1,1,73
202400018597,2024-05-28,Afternoon,3,1,6.0,1,1,65
202400018598,2024-07-28,Night,3,1,7.0,3,1,38
202400018599,2024-05-29,Afternoon,3,1,1.0,1,1,03
202400018600,2024-08-01,Evening,3,1,7.0,2,1,44
202400018601,2024-05-27,Afternoon,3,1,7.0,1,2,19
202400018602,2024-07-30,Morning,3,1,3.0,2,1,44
202400018603,2024-05-28,Afternoon,3,1,6.0,1,1,82
202400018604,2024-05-28,Afternoon,4,1,5.0,1,2,65
202400018605,2024-07-25,Evening,3,3,6.0,2,1,22
202400018606,2024-05-28,Evening,3,1,1.0,5,2,11
202400018607,2024-05-29,Morning,3,2,1.0,1,1,63
202400018608,2024-08-01,Morning,3,2,3.0,1,2,59
202400018609,2024-05-28,Evening,3,8,3.0,1,1,49
202400018610,2024-07-31,Evening,4,1,3.0,1,1,13
202400018611,2024-05-29,Afternoon,4,2,3.0,1,2,68
202400018612,2024-07-17,Morning,4,8,6.0,1,2,69
202400018613,2024-05-28,Afternoon,3,1,6.0,1,2,22
202400018614,2024-05-28,Evening,3,1,3.0,1,2,39
202400018615,2024-05-28,Morning,3,1,6.0,1,1,31
202400018616,2024-07-12,Afternoon,4,2,4.0,1,1,01
202400018617,2024-08-01,Night,4,1,6.0,5,1,33
202400018618,2024-05-28,Afternoon,2,1,3.0,1,1,84
202400018619,2024-07-29,Afternoon,4,1,2.0,1,1,59
202400018620,2024-05-29,Morning,3,1,5.0,1,1,84
202400018621,2024-08-01,Afternoon,4,1,2.0,1,1,91
202400018622,2024-05-29,Morning,4,1,6.0,1,2,66
202400018623,2024-05-28,Evening,3,1,3.0,1,1,05
202400018624,2024-08-01,Morning,4,2,4.0,1,1,92
202400018625,2024-05-28,Evening,4,1,3.0,1,1,64
202400018626,2024-08-01,Afternoon,4,7,2.0,1,1,92
202400018627,2024-05-29,Evening,4,2,6.0,1,1,36
202400018628,2024-07-31,Afternoon,4,1,6.0,1,1,92
202400018629,2024-05-27,Afternoon,3,3,1.0,1,1,07
202400018630,2024-08-01,Evening,4,1,3.0,1,1,93
202400018631,2024-05-27,Night,3,1,6.0,3,2,24
202400018632,2024-05-29,Morning,3,8,6.0,2,1,37
202400018633,2024-07-31,Afternoon,4,1,2.0,1,1,93
202400018634,2024-05-29,Afternoon,4,8,6.0,1,1,19
202400018635,2024-07-28,Night,4,1,5.0,3,1,77
202400018636,2024-05-29,Morning,3,1,3.0,1,1,06
202400018637,2024-03-18,Night,4,1,6.0,3,2,32
202400018638,2024-05-27,Afternoon,3,1,6.0,1,1,11
202400018641,2024-04-20,Night,3,1,1.0,5,2,13
202400018642,2024-05-29,Morning,4,1,1.0,1,2,13
202400018643,2024-05-28,Afternoon,4,1,2.0,1,1,13
202400018644,2024-05-28,Morning,3,1,3.0,1,1,57
202400018645,2024-05-29,Afternoon,4,1,3.0,1,2,42
202400018646,2024-05-29,Night,3,1,6.0,3,2,22
202400018647,2024-05-29,Morning,3,2,6.0,1,2,76
202400018648,2024-05-27,Night,4,1,6.0,3,1,13
202400018649,2024-05-23,Evening,4,1,5.0,1,1,01
202400018650,2024-05-27,Afternoon,4,1,6.0,1,1,54
202400018651,2024-05-27,Afternoon,4,1,7.0,1,1,33
202400018652,2024-05-28,Evening,4,1,4.0,1,1,95
202400018653,2024-05-28,Morning,4,1,4.0,1,1,95
202400018654,2024-05-27,Afternoon,4,3,2.0,1,1,95
202400018655,2024-05-28,Afternoon,4,2,4.0,1,1,94
202400018656,2024-02-22,Afternoon,4,3,6.0,1,2,88
202400018657,2024-02-24,Evening,3,1,2.0,5,2,88
202400018658,2024-01-11,Afternoon,4,1,3.0,1,1,88
202400018659,2024-02-24,Evening,3,8,3.0,3,1,45
202400018663,2024-05-27,Evening,4,1,3.0,1,2,69
202400018664,2024-05-27,Afternoon,4,8,6.0,1,2,91
202400018665,2024-05-26,Evening,4,8,6.0,1,2,91
202400018666,2024-05-27,Afternoon,4,1,6.0,1,2,91
202400018667,2024-05-27,Evening,4,2,4.0,1,2,84
202400018668,2024-05-26,Afternoon,4,1,3.0,1,2,78
202400018669,2024-05-28,Night,4,1,1.0,5,2,77
202400018670,2024-05-24,Evening,4,1,7.0,1,2,76
202400018671,2024-05-27,Morning,4,1,1.0,1,2,76
202400018672,2024-05-25,Afternoon,4,1,2.0,1,2,76
202400018673,2024-05-25,Afternoon,4,1,3.0,1,2,76
202400018674,2024-05-27,Evening,4,1,1.0,1,2,65
202400018675,2024-05-27,Evening,4,1,1.0,2,1,64
202400018676,2024-05-26,Evening,4,1,6.0,1,2,64
202400018677,2024-05-26,Night,4,1,7.0,5,1,64
202400018678,2024-05-27,Afternoon,4,1,1.0,1,2,63
202400018679,2024-05-27,Afternoon,4,8,6.0,1,2,63
202400018680,2024-05-27,Morning,4,1,6.0,1,2,62
202400018681,2024-05-27,Morning,4,1,4.0,1,2,59
202400018682,2024-05-27,Morning,4,1,1.0,1,1,59
202400018683,2024-05-27,Morning,4,1,3.0,1,2,58
202400018684,2024-05-27,Afternoon,4,1,2.0,1,1,54
202400018685,2024-05-26,Morning,4,1,2.0,1,2,49
202400018686,2024-05-27,Afternoon,4,1,3.0,1,2,47
202400018687,2024-05-25,Night,3,1,1.0,5,2,46
202400018688,2024-05-27,Evening,4,1,3.0,5,2,45
202400018689,2024-05-27,Afternoon,4,1,2.0,1,2,42
202400018690,2024-05-27,Morning,4,1,3.0,1,1,41
202400018691,2024-05-27,Night,4,1,6.0,5,2,35
202400018692,2024-05-27,Evening,3,1,3.0,5,2,34
202400018693,2024-05-24,Evening,4,1,1.0,1,1,34
202400018694,2024-05-27,Morning,3,2,1.0,1,2,29
202400018695,2024-05-27,Morning,4,1,3.0,1,2,28
202400018696,2024-05-27,Morning,4,1,3.0,1,2,25
202400018697,2024-05-27,Night,4,1,6.0,2,2,22
202400018698,2024-05-23,Afternoon,4,1,6.0,1,2,22
202400018699,2024-05-27,Morning,4,1,6.0,1,2,22
202400018700,2024-05-27,Morning,4,1,3.0,1,2,14
202400018701,2024-05-27,Morning,3,1,1.0,1,1,13
202400018702,2024-05-26,Evening,4,1,2.0,2,2,75
202400018703,2024-10-11,Morning,4,1,6.0,1,2,93
202400018704,2024-05-25,Morning,4,1,3.0,1,2,75
202400018705,2024-07-30,Morning,4,1,1.0,1,1,76
202400018706,2024-05-25,Evening,4,1,6.0,3,2,75
202400018707,2024-07-22,Evening,3,1,6.0,1,2,76
202400018708,2024-05-27,Evening,4,1,3.0,5,2,75
202400018709,2024-10-11,Evening,4,1,6.0,1,2,17
202400018710,2024-05-27,Night,4,1,3.0,5,2,75
202400018711,2024-05-27,Morning,4,1,6.0,1,2,75
202400018712,2024-10-10,Evening,4,1,3.0,5,2,92
202400018713,2024-05-27,Morning,4,1,6.0,1,2,75
202400018714,2024-08-12,Morning,4,1,6.0,1,2,74
202400018715,2024-05-27,Evening,4,1,6.0,2,2,75
202400018717,2024-05-26,Afternoon,4,1,3.0,1,2,94
202400018719,2024-05-25,Night,4,1,4.0,5,2,94
202400018720,2024-05-27,Night,4,8,6.0,3,2,94
202400018722,2024-05-27,Morning,4,1,3.0,1,2,94
202400018724,2024-05-27,Afternoon,4,1,4.0,1,2,93
202400018726,2024-05-27,Afternoon,4,3,3.0,1,2,93
202400018727,2024-05-27,Morning,4,8,3.0,1,2,93
202400018729,2024-05-25,Evening,4,1,3.0,1,2,93
202400018731,2024-05-27,Evening,4,1,3.0,1,2,93
202400018732,2024-05-27,Morning,4,1,3.0,1,2,93
202400018734,2024-05-27,Afternoon,4,1,1.0,1,2,92
202400018736,2024-05-24,Afternoon,4,1,6.0,1,2,92
202400018737,2024-10-12,Morning,4,1,6.0,2,2,69
202400018738,2024-05-27,Night,4,8,1.0,1,2,92
202400018739,2024-05-28,Morning,3,1,1.0,1,2,34
202400018741,2024-05-28,Evening,2,1,6.0,1,1,60
202400018742,2024-05-27,Afternoon,4,8,1.0,1,2,09
202400018743,2024-10-12,Evening,4,1,1.0,3,2,2B
202400018744,2024-05-28,Afternoon,4,2,3.0,1,1,60
202400018745,2024-05-28,Night,4,1,2.0,3,1,66
202400018746,2024-05-27,Afternoon,3,1,6.0,1,2,62
202400018748,2024-05-28,Evening,4,1,1.0,1,2,67
202400018750,2024-05-25,Afternoon,3,1,3.0,1,1,54
202400018751,2024-05-26,Morning,3,1,7.0,1,1,14
202400018752,2024-10-12,Night,4,1,3.0,5,2,2A
202400018753,2024-05-27,Afternoon,3,1,6.0,1,1,34
202400018754,2024-10-12,Night,3,1,2.0,5,2,91
202400018755,2024-05-26,Night,4,1,6.0,3,1,51
202400018756,2024-05-27,Afternoon,4,3,7.0,1,1,59
202400018757,2024-05-27,Evening,3,2,6.0,2,2,65
202400018758,2024-10-11,Afternoon,4,1,6.0,1,2,91
202400018759,2024-05-28,Evening,4,1,3.0,1,1,69
202400018760,2024-10-12,Evening,3,1,3.0,5,2,91
202400018761,2024-05-28,Afternoon,4,1,3.0,1,1,71
202400018762,2024-05-27,Afternoon,3,2,6.0,1,1,12
202400018763,2024-10-12,Night,3,1,1.0,5,2,88
202400018764,2024-05-28,Afternoon,3,1,2.0,1,2,41
202400018765,2024-05-28,Evening,3,1,1.0,1,1,86
202400018766,2024-05-28,Night,2,1,6.0,4,2,86
202400018767,2024-10-11,Night,4,2,3.0,5,1,84
202400018768,2024-05-28,Afternoon,3,1,2.0,1,1,34
202400018769,2024-05-26,Morning,2,1,7.0,1,1,39
202400018770,2024-10-12,Evening,4,2,6.0,5,2,83
202400018771,2024-05-10,Morning,4,1,3.0,1,1,31
202400018772,2024-10-12,Afternoon,3,1,6.0,1,2,83
202400018773,2024-05-28,Morning,4,1,1.0,1,2,31
202400018774,2024-05-28,Afternoon,3,7,3.0,1,1,01
202400018775,2024-05-27,Evening,3,1,3.0,1,2,90
202400018776,2024-10-11,Night,3,1,7.0,5,2,77
202400018777,2024-05-27,Evening,3,2,3.0,1,1,60
202400018778,2024-10-11,Afternoon,4,1,3.0,1,2,72
202400018779,2024-10-13,Night,3,2,6.0,5,2,71
202400018780,2024-05-28,Morning,4,1,5.0,1,1,45
202400018781,2024-10-11,Afternoon,4,1,1.0,1,2,71
202400018782,2024-05-27,Afternoon,3,2,1.0,1,1,64
202400018783,2024-10-11,Afternoon,3,1,6.0,1,2,71
202400018784,2024-05-28,Night,2,1,7.0,3,2,18
202400018785,2024-05-27,Afternoon,3,1,7.0,1,1,18
202400018786,2024-10-13,Night,4,1,2.0,5,2,64
202400018787,2024-05-28,Afternoon,4,1,3.0,1,1,36
202400018788,2024-10-12,Evening,4,1,1.0,5,2,64
202400018789,2024-05-27,Evening,3,1,1.0,1,1,40
202400018790,2024-10-12,Afternoon,4,1,6.0,1,2,63
202400018791,2024-05-28,Night,4,1,3.0,3,1,13
202400018792,2024-10-13,Night,4,1,3.0,3,2,63
202400018793,2024-05-25,Morning,4,1,2.0,2,1,01
202400018794,2024-10-12,Evening,4,2,3.0,5,2,59
202400018795,2024-05-27,Afternoon,4,1,2.0,1,1,18
202400018796,2024-10-12,Afternoon,4,1,2.0,1,2,54
202400018797,2024-05-27,Morning,4,1,7.0,1,1,51
202400018798,2024-10-11,Afternoon,4,1,3.0,1,2,54
202400018799,2024-10-11,Afternoon,4,1,3.0,2,2,54
202400018800,2024-05-26,Morning,3,1,3.0,1,1,76
202400018801,2024-10-12,Morning,3,1,6.0,1,2,46
202400018803,2024-10-12,Morning,4,1,2.0,1,1,45
202400018804,2024-05-28,Evening,4,1,1.0,1,2,18
202400018805,2024-10-12,Morning,4,1,1.0,1,2,38
202400018806,2024-10-13,Night,4,1,6.0,3,2,37
202400018807,2024-05-28,Afternoon,4,1,3.0,1,2,66
202400018808,2024-10-12,Evening,4,2,3.0,5,2,34
202400018809,2024-10-12,Evening,4,1,7.0,5,1,33
202400018810,2024-05-28,Evening,4,1,5.0,1,1,83
202400018811,2024-10-12,Morning,4,1,6.0,1,2,33
202400018812,2024-05-28,Morning,4,1,1.0,1,2,13
202400018813,2024-04-08,Afternoon,3,1,7.0,1,1,74
202400018814,2024-10-12,Night,4,1,3.0,5,2,33
202400018815,2024-05-28,Evening,3,1,6.0,1,1,42
202400018816,2024-10-12,Afternoon,4,1,4.0,1,2,31
202400018817,2024-05-24,Morning,3,1,3.0,1,2,38
202400018818,2024-05-27,Evening,3,1,6.0,1,2,80
202400018819,2024-10-12,Afternoon,4,8,4.0,1,1,28
202400018820,2024-05-26,Evening,4,1,7.0,1,2,59
202400018821,2024-10-12,Morning,4,1,2.0,1,2,27
202400018822,2024-10-12,Night,3,2,6.0,3,1,26
202400018823,2024-05-23,Morning,3,1,3.0,1,1,13
202400018824,2024-10-12,Morning,4,1,6.0,1,2,15
202400018825,2024-05-26,Evening,4,1,2.0,1,1,13
202400018826,2024-10-12,Evening,4,1,6.0,5,2,14
202400018827,2024-05-22,Night,4,1,1.0,3,1,42
202400018828,2024-10-11,Evening,3,1,3.0,2,2,13
202400018829,2024-05-27,Afternoon,4,8,2.0,1,1,93