Num_Acc,date,time_of_day,max_severity,weather,collision_type,lighting,urban_area,department
202400018830,2024-10-12,Evening,4,2,1.0,5,1,13
202400018831,2024-05-27,Afternoon,4,1,6.0,1,1,95
202400018832,2024-09-19,Evening,3,7,3.0,2,1,13
202400018833,2024-10-12,Morning,4,1,3.0,1,2,10
202400018834,2024-10-12,Morning,4,1,3.0,5,2,03
202400018835,2024-10-12,Night,4,1,5.0,5,2,75
202400018836,2024-10-11,Afternoon,4,1,5.0,1,2,75
202400018837,2024-10-11,Evening,3,1,6.0,5,2,75
202400018838,2024-10-12,Night,4,1,3.0,5,2,75
202400018839,2024-10-12,Evening,4,2,2.0,2,2,75
202400018840,2024-10-12,Night,4,1,1.0,5,2,75
202400018841,2024-10-12,Evening,4,2,3.0,5,2,75
202400018842,2024-10-11,Afternoon,4,1,6.0,1,2,75
202400018843,2024-10-12,Morning,4,1,6.0,1,2,75
202400018844,2024-10-12,Afternoon,4,3,1.0,1,2,75
202400018845,2024-10-11,Night,4,1,2.0,5,2,75
202400018846,2024-10-12,Afternoon,4,1,3.0,1,2,94
202400018847,2024-10-12,Evening,4,2,6.0,5,2,94
202400018848,2024-10-12,Night,4,1,3.0,5,2,94
202400018849,2024-10-12,Afternoon,4,1,6.0,1,2,94
202400018850,2024-10-12,Afternoon,4,1,6.0,1,2,94
202400018851,2024-10-12,Night,4,1,3.0,4,2,93
202400018852,2024-10-12,Afternoon,4,2,2.0,1,2,93
202400018853,2024-10-12,Afternoon,4,2,3.0,1,2,93
202400018854,2024-10-12,Afternoon,4,1,6.0,1,2,93
202400018855,2024-10-12,Night,4,1,6.0,5,2,93
202400018856,2024-10-12,Morning,4,1,6.0,1,2,93
202400018857,2024-10-12,Evening,4,2,2.0,2,2,92
202400018858,2024-10-12,Night,4,1,3.0,5,2,92
202400018859,2024-10-12,Evening,4,2,7.0,5,2,92
202400018860,2024-10-12,Evening,4,2,3.0,5,2,92
202400018861,2024-10-12,Morning,4,2,2.0,2,1,72
202400018862,2024-10-12,Night,4,1,6.0,3,1,60
202400018863,2024-10-13,Night,2,1,6.0,3,1,35
202400018864,2024-10-11,Afternoon,3,1,1.0,1,1,95
202400018865,2024-10-13,Afternoon,4,1,7.0,1,1,63
202400018866,2024-10-12,Afternoon,4,8,2.0,1,1,21
202400018867,2024-10-13,Morning,3,5,5.0,3,1,87
202400018868,2024-10-13,Afternoon,3,1,3.0,1,1,83
202400018869,2024-10-05,Afternoon,4,1,7.0,1,1,19
202400018870,2024-10-13,Afternoon,3,1,6.0,1,2,80
202400018871,2024-10-12,Morning,4,1,6.0,3,1,82
202400018872,2024-10-12,Night,4,1,1.0,3,1,65
202400018873,2024-10-13,Morning,3,8,7.0,1,1,71
202400018874,2024-10-13,Morning,4,1,3.0,1,2,63
202400018875,2024-10-12,Evening,4,1,3.0,2,1,49
202400018876,2024-10-08,Evening,4,1,3.0,1,1,29
202400018877,2024-10-12,Afternoon,4,2,2.0,1,1,29
202400018878,2024-09-26,Morning,3,1,3.0,1,2,31
202400018879,2024-10-13,Morning,2,1,6.0,2,1,15
202400018880,2024-10-13,Afternoon,3,1,7.0,1,1,26
202400018881,2024-10-13,Morning,3,1,6.0,3,2,58
202400018882,2024-10-12,Afternoon,3,1,1.0,1,1,66
202400018883,2024-10-13,Afternoon,4,1,3.0,1,1,72
202400018884,2024-10-13,Afternoon,4,1,7.0,1,1,14
202400018885,2024-10-13,Morning,4,1,1.0,3,1,50
202400018886,2024-09-30,Evening,3,1,3.0,1,2,45
202400018887,2024-10-12,Afternoon,3,2,6.0,1,1,73
202400018888,2024-10-12,Evening,4,2,1.0,3,1,18
202400018889,2024-10-12,Afternoon,3,2,1.0,1,1,43
202400018890,2024-10-11,Evening,3,1,6.0,5,2,36
202400018891,2024-10-12,Evening,2,2,6.0,1,2,36
202400018892,2024-10-13,Night,3,5,6.0,3,2,16
202400018893,2024-10-12,Afternoon,4,8,7.0,1,2,04
202400018894,2024-10-13,Afternoon,4,1,3.0,1,1,04
202400018895,2024-10-13,Night,3,1,1.0,3,1,28
202400018896,2024-09-13,Evening,4,1,6.0,1,2,31
202400018897,2024-10-13,Night,4,2,6.0,3,1,01
202400018898,2024-10-12,Evening,4,1,6.0,3,1,01
202400018900,2024-10-11,Evening,4,1,2.0,3,1,06
202400018901,2024-10-12,Morning,3,1,7.0,1,1,17
202400018902,2024-10-13,Morning,4,1,2.0,1,1,28
202400018905,2024-10-13,Morning,4,1,2.0,1,1,95
202400018906,2024-10-13,Evening,4,1,1.0,2,1,78
202400018907,2024-10-13,Afternoon,3,1,7.0,1,1,84
202400018908,2024-10-13,Morning,3,1,2.0,1,1,83
202400018909,2024-10-13,Afternoon,3,1,7.0,1,1,26
202400018910,2024-10-12,Night,3,2,7.0,3,1,21
202400018911,2024-10-13,Afternoon,4,1,6.0,1,1,73
202400018912,2024-10-11,Afternoon,4,1,3.0,1,2,19
202400018913,2024-10-13,Afternoon,4,1,6.0,1,1,61
202400018914,2024-10-13,Morning,4,1,6.0,1,1,60
202400018915,2024-10-13,Evening,4,1,6.0,3,1,60
202400018916,2024-10-12,Night,4,1,2.0,3,1,13
202400018917,2024-10-11,Evening,4,1,2.0,1,1,13
202400018918,2024-10-11,Afternoon,4,1,2.0,1,1,13
202400018919,2024-10-10,Evening,4,1,2.0,3,1,13
202400018920,2024-10-08,Morning,4,3,6.0,2,1,69
202400018921,2024-10-12,Afternoon,4,1,2.0,1,1,91
202400018922,2024-10-12,Morning,4,1,6.0,2,2,91
202400018923,2024-10-11,Night,4,1,1.0,3,1,91
202400018924,2024-10-12,Afternoon,4,2,2.0,1,1,92
202400018925,2024-10-11,Night,4,1,7.0,3,1,78
202400018926,2024-10-11,Evening,4,1,3.0,3,1,77
202400018927,2024-10-11,Evening,4,1,3.0,3,1,94
202400018928,2024-10-11,Afternoon,4,1,3.0,1,1,94
202400018929,2024-10-11,Morning,4,1,3.0,1,1,94
202400018930,2024-10-11,Morning,4,1,6.0,1,2,2B
202400018931,2024-10-11,Night,4,1,6.0,5,2,2A
202400018932,2024-10-11,Afternoon,3,1,6.0,1,2,95
202400018933,2024-10-11,Morning,4,1,6.0,1,2,95
202400018934,2024-10-11,Afternoon,4,1,5.0,1,2,95
202400018935,2024-10-11,Afternoon,4,1,3.0,1,2,91
202400018936,2024-10-11,Evening,4,1,6.0,5,2,91
202400018937,2024-10-11,Afternoon,4,1,2.0,1,2,91
202400018938,2024-10-11,Evening,4,1,2.0,2,2,91
202400018939,2024-10-09,Evening,4,3,6.0,5,1,87
202400018940,2024-10-11,Afternoon,4,1,3.0,1,2,86
202400018941,2024-10-11,Evening,3,1,3.0,5,2,84
202400018942,2024-10-11,Afternoon,3,1,3.0,1,2,84
202400018943,2024-10-10,Morning,4,2,3.0,1,1,84
202400018944,2024-10-11,Night,4,1,3.0,3,2,83
202400018945,2024-10-11,Afternoon,4,1,6.0,1,2,80
202400018946,2024-10-11,Night,4,1,7.0,5,2,78
202400018947,2024-10-12,Night,2,1,3.0,5,2,77
202400018948,2024-10-11,Afternoon,3,1,3.0,1,2,77
202400018949,2024-10-11,Morning,4,1,3.0,1,1,77
202400018950,2024-10-11,Morning,3,1,6.0,4,2,77
202400018951,2024-10-11,Morning,4,1,6.0,1,2,76
202400018952,2024-10-11,Morning,4,1,3.0,1,2,72
202400018953,2024-10-10,Afternoon,4,1,4.0,1,2,72
202400018954,2024-10-10,Morning,4,8,2.0,1,2,72
202400018955,2024-10-11,Evening,4,1,3.0,5,2,71
202400018956,2024-10-11,Afternoon,3,1,3.0,1,1,71
202400018957,2024-10-11,Afternoon,4,1,6.0,1,2,71
202400018958,2024-10-11,Morning,4,8,3.0,2,2,67
202400018959,2024-10-11,Evening,4,1,2.0,2,2,64
202400018960,2024-10-11,Evening,4,1,3.0,5,2,64
202400018961,2024-06-28,Night,3,1,6.0,3,1,37
202400018962,2024-06-30,Evening,4,1,6.0,3,1,45
202400018963,2024-06-30,Afternoon,3,1,1.0,1,1,91
202400018964,2024-06-30,Morning,4,1,6.0,2,1,34
202400018965,2024-06-22,Afternoon,3,1,2.0,1,2,13
202400018966,2024-07-01,Afternoon,4,1,5.0,1,1,13
202400018967,2024-06-30,Morning,4,2,3.0,1,2,68
202400018968,2024-06-29,Afternoon,3,8,1.0,1,2,67
202400018969,2024-07-01,Morning,3,1,3.0,1,2,01
202400018970,2024-07-01,Afternoon,4,2,7.0,1,1,65
202400018971,2024-06-18,Morning,3,1,3.0,1,1,33
202400018972,2024-06-27,Afternoon,3,1,3.0,1,2,44
202400018973,2024-06-27,Morning,3,1,3.0,1,2,56
202400018974,2024-06-30,Morning,4,1,1.0,1,1,27
202400018975,2024-06-30,Morning,3,1,7.0,1,1,62
202400018976,2024-06-28,Afternoon,4,1,2.0,1,1,13
202400018977,2024-06-25,Afternoon,3,1,2.0,1,1,13
202400018978,2024-06-28,Morning,4,1,6.0,1,1,13
202400018979,2024-06-30,Evening,4,1,6.0,1,1,83
202400018980,2024-06-29,Morning,4,1,6.0,2,1,83
202400018981,2024-06-28,Morning,4,1,2.0,1,1,83
202400018982,2024-06-30,Night,4,2,2.0,3,1,92
202400018983,2024-06-30,Night,2,1,6.0,3,1,92
202400018984,2024-03-12,Afternoon,4,2,5.0,1,2,59
202400018985,2024-03-12,Night,4,2,7.0,4,1,59
202400018986,2024-06-29,Afternoon,4,1,4.0,1,1,93
202400018987,2024-03-08,Evening,3,1,6.0,3,1,59
202400018988,2024-06-29,Night,4,1,6.0,3,1,93
202400018989,2024-03-12,Afternoon,4,1,3.0,1,1,13
202400018990,2024-06-29,Night,4,1,2.0,1,1,93
202400018991,2024-03-12,Afternoon,4,1,4.0,1,1,13
202400018992,2024-06-29,Morning,4,1,2.0,1,1,95
202400018993,2024-03-11,Afternoon,3,1,2.0,1,1,13
202400018994,2024-06-30,Afternoon,4,1,2.0,1,1,77
202400018995,2024-03-12,Morning,4,1,2.0,1,1,13
202400018996,2024-03-12,Morning,4,1,3.0,1,1,13
202400018997,2024-06-29,Morning,2,1,6.0,1,1,77
202400018998,2024-06-29,Night,4,1,6.0,3,1,77
202400018999,2024-03-12,Morning,4,1,5.0,1,1,13
202400019000,2024-02-17,Evening,4,1,1.0,5,2,84
202400019001,2024-03-12,Morning,4,1,2.0,1,1,13
202400019002,2024-01-18,Evening,4,1,3.0,5,2,93
202400019003,2024-03-11,Evening,3,1,4.0,5,1,13
202400019004,2024-01-09,Afternoon,4,8,6.0,1,2,93
202400019005,2024-03-11,Morning,4,1,4.0,1,1,13
202400019006,2024-01-07,Afternoon,4,1,3.0,1,2,93
202400019007,2024-05-12,Afternoon,2,1,6.0,1,1,33
202400019008,2024-03-11,Night,4,1,2.0,3,1,13
202400019009,2024-04-13,Evening,4,1,1.0,5,2,74
202400019010,2024-03-20,Afternoon,3,1,6.0,1,1,74
202400019011,2024-03-11,Morning,4,1,4.0,1,1,67
202400019012,2024-03-26,Morning,4,1,6.0,1,2,74
202400019013,2024-03-07,Evening,4,1,2.0,2,1,67
202400019014,2024-04-05,Morning,4,1,1.0,1,1,74
202400019015,2024-03-12,Morning,4,1,3.0,1,1,33
202400019016,2024-03-12,Night,4,1,6.0,3,1,33
202400019017,2024-04-13,Evening,3,1,3.0,1,2,74
202400019018,2024-03-12,Morning,4,1,3.0,1,1,91
202400019019,2024-04-06,Afternoon,3,1,6.0,1,1,74
202400019020,2024-03-11,Morning,4,1,4.0,1,1,92
202400019021,2024-04-07,Evening,4,1,6.0,1,1,74
202400019022,2024-03-12,Afternoon,4,2,6.0,1,1,93
202400019023,2024-03-10,Night,4,9,6.0,3,1,92
202400019024,2024-03-28,Evening,4,1,5.0,4,1,74
202400019025,2024-03-22,Afternoon,3,1,2.0,1,1,74
202400019026,2024-03-10,Night,4,3,4.0,3,1,95
202400019027,2024-02-23,Evening,3,4,7.0,3,1,74
202400019028,2024-03-12,Morning,4,8,2.0,1,1,77
202400019029,2024-02-29,Morning,4,1,7.0,1,2,44
202400019031,2024-02-28,Evening,4,8,7.0,2,2,44
202400019033,2024-02-25,Afternoon,4,8,2.0,1,2,44
202400019035,2024-02-23,Afternoon,4,8,2.0,1,1,44
202400019036,2024-02-23,Night,4,8,3.0,3,1,44
202400019037,2024-06-28,Afternoon,3,1,3.0,1,2,2A
202400019038,2024-11-18,Evening,3,1,3.0,1,2,49
202400019039,2024-02-22,Morning,4,8,6.0,1,2,44
202400019040,2024-11-18,Evening,3,1,6.0,5,2,48
202400019041,2024-06-29,Night,4,1,2.0,3,2,95
202400019042,2024-02-21,Afternoon,4,8,6.0,1,2,44
202400019043,2024-11-19,Evening,4,3,6.0,5,2,44
202400019044,2024-06-29,Evening,3,1,6.0,1,2,95
202400019046,2024-11-19,Evening,3,8,7.0,3,1,43
202400019047,2024-06-29,Night,4,2,6.0,5,2,91
202400019049,2024-11-19,Morning,4,2,1.0,1,2,37
202400019050,2024-06-29,Morning,3,1,6.0,1,2,91
202400019051,2024-11-19,Morning,4,1,3.0,5,2,37
202400019052,2024-06-28,Afternoon,4,1,6.0,1,2,91
202400019054,2024-11-19,Morning,4,1,6.0,3,2,37
202400019056,2024-06-29,Evening,4,2,3.0,1,2,91
202400019057,2024-11-19,Evening,4,2,6.0,5,2,35
202400019059,2024-06-29,Night,4,1,7.0,3,1,91
202400019061,2024-11-18,Evening,4,1,3.0,5,1,34
202400019062,2024-06-29,Morning,4,1,2.0,1,2,78
202400019064,2024-06-28,Evening,4,1,3.0,1,2,78
202400019065,2024-11-18,Morning,3,1,2.0,1,2,34
202400019067,2024-11-19,Evening,4,2,2.0,5,2,33
202400019068,2024-06-29,Morning,4,1,6.0,1,2,77
202400019070,2024-11-19,Morning,3,8,6.0,2,2,33
202400019071,2024-06-29,Morning,3,1,6.0,1,2,76
202400019073,2024-11-18,Afternoon,3,1,1.0,1,1,33
202400019075,2024-06-29,Morning,4,1,6.0,1,2,72
202400019076,2024-03-11,Morning,4,1,6.0,1,2,95
202400019077,2024-11-19,Evening,4,1,3.0,5,2,31
202400019078,2024-06-28,Afternoon,3,7,2.0,1,1,71
202400019079,2024-11-19,Morning,4,1,3.0,1,2,31
202400019080,2024-03-11,Night,4,1,1.0,3,2,91
202400019081,2024-11-12,Evening,4,2,5.0,5,2,30
202400019082,2024-03-11,Evening,4,2,3.0,5,2,91
202400019083,2024-06-28,Afternoon,3,1,3.0,1,2,69
202400019084,2024-11-18,Morning,4,2,6.0,5,2,29
202400019085,2024-06-28,Night,4,1,6.0,5,2,69
202400019086,2024-03-11,Night,4,1,3.0,5,2,91
202400019087,2024-06-29,Morning,4,1,6.0,1,1,63
202400019088,2024-11-19,Evening,4,2,3.0,5,2,27
202400019089,2024-03-10,Afternoon,4,1,1.0,1,1,91
202400019090,2024-06-28,Morning,3,1,3.0,1,2,62
202400019091,2024-11-18,Afternoon,3,1,6.0,1,2,25
202400019092,2024-03-10,Morning,4,1,4.0,1,2,91
202400019093,2024-11-19,Evening,4,2,3.0,5,2,15
202400019094,2024-06-29,Night,4,1,2.0,4,1,62
202400019095,2024-03-11,Morning,4,3,6.0,1,2,87
202400019096,2024-11-19,Morning,4,2,7.0,2,2,15
202400019097,2024-06-30,Night,4,1,6.0,3,1,61
202400019098,2024-03-09,Afternoon,4,1,2.0,1,2,87
202400019099,2024-11-14,Morning,4,1,6.0,2,2,14
202400019100,2024-06-28,Afternoon,4,1,6.0,1,2,61
202400019101,2024-03-11,Evening,3,1,3.0,5,2,83
202400019102,2024-11-19,Afternoon,4,1,1.0,5,2,13
202400019103,2024-06-29,Night,4,1,6.0,3,1,60
202400019104,2024-03-10,Afternoon,3,1,2.0,1,2,77
202400019105,2024-11-19,Afternoon,3,1,3.0,1,2,13
202400019106,2024-06-29,Evening,4,1,1.0,1,1,59
202400019107,2024-11-19,Evening,3,1,6.0,5,2,13
202400019108,2024-03-11,Night,4,1,6.0,5,2,77
202400019109,2024-11-19,Morning,4,1,1.0,1,2,13
202400019110,2024-06-28,Afternoon,4,1,3.0,1,2,59
202400019111,2024-03-11,Morning,4,1,3.0,5,2,72
202400019112,2024-11-19,Evening,4,1,6.0,3,1,13
202400019113,2024-06-29,Morning,4,1,6.0,1,2,59
202400019114,2024-03-11,Morning,4,1,3.0,1,2,69
202400019115,2024-11-19,Night,4,1,3.0,3,2,06
202400019116,2024-06-28,Night,4,1,3.0,5,2,59
202400019117,2024-02-18,Afternoon,3,1,3.0,1,2,68
202400019118,2024-11-19,Afternoon,4,8,3.0,1,2,03
202400019119,2024-06-29,Evening,4,1,7.0,1,2,56
202400019120,2024-11-19,Afternoon,3,2,6.0,2,2,01
202400019121,2024-03-11,Morning,4,1,3.0,1,2,66
202400019122,2024-11-19,Afternoon,3,8,6.0,1,1,01
202400019123,2024-06-29,Afternoon,4,1,2.0,1,2,56
202400019124,2024-03-11,Afternoon,4,2,6.0,1,2,64
202400019125,2024-03-11,Morning,4,3,7.0,1,2,64
202400019126,2024-11-18,Morning,4,2,6.0,1,2,94
202400019127,2024-06-29,Night,4,1,3.0,5,2,34
202400019128,2024-06-29,Night,4,8,7.0,5,2,33
202400019129,2024-11-19,Evening,4,3,6.0,5,2,94
202400019130,2024-02-22,Afternoon,4,1,4.0,1,2,62
202400019131,2024-06-29,Evening,4,2,2.0,1,2,33
202400019132,2024-11-18,Evening,4,2,4.0,5,2,94
202400019133,2024-03-11,Evening,4,2,3.0,5,2,59
202400019134,2024-06-30,Night,4,8,6.0,3,1,32
202400019135,2024-03-11,Night,3,2,6.0,4,1,59
202400019136,2024-11-19,Evening,4,3,6.0,5,2,94
202400019137,2024-06-28,Evening,4,1,2.0,1,2,29
202400019138,2024-03-08,Afternoon,3,1,3.0,1,2,57
202400019139,2024-06-28,Morning,4,1,3.0,2,2,29
202400019140,2024-11-18,Night,4,2,3.0,5,2,92
202400019141,2024-03-10,Morning,4,8,7.0,1,2,56
202400019142,2024-11-19,Morning,4,8,3.0,1,2,92
202400019143,2024-06-28,Afternoon,4,1,5.0,1,2,28
202400019144,2024-11-19,Morning,4,3,6.0,1,2,92
202400019145,2024-03-10,Morning,4,1,3.0,1,2,54
202400019146,2024-06-29,Night,3,1,7.0,3,2,26
202400019147,2024-11-19,Evening,4,2,6.0,5,2,92
202400019148,2024-03-10,Night,4,1,6.0,5,2,54
202400019149,2024-06-29,Night,4,1,2.0,5,2,17
202400019150,2024-11-19,Evening,4,1,1.0,5,2,92
202400019151,2024-03-09,Evening,4,1,3.0,1,2,50
202400019152,2024-06-29,Evening,4,1,6.0,1,1,14
202400019153,2024-11-19,Morning,3,2,3.0,1,2,92
202400019154,2024-03-09,Afternoon,4,1,2.0,1,1,49
202400019155,2024-06-29,Evening,4,1,3.0,1,1,14
202400019156,2024-11-19,Afternoon,4,2,6.0,2,2,92
202400019157,2024-03-11,Afternoon,4,1,6.0,1,2,45
202400019158,2024-06-28,Afternoon,4,1,6.0,1,1,13
202400019159,2024-02-24,Morning,3,4,6.0,1,1,40
202400019160,2024-11-18,Afternoon,4,2,3.0,5,2,92
202400019161,2024-06-29,Afternoon,4,1,3.0,1,2,08
202400019162,2024-11-19,Evening,4,1,3.0,5,2,92
202400019163,2024-03-11,Afternoon,4,1,3.0,1,2,38
202400019164,2024-06-30,Night,4,1,6.0,3,1,06
202400019165,2024-11-19,Afternoon,4,2,6.0,1,2,92
202400019166,2024-06-29,Morning,3,1,6.0,1,2,01
202400019167,2024-11-10,Night,4,1,6.0,3,1,34
202400019168,2024-03-11,Morning,4,1,4.0,1,1,36
202400019170,2024-06-29,Night,4,1,5.0,5,2,75
202400019171,2024-11-08,Evening,3,5,6.0,3,1,86
202400019172,2024-06-29,Night,4,1,2.0,5,2,75
202400019173,2024-11-18,Evening,4,1,3.0,5,2,06
202400019174,2024-06-28,Afternoon,4,1,3.0,1,2,75
202400019175,2024-02-18,Afternoon,3,1,2.0,1,2,35
202400019176,2024-10-30,Afternoon,4,7,1.0,1,1,23
202400019177,2024-06-28,Night,2,1,6.0,2,2,75
202400019178,2024-11-20,Morning,3,7,6.0,1,2,67
202400019179,2024-06-28,Evening,4,1,2.0,1,2,75
202400019180,2024-06-29,Morning,4,1,2.0,1,2,75
202400019181,2024-11-18,Afternoon,4,8,5.0,5,2,72
202400019182,2024-03-11,Afternoon,3,1,6.0,1,2,34
202400019183,2024-11-19,Evening,3,3,6.0,5,2,77
202400019184,2024-06-29,Evening,4,1,6.0,1,2,75
202400019185,2024-11-17,Night,3,1,6.0,3,1,56
202400019186,2024-11-19,Night,3,6,7.0,3,1,59
202400019187,2024-06-28,Afternoon,4,1,2.0,1,2,75
202400019188,2024-11-19,Evening,4,2,6.0,3,1,76
202400019189,2024-03-11,Evening,3,2,2.0,3,1,31
202400019190,2024-11-20,Morning,3,1,3.0,1,1,79
202400019191,2024-06-29,Afternoon,4,1,6.0,1,2,75
202400019192,2024-03-10,Night,4,1,3.0,5,2,30
202400019193,2024-10-31,Evening,3,8,3.0,2,2,33
202400019194,2024-06-29,Afternoon,4,1,6.0,1,2,75
202400019195,2024-11-19,Evening,4,2,6.0,5,2,63
202400019196,2024-03-11,Afternoon,4,2,7.0,1,2,30
202400019197,2024-06-29,Evening,4,1,6.0,1,2,75
202400019198,2024-11-20,Afternoon,3,2,1.0,1,2,63
202400019199,2024-06-29,Evening,4,1,7.0,1,2,75
202400019200,2024-11-19,Evening,4,2,6.0,4,1,63
202400019201,2024-01-13,Morning,4,1,2.0,1,2,17
202400019202,2024-11-14,Morning,4,5,1.0,3,1,42
202400019203,2024-06-29,Afternoon,4,1,6.0,1,2,75
202400019204,2024-03-11,Morning,4,2,4.0,1,2,15
202400019205,2024-06-28,Afternoon,4,1,6.0,1,2,75
202400019206,2024-11-19,Afternoon,3,2,6.0,1,2,44
202400019207,2024-03-10,Morning,4,1,3.0,1,2,15
202400019208,2024-06-29,Afternoon,4,1,3.0,1,2,94
202400019209,2024-11-20,Morning,3,1,3.0,2,2,45
202400019210,2024-03-11,Afternoon,4,1,2.0,1,2,13
202400019211,2024-06-29,Morning,3,1,6.0,1,2,94
202400019212,2024-11-16,Afternoon,3,1,2.0,1,2,07
202400019213,2024-03-11,Morning,4,2,3.0,1,2,13
202400019214,2024-11-19,Afternoon,3,3,6.0,5,2,21
202400019215,2024-06-29,Evening,4,2,3.0,1,2,94
202400019216,2024-03-10,Afternoon,4,1,6.0,1,2,11
202400019217,2024-11-20,Afternoon,4,1,3.0,1,2,37
202400019218,2024-06-28,Afternoon,4,1,6.0,1,2,94
202400019219,2024-03-09,Afternoon,3,1,7.0,1,1,11
202400019220,2024-06-28,Afternoon,4,1,3.0,1,2,94
202400019221,2024-03-10,Afternoon,4,1,7.0,1,2,10
202400019222,2024-11-17,Morning,4,1,1.0,1,1,30
202400019223,2024-06-28,Night,3,1,7.0,5,2,94
202400019224,2024-11-19,Evening,4,3,6.0,3,1,77
202400019225,2024-06-29,Afternoon,4,1,3.0,1,2,93
202400019226,2024-03-11,Morning,4,8,2.0,1,2,06
202400019227,2024-11-19,Afternoon,4,1,2.0,1,2,13
202400019228,2024-11-19,Afternoon,3,1,7.0,2,1,06
202400019229,2024-03-10,Morning,4,2,6.0,5,2,06
202400019230,2024-06-28,Evening,4,1,6.0,1,2,93
202400019231,2024-03-11,Evening,4,1,6.0,2,2,06
202400019232,2024-06-29,Afternoon,4,1,6.0,1,2,93
202400019234,2024-03-10,Evening,4,1,6.0,5,2,06
202400019235,2024-06-29,Morning,4,1,3.0,1,2,93
202400019237,2024-03-10,Morning,3,1,3.0,1,2,02
202400019238,2024-06-29,Evening,4,1,2.0,1,2,92
202400019239,2024-11-20,Afternoon,4,1,3.0,2,1,30
202400019240,2024-03-09,Morning,4,1,6.0,5,2,75
202400019241,2024-06-29,Morning,4,1,3.0,1,2,92
202400019242,2024-11-14,Afternoon,3,1,7.0,1,2,11
202400019243,2024-03-11,Morning,4,1,3.0,1,2,75
202400019244,2024-11-19,Afternoon,3,1,1.0,1,2,13
202400019245,2024-06-29,Afternoon,4,1,7.0,1,2,92
202400019246,2024-03-11,Afternoon,4,2,6.0,1,2,75
202400019247,2024-06-29,Afternoon,4,1,6.0,1,2,92
202400019248,2024-10-28,Evening,4,1,4.0,3,1,26
202400019249,2024-03-11,Morning,3,1,6.0,1,2,75
202400019250,2024-06-29,Evening,4,1,3.0,1,2,92
202400019251,2024-11-18,Evening,2,2,1.0,3,1,67
202400019252,2024-03-11,Morning,4,1,6.0,1,2,75
202400019253,2024-11-19,Morning,4,1,6.0,1,2,42
202400019254,2024-06-29,Evening,4,1,3.0,1,2,92
202400019255,2024-03-11,Night,4,1,3.0,5,2,75
202400019256,2024-11-19,Morning,4,1,6.0,1,2,42
202400019257,2024-03-11,Afternoon,4,2,7.0,1,2,75
202400019258,2024-06-29,Morning,3,1,3.0,1,2,92
202400019259,2024-03-11,Afternoon,4,1,6.0,1,2,75
202400019260,2024-11-15,Night,4,5,2.0,5,2,38
202400019261,2024-06-29,Evening,4,1,1.0,1,2,92
202400019262,2024-03-11,Morning,4,1,3.0,1,2,75
202400019263,2024-06-30,Afternoon,3,1,1.0,1,1,24
202400019264,2024-11-20,Afternoon,4,2,2.0,1,1,50
202400019265,2024-03-11,Evening,4,2,3.0,1,2,75
202400019266,2024-11-18,Afternoon,3,2,6.0,1,2,29
202400019267,2024-06-30,Morning,4,1,1.0,1,2,35
202400019268,2024-03-11,Morning,4,1,6.0,1,2,75
202400019269,2024-11-19,Afternoon,4,2,6.0,1,2,29
202400019270,2024-06-30,Afternoon,3,1,3.0,1,1,85
202400019271,2024-03-11,Evening,4,2,6.0,5,2,75
202400019272,2024-06-18,Afternoon,3,1,6.0,1,2,35
202400019273,2024-06-30,Afternoon,3,1,6.0,1,1,2A
202400019274,2024-03-11,Morning,4,1,6.0,1,2,75
202400019275,2024-11-20,Afternoon,4,1,3.0,1,1,60
202400019277,2024-11-20,Afternoon,4,7,6.0,1,2,60
202400019278,2024-03-11,Evening,3,2,4.0,4,2,94
202400019280,2024-11-20,Afternoon,3,7,6.0,1,2,62
202400019281,2024-03-11,Evening,4,2,3.0,4,2,94
202400019282,2024-06-29,Evening,4,2,6.0,1,1,84
202400019283,2024-03-11,Afternoon,4,2,1.0,1,2,94
202400019284,2024-06-29,Evening,4,1,6.0,1,1,59
202400019285,2024-11-19,Afternoon,3,3,3.0,1,1,62
202400019286,2024-03-11,Morning,4,1,6.0,1,2,94
202400019287,2024-07-18,Afternoon,3,1,1.0,1,1,26
202400019288,2024-06-29,Afternoon,4,2,3.0,1,1,87
202400019289,2024-08-25,Night,4,1,7.0,5,2,14
202400019290,2024-03-11,Evening,4,2,3.0,5,2,94
202400019291,2024-06-29,Afternoon,3,1,7.0,1,2,30
202400019292,2024-08-10,Night,4,1,1.0,3,1,14
202400019293,2024-03-09,Evening,4,3,2.0,5,2,94
202400019294,2024-06-30,Afternoon,4,1,1.0,1,1,30
202400019295,2024-06-30,Afternoon,4,1,6.0,1,1,62
202400019296,2024-03-11,Morning,4,1,6.0,1,2,94
202400019297,2024-04-17,Morning,4,1,3.0,1,1,14
202400019299,2024-06-28,Evening,3,7,2.0,1,2,77
202400019300,2024-03-11,Night,4,2,5.0,3,1,93
202400019301,2024-06-30,Afternoon,3,1,1.0,1,1,95
202400019302,2024-03-11,Afternoon,4,2,6.0,1,2,93
202400019303,2024-06-30,Afternoon,3,1,7.0,1,1,51
202400019305,2024-03-11,Evening,4,2,3.0,3,2,93
202400019306,2024-06-29,Afternoon,4,2,7.0,1,1,51