Num_Acc,date,time_of_day,max_severity,weather,collision_type,lighting,urban_area,department
202400019308,2024-06-29,Night,4,1,6.0,3,2,56
202400019309,2024-03-11,Morning,3,8,3.0,1,2,93
202400019310,2024-06-29,Afternoon,3,1,6.0,1,2,76
202400019313,2024-06-30,Night,3,2,6.0,3,1,79
202400019314,2024-03-11,Morning,4,1,1.0,1,2,93
202400019316,2024-06-30,Night,3,1,7.0,5,2,80
202400019317,2024-06-29,Afternoon,3,1,6.0,1,2,82
202400019318,2024-03-09,Afternoon,4,1,3.0,1,2,93
202400019320,2024-03-11,Evening,4,2,6.0,5,2,93
202400019321,2024-06-29,Evening,2,1,6.0,1,2,82
202400019322,2024-11-18,Morning,4,1,3.0,1,2,2B
202400019323,2024-06-30,Morning,2,1,7.0,1,1,82
202400019324,2024-03-11,Evening,4,1,3.0,5,2,93
202400019326,2024-03-11,Night,4,1,6.0,5,2,92
202400019328,2024-04-11,Afternoon,4,1,5.0,1,1,69
202400019329,2024-03-11,Evening,4,2,6.0,1,2,92
202400019331,2024-06-29,Afternoon,4,3,1.0,1,2,61
202400019332,2024-03-11,Evening,4,8,6.0,1,2,92
202400019334,2024-06-23,Afternoon,4,1,2.0,1,1,42
202400019335,2024-03-11,Morning,4,1,6.0,1,2,92
202400019336,2024-03-11,Morning,4,1,3.0,1,2,92
202400019337,2024-06-29,Night,4,1,2.0,3,1,44
202400019338,2024-11-18,Evening,3,2,6.0,5,2,95
202400019339,2024-06-28,Evening,3,1,6.0,1,1,29
202400019340,2024-06-28,Evening,4,1,6.0,2,1,38
202400019341,2024-11-18,Evening,3,8,4.0,3,1,85
202400019342,2024-03-10,Night,3,2,3.0,3,2,62
202400019343,2024-11-18,Morning,4,1,6.0,1,2,83
202400019344,2024-03-12,Morning,2,1,6.0,1,2,01
202400019345,2024-06-29,Morning,4,3,7.0,1,1,85
202400019346,2024-11-14,Afternoon,3,1,6.0,1,2,83
202400019347,2024-03-11,Afternoon,4,1,6.0,1,1,76
202400019348,2024-06-30,Evening,4,1,7.0,1,1,83
202400019349,2024-11-18,Afternoon,4,1,3.0,1,2,81
202400019350,2024-03-11,Evening,4,2,1.0,5,2,76
202400019351,2024-06-30,Night,2,2,7.0,3,1,64
202400019352,2024-11-18,Evening,4,2,6.0,4,2,78
202400019354,2024-06-29,Evening,3,6,7.0,2,1,10
202400019355,2024-03-12,Morning,2,1,2.0,1,1,83
202400019356,2024-11-18,Afternoon,3,3,3.0,5,2,77
202400019357,2024-06-30,Night,4,2,6.0,3,2,36
202400019358,2024-11-18,Evening,4,3,6.0,5,2,77
202400019359,2024-03-12,Morning,3,1,2.0,1,1,84
202400019360,2024-06-30,Evening,4,1,7.0,1,1,07
202400019361,2024-11-14,Afternoon,3,8,6.0,1,2,77
202400019362,2024-06-30,Afternoon,3,1,7.0,1,1,04
202400019363,2024-03-10,Afternoon,3,3,1.0,1,2,38
202400019364,2024-11-15,Evening,4,1,6.0,5,2,76
202400019365,2024-03-11,Morning,4,1,6.0,1,2,74
202400019366,2024-06-30,Morning,4,1,1.0,1,2,04
202400019367,2024-06-30,Afternoon,3,1,6.0,1,1,04
202400019368,2024-03-10,Night,2,2,6.0,3,1,33
202400019369,2024-11-14,Morning,4,1,3.0,1,2,76
202400019370,2024-06-30,Morning,3,1,1.0,1,1,04
202400019371,2024-03-12,Morning,3,1,1.0,1,1,11
202400019372,2024-11-18,Morning,4,1,6.0,1,2,71
202400019373,2024-06-28,Afternoon,4,1,1.0,1,1,17
202400019374,2024-03-11,Afternoon,4,1,6.0,1,1,41
202400019375,2024-06-28,Evening,3,1,7.0,1,1,17
202400019376,2024-03-11,Afternoon,4,1,3.0,1,2,29
202400019377,2024-06-30,Morning,3,1,7.0,1,1,17
202400019378,2024-11-18,Afternoon,4,2,6.0,5,2,70
202400019379,2024-03-12,Morning,4,1,6.0,1,1,38
202400019380,2024-06-30,Afternoon,3,1,3.0,1,1,87
202400019381,2024-03-12,Afternoon,2,2,6.0,1,1,58
202400019382,2024-11-18,Evening,4,1,2.0,5,2,64
202400019383,2024-03-12,Afternoon,3,1,6.0,1,2,05
202400019384,2024-06-30,Afternoon,3,1,1.0,1,1,37
202400019385,2024-11-18,Morning,4,1,3.0,1,2,64
202400019386,2024-03-10,Night,4,1,7.0,3,2,18
202400019388,2024-11-18,Morning,4,1,6.0,1,2,64
202400019389,2024-03-12,Night,2,8,6.0,4,1,43
202400019390,2024-06-30,Morning,3,1,6.0,1,2,67
202400019391,2024-11-18,Morning,4,1,1.0,5,2,64
202400019392,2024-03-11,Evening,2,2,2.0,3,1,10
202400019393,2024-11-14,Afternoon,4,2,6.0,1,2,62
202400019394,2024-03-12,Morning,4,1,2.0,1,1,16
202400019395,2024-06-29,Afternoon,4,3,7.0,1,1,17
202400019396,2024-11-18,Night,4,2,3.0,5,2,62
202400019397,2024-06-30,Morning,3,1,1.0,1,1,13
202400019398,2024-03-11,Afternoon,4,1,5.0,1,1,53
202400019400,2024-11-17,Morning,3,1,6.0,2,1,60
202400019401,2024-03-12,Morning,3,2,6.0,2,1,53
202400019402,2024-03-11,Afternoon,4,1,3.0,1,1,17
202400019404,2024-11-17,Night,4,1,5.0,3,2,56
202400019405,2024-03-10,Afternoon,3,1,2.0,1,1,30
202400019407,2024-06-24,Afternoon,4,1,6.0,1,2,33
202400019408,2024-02-23,Evening,3,4,4.0,3,1,40
202400019409,2024-06-28,Afternoon,4,1,6.0,1,1,33
202400019410,2024-11-16,Evening,4,1,4.0,2,2,56
202400019411,2024-06-29,Afternoon,4,1,2.0,1,2,66
202400019412,2024-03-12,Afternoon,4,1,2.0,1,1,01
202400019413,2024-11-15,Afternoon,4,1,6.0,1,2,56
202400019414,2024-06-30,Night,4,1,6.0,2,1,05
202400019415,2024-03-12,Morning,3,1,2.0,1,1,33
202400019416,2024-11-18,Afternoon,4,3,6.0,5,2,50
202400019418,2024-11-15,Afternoon,4,1,3.0,1,2,49
202400019419,2024-06-30,Evening,3,1,6.0,1,1,26
202400019420,2024-11-17,Evening,4,1,6.0,2,2,49
202400019421,2024-06-29,Morning,3,1,1.0,1,2,52
202400019422,2024-11-17,Night,4,1,2.0,3,2,49
202400019424,2024-06-30,Afternoon,3,1,5.0,1,1,16
202400019426,2024-11-18,Afternoon,4,1,2.0,1,2,47
202400019427,2024-06-30,Afternoon,3,1,6.0,1,1,33
202400019428,2024-03-10,Evening,3,1,7.0,1,1,95
202400019429,2024-11-18,Evening,4,2,1.0,5,2,45
202400019430,2024-06-24,Morning,3,5,6.0,2,1,33
202400019431,2024-03-11,Morning,3,1,2.0,1,1,57
202400019432,2024-11-18,Afternoon,2,1,6.0,1,1,42
202400019433,2024-06-29,Night,3,1,3.0,5,2,22
202400019434,2024-03-07,Evening,3,1,6.0,5,2,73
202400019435,2024-11-14,Evening,4,1,1.0,3,2,40
202400019436,2024-06-30,Morning,3,1,6.0,1,1,27
202400019437,2024-03-12,Afternoon,4,1,6.0,1,2,38
202400019438,2024-11-18,Evening,4,1,2.0,5,2,33
202400019439,2024-06-29,Night,4,1,2.0,2,1,69
202400019440,2024-03-04,Afternoon,4,2,5.0,1,2,33
202400019441,2024-11-18,Afternoon,4,1,3.0,1,1,33
202400019442,2024-03-11,Afternoon,4,1,6.0,1,2,61
202400019443,2024-06-29,Afternoon,4,1,5.0,1,1,91
202400019444,2024-03-12,Afternoon,3,2,3.0,1,1,50
202400019445,2024-11-18,Morning,3,1,5.0,1,2,33
202400019446,2024-06-29,Morning,4,1,4.0,1,1,91
202400019447,2024-02-09,Afternoon,4,8,6.0,1,2,60
202400019448,2024-11-18,Morning,3,1,3.0,1,2,31
202400019449,2024-06-28,Evening,4,1,4.0,1,1,92
202400019450,2024-11-18,Evening,4,2,2.0,5,2,29
202400019451,2024-06-28,Afternoon,4,1,7.0,1,1,95
202400019452,2024-11-17,Evening,4,1,3.0,3,2,27
202400019453,2024-11-18,Evening,4,1,6.0,5,2,25
202400019454,2024-03-10,Night,4,2,2.0,3,1,13
202400019455,2024-03-10,Afternoon,3,1,6.0,1,1,57
202400019456,2024-03-11,Morning,4,3,6.0,1,1,33
202400019457,2024-03-10,Night,4,1,6.0,3,1,33
202400019458,2024-11-16,Night,4,1,3.0,5,2,21
202400019459,2024-03-11,Night,4,1,7.0,3,1,91
202400019460,2024-11-18,Afternoon,4,8,3.0,1,2,17
202400019461,2024-11-18,Morning,4,2,7.0,5,2,14
202400019462,2024-03-10,Night,4,2,6.0,3,1,92
202400019463,2024-11-08,Evening,4,1,3.0,5,2,14
202400019464,2024-03-09,Evening,4,3,2.0,1,1,92
202400019465,2024-11-18,Morning,4,1,6.0,1,2,13
202400019466,2024-03-11,Night,4,1,6.0,3,1,93
202400019467,2024-11-18,Afternoon,4,1,6.0,1,1,06
202400019468,2024-02-19,Afternoon,4,1,2.0,1,2,44
202400019469,2024-11-18,Morning,4,1,7.0,2,2,06
202400019470,2024-11-13,Morning,2,1,7.0,2,2,06
202400019471,2024-02-15,Afternoon,4,8,6.0,1,2,44
202400019472,2024-02-14,Morning,4,8,6.0,1,1,44
202400019473,2024-11-16,Afternoon,4,1,2.0,1,2,04
202400019474,2024-11-19,Evening,4,2,7.0,3,1,60
202400019475,2024-02-14,Morning,4,8,7.0,2,2,44
202400019476,2024-11-04,Evening,4,5,1.0,5,2,35
202400019477,2024-02-14,Night,4,8,6.0,5,2,44
202400019478,2024-02-13,Morning,4,8,3.0,2,2,44
202400019479,2024-11-18,Morning,4,2,2.0,3,1,14
202400019480,2024-11-18,Night,3,1,6.0,4,2,33
202400019481,2024-02-13,Evening,4,8,6.0,2,2,44
202400019483,2024-11-19,Morning,4,2,7.0,1,2,69
202400019485,2024-11-18,Evening,3,8,1.0,2,1,23
202400019487,2024-03-08,Afternoon,3,3,6.0,2,2,86
202400019488,2024-11-18,Afternoon,4,2,7.0,1,1,56
202400019489,2024-03-10,Morning,4,1,3.0,1,2,83
202400019490,2024-03-10,Evening,4,2,2.0,3,1,81
202400019491,2024-11-18,Afternoon,3,2,6.0,5,2,67
202400019492,2024-03-09,Evening,4,3,6.0,5,2,77
202400019493,2024-11-16,Afternoon,4,1,2.0,1,1,65
202400019494,2024-11-16,Evening,3,1,6.0,3,1,65
202400019495,2024-03-09,Afternoon,4,2,3.0,1,2,77
202400019496,2024-11-19,Afternoon,3,1,6.0,1,2,63
202400019497,2024-03-10,Afternoon,4,1,3.0,1,1,77
202400019498,2024-03-10,Afternoon,4,1,1.0,1,2,76
202400019499,2024-11-19,Morning,4,2,6.0,2,1,61
202400019500,2024-03-09,Afternoon,4,1,6.0,1,2,76
202400019501,2024-11-03,Night,4,1,6.0,3,1,12
202400019502,2024-03-10,Afternoon,4,1,2.0,1,2,71
202400019503,2024-11-18,Evening,4,1,3.0,5,2,42
202400019504,2024-03-09,Afternoon,3,1,6.0,1,2,69
202400019505,2024-11-19,Afternoon,3,3,6.0,2,2,68
202400019506,2024-03-09,Afternoon,4,1,6.0,1,2,65
202400019507,2024-11-17,Evening,3,1,6.0,3,1,44
202400019508,2024-03-10,Morning,4,1,2.0,1,2,63
202400019509,2024-11-18,Morning,4,2,1.0,1,1,35
202400019510,2024-11-18,Morning,4,1,6.0,1,2,84
202400019511,2024-11-18,Evening,3,2,1.0,3,1,15
202400019512,2024-03-10,Night,4,2,3.0,5,2,62
202400019513,2024-11-19,Morning,4,2,1.0,3,1,01
202400019514,2024-03-10,Afternoon,4,1,6.0,1,2,59
202400019515,2024-11-14,Afternoon,4,1,7.0,1,1,72
202400019516,2024-03-10,Afternoon,3,2,1.0,1,2,59
202400019517,2024-11-18,Night,3,1,7.0,3,1,83
202400019518,2024-03-09,Morning,3,1,3.0,1,2,59
202400019519,2024-11-14,Afternoon,3,1,3.0,1,1,36
202400019520,2024-03-10,Morning,4,1,6.0,1,2,54
202400019521,2024-11-19,Morning,4,2,7.0,1,1,85
202400019522,2024-03-08,Morning,3,3,6.0,1,2,46
202400019524,2024-11-18,Afternoon,3,2,6.0,1,1,72
202400019526,2024-11-09,Evening,3,1,7.0,2,1,28
202400019527,2024-11-19,Afternoon,4,1,1.0,1,1,83
202400019528,2024-11-18,Evening,3,1,6.0,5,1,26
202400019529,2024-11-15,Morning,4,1,3.0,1,1,54
202400019530,2024-11-13,Evening,4,1,6.0,5,2,38
202400019531,2024-11-19,Morning,3,8,6.0,3,2,85
202400019532,2024-11-18,Afternoon,3,2,6.0,1,2,44
202400019533,2024-11-18,Morning,4,3,2.0,3,1,59
202400019534,2024-11-18,Afternoon,4,7,2.0,1,1,13
202400019535,2024-11-18,Evening,4,2,4.0,3,1,91
202400019536,2024-11-17,Afternoon,4,1,4.0,2,1,78
202400019537,2024-11-17,Evening,4,1,5.0,3,1,78
202400019538,2024-11-16,Evening,4,1,3.0,3,1,92
202400019539,2024-11-18,Night,4,1,2.0,5,1,93
202400019540,2024-04-17,Morning,4,1,2.0,1,1,94
202400019541,2024-04-17,Morning,4,1,7.0,1,1,94
202400019542,2024-02-16,Afternoon,4,2,1.0,1,2,87
202400019543,2024-02-17,Evening,4,1,1.0,5,2,76
202400019544,2024-02-16,Morning,2,1,7.0,1,2,30
202400019545,2024-02-17,Evening,3,1,3.0,5,2,06
202400019549,2024-04-17,Evening,4,1,3.0,1,2,69
202400019550,2024-04-17,Morning,3,1,3.0,1,2,69
202400019551,2024-04-17,Morning,4,8,3.0,2,2,69
202400019554,2024-04-17,Night,2,1,1.0,3,2,95
202400019555,2024-04-17,Night,4,1,5.0,5,2,91
202400019556,2024-04-16,Afternoon,4,1,6.0,1,2,91
202400019557,2024-04-17,Morning,4,1,6.0,1,1,89
202400019558,2024-04-17,Afternoon,4,1,3.0,1,1,84
202400019559,2024-04-16,Afternoon,4,1,2.0,1,1,83
202400019560,2024-04-18,Night,3,1,6.0,5,2,82
202400019561,2024-04-17,Night,4,8,6.0,5,2,77
202400019562,2024-04-17,Evening,3,2,7.0,5,2,69
202400019563,2024-04-16,Afternoon,3,1,3.0,1,2,67
202400019564,2024-04-18,Night,4,1,3.0,5,2,64
202400019565,2024-04-17,Morning,4,2,3.0,1,2,64
202400019566,2024-04-17,Evening,3,1,3.0,1,2,59
202400019567,2024-04-17,Evening,4,8,6.0,1,2,59
202400019568,2024-04-15,Evening,4,1,3.0,1,2,50
202400019569,2024-04-17,Morning,4,1,2.0,1,1,49
202400019570,2024-04-16,Afternoon,4,1,3.0,1,2,49
202400019571,2024-04-17,Evening,4,8,4.0,5,2,45
202400019572,2024-04-17,Morning,4,1,2.0,1,2,45
202400019573,2024-04-17,Night,4,2,6.0,3,2,42
202400019574,2024-04-16,Afternoon,4,1,2.0,1,2,41
202400019576,2024-04-17,Afternoon,4,1,3.0,1,2,37
202400019577,2024-12-23,Afternoon,3,2,6.0,2,2,67
202400019578,2024-04-17,Afternoon,4,2,4.0,1,1,35
202400019579,2024-12-23,Evening,2,4,6.0,3,1,15
202400019580,2024-12-24,Afternoon,3,1,6.0,1,2,19
202400019581,2024-04-17,Evening,4,1,3.0,5,2,34
202400019582,2024-04-17,Evening,4,1,3.0,1,2,33
202400019583,2024-04-17,Morning,4,1,2.0,1,2,33
202400019584,2024-12-24,Morning,3,8,5.0,1,1,56
202400019585,2024-04-16,Night,4,2,3.0,5,2,31
202400019586,2024-12-23,Night,3,1,7.0,3,1,79
202400019587,2024-12-23,Evening,4,8,1.0,3,1,79
202400019588,2024-04-18,Night,4,2,6.0,5,2,27
202400019589,2024-10-14,Morning,4,1,1.0,1,2,2A
202400019590,2024-04-17,Afternoon,4,1,6.0,1,2,27
202400019591,2024-12-23,Morning,4,8,6.0,1,1,32
202400019592,2024-04-17,Afternoon,4,1,2.0,1,2,14
202400019593,2024-12-23,Afternoon,3,1,3.0,1,2,89
202400019594,2024-04-17,Night,4,1,6.0,5,2,14
202400019595,2024-04-17,Afternoon,3,1,3.0,1,2,13
202400019596,2024-12-24,Afternoon,4,2,2.0,1,1,61
202400019597,2024-04-17,Morning,3,1,2.0,1,2,13
202400019598,2024-12-24,Afternoon,4,5,3.0,3,1,12
202400019599,2024-03-15,Afternoon,4,1,2.0,1,2,13
202400019600,2024-12-23,Evening,3,2,6.0,3,1,44
202400019601,2024-04-17,Morning,3,1,6.0,1,2,13
202400019602,2024-04-16,Afternoon,4,1,3.0,1,2,13
202400019603,2024-12-22,Evening,4,6,6.0,3,2,14
202400019604,2024-04-14,Afternoon,4,1,6.0,1,2,10
202400019605,2024-12-22,Morning,4,4,1.0,3,1,09
202400019606,2024-04-16,Morning,4,1,7.0,1,2,10
202400019607,2024-12-23,Evening,4,8,1.0,3,1,64
202400019608,2024-12-18,Evening,3,1,6.0,3,1,40
202400019609,2024-04-18,Night,4,1,3.0,5,2,06
202400019610,2024-04-17,Afternoon,4,1,6.0,1,2,06
202400019611,2024-12-20,Night,4,2,3.0,3,1,85
202400019612,2024-04-13,Afternoon,4,1,3.0,1,2,05
202400019613,2024-12-23,Afternoon,3,1,7.0,1,2,85
202400019614,2024-12-24,Morning,2,2,1.0,2,1,27
202400019615,2024-04-17,Afternoon,4,1,3.0,1,2,02
202400019616,2024-12-23,Evening,3,2,1.0,3,1,27
202400019617,2024-04-17,Evening,4,1,3.0,3,1,01
202400019618,2024-12-22,Afternoon,4,4,7.0,1,1,10
202400019619,2024-04-16,Evening,4,2,3.0,5,2,75
202400019620,2024-12-24,Evening,4,1,2.0,3,1,01
202400019621,2024-04-16,Night,4,2,3.0,3,2,75
202400019622,2024-04-17,Afternoon,4,8,6.0,1,2,75
202400019623,2024-12-24,Evening,4,1,5.0,3,1,72
202400019624,2024-04-17,Morning,4,1,3.0,1,2,75
202400019625,2024-12-24,Morning,3,1,2.0,1,1,06
202400019626,2024-04-17,Afternoon,4,2,6.0,1,2,75
202400019627,2024-12-22,Afternoon,4,1,6.0,2,1,49
202400019628,2024-12-23,Night,4,2,2.0,3,1,33
202400019629,2024-04-16,Morning,3,2,7.0,1,2,75
202400019630,2024-12-23,Afternoon,4,1,6.0,2,2,33
202400019631,2024-04-17,Morning,4,1,6.0,1,2,75
202400019633,2024-04-17,Afternoon,2,2,6.0,1,2,94
202400019634,2024-12-21,Night,3,1,6.0,5,1,34
202400019635,2024-04-17,Evening,4,8,6.0,1,2,93
202400019636,2024-04-17,Evening,4,9,7.0,1,2,93
202400019637,2024-12-23,Afternoon,2,1,3.0,1,1,13
202400019638,2024-04-17,Morning,4,1,6.0,5,2,93
202400019639,2024-12-23,Morning,3,1,1.0,1,2,13
202400019640,2024-04-16,Evening,4,1,2.0,2,2,93
202400019641,2024-12-21,Afternoon,4,2,6.0,1,1,89
202400019642,2024-04-17,Morning,3,1,3.0,1,2,93
202400019643,2024-01-30,Morning,4,1,1.0,2,1,65
202400019644,2024-12-24,Evening,4,2,1.0,4,1,57
202400019645,2024-04-17,Morning,4,8,6.0,2,2,93
202400019646,2024-12-23,Evening,4,3,6.0,5,2,38
202400019647,2024-01-29,Evening,4,1,3.0,3,1,14
202400019648,2024-04-17,Morning,4,7,6.0,1,2,92
202400019649,2024-12-23,Afternoon,4,1,1.0,3,1,17
202400019650,2024-01-27,Evening,4,1,4.0,3,1,17
202400019651,2024-04-17,Afternoon,4,1,3.0,1,2,92
202400019652,2024-12-23,Afternoon,3,1,3.0,1,2,86
202400019653,2024-01-29,Evening,4,1,1.0,2,1,91
202400019654,2024-04-17,Afternoon,4,2,4.0,1,2,92
202400019655,2024-12-20,Night,4,1,1.0,3,1,85
202400019656,2024-01-28,Morning,3,1,7.0,1,1,44
202400019657,2024-12-24,Afternoon,2,1,1.0,1,1,44
202400019658,2024-04-17,Morning,4,1,3.0,1,2,92
202400019659,2024-12-23,Evening,3,2,6.0,3,1,22
202400019660,2024-04-17,Evening,3,8,7.0,1,2,08
202400019661,2024-01-29,Evening,3,1,3.0,5,2,62
202400019662,2024-12-24,Afternoon,4,2,4.0,3,1,60
202400019663,2024-04-17,Evening,3,1,1.0,3,1,43
202400019664,2024-01-28,Night,3,1,6.0,4,1,56
202400019665,2024-01-30,Night,2,1,6.0,3,1,56
202400019666,2024-04-17,Afternoon,3,2,1.0,1,1,28
202400019667,2024-12-13,Afternoon,4,1,4.0,3,1,13
202400019668,2024-04-17,Night,3,1,1.0,3,1,87
202400019669,2024-01-30,Afternoon,4,1,1.0,1,1,76
202400019670,2024-01-29,Afternoon,3,1,6.0,1,1,33
202400019671,2024-12-20,Night,4,6,3.0,5,1,13
202400019672,2024-04-18,Morning,2,1,3.0,1,1,59
202400019673,2024-01-30,Afternoon,3,1,1.0,1,2,69
202400019674,2024-12-23,Night,4,6,2.0,5,1,83
202400019675,2024-01-27,Night,4,2,6.0,3,1,69
202400019676,2024-04-17,Night,3,1,3.0,3,1,30
202400019677,2024-01-30,Afternoon,4,1,6.0,1,1,49
202400019678,2024-04-12,Morning,3,1,3.0,1,2,89
202400019679,2024-01-30,Afternoon,3,1,7.0,1,2,12
202400019680,2024-12-18,Afternoon,4,1,4.0,1,1,57
202400019681,2024-04-18,Afternoon,2,7,2.0,1,1,76
202400019682,2024-01-28,Afternoon,3,1,3.0,1,1,46
202400019683,2024-04-18,Afternoon,2,1,6.0,1,1,2B
202400019684,2024-01-28,Afternoon,3,1,3.0,2,1,84
202400019685,2024-12-21,Evening,4,2,5.0,3,1,78
202400019686,2024-04-18,Morning,2,1,3.0,1,2,80
202400019687,2024-12-21,Evening,4,2,2.0,3,1,92
202400019688,2024-01-30,Night,4,1,3.0,3,1,03
202400019689,2024-12-21,Evening,4,2,6.0,3,1,78
202400019690,2024-04-17,Evening,4,1,1.0,1,2,33
202400019691,2024-01-30,Afternoon,4,1,7.0,1,1,03
202400019692,2024-12-23,Night,4,9,2.0,3,1,93
202400019693,2024-01-30,Morning,3,1,2.0,1,2,06
202400019694,2024-04-18,Morning,4,1,1.0,1,1,63
202400019695,2024-12-23,Night,4,1,7.0,4,1,75
202400019696,2024-01-29,Afternoon,4,1,2.0,1,1,14
202400019697,2024-04-17,Evening,3,1,6.0,2,1,61
202400019698,2024-12-23,Night,4,1,7.0,3,1,92
202400019699,2024-01-30,Afternoon,4,1,7.0,1,1,14
202400019700,2024-12-22,Night,4,1,6.0,3,1,95
202400019701,2024-04-18,Morning,4,1,6.0,2,1,61
202400019702,2024-12-04,Morning,4,7,6.0,1,2,44
202400019703,2024-01-30,Afternoon,3,1,4.0,2,1,18
202400019704,2024-12-04,Afternoon,4,1,3.0,1,2,44
202400019705,2024-01-29,Afternoon,3,1,3.0,1,1,43
202400019706,2024-12-04,Afternoon,4,1,7.0,1,2,44
202400019707,2024-12-03,Morning,4,1,6.0,2,2,44
202400019708,2024-01-30,Morning,3,1,6.0,1,2,36
202400019709,2024-04-17,Morning,4,1,3.0,1,2,44
202400019710,2024-12-02,Morning,4,1,1.0,2,2,44
202400019711,2024-11-27,Afternoon,4,2,7.0,1,2,44
202400019712,2024-01-30,Afternoon,4,1,1.0,1,1,24
202400019713,2024-04-18,Afternoon,3,1,4.0,1,1,29
202400019714,2024-09-08,Morning,4,8,6.0,1,2,57
202400019715,2024-04-17,Afternoon,3,1,1.0,1,1,29
202400019716,2024-01-30,Morning,2,2,3.0,1,1,49
202400019718,2024-04-16,Afternoon,3,1,3.0,1,2,01
202400019720,2024-01-24,Morning,4,1,4.0,1,1,06
202400019721,2024-04-17,Night,3,1,1.0,3,1,85
202400019722,2024-12-22,Evening,4,2,3.0,5,2,69
202400019723,2024-04-17,Afternoon,3,2,1.0,1,1,64
202400019724,2024-01-30,Morning,3,1,2.0,2,1,38
202400019725,2024-12-22,Night,3,1,6.0,5,2,69
202400019727,2024-01-26,Morning,4,2,3.0,1,1,45
202400019728,2024-04-07,Morning,3,1,4.0,1,1,36
202400019730,2024-12-22,Morning,4,1,2.0,2,2,69
202400019731,2024-04-18,Afternoon,4,1,3.0,1,1,27
202400019732,2024-09-08,Night,3,1,7.0,3,2,56
202400019733,2024-12-22,Morning,4,1,5.0,5,2,2B
202400019734,2024-04-16,Afternoon,3,1,3.0,1,1,17
202400019737,2024-04-17,Afternoon,3,1,3.0,1,1,17
202400019738,2024-12-21,Afternoon,4,1,6.0,5,2,2A
202400019739,2024-01-29,Afternoon,4,1,3.0,1,2,2B
202400019740,2024-09-07,Morning,4,1,3.0,1,2,56
202400019741,2024-04-17,Afternoon,3,1,3.0,1,1,13
202400019742,2024-01-30,Evening,3,1,1.0,2,1,84
202400019743,2024-12-22,Afternoon,4,2,5.0,4,1,91
202400019744,2024-09-07,Night,3,1,6.0,5,2,54
202400019747,2024-01-28,Evening,4,1,3.0,3,2,13
202400019748,2024-12-21,Evening,4,2,3.0,5,1,89
202400019749,2024-04-18,Night,3,1,7.0,3,1,34
202400019750,2024-01-30,Morning,4,1,1.0,1,2,13
202400019751,2024-09-08,Night,4,2,6.0,4,2,54
202400019752,2024-04-17,Evening,3,1,6.0,1,2,06
202400019753,2024-01-28,Afternoon,3,1,6.0,1,2,38
202400019754,2024-04-14,Morning,3,1,3.0,1,1,88
202400019755,2024-12-22,Afternoon,4,2,3.0,5,2,81
202400019756,2024-01-30,Morning,2,1,6.0,1,2,81
202400019757,2024-09-07,Afternoon,4,1,2.0,1,1,54
202400019758,2024-12-21,Morning,3,5,7.0,5,2,79
202400019759,2024-04-17,Morning,4,3,1.0,1,1,69
202400019760,2024-01-11,Morning,4,9,7.0,3,1,72
202400019761,2024-09-07,Evening,4,2,6.0,1,1,44
202400019762,2024-04-15,Evening,4,1,1.0,2,1,44
202400019763,2024-01-30,Evening,4,1,6.0,3,1,22
202400019764,2024-04-17,Morning,3,1,6.0,2,1,29
202400019765,2024-09-06,Afternoon,4,1,6.0,1,2,37
202400019766,2024-01-29,Evening,4,1,7.0,5,2,76
202400019767,2024-12-22,Afternoon,4,1,3.0,1,1,76
202400019768,2024-04-16,Afternoon,3,1,1.0,1,2,29
202400019769,2024-04-17,Evening,3,1,6.0,1,1,60
202400019770,2024-12-21,Night,4,2,1.0,5,2,76
202400019771,2024-01-29,Evening,4,1,2.0,5,2,60
202400019772,2024-09-07,Afternoon,4,1,7.0,1,1,35
202400019773,2024-04-18,Evening,4,1,3.0,1,1,80
202400019774,2024-01-29,Afternoon,4,1,6.0,1,1,83
202400019775,2024-12-21,Afternoon,3,3,3.0,1,2,62
202400019776,2024-04-17,Evening,4,1,2.0,1,2,59
202400019777,2024-01-25,Morning,3,1,2.0,1,1,54
202400019778,2024-12-20,Afternoon,4,2,4.0,2,2,62
202400019779,2024-09-07,Morning,4,1,2.0,1,1,35
202400019780,2024-04-17,Night,4,1,2.0,3,1,92
202400019781,2024-12-22,Night,4,3,6.0,5,2,60
202400019782,2024-01-27,Morning,3,1,6.0,1,1,54
202400019783,2024-04-17,Night,4,2,2.0,3,1,93
202400019784,2024-12-21,Afternoon,4,1,6.0,1,2,54
202400019785,2024-01-29,Afternoon,4,1,2.0,1,1,33
202400019786,2024-09-07,Evening,4,1,3.0,1,1,33
202400019787,2024-12-22,Afternoon,4,1,6.0,1,2,50
202400019788,2024-04-17,Evening,4,1,2.0,1,1,77
202400019789,2024-09-07,Evening,4,1,6.0,2,2,31
202400019790,2024-12-20,Afternoon,4,1,1.0,1,1,49
202400019791,2024-04-17,Morning,4,1,2.0,1,1,94
202400019792,2024-01-16,Afternoon,2,8,7.0,1,1,44
202400019793,2024-12-22,Evening,4,2,6.0,3,1,35
202400019794,2024-02-16,Afternoon,4,1,6.0,1,2,74
202400019795,2024-09-06,Afternoon,3,1,3.0,1,2,31