Num_Acc,date,time_of_day,max_severity,weather,collision_type,lighting,urban_area,department
202400019797,2024-12-22,Morning,4,1,3.0,1,2,34
202400019799,2024-12-21,Morning,4,1,3.0,1,2,34
202400019800,2024-08-29,Afternoon,4,1,3.0,1,1,28
202400019801,2024-12-22,Night,4,1,1.0,5,2,34
202400019804,2024-12-22,Afternoon,4,2,6.0,1,2,33
202400019805,2024-09-07,Night,3,1,6.0,3,2,26
202400019809,2024-12-22,Morning,4,1,3.0,1,2,33
202400019810,2024-12-21,Afternoon,4,1,7.0,5,2,30
202400019815,2024-12-21,Afternoon,4,1,5.0,1,2,30
202400019816,2024-09-07,Evening,2,3,5.0,5,2,25
202400019817,2024-12-22,Morning,4,4,6.0,1,2,25
202400019820,2024-12-17,Morning,3,1,6.0,1,2,18
202400019821,2024-09-08,Night,4,1,6.0,3,1,22
202400019822,2024-01-27,Night,3,1,7.0,3,1,84
202400019824,2024-12-22,Morning,4,1,7.0,5,2,13
202400019826,2024-12-21,Morning,4,1,6.0,1,2,07
202400019827,2024-01-28,Afternoon,4,1,3.0,1,2,83
202400019828,2024-09-07,Afternoon,4,1,2.0,1,2,22
202400019829,2024-12-22,Night,4,3,6.0,5,2,75
202400019831,2024-01-28,Morning,3,1,3.0,1,2,78
202400019832,2024-12-22,Afternoon,4,3,1.0,1,2,75
202400019833,2024-04-12,Night,4,1,3.0,5,2,69
202400019834,2024-12-22,Night,4,2,1.0,5,2,75
202400019835,2024-09-07,Evening,4,1,3.0,2,1,16
202400019837,2024-12-22,Afternoon,4,2,6.0,1,2,75
202400019838,2024-09-07,Night,4,1,1.0,5,1,13
202400019840,2024-01-28,Morning,4,1,6.0,1,1,77
202400019841,2024-12-22,Afternoon,4,1,7.0,1,2,75
202400019843,2024-09-07,Night,3,1,3.0,5,2,13
202400019844,2024-01-27,Afternoon,4,1,6.0,1,2,77
202400019845,2024-04-16,Afternoon,4,1,7.0,1,2,2A
202400019846,2024-12-22,Night,4,3,7.0,5,2,75
202400019847,2024-01-29,Night,4,1,6.0,5,2,76
202400019848,2024-02-19,Morning,2,1,6.0,1,2,95
202400019849,2024-12-22,Evening,4,2,6.0,5,2,94
202400019850,2024-09-07,Night,4,1,2.0,3,1,13
202400019851,2024-01-28,Evening,4,1,2.0,3,1,76
202400019852,2024-12-22,Afternoon,4,1,3.0,1,2,94
202400019853,2024-01-28,Morning,4,1,6.0,1,2,74
202400019854,2024-09-07,Night,2,6,7.0,5,2,13
202400019855,2024-12-22,Morning,4,2,1.0,5,2,93
202400019856,2024-02-18,Evening,4,2,4.0,5,2,91
202400019857,2024-01-28,Morning,4,1,3.0,1,2,69
202400019858,2024-12-22,Night,3,2,6.0,5,2,93
202400019859,2024-04-05,Morning,4,1,3.0,2,2,81
202400019860,2024-09-06,Afternoon,4,1,4.0,1,1,11
202400019861,2024-01-28,Afternoon,4,1,2.0,1,2,64
202400019862,2024-12-22,Afternoon,4,2,6.0,1,2,93
202400019863,2024-12-22,Evening,3,2,1.0,5,2,93
202400019864,2024-01-27,Afternoon,4,1,1.0,1,2,64
202400019865,2024-09-07,Morning,4,1,3.0,1,2,07
202400019866,2024-04-16,Night,4,6,6.0,5,2,77
202400019867,2024-12-23,Afternoon,4,2,1.0,1,1,26
202400019868,2024-12-23,Afternoon,4,1,6.0,1,2,71
202400019869,2024-04-15,Afternoon,4,1,1.0,1,2,77
202400019870,2024-01-28,Morning,4,1,5.0,1,2,63
202400019871,2024-09-07,Night,4,1,2.0,5,2,06
202400019872,2024-12-23,Morning,3,1,6.0,1,2,95
202400019873,2024-01-28,Afternoon,4,1,3.0,1,1,62
202400019874,2024-04-16,Afternoon,4,1,5.0,1,2,74
202400019875,2024-12-23,Afternoon,4,1,7.0,1,1,77
202400019876,2024-09-07,Morning,3,1,6.0,1,2,06
202400019877,2024-12-23,Morning,4,1,6.0,1,2,14
202400019878,2024-01-27,Afternoon,4,1,3.0,1,2,62
202400019879,2024-04-15,Afternoon,4,1,3.0,1,2,72
202400019880,2024-01-26,Afternoon,3,1,6.0,1,2,62
202400019881,2024-12-22,Afternoon,3,3,6.0,3,1,87
202400019882,2024-04-15,Morning,4,1,3.0,1,2,72
202400019883,2024-09-06,Morning,3,1,5.0,1,2,04
202400019884,2024-12-23,Evening,4,2,6.0,3,1,42
202400019885,2024-01-27,Afternoon,4,1,6.0,2,2,59
202400019886,2024-04-16,Evening,4,1,1.0,1,2,71
202400019887,2024-12-22,Evening,4,1,6.0,3,2,19
202400019888,2024-09-06,Afternoon,4,1,2.0,1,2,75
202400019889,2024-01-28,Evening,4,1,1.0,5,2,59
202400019890,2024-12-17,Morning,3,5,7.0,1,1,65
202400019891,2024-04-16,Evening,3,1,3.0,1,2,69
202400019892,2024-01-28,Afternoon,4,1,6.0,1,1,59
202400019893,2024-12-22,Afternoon,3,8,6.0,1,2,63
202400019894,2024-04-16,Afternoon,4,1,6.0,1,2,69
202400019895,2024-09-07,Afternoon,3,8,3.0,1,2,75
202400019896,2024-01-28,Morning,4,1,3.0,5,2,59
202400019897,2024-04-15,Evening,4,1,6.0,1,2,69
202400019898,2024-12-23,Afternoon,2,1,1.0,1,1,63
202400019899,2024-09-07,Night,3,1,2.0,5,2,75
202400019900,2024-12-23,Afternoon,3,1,3.0,1,1,61
202400019901,2024-01-27,Evening,4,1,3.0,5,2,59
202400019902,2024-04-15,Morning,4,1,3.0,2,2,69
202400019903,2024-12-20,Evening,3,2,6.0,4,2,61
202400019904,2024-04-16,Evening,4,2,7.0,1,1,65
202400019905,2024-01-26,Afternoon,3,1,1.0,1,2,59
202400019906,2024-09-06,Evening,4,1,3.0,4,2,75
202400019907,2024-12-22,Morning,3,2,2.0,2,1,55
202400019908,2024-04-16,Morning,4,2,1.0,1,2,64
202400019909,2024-01-27,Morning,4,1,1.0,1,2,53
202400019910,2024-12-22,Afternoon,3,2,6.0,1,1,46
202400019911,2024-04-16,Afternoon,4,8,1.0,1,2,64
202400019912,2024-01-28,Afternoon,4,1,3.0,1,2,35
202400019913,2024-09-07,Afternoon,4,8,3.0,1,2,75
202400019914,2024-01-28,Night,4,1,6.0,3,2,35
202400019915,2024-12-22,Morning,4,3,6.0,3,1,68
202400019916,2024-04-16,Afternoon,4,1,7.0,1,2,64
202400019917,2024-12-22,Afternoon,4,6,1.0,1,1,22
202400019918,2024-01-27,Afternoon,3,1,3.0,1,2,35
202400019919,2024-09-06,Afternoon,4,1,2.0,1,2,75
202400019920,2024-12-22,Evening,3,2,6.0,3,2,22
202400019921,2024-04-16,Afternoon,4,8,3.0,1,2,64
202400019922,2024-01-28,Morning,4,1,3.0,1,1,25
202400019923,2024-12-23,Morning,3,7,6.0,1,2,44
202400019924,2024-12-21,Afternoon,3,2,7.0,1,2,44
202400019925,2024-04-15,Afternoon,3,1,3.0,1,2,64
202400019926,2024-09-06,Afternoon,4,1,3.0,1,2,75
202400019927,2024-01-28,Evening,4,1,5.0,5,2,13
202400019928,2024-12-23,Afternoon,4,2,7.0,1,2,29
202400019929,2024-04-16,Morning,4,1,7.0,1,2,63
202400019930,2024-01-28,Evening,4,1,2.0,2,2,13
202400019931,2024-09-07,Afternoon,4,8,6.0,1,2,75
202400019932,2024-04-16,Morning,4,8,6.0,1,2,59
202400019933,2024-12-20,Afternoon,4,2,1.0,1,1,29
202400019934,2024-01-28,Afternoon,4,1,1.0,1,2,13
202400019935,2024-04-16,Morning,3,6,6.0,1,2,59
202400019936,2024-12-23,Afternoon,4,8,6.0,1,1,31
202400019937,2024-09-07,Night,4,1,3.0,5,2,75
202400019938,2024-04-15,Afternoon,3,1,2.0,1,2,59
202400019939,2024-04-16,Afternoon,3,1,6.0,1,2,58
202400019940,2024-12-22,Afternoon,4,8,1.0,1,1,14
202400019941,2024-01-26,Afternoon,4,1,3.0,1,2,13
202400019942,2024-04-16,Morning,4,1,6.0,1,2,58
202400019943,2024-12-23,Morning,4,1,3.0,1,2,50
202400019944,2024-09-07,Morning,4,1,6.0,1,2,75
202400019945,2024-01-27,Afternoon,3,1,5.0,1,2,13
202400019946,2024-12-21,Night,4,2,6.0,3,1,36
202400019947,2024-04-16,Afternoon,3,1,3.0,1,2,56
202400019948,2024-01-22,Morning,3,1,3.0,2,2,13
202400019949,2024-12-21,Afternoon,3,1,3.0,1,1,53
202400019950,2024-04-15,Afternoon,3,1,3.0,1,2,54
202400019951,2024-09-07,Morning,4,1,2.0,1,2,75
202400019952,2024-12-22,Night,2,2,6.0,3,1,40
202400019953,2024-01-28,Afternoon,4,1,3.0,1,2,09
202400019954,2024-12-22,Afternoon,3,8,6.0,1,1,40
202400019955,2024-04-15,Morning,4,1,2.0,3,2,54
202400019956,2024-12-21,Morning,3,1,6.0,1,1,30
202400019957,2024-01-27,Evening,4,1,2.0,4,2,75
202400019958,2024-09-06,Evening,4,1,3.0,1,2,94
202400019959,2024-12-18,Afternoon,4,1,1.0,2,1,30
202400019960,2024-01-28,Afternoon,4,1,6.0,1,2,75
202400019961,2024-04-15,Afternoon,4,1,6.0,1,2,50
202400019962,2024-01-26,Morning,4,1,7.0,5,2,75
202400019963,2024-09-06,Night,4,1,2.0,5,2,94
202400019964,2024-04-16,Afternoon,4,1,3.0,1,2,45
202400019965,2024-12-22,Afternoon,4,2,5.0,1,1,52
202400019966,2024-01-28,Evening,3,1,6.0,5,2,75
202400019968,2024-04-15,Afternoon,4,1,3.0,1,2,45
202400019969,2024-09-07,Afternoon,4,1,2.0,1,1,93
202400019970,2024-12-15,Night,4,1,2.0,3,1,31
202400019971,2024-01-28,Afternoon,4,1,6.0,1,2,75
202400019972,2024-04-16,Morning,3,2,3.0,1,2,38
202400019973,2024-12-22,Evening,4,2,2.0,3,1,60
202400019975,2024-01-28,Evening,4,1,6.0,5,2,94
202400019976,2024-04-16,Evening,4,1,1.0,1,2,34
202400019977,2024-12-22,Afternoon,4,4,6.0,1,1,01
202400019978,2024-09-06,Afternoon,3,1,1.0,1,2,93
202400019979,2024-04-16,Afternoon,4,1,6.0,1,2,34
202400019980,2024-12-22,Afternoon,4,3,6.0,3,1,42
202400019981,2024-04-16,Afternoon,4,1,3.0,1,2,34
202400019982,2024-12-19,Afternoon,4,1,5.0,4,1,06
202400019983,2024-01-28,Morning,4,1,3.0,1,2,93
202400019984,2024-09-06,Evening,4,1,3.0,5,2,93
202400019985,2024-04-16,Afternoon,3,1,3.0,1,1,33
202400019987,2024-01-28,Night,4,1,7.0,5,2,93
202400019988,2024-12-22,Afternoon,2,1,1.0,2,1,33
202400019989,2024-04-15,Afternoon,4,2,6.0,1,2,29
202400019990,2024-01-28,Evening,4,1,6.0,5,2,92
202400019991,2024-09-07,Evening,4,1,3.0,1,2,93
202400019992,2024-04-16,Afternoon,4,1,6.0,1,2,25
202400019993,2024-12-23,Afternoon,4,1,3.0,1,1,77
202400019994,2024-04-15,Night,3,8,7.0,5,2,18
202400019995,2024-01-28,Afternoon,4,1,3.0,1,2,92
202400019996,2024-12-16,Night,3,1,6.0,3,1,91
202400019997,2024-04-16,Night,4,1,1.0,5,2,13
202400019998,2024-01-27,Night,4,1,6.0,5,2,92
202400019999,2024-09-06,Evening,4,1,3.0,5,2,93
202400020000,2024-01-28,Evening,3,1,7.0,5,2,92
202400020001,2024-12-23,Evening,4,2,3.0,5,1,42
202400020002,2024-04-15,Afternoon,4,1,2.0,1,2,13
202400020003,2024-12-23,Afternoon,2,8,7.0,2,1,01
202400020004,2024-01-29,Afternoon,4,1,7.0,1,1,71
202400020005,2024-09-07,Night,4,2,2.0,5,2,92
202400020006,2024-04-16,Morning,4,1,3.0,1,2,06
202400020007,2024-12-02,Morning,3,1,3.0,1,2,01
202400020008,2024-01-29,Afternoon,3,1,3.0,1,2,81
202400020009,2024-09-07,Afternoon,4,1,2.0,1,2,92
202400020010,2024-04-15,Morning,4,1,5.0,1,1,06
202400020011,2024-12-20,Night,4,2,3.0,5,2,69
202400020012,2024-04-16,Evening,4,1,2.0,2,2,75
202400020013,2024-09-07,Afternoon,4,2,2.0,1,2,92
202400020014,2024-12-22,Afternoon,4,1,1.0,1,1,17
202400020015,2024-01-28,Evening,3,1,2.0,3,1,88
202400020016,2024-09-07,Morning,4,1,7.0,1,2,92
202400020017,2024-04-16,Morning,4,2,2.0,1,2,75
202400020018,2024-12-22,Afternoon,3,2,3.0,1,2,61
202400020019,2024-12-22,Night,2,2,6.0,3,1,35
202400020020,2024-04-16,Morning,4,1,2.0,1,2,75
202400020021,2024-09-07,Afternoon,4,8,3.0,1,2,92
202400020022,2024-01-29,Morning,3,1,5.0,1,1,28
202400020023,2024-04-15,Morning,4,1,6.0,1,2,75
202400020024,2024-12-22,Afternoon,4,2,1.0,1,1,27
202400020025,2024-09-06,Afternoon,4,1,3.0,1,2,92
202400020026,2024-01-28,Evening,3,1,6.0,3,2,83
202400020027,2024-12-22,Evening,3,6,1.0,3,1,27
202400020028,2024-04-16,Afternoon,3,2,6.0,1,2,75
202400020029,2024-01-29,Afternoon,2,1,6.0,1,1,62
202400020030,2024-09-08,Night,2,1,6.0,3,1,2A
202400020031,2024-12-03,Afternoon,4,1,3.0,2,1,27
202400020032,2024-04-16,Afternoon,4,2,3.0,1,2,75
202400020033,2024-01-13,Night,4,1,7.0,5,1,51
202400020034,2024-09-08,Night,3,8,6.0,3,1,38
202400020035,2024-09-07,Afternoon,4,1,7.0,1,1,42
202400020036,2024-01-18,Evening,4,4,6.0,5,2,59
202400020037,2024-04-16,Morning,4,2,2.0,1,2,75
202400020038,2024-12-21,Morning,4,2,1.0,1,1,59
202400020039,2024-01-28,Afternoon,4,1,7.0,1,1,63
202400020040,2024-08-26,Afternoon,4,1,2.0,1,1,19
202400020041,2024-12-22,Evening,2,1,3.0,4,2,59
202400020042,2024-04-16,Evening,4,2,4.0,1,2,75
202400020043,2024-09-07,Afternoon,3,2,6.0,1,1,63
202400020044,2024-01-28,Afternoon,4,1,2.0,1,1,63
202400020045,2024-04-16,Afternoon,3,1,6.0,1,2,75
202400020046,2024-12-21,Night,4,1,2.0,3,1,13
202400020047,2024-09-08,Night,3,1,6.0,3,1,31
202400020048,2024-01-28,Afternoon,3,1,7.0,1,1,49
202400020049,2024-04-15,Afternoon,4,3,6.0,1,2,75
202400020050,2024-09-07,Evening,4,2,6.0,1,1,03
202400020051,2024-01-28,Afternoon,4,1,7.0,2,1,12
202400020052,2024-12-11,Afternoon,4,1,4.0,1,1,69
202400020053,2024-04-16,Morning,4,2,3.0,1,2,75
202400020054,2024-09-08,Night,3,8,7.0,3,2,18
202400020055,2024-01-29,Afternoon,3,1,6.0,1,1,68
202400020056,2024-04-16,Evening,4,1,6.0,1,2,75
202400020057,2024-09-07,Afternoon,3,2,6.0,1,1,36
202400020058,2024-12-22,Afternoon,4,3,5.0,1,1,91
202400020059,2024-01-28,Afternoon,3,1,1.0,1,1,44
202400020061,2024-04-16,Afternoon,4,1,3.0,1,2,75
202400020062,2024-09-06,Afternoon,3,2,2.0,1,2,16
202400020063,2024-12-22,Morning,4,2,6.0,1,1,91
202400020064,2024-01-28,Afternoon,3,1,7.0,1,1,02
202400020065,2024-09-08,Morning,3,2,6.0,2,2,85
202400020066,2024-04-15,Evening,4,1,6.0,5,2,75
202400020068,2024-01-27,Morning,3,1,6.0,2,1,72
202400020069,2024-12-22,Night,4,2,4.0,3,1,91
202400020071,2024-04-16,Evening,4,2,3.0,1,2,75
202400020073,2024-04-16,Morning,4,1,6.0,1,2,75
202400020074,2024-01-28,Afternoon,3,1,4.0,1,1,14
202400020075,2024-12-22,Morning,4,2,2.0,2,1,95
202400020077,2024-04-15,Afternoon,4,2,6.0,1,2,75
202400020078,2024-01-29,Morning,3,1,7.0,1,1,18
202400020079,2024-12-22,Night,4,2,6.0,3,1,93
202400020080,2024-09-06,Morning,3,1,3.0,1,1,38
202400020081,2024-04-16,Afternoon,4,1,3.0,1,2,94
202400020083,2024-12-22,Night,4,1,6.0,3,1,93
202400020084,2024-01-27,Afternoon,4,1,1.0,1,1,18
202400020085,2024-04-15,Afternoon,4,2,3.0,1,2,94
202400020086,2024-12-21,Afternoon,4,3,6.0,3,1,95
202400020088,2024-01-27,Morning,4,1,7.0,1,1,28
202400020089,2024-09-07,Night,4,3,1.0,5,2,69
202400020090,2024-04-16,Night,4,2,7.0,5,2,94
202400020091,2024-12-22,Evening,4,2,2.0,3,1,94
202400020092,2024-07-31,Evening,4,1,3.0,1,2,69
202400020093,2024-01-29,Afternoon,3,1,2.0,1,2,17
202400020094,2024-04-16,Afternoon,4,2,6.0,1,2,94
202400020095,2024-12-21,Afternoon,4,2,2.0,1,1,77
202400020097,2024-01-27,Night,3,1,7.0,3,1,17
202400020098,2024-04-16,Afternoon,4,1,3.0,1,2,94
202400020099,2024-07-31,Evening,4,1,3.0,1,2,69
202400020100,2024-12-21,Morning,4,1,3.0,1,1,94
202400020102,2024-01-29,Night,3,1,7.0,3,1,17
202400020103,2024-07-31,Afternoon,4,1,6.0,1,2,2B
202400020104,2024-11-27,Afternoon,4,1,3.0,1,2,44
202400020106,2024-01-29,Morning,4,1,2.0,1,1,72
202400020107,2024-11-26,Morning,4,1,6.0,2,2,44
202400020109,2024-07-31,Morning,4,1,4.0,1,2,2B
202400020110,2024-11-25,Morning,4,1,6.0,2,2,44
202400020111,2024-01-29,Afternoon,4,1,2.0,1,2,30
202400020112,2024-09-03,Morning,4,1,2.0,1,2,83
202400020113,2024-07-31,Afternoon,4,1,6.0,1,1,84
202400020115,2024-08-01,Morning,3,1,6.0,1,1,84
202400020116,2024-07-30,Evening,3,1,7.0,1,1,91
202400020118,2024-09-08,Night,4,2,7.0,5,1,57
202400020120,2024-07-29,Evening,4,1,6.0,1,1,91
202400020121,2024-01-19,Night,4,1,6.0,3,1,05
202400020122,2024-09-08,Morning,4,8,6.0,2,1,38
202400020123,2024-07-30,Morning,4,1,7.0,1,2,91
202400020126,2024-01-27,Morning,4,1,7.0,5,1,06
202400020127,2024-09-07,Afternoon,3,1,6.0,1,2,49
202400020128,2024-07-28,Afternoon,3,7,1.0,1,1,88
202400020130,2024-09-07,Afternoon,4,1,6.0,1,1,22
202400020131,2024-07-31,Morning,4,1,1.0,1,1,87
202400020132,2024-01-29,Morning,4,1,4.0,2,1,51
202400020134,2024-01-26,Afternoon,4,1,3.0,1,1,34
202400020135,2024-09-07,Evening,4,2,3.0,1,2,35
202400020136,2024-07-28,Afternoon,4,1,3.0,1,2,87
202400020137,2024-01-27,Evening,3,1,7.0,3,1,45
202400020139,2024-07-31,Morning,3,1,3.0,1,2,85
202400020140,2024-09-07,Morning,3,1,2.0,1,2,60
202400020142,2024-09-07,Night,4,1,7.0,3,1,80
202400020143,2024-12-21,Morning,4,1,3.0,1,2,69
202400020144,2024-07-31,Afternoon,4,1,3.0,1,2,84
202400020146,2024-08-10,Morning,3,1,7.0,1,1,13
202400020147,2024-12-21,Afternoon,3,2,6.0,1,2,95
202400020148,2024-07-28,Afternoon,4,1,6.0,1,2,83
202400020149,2024-01-28,Afternoon,4,1,3.0,1,1,33
202400020150,2024-09-03,Night,4,1,2.0,3,1,69
202400020151,2024-01-28,Evening,3,1,6.0,3,1,45
202400020152,2024-12-21,Afternoon,4,2,3.0,1,2,95
202400020153,2024-07-30,Morning,4,1,3.0,1,2,80
202400020154,2024-12-20,Morning,4,7,6.0,1,2,91
202400020155,2024-01-12,Morning,3,1,6.0,3,1,77
202400020156,2024-09-06,Night,4,1,2.0,3,1,69
202400020157,2024-01-27,Morning,3,1,6.0,1,2,2B
202400020158,2024-09-07,Afternoon,4,2,6.0,1,1,92
202400020159,2024-12-21,Night,4,2,1.0,3,2,91
202400020160,2024-07-31,Night,4,1,6.0,5,2,76
202400020161,2024-01-27,Morning,4,1,1.0,1,2,66
202400020162,2024-09-06,Afternoon,4,1,6.0,1,1,78
202400020163,2024-12-22,Night,4,2,7.0,3,2,91
202400020164,2024-01-28,Afternoon,3,1,6.0,1,1,13
202400020165,2024-12-21,Night,2,1,2.0,3,2,91
202400020166,2024-07-31,Morning,4,1,6.0,1,2,71
202400020167,2024-09-06,Afternoon,4,1,4.0,1,1,95
202400020168,2024-12-21,Evening,3,2,2.0,5,2,85
202400020169,2024-07-31,Afternoon,4,1,2.0,1,2,69
202400020170,2024-09-06,Morning,4,1,2.0,1,1,93
202400020171,2024-01-28,Afternoon,3,1,1.0,1,1,33
202400020172,2024-08-30,Evening,4,1,2.0,1,1,94
202400020173,2024-07-30,Afternoon,4,1,3.0,1,2,69
202400020174,2024-01-26,Evening,3,1,3.0,3,1,22
202400020175,2024-09-06,Afternoon,4,1,6.0,1,1,77
202400020176,2024-01-28,Afternoon,4,1,2.0,1,1,13
202400020177,2024-09-06,Afternoon,4,1,2.0,1,1,94
202400020178,2024-07-31,Afternoon,4,1,4.0,1,2,64
202400020179,2024-01-28,Morning,4,1,6.0,3,1,83
202400020181,2024-01-28,Night,4,1,6.0,3,1,69
202400020182,2024-07-30,Evening,4,1,1.0,1,2,62
202400020184,2024-01-28,Evening,4,1,4.0,3,1,91
202400020185,2024-07-31,Evening,4,1,3.0,1,2,56
202400020187,2024-01-28,Morning,4,1,5.0,3,1,94
202400020188,2024-07-30,Morning,4,1,6.0,1,2,51
202400020189,2024-07-30,Afternoon,4,1,6.0,1,2,50
202400020191,2024-07-31,Afternoon,4,1,6.0,1,2,50
202400020192,2024-01-27,Evening,4,1,5.0,3,1,91
202400020194,2024-07-06,Night,3,1,1.0,5,2,49
202400020195,2024-01-27,Afternoon,4,1,2.0,1,1,91
202400020196,2024-09-06,Afternoon,4,1,4.0,1,2,69
202400020197,2024-07-30,Evening,4,1,1.0,1,2,49
202400020198,2024-01-27,Afternoon,4,1,4.0,1,1,94
202400020200,2024-01-28,Morning,4,1,6.0,1,1,78
202400020201,2024-07-31,Afternoon,4,1,1.0,1,2,45
202400020202,2024-01-28,Night,4,1,2.0,3,1,78
202400020203,2024-09-06,Morning,4,1,4.0,1,1,2B
202400020204,2024-07-31,Night,4,1,3.0,5,2,37
202400020205,2024-01-28,Evening,4,1,6.0,3,1,93
202400020206,2024-01-28,Evening,4,1,7.0,3,1,95
202400020208,2024-07-13,Evening,4,1,2.0,1,2,34
202400020209,2024-01-28,Evening,4,1,2.0,3,1,93
202400020210,2024-07-31,Evening,4,1,6.0,2,1,32
202400020211,2024-01-28,Afternoon,4,1,3.0,1,1,95
202400020212,2024-09-06,Afternoon,3,1,1.0,1,2,91
202400020213,2024-01-28,Morning,3,1,6.0,3,1,93
202400020214,2024-09-06,Morning,4,1,3.0,1,1,91
202400020215,2024-07-31,Evening,4,1,4.0,1,1,31
202400020217,2024-07-31,Afternoon,4,1,6.0,1,2,31
202400020218,2024-09-06,Afternoon,4,1,2.0,1,1,84
202400020220,2024-06-19,Evening,4,1,3.0,5,2,83
202400020221,2024-07-31,Evening,4,1,3.0,5,2,16
202400020222,2024-09-06,Evening,4,1,6.0,1,2,80
202400020225,2024-07-31,Afternoon,4,1,2.0,1,2,13
202400020226,2024-07-31,Night,3,1,6.0,5,2,13
202400020227,2024-09-06,Morning,4,1,3.0,1,2,80
202400020229,2024-07-28,Afternoon,4,1,3.0,1,2,04
202400020230,2024-09-06,Morning,4,1,3.0,1,2,80
202400020231,2024-09-05,Afternoon,4,2,7.0,1,1,80
202400020232,2024-01-27,Night,4,1,1.0,5,2,2B
202400020233,2024-07-31,Morning,4,1,4.0,1,2,75
202400020234,2024-09-05,Afternoon,3,1,3.0,1,2,79
202400020235,2024-07-31,Night,3,3,3.0,5,2,75
202400020236,2024-01-27,Afternoon,4,1,3.0,1,2,2B
202400020237,2024-07-31,Afternoon,4,8,7.0,1,2,75
202400020239,2024-07-30,Afternoon,4,1,6.0,1,2,94
202400020240,2024-09-06,Afternoon,4,1,1.0,1,2,77
202400020241,2024-07-31,Afternoon,4,1,3.0,1,2,94
202400020242,2024-01-27,Afternoon,4,1,3.0,1,2,95
202400020243,2024-09-05,Morning,3,2,6.0,1,2,77
202400020244,2024-07-30,Night,4,1,3.0,5,2,94
202400020245,2024-01-26,Morning,4,1,3.0,1,2,95
202400020246,2024-07-30,Evening,4,1,3.0,5,2,94
202400020247,2024-09-06,Morning,4,1,3.0,1,2,76
202400020248,2024-01-27,Afternoon,4,1,2.0,3,2,91
202400020249,2024-09-05,Afternoon,3,2,1.0,1,2,76
202400020250,2024-01-27,Morning,4,9,3.0,5,2,91
202400020251,2024-07-29,Night,4,1,3.0,5,2,94
202400020252,2024-09-06,Morning,4,1,6.0,1,2,69
202400020253,2024-01-27,Morning,4,1,3.0,2,2,91
202400020254,2024-07-31,Afternoon,4,1,3.0,1,2,93
202400020255,2024-09-07,Night,4,1,3.0,5,2,69
202400020256,2024-01-27,Night,4,1,3.0,5,2,91
202400020257,2024-07-31,Morning,3,1,6.0,1,2,93
202400020258,2024-01-27,Evening,3,1,6.0,5,2,83
202400020259,2024-09-06,Morning,4,1,3.0,1,2,69
202400020260,2024-07-31,Afternoon,3,1,6.0,1,2,93
202400020261,2024-01-27,Night,4,1,3.0,5,2,83
202400020262,2024-09-05,Evening,4,1,2.0,1,2,69
202400020263,2024-07-31,Afternoon,3,1,6.0,1,2,93
202400020264,2024-09-06,Night,4,1,7.0,5,2,68
202400020265,2024-01-27,Afternoon,3,1,3.0,1,2,77
202400020266,2024-07-31,Night,4,2,7.0,5,2,92
202400020267,2024-01-27,Night,4,1,6.0,5,2,76
202400020268,2024-09-06,Afternoon,4,2,3.0,1,2,64
202400020269,2024-07-31,Night,4,2,6.0,5,2,92
202400020270,2024-01-27,Afternoon,4,1,6.0,2,2,76
202400020271,2024-09-06,Afternoon,4,2,6.0,1,2,62
202400020272,2024-09-06,Morning,4,1,6.0,1,2,60
202400020273,2024-01-26,Afternoon,4,1,1.0,1,2,76
202400020274,2024-07-30,Evening,4,1,1.0,1,2,92
202400020275,2024-01-27,Morning,4,1,6.0,5,2,72
202400020276,2024-09-06,Afternoon,3,2,6.0,1,2,59
202400020277,2024-01-27,Evening,4,1,3.0,5,2,69
202400020278,2024-07-31,Morning,4,1,3.0,1,2,92
202400020279,2024-09-06,Evening,4,8,3.0,2,2,59
202400020280,2024-01-27,Morning,3,1,1.0,1,2,67
202400020281,2024-09-06,Morning,4,2,6.0,2,2,59
202400020282,2024-08-01,Afternoon,3,1,1.0,1,1,24
202400020283,2024-09-05,Evening,4,1,3.0,1,2,56
202400020284,2024-01-26,Morning,4,2,1.0,5,2,60
202400020285,2024-07-31,Afternoon,3,1,3.0,1,1,37
202400020286,2024-09-06,Evening,4,1,3.0,1,2,54
202400020287,2024-01-26,Afternoon,4,1,6.0,1,2,59
202400020288,2024-07-31,Evening,4,1,1.0,2,1,37
202400020289,2024-09-05,Afternoon,4,1,2.0,1,2,54
202400020290,2024-01-27,Evening,4,1,3.0,5,2,49
202400020291,2024-09-06,Morning,4,2,3.0,1,2,54
202400020292,2024-08-01,Night,4,1,1.0,3,1,2A
202400020293,2024-01-27,Night,4,1,6.0,5,2,44
202400020294,2024-09-06,Afternoon,4,1,3.0,1,2,51
202400020295,2024-06-25,Morning,3,1,3.0,1,2,84
202400020296,2024-01-27,Night,4,1,2.0,3,2,41
202400020297,2024-09-06,Night,4,2,7.0,5,2,51
202400020298,2024-01-27,Morning,3,1,3.0,5,2,35
202400020299,2024-08-01,Morning,3,1,3.0,1,2,05
202400020300,2024-09-05,Evening,3,8,7.0,1,2,51
202400020301,2024-01-27,Evening,4,1,1.0,5,2,34
202400020302,2024-09-05,Afternoon,4,2,6.0,1,2,51