Num_Acc,date,time_of_day,max_severity,weather,collision_type,lighting,urban_area,department
202400020303,2024-07-30,Evening,4,1,1.0,1,1,62
202400020304,2024-01-27,Evening,4,1,6.0,5,2,33
202400020305,2024-09-05,Afternoon,4,1,2.0,1,2,51
202400020306,2024-07-31,Night,4,1,7.0,3,1,57
202400020307,2024-01-27,Morning,3,1,6.0,5,2,33
202400020308,2024-08-30,Evening,4,1,3.0,1,2,51
202400020309,2024-07-31,Evening,3,1,7.0,1,2,59
202400020310,2024-01-27,Night,4,1,3.0,3,1,27
202400020311,2024-09-06,Morning,4,1,1.0,1,2,49
202400020312,2024-08-01,Evening,3,1,6.0,1,2,56
202400020313,2024-09-05,Afternoon,3,1,3.0,1,2,49
202400020314,2024-07-31,Afternoon,3,1,6.0,1,1,77
202400020315,2024-09-06,Night,3,1,3.0,5,2,45
202400020316,2024-01-27,Afternoon,4,1,1.0,1,2,25
202400020317,2024-07-31,Afternoon,4,1,1.0,1,1,2A
202400020318,2024-01-26,Afternoon,4,2,6.0,1,2,25
202400020319,2024-09-06,Morning,2,1,3.0,1,2,41
202400020320,2024-01-25,Night,4,1,6.0,3,1,23
202400020321,2024-07-30,Afternoon,4,1,3.0,1,2,2B
202400020322,2024-09-06,Evening,4,1,6.0,1,2,37
202400020323,2024-08-01,Night,3,1,6.0,3,1,89
202400020324,2024-01-27,Afternoon,4,1,1.0,1,2,13
202400020325,2024-09-06,Morning,3,1,3.0,1,1,34
202400020326,2024-08-01,Morning,3,7,1.0,1,1,63
202400020327,2024-09-06,Evening,4,1,1.0,5,2,33
202400020328,2024-09-05,Night,3,1,7.0,5,2,33
202400020329,2024-07-28,Afternoon,3,1,1.0,1,1,49
202400020330,2024-07-28,Afternoon,3,1,7.0,1,1,42
202400020331,2024-09-01,Night,3,1,3.0,5,2,30
202400020332,2024-09-06,Morning,4,1,1.0,2,2,29
202400020333,2024-08-01,Afternoon,2,1,2.0,1,1,39
202400020334,2024-07-31,Morning,3,1,1.0,1,2,25
202400020335,2024-09-06,Afternoon,4,1,7.0,1,2,27
202400020336,2024-09-06,Morning,4,1,3.0,1,2,27
202400020337,2024-08-01,Afternoon,4,1,1.0,1,1,66
202400020338,2024-09-05,Night,4,1,7.0,5,2,19
202400020339,2024-07-31,Morning,4,7,6.0,1,2,50
202400020340,2024-09-06,Afternoon,4,1,2.0,1,1,17
202400020341,2024-07-28,Evening,4,1,1.0,1,1,60
202400020342,2024-09-05,Evening,4,1,3.0,3,2,15
202400020343,2024-09-05,Morning,4,2,7.0,1,1,14
202400020344,2024-07-28,Evening,4,1,2.0,1,1,18
202400020345,2024-07-26,Afternoon,4,1,1.0,1,1,07
202400020346,2024-09-07,Night,4,1,3.0,5,2,13
202400020347,2024-07-31,Evening,2,1,6.0,1,2,27
202400020348,2024-09-06,Night,4,1,3.0,5,2,13
202400020349,2024-08-01,Morning,4,1,4.0,1,1,13
202400020350,2024-09-03,Afternoon,4,3,1.0,1,1,12
202400020351,2024-08-01,Morning,3,1,2.0,1,2,13
202400020352,2024-09-06,Afternoon,4,1,2.0,1,2,10
202400020353,2024-09-06,Afternoon,4,1,6.0,1,1,10
202400020354,2024-08-01,Morning,4,1,2.0,1,1,21
202400020355,2024-09-05,Evening,4,1,3.0,1,2,10
202400020356,2024-07-27,Evening,3,1,6.0,1,1,11
202400020357,2024-09-06,Afternoon,4,1,6.0,1,2,06
202400020359,2024-09-06,Afternoon,3,1,6.0,1,2,06
202400020360,2024-09-05,Afternoon,4,1,6.0,1,2,06
202400020361,2024-08-24,Evening,3,1,7.0,1,2,05
202400020362,2024-07-30,Evening,3,1,3.0,2,2,11
202400020363,2024-05-27,Night,4,9,4.0,3,1,94
202400020364,2024-07-31,Morning,2,1,1.0,1,1,34
202400020365,2024-09-06,Morning,4,1,2.0,5,2,01
202400020366,2024-09-06,Afternoon,4,1,2.0,1,2,75
202400020367,2024-07-26,Afternoon,4,1,3.0,1,2,01
202400020368,2024-05-27,Afternoon,4,1,4.0,1,1,94
202400020369,2024-09-06,Morning,4,1,2.0,1,2,75
202400020370,2024-07-30,Afternoon,3,1,3.0,1,1,17
202400020371,2024-05-26,Night,4,2,2.0,3,1,77
202400020372,2024-09-05,Evening,4,1,2.0,1,2,75
202400020373,2024-07-23,Afternoon,4,1,1.0,1,1,33
202400020374,2024-01-15,Evening,3,1,3.0,5,2,84
202400020375,2024-07-31,Afternoon,3,1,6.0,1,1,76
202400020376,2024-09-06,Night,3,1,6.0,5,2,75
202400020377,2024-01-10,Evening,4,2,3.0,5,2,84
202400020379,2024-07-31,Afternoon,3,1,4.0,1,1,83
202400020380,2024-09-06,Morning,4,1,3.0,1,2,75
202400020381,2024-05-26,Afternoon,4,1,6.0,1,2,69
202400020382,2024-09-04,Afternoon,4,1,6.0,1,2,75
202400020383,2024-05-26,Night,4,1,3.0,5,2,69
202400020384,2024-07-29,Morning,4,1,4.0,1,2,83
202400020385,2024-09-06,Evening,4,1,6.0,2,2,75
202400020386,2024-05-26,Morning,4,1,3.0,1,2,2B
202400020387,2024-07-29,Afternoon,4,1,4.0,1,1,59
202400020388,2024-09-06,Afternoon,4,1,5.0,1,2,75
202400020390,2024-07-31,Evening,4,1,3.0,1,1,94
202400020391,2024-09-06,Night,4,1,2.0,5,2,75
202400020392,2024-07-31,Afternoon,4,1,4.0,1,1,92
202400020394,2024-09-06,Evening,4,1,3.0,1,2,75
202400020395,2024-07-31,Afternoon,4,1,2.0,1,1,91
202400020397,2024-07-31,Afternoon,4,1,1.0,1,1,91
202400020398,2024-09-06,Night,4,1,3.0,5,2,75
202400020399,2024-05-26,Morning,4,2,6.0,1,1,95
202400020400,2024-07-30,Afternoon,4,1,7.0,1,1,78
202400020401,2024-09-06,Evening,4,1,3.0,1,2,75
202400020402,2024-07-31,Evening,4,1,2.0,1,1,93
202400020403,2024-05-26,Evening,3,1,3.0,1,2,91
202400020404,2024-09-06,Afternoon,4,1,2.0,1,2,75
202400020405,2024-07-31,Evening,4,1,6.0,1,1,92
202400020406,2024-05-26,Afternoon,4,1,3.0,1,2,88
202400020407,2024-09-06,Morning,4,1,3.0,1,2,75
202400020408,2024-07-31,Morning,4,2,4.0,1,1,93
202400020409,2024-05-26,Morning,4,1,7.0,1,2,81
202400020410,2024-07-31,Evening,4,1,7.0,1,1,94
202400020411,2024-05-26,Night,4,1,3.0,3,1,81
202400020412,2024-09-06,Afternoon,4,1,3.0,1,2,75
202400020413,2024-07-31,Night,4,2,4.0,4,1,94
202400020414,2024-05-26,Evening,4,1,3.0,1,2,77
202400020415,2024-09-06,Afternoon,4,1,6.0,1,2,75
202400020416,2024-07-30,Night,4,1,7.0,3,1,77
202400020417,2024-04-29,Afternoon,4,1,3.0,1,2,50
202400020418,2024-09-04,Afternoon,4,1,3.0,1,2,94
202400020420,2024-05-25,Night,3,1,1.0,3,1,77
202400020421,2024-09-06,Morning,4,1,3.0,2,2,94
202400020422,2024-05-26,Morning,4,1,2.0,1,1,77
202400020424,2024-09-06,Afternoon,3,1,1.0,1,2,94
202400020425,2024-05-26,Evening,4,1,3.0,1,2,69
202400020427,2024-09-06,Afternoon,4,1,2.0,1,2,94
202400020428,2024-07-30,Afternoon,3,1,2.0,1,2,69
202400020429,2024-05-26,Afternoon,4,1,3.0,1,2,69
202400020430,2024-09-06,Afternoon,4,1,6.0,1,2,94
202400020431,2024-07-30,Night,3,1,6.0,5,2,69
202400020432,2024-09-05,Morning,4,2,6.0,1,2,94
202400020433,2024-05-26,Afternoon,4,8,3.0,1,2,66
202400020434,2024-07-30,Afternoon,4,1,3.0,1,2,69
202400020435,2024-09-06,Morning,4,1,1.0,1,2,94
202400020436,2024-07-30,Afternoon,4,1,6.0,1,2,95
202400020437,2024-05-26,Afternoon,4,1,1.0,1,2,64
202400020438,2024-07-30,Evening,4,1,3.0,1,2,91
202400020439,2024-09-06,Afternoon,4,1,1.0,1,2,94
202400020440,2024-07-30,Morning,4,1,7.0,1,2,87
202400020441,2024-05-26,Evening,4,1,2.0,1,2,63
202400020442,2024-07-26,Morning,4,1,3.0,1,2,87
202400020443,2024-09-05,Evening,4,1,5.0,5,1,93
202400020444,2024-09-06,Morning,4,1,6.0,1,2,93
202400020445,2024-05-26,Night,4,1,3.0,5,2,59
202400020446,2024-07-30,Morning,4,1,7.0,1,2,83
202400020447,2024-09-06,Afternoon,3,1,3.0,1,2,93
202400020448,2024-07-25,Morning,4,1,6.0,1,1,83
202400020449,2024-05-26,Evening,3,1,3.0,1,2,57
202400020450,2024-09-06,Morning,4,1,3.0,1,2,93
202400020451,2024-07-28,Afternoon,3,1,2.0,1,1,83
202400020452,2024-05-25,Afternoon,3,1,7.0,1,2,47
202400020453,2024-07-30,Morning,4,1,6.0,1,2,82
202400020454,2024-09-05,Evening,4,1,3.0,5,2,93
202400020455,2024-04-03,Afternoon,3,1,3.0,4,2,42
202400020456,2024-07-30,Night,4,2,6.0,5,2,78
202400020457,2024-09-06,Morning,4,1,6.0,1,2,93
202400020458,2024-05-25,Afternoon,4,1,3.0,1,2,38
202400020459,2024-07-30,Morning,4,1,6.0,1,2,78
202400020460,2024-09-06,Afternoon,4,1,2.0,1,2,93
202400020461,2024-05-21,Afternoon,3,1,6.0,1,2,38
202400020462,2024-09-06,Afternoon,3,1,2.0,1,2,93
202400020463,2024-05-26,Afternoon,4,1,3.0,1,2,35
202400020464,2024-09-06,Afternoon,3,1,3.0,1,2,93
202400020465,2024-05-25,Evening,4,1,3.0,1,2,34
202400020466,2024-09-06,Morning,4,1,3.0,1,2,93
202400020467,2024-07-30,Afternoon,3,1,1.0,1,1,77
202400020468,2024-05-12,Evening,4,1,3.0,1,2,34
202400020469,2024-05-26,Morning,4,1,6.0,1,2,34
202400020470,2024-07-30,Morning,3,1,6.0,1,1,77
202400020471,2024-05-25,Afternoon,4,1,3.0,1,2,33
202400020472,2024-07-30,Afternoon,4,1,2.0,1,2,77
202400020473,2024-05-25,Afternoon,4,1,7.0,1,2,29
202400020474,2024-07-30,Evening,4,1,1.0,1,2,76
202400020475,2024-05-24,Evening,4,1,3.0,1,2,29
202400020476,2024-07-28,Evening,3,1,6.0,1,2,76
202400020477,2024-07-30,Night,4,1,6.0,3,1,73
202400020478,2024-05-26,Evening,4,1,6.0,1,2,22
202400020479,2024-07-29,Afternoon,4,1,3.0,1,2,72
202400020480,2024-05-21,Afternoon,4,1,2.0,1,2,22
202400020481,2024-07-30,Morning,4,1,6.0,2,2,71
202400020482,2024-05-26,Afternoon,4,1,6.0,1,1,16
202400020483,2024-05-25,Afternoon,3,1,1.0,1,2,13
202400020484,2024-07-15,Night,4,1,3.0,5,2,69
202400020485,2024-07-29,Evening,4,1,2.0,1,2,69
202400020486,2024-05-25,Morning,4,1,3.0,1,2,13
202400020487,2024-07-29,Afternoon,4,1,3.0,1,2,67
202400020488,2024-05-25,Evening,4,1,1.0,5,2,13
202400020489,2024-05-25,Afternoon,3,1,1.0,1,1,13
202400020490,2024-07-29,Morning,4,1,1.0,1,2,67
202400020491,2024-07-29,Evening,4,8,1.0,2,2,64
202400020492,2024-05-26,Evening,4,1,5.0,1,1,13
202400020493,2024-07-30,Night,4,1,3.0,5,2,64
202400020494,2024-05-25,Afternoon,4,1,4.0,1,2,75
202400020495,2024-07-29,Evening,4,1,3.0,1,2,64
202400020496,2024-07-29,Morning,2,1,6.0,1,2,62
202400020497,2024-05-25,Morning,4,1,6.0,1,2,75
202400020498,2024-07-30,Evening,4,1,6.0,1,2,61
202400020499,2024-05-26,Afternoon,4,2,6.0,1,2,75
202400020500,2024-07-24,Afternoon,3,1,6.0,1,2,60
202400020501,2024-05-26,Evening,4,1,6.0,1,2,75
202400020502,2024-07-30,Night,4,1,3.0,1,2,59
202400020503,2024-07-30,Morning,3,1,5.0,1,2,58
202400020504,2024-07-27,Afternoon,3,2,6.0,1,2,57
202400020505,2024-07-12,Afternoon,4,1,7.0,1,2,55
202400020506,2024-05-26,Afternoon,4,1,6.0,1,2,75
202400020507,2024-05-26,Afternoon,4,1,6.0,1,2,75
202400020508,2024-07-15,Evening,4,1,3.0,1,2,55
202400020509,2024-07-29,Afternoon,4,1,6.0,1,2,54
202400020510,2024-05-26,Afternoon,4,1,3.0,1,2,75
202400020511,2024-05-25,Afternoon,4,1,3.0,1,2,75
202400020512,2024-07-29,Morning,4,1,3.0,1,2,54
202400020513,2024-05-26,Afternoon,4,1,2.0,1,2,75
202400020514,2024-05-26,Afternoon,4,1,6.0,1,2,75
202400020515,2024-07-29,Morning,3,7,6.0,1,2,52
202400020516,2024-05-26,Night,3,1,2.0,5,2,94
202400020517,2024-06-26,Afternoon,4,1,6.0,1,2,49
202400020518,2024-07-30,Night,4,1,1.0,5,2,45
202400020519,2024-05-26,Morning,4,1,3.0,1,2,93
202400020520,2024-07-30,Evening,3,7,6.0,1,2,44
202400020521,2024-05-26,Evening,4,1,6.0,1,2,93
202400020522,2024-07-23,Night,4,1,3.0,5,2,42
202400020523,2024-05-26,Evening,4,1,6.0,1,2,93
202400020524,2024-07-30,Afternoon,4,1,5.0,1,1,41
202400020525,2024-05-26,Morning,4,1,6.0,1,2,93
202400020526,2024-07-29,Morning,4,1,6.0,1,2,37
202400020527,2024-05-26,Night,4,1,7.0,5,2,92
202400020528,2024-07-30,Afternoon,4,1,6.0,1,2,35
202400020529,2024-05-26,Morning,4,1,6.0,1,2,92
202400020530,2024-07-30,Afternoon,4,1,2.0,1,1,35
202400020531,2024-05-26,Afternoon,4,1,5.0,1,2,92
202400020532,2024-07-30,Afternoon,4,1,4.0,1,1,35
202400020533,2024-05-26,Night,4,1,3.0,5,2,92
202400020534,2024-07-29,Evening,4,1,2.0,1,2,35
202400020535,2024-05-26,Night,3,1,6.0,5,2,92
202400020536,2024-07-29,Evening,3,1,6.0,1,2,34
202400020537,2024-07-30,Evening,4,1,3.0,2,2,34
202400020538,2024-07-29,Afternoon,3,1,7.0,1,2,34
202400020539,2024-05-27,Morning,3,8,2.0,1,2,68
202400020540,2024-07-30,Evening,4,1,3.0,1,2,33
202400020542,2024-05-26,Night,3,1,7.0,5,2,67
202400020543,2024-07-30,Afternoon,4,1,3.0,1,2,33
202400020544,2024-05-26,Afternoon,4,2,6.0,1,1,22
202400020545,2024-07-27,Afternoon,2,1,3.0,1,2,33
202400020546,2024-07-30,Morning,4,1,3.0,1,2,29
202400020547,2024-05-27,Morning,3,1,1.0,1,1,87
202400020548,2024-07-30,Morning,4,1,6.0,1,2,29
202400020549,2024-05-27,Morning,3,1,6.0,1,1,06
202400020550,2024-07-29,Afternoon,3,1,7.0,1,1,29
202400020551,2024-05-26,Night,3,1,7.0,3,1,85
202400020552,2024-05-27,Morning,3,1,3.0,1,1,91
202400020553,2024-05-26,Evening,3,1,7.0,1,1,51
202400020554,2024-07-30,Night,4,1,3.0,5,2,17
202400020555,2024-07-20,Afternoon,4,1,6.0,1,2,14
202400020556,2024-05-25,Evening,3,1,3.0,1,1,79
202400020557,2024-07-30,Evening,4,1,3.0,3,2,13
202400020558,2024-05-26,Morning,3,1,1.0,2,2,82
202400020559,2024-07-31,Night,4,1,1.0,5,2,13
202400020560,2024-05-26,Night,4,1,1.0,3,1,89
202400020561,2024-07-30,Morning,4,1,3.0,1,2,13
202400020562,2024-05-26,Morning,3,1,7.0,2,1,61
202400020563,2024-07-30,Night,4,1,2.0,5,2,13
202400020564,2024-05-25,Evening,4,1,7.0,1,2,61
202400020565,2024-07-30,Night,3,1,3.0,5,2,13
202400020566,2024-05-27,Morning,3,1,5.0,1,1,61
202400020567,2024-07-30,Afternoon,4,1,5.0,1,2,11
202400020568,2024-05-09,Evening,4,1,7.0,1,1,55
202400020569,2024-07-30,Morning,4,1,6.0,1,1,11
202400020570,2024-05-27,Night,4,1,7.0,3,2,49
202400020571,2024-07-29,Morning,3,7,6.0,1,2,08
202400020572,2024-05-27,Afternoon,4,1,6.0,1,2,42
202400020573,2024-05-25,Afternoon,3,1,3.0,1,2,44
202400020574,2024-07-29,Afternoon,3,1,3.0,1,2,06
202400020575,2024-07-30,Morning,3,1,6.0,1,2,05
202400020576,2024-05-25,Afternoon,4,1,3.0,1,1,29
202400020577,2024-07-30,Afternoon,4,1,6.0,1,2,04
202400020578,2024-05-18,Night,4,1,3.0,3,1,29
202400020579,2024-07-29,Afternoon,4,1,1.0,1,1,01
202400020580,2024-07-30,Afternoon,4,1,4.0,1,2,75
202400020581,2024-05-26,Night,4,1,1.0,5,1,38
202400020582,2024-05-26,Morning,3,1,7.0,1,1,84
202400020583,2024-07-30,Afternoon,4,1,4.0,1,2,75
202400020584,2024-05-25,Afternoon,4,1,3.0,1,2,03
202400020585,2024-07-29,Morning,4,1,2.0,1,2,75
202400020586,2024-05-26,Afternoon,4,1,3.0,1,2,01
202400020587,2024-07-30,Morning,3,1,2.0,1,2,75
202400020588,2024-05-27,Afternoon,3,5,1.0,1,1,66
202400020589,2024-05-23,Afternoon,3,1,6.0,1,1,05
202400020590,2024-05-26,Morning,3,1,6.0,1,1,09
202400020591,2024-05-27,Night,4,1,6.0,3,2,21
202400020592,2024-05-20,Afternoon,3,1,7.0,1,2,27
202400020593,2024-05-26,Evening,3,1,3.0,1,2,30
202400020594,2024-05-27,Morning,3,1,3.0,1,2,13
202400020595,2024-05-21,Afternoon,4,1,1.0,1,2,06
202400020596,2024-05-27,Afternoon,4,1,1.0,1,1,95
202400020597,2024-05-27,Afternoon,3,1,2.0,1,1,77
202400020599,2024-03-16,Morning,3,1,3.0,1,1,78
202400020600,2024-05-27,Afternoon,3,8,7.0,1,1,66
202400020601,2024-05-23,Afternoon,4,1,1.0,1,1,06
202400020602,2024-05-27,Afternoon,4,1,5.0,1,1,26
202400020603,2024-05-27,Afternoon,4,1,3.0,1,2,89
202400020604,2024-05-27,Afternoon,2,1,3.0,1,1,71
202400020605,2024-05-26,Afternoon,3,1,7.0,1,1,71
202400020606,2024-05-26,Afternoon,3,1,7.0,1,2,67
202400020607,2024-05-23,Afternoon,4,1,1.0,1,2,54
202400020608,2024-05-26,Evening,3,1,7.0,1,1,38
202400020609,2024-05-25,Afternoon,4,1,3.0,1,2,69
202400020610,2024-05-27,Afternoon,3,1,6.0,1,2,81
202400020611,2024-02-28,Morning,4,1,6.0,1,1,65
202400020612,2024-05-26,Morning,2,1,6.0,2,2,14
202400020613,2024-05-27,Evening,4,1,3.0,2,2,80
202400020614,2024-05-26,Evening,4,1,7.0,1,1,59
202400020615,2024-05-26,Morning,3,1,6.0,1,2,59
202400020616,2024-05-26,Evening,4,1,3.0,1,1,13
202400020617,2024-05-25,Evening,4,1,2.0,1,1,13
202400020618,2024-05-24,Evening,4,1,2.0,1,1,13
202400020619,2024-05-25,Afternoon,4,1,6.0,1,1,13
202400020620,2024-05-24,Evening,3,1,3.0,1,1,13
202400020621,2024-05-26,Night,4,1,2.0,3,1,69
202400020622,2024-05-24,Morning,4,1,2.0,1,1,67
202400020623,2024-05-26,Morning,4,1,6.0,1,1,94
202400020624,2024-05-26,Morning,4,1,2.0,1,1,91
202400020625,2024-05-25,Night,4,1,1.0,3,1,92
202400020626,2024-05-25,Evening,3,1,2.0,1,1,78
202400020627,2024-05-26,Afternoon,4,1,6.0,1,1,92
202400020628,2024-05-26,Afternoon,4,1,4.0,1,1,93
202400020629,2024-05-25,Evening,4,1,2.0,1,1,93
202400020630,2024-10-11,Afternoon,4,1,3.0,1,1,64
202400020631,2024-05-25,Morning,4,1,6.0,1,1,77
202400020632,2024-05-12,Morning,3,1,1.0,1,2,57
202400020633,2024-10-11,Morning,4,1,4.0,2,2,64
202400020634,2024-01-20,Afternoon,3,4,6.0,1,2,62
202400020635,2024-02-09,Afternoon,4,1,7.0,1,2,14
202400020636,2024-02-08,Night,3,1,2.0,3,1,14
202400020637,2024-10-12,Night,4,1,3.0,5,2,64
202400020641,2024-10-10,Afternoon,4,1,3.0,1,2,64
202400020643,2024-05-25,Night,4,1,6.0,5,2,69
202400020644,2024-10-10,Morning,4,2,1.0,1,2,64
202400020645,2024-05-25,Night,4,1,6.0,5,2,69
202400020646,2024-05-25,Evening,4,1,3.0,3,2,69
202400020647,2024-10-11,Morning,4,1,3.0,5,2,63
202400020648,2024-05-25,Evening,4,8,1.0,1,2,69
202400020650,2024-10-10,Evening,3,1,6.0,1,2,62
202400020651,2024-10-08,Afternoon,3,1,6.0,1,2,62
202400020652,2024-05-24,Afternoon,4,1,3.0,1,2,2A
202400020653,2024-10-11,Morning,3,1,3.0,1,2,62
202400020654,2024-05-25,Night,4,1,3.0,5,2,84
202400020655,2024-10-11,Morning,3,1,7.0,1,2,62
202400020656,2024-05-25,Afternoon,3,1,3.0,1,2,83
202400020657,2024-05-25,Morning,3,1,6.0,1,2,83
202400020658,2024-10-11,Evening,4,1,6.0,1,2,62
202400020659,2024-05-25,Afternoon,4,1,3.0,1,2,80
202400020660,2024-10-11,Afternoon,4,2,6.0,1,2,60
202400020661,2024-05-25,Morning,4,1,3.0,1,2,78
202400020662,2024-05-24,Morning,4,1,7.0,1,2,77
202400020663,2024-10-11,Afternoon,4,1,6.0,1,2,59
202400020664,2024-05-25,Night,4,1,3.0,5,2,76
202400020665,2024-10-07,Afternoon,3,1,6.0,1,2,57
202400020666,2024-10-12,Night,4,2,7.0,5,2,56
202400020667,2024-05-25,Evening,4,1,6.0,1,2,76
202400020668,2024-05-24,Afternoon,3,8,3.0,1,2,74
202400020669,2024-10-11,Evening,4,1,7.0,1,2,56
202400020670,2024-05-25,Afternoon,4,8,6.0,1,2,72
202400020671,2024-10-11,Morning,4,1,6.0,3,1,56
202400020672,2024-05-25,Afternoon,4,1,1.0,1,1,67
202400020673,2024-10-10,Evening,4,1,6.0,5,2,56
202400020674,2024-05-25,Afternoon,3,1,3.0,1,1,67
202400020675,2024-05-24,Afternoon,4,1,3.0,1,2,65
202400020676,2024-10-10,Morning,4,1,3.0,1,2,56
202400020677,2024-05-25,Afternoon,4,1,2.0,1,2,64
202400020678,2024-05-25,Morning,4,1,6.0,1,2,64
202400020679,2024-10-09,Night,4,3,3.0,3,1,54
202400020680,2024-05-20,Afternoon,4,1,6.0,1,2,59
202400020681,2024-10-11,Afternoon,4,1,6.0,1,2,51
202400020682,2024-05-25,Night,4,2,3.0,5,2,56
202400020683,2024-05-24,Morning,4,1,3.0,1,2,56
202400020684,2024-10-11,Afternoon,4,1,2.0,1,1,50
202400020685,2024-05-25,Evening,4,1,3.0,1,2,54
202400020686,2024-10-10,Afternoon,4,1,3.0,1,1,50
202400020687,2024-05-25,Afternoon,4,1,6.0,1,1,54
202400020688,2024-05-24,Afternoon,4,3,6.0,1,1,54
202400020689,2024-05-25,Night,4,1,6.0,5,2,49
202400020690,2024-10-11,Morning,4,5,3.0,2,2,49
202400020691,2024-05-25,Afternoon,4,1,3.0,1,2,49
202400020692,2024-05-25,Afternoon,4,1,7.0,1,1,49
202400020693,2024-10-11,Morning,4,2,2.0,1,2,47
202400020694,2024-05-24,Afternoon,4,1,6.0,1,1,36
202400020695,2024-10-11,Morning,3,8,1.0,1,2,45
202400020696,2024-05-25,Night,3,1,3.0,3,2,35
202400020697,2024-10-11,Morning,4,1,6.0,1,2,45
202400020698,2024-05-26,Night,4,1,2.0,5,2,34
202400020699,2024-10-11,Afternoon,4,1,2.0,1,2,45
202400020700,2024-05-25,Night,3,1,2.0,5,2,33
202400020701,2024-10-11,Morning,4,1,3.0,1,2,45
202400020702,2024-05-25,Night,4,1,1.0,3,2,33
202400020703,2024-05-24,Afternoon,4,1,3.0,1,2,33
202400020704,2024-10-10,Morning,3,1,1.0,1,2,45
202400020705,2024-05-23,Evening,4,1,3.0,1,2,33
202400020706,2024-10-11,Night,4,1,3.0,3,2,44
202400020707,2024-05-25,Night,4,1,1.0,2,2,31
202400020708,2024-05-25,Evening,4,2,3.0,1,1,29
202400020709,2024-10-11,Evening,4,1,3.0,5,2,44
202400020710,2024-05-24,Evening,4,1,2.0,2,1,29
202400020711,2024-10-08,Afternoon,4,1,4.0,1,2,42
202400020712,2024-05-25,Night,4,2,3.0,3,1,22
202400020713,2024-05-24,Night,4,1,3.0,5,2,13
202400020714,2024-10-11,Evening,3,1,6.0,5,2,42
202400020715,2024-05-24,Afternoon,4,2,3.0,1,2,13
202400020716,2024-10-08,Afternoon,4,1,7.0,1,1,42
202400020717,2024-05-25,Night,3,1,6.0,2,2,08
202400020718,2024-09-24,Afternoon,2,1,1.0,1,2,39
202400020719,2024-05-25,Afternoon,4,1,3.0,1,2,05
202400020720,2024-10-11,Afternoon,4,1,3.0,1,2,38
202400020721,2024-05-25,Morning,4,1,2.0,1,2,04
202400020722,2024-05-25,Evening,4,1,3.0,1,2,01
202400020723,2024-10-11,Night,4,1,2.0,5,2,37
202400020724,2024-05-25,Evening,4,1,2.0,1,2,75
202400020725,2024-10-10,Night,3,2,1.0,5,2,34
202400020726,2024-05-24,Evening,4,1,2.0,5,2,75
202400020727,2024-10-11,Evening,4,1,6.0,1,2,33
202400020728,2024-05-25,Morning,4,1,3.0,1,2,75
202400020729,2024-10-11,Afternoon,3,1,3.0,1,2,31
202400020730,2024-05-25,Night,4,1,3.0,5,2,75
202400020731,2024-10-12,Night,4,1,7.0,4,1,30
202400020732,2024-10-11,Night,4,1,7.0,5,2,29
202400020733,2024-10-11,Morning,4,1,6.0,1,2,29
202400020734,2024-10-11,Afternoon,4,1,6.0,1,2,25
202400020735,2024-10-10,Afternoon,3,1,3.0,1,2,23
202400020736,2024-10-09,Afternoon,4,2,1.0,1,2,22
202400020737,2024-10-11,Afternoon,4,1,6.0,1,2,19
202400020738,2024-10-11,Afternoon,4,1,3.0,1,2,17
202400020739,2024-10-11,Afternoon,4,1,3.0,1,2,14
202400020740,2024-10-09,Afternoon,3,3,6.0,1,1,14
202400020741,2024-10-09,Afternoon,4,2,3.0,1,2,14
202400020742,2024-10-12,Night,4,1,5.0,5,2,13
202400020743,2024-10-11,Morning,4,1,3.0,5,2,13
202400020744,2024-10-11,Night,4,1,2.0,5,2,13
202400020745,2024-10-11,Night,4,1,3.0,5,2,10
202400020746,2024-10-10,Morning,4,2,6.0,1,2,10
202400020747,2024-10-10,Night,3,1,6.0,5,2,06
202400020748,2024-10-08,Morning,3,3,6.0,2,2,05
202400020749,2024-10-11,Night,4,1,2.0,5,2,75
202400020750,2024-10-11,Afternoon,4,1,3.0,1,2,75
202400020751,2024-10-11,Morning,4,1,6.0,1,2,75
202400020752,2024-10-11,Morning,3,1,6.0,1,2,75
202400020753,2024-10-11,Night,4,1,3.0,5,2,75
202400020754,2024-10-11,Afternoon,4,1,7.0,1,2,75
202400020755,2024-10-11,Morning,4,1,7.0,1,2,75
202400020756,2024-10-10,Evening,4,2,4.0,1,2,75
202400020757,2024-10-10,Morning,4,8,6.0,1,2,75
202400020758,2024-10-11,Night,4,1,6.0,5,2,75
202400020759,2024-10-11,Evening,4,1,3.0,5,2,75
202400020760,2024-10-11,Evening,4,1,3.0,5,2,75
202400020761,2024-10-11,Morning,4,1,6.0,1,2,94
202400020762,2024-10-10,Night,4,1,3.0,5,2,94
202400020763,2024-10-11,Afternoon,4,1,3.0,1,2,93
202400020764,2024-10-10,Evening,3,1,1.0,1,2,93
202400020765,2024-10-10,Afternoon,4,3,2.0,1,2,93
202400020766,2024-10-10,Evening,4,8,3.0,5,2,93
202400020767,2024-10-10,Evening,4,8,6.0,5,2,93
202400020768,2024-10-11,Morning,4,1,6.0,2,2,93
202400020769,2024-10-11,Morning,4,1,6.0,1,2,93
202400020770,2024-10-11,Afternoon,4,1,3.0,1,2,92