Num_Acc,date,time_of_day,max_severity,weather,collision_type,lighting,urban_area,department
202400020771,2024-10-11,Morning,3,1,6.0,1,2,92
202400020772,2024-10-11,Morning,4,1,2.0,1,2,92
202400020773,2024-10-11,Evening,4,1,2.0,1,2,92
202400020774,2024-10-10,Afternoon,4,2,3.0,1,2,92
202400020775,2024-10-11,Morning,4,1,2.0,1,2,92
202400020776,2024-10-11,Morning,4,8,1.0,1,2,92
202400020777,2024-10-10,Afternoon,4,1,2.0,1,2,92
202400020778,2024-10-11,Morning,4,1,7.0,1,2,92
202400020779,2024-10-11,Morning,4,1,3.0,2,2,92
202400020780,2024-10-11,Afternoon,4,1,6.0,1,2,92
202400020781,2024-10-11,Evening,2,1,6.0,3,1,37
202400020782,2024-10-11,Morning,4,1,3.0,1,1,60
202400020783,2024-10-11,Morning,4,5,3.0,1,1,35
202400020784,2024-10-11,Evening,4,1,2.0,3,1,51
202400020785,2024-10-12,Afternoon,2,1,1.0,1,1,62
202400020786,2024-10-12,Afternoon,3,1,7.0,1,1,06
202400020787,2024-10-12,Morning,3,1,6.0,1,1,50
202400020788,2024-10-11,Night,4,1,7.0,3,1,30
202400020789,2024-10-11,Afternoon,2,1,5.0,1,2,83
202400020790,2024-10-11,Evening,4,2,7.0,2,1,51
202400020791,2024-10-11,Afternoon,4,1,2.0,1,2,76
202400020792,2024-10-11,Afternoon,3,1,3.0,1,2,2A
202400020793,2024-10-10,Afternoon,3,2,1.0,1,1,82
202400020794,2024-10-12,Night,3,1,6.0,3,1,65
202400020795,2024-09-30,Morning,3,1,1.0,1,2,65
202400020796,2024-09-28,Night,4,1,1.0,5,1,49
202400020797,2024-10-11,Afternoon,3,1,3.0,1,1,42
202400020798,2024-10-12,Afternoon,4,2,5.0,1,1,25
202400020799,2024-10-12,Afternoon,4,1,3.0,1,2,29
202400020800,2024-10-12,Afternoon,2,1,7.0,1,1,66
202400020801,2024-10-12,Afternoon,3,1,3.0,1,1,64
202400020802,2024-10-09,Morning,3,3,6.0,5,2,16
202400020803,2024-10-12,Night,2,1,3.0,3,1,16
202400020804,2024-10-11,Afternoon,3,1,6.0,1,2,21
202400020805,2024-10-11,Afternoon,2,1,6.0,1,1,85
202400020806,2024-10-11,Afternoon,3,1,6.0,1,1,27
202400020807,2024-10-12,Afternoon,3,8,6.0,1,1,27
202400020808,2024-10-12,Evening,3,2,6.0,2,1,30
202400020809,2024-10-12,Evening,3,2,7.0,2,1,30
202400020810,2024-10-11,Morning,3,1,6.0,1,1,31
202400020811,2024-10-08,Afternoon,3,1,2.0,1,2,31
202400020812,2024-10-11,Afternoon,3,1,3.0,1,2,35
202400020813,2024-10-11,Evening,4,1,3.0,5,2,06
202400020814,2024-10-11,Afternoon,4,1,5.0,1,1,34
202400020815,2024-10-12,Afternoon,2,1,1.0,1,1,11
202400020816,2024-10-10,Afternoon,4,1,2.0,1,1,11
202400020817,2024-10-11,Afternoon,4,1,3.0,1,1,13
202400020818,2024-10-10,Morning,4,1,2.0,1,1,66
202400020819,2024-10-12,Night,4,1,7.0,3,1,69
202400020822,2024-10-11,Afternoon,4,1,3.0,1,2,77
202400020823,2024-10-12,Evening,4,1,2.0,2,1,66
202400020824,2024-10-12,Night,3,1,6.0,3,1,34
202400020825,2024-10-11,Evening,2,1,6.0,3,1,06
202400020826,2024-10-10,Afternoon,3,1,6.0,2,2,38
202400020827,2024-10-12,Night,3,1,6.0,3,1,38
202400020828,2024-10-04,Night,3,1,7.0,3,1,14
202400020829,2024-10-11,Afternoon,3,1,6.0,1,2,29
202400020830,2024-10-12,Night,3,1,7.0,4,2,22
202400020831,2024-10-08,Morning,4,2,5.0,1,1,13
202400020832,2024-10-09,Morning,4,2,4.0,1,1,33
202400020833,2024-10-11,Evening,4,1,2.0,3,1,91
202400020834,2024-10-11,Afternoon,4,1,2.0,1,1,91
202400020835,2024-10-11,Night,3,1,7.0,3,1,91
202400020836,2024-10-11,Afternoon,4,1,2.0,1,1,92
202400020837,2024-10-11,Morning,3,1,4.0,1,1,92
202400020838,2024-10-10,Evening,4,1,2.0,3,1,78
202400020839,2024-10-10,Afternoon,4,2,6.0,1,1,92
202400020840,2024-10-10,Afternoon,4,1,7.0,1,1,92
202400020841,2024-10-11,Afternoon,4,1,2.0,1,1,93
202400020842,2024-10-11,Afternoon,4,1,3.0,1,1,93
202400020843,2024-10-08,Evening,4,1,5.0,1,1,93
202400020844,2024-10-11,Morning,4,1,2.0,1,1,93
202400020845,2024-10-10,Afternoon,4,1,2.0,1,1,95
202400020846,2024-10-10,Afternoon,4,2,2.0,1,1,95
202400020847,2024-10-09,Evening,4,3,2.0,3,1,95
202400020848,2024-10-09,Afternoon,4,3,6.0,1,1,95
202400020849,2024-10-09,Afternoon,3,3,6.0,1,1,95
202400020850,2024-10-10,Night,4,2,5.0,3,1,94
202400020853,2024-10-10,Afternoon,4,1,6.0,1,2,69
202400020854,2024-10-10,Morning,4,1,3.0,1,2,69
202400020855,2024-10-10,Morning,4,1,1.0,4,2,69
202400020856,2024-10-10,Evening,4,8,3.0,1,2,69
202400020857,2024-10-10,Morning,4,2,1.0,1,2,91
202400020858,2024-10-10,Evening,4,1,2.0,5,2,91
202400020859,2024-10-09,Afternoon,4,1,3.0,1,2,90
202400020860,2024-10-09,Afternoon,4,1,1.0,1,2,84
202400020861,2024-10-09,Afternoon,4,1,4.0,1,2,84
202400020862,2024-10-09,Morning,4,1,2.0,1,2,84
202400020863,2024-10-10,Evening,4,1,1.0,5,2,83
202400020864,2024-10-09,Afternoon,4,1,3.0,1,2,83
202400020865,2024-10-09,Morning,4,1,3.0,1,2,83
202400020866,2024-10-10,Morning,3,1,6.0,1,2,83
202400020867,2024-10-10,Afternoon,4,1,3.0,1,2,82
202400020868,2024-10-09,Morning,4,3,3.0,5,2,79
202400020869,2024-10-10,Morning,4,1,5.0,1,1,78
202400020870,2024-10-09,Morning,4,2,6.0,2,2,77
202400020871,2024-10-10,Night,4,1,2.0,5,2,76
202400020872,2024-10-08,Morning,3,1,6.0,1,2,76
202400020873,2024-10-08,Evening,4,1,3.0,5,2,76
202400020874,2024-10-09,Afternoon,4,2,6.0,1,2,72
202400020875,2024-10-09,Evening,4,1,1.0,1,2,71
202400020876,2024-10-10,Morning,4,3,3.0,1,2,69
202400020877,2024-10-10,Afternoon,4,1,3.0,1,2,67
202400020878,2024-10-10,Afternoon,4,1,3.0,1,2,67
202400020879,2024-10-09,Morning,4,1,3.0,1,2,64
202400020880,2024-10-10,Afternoon,3,1,6.0,1,2,63
202400020881,2024-06-28,Evening,4,1,2.0,1,1,95
202400020882,2024-06-28,Evening,4,1,5.0,1,1,95
202400020883,2024-06-28,Afternoon,3,1,2.0,1,1,93
202400020884,2024-06-29,Morning,4,1,6.0,2,1,77
202400020889,2024-06-28,Evening,4,1,3.0,1,2,69
202400020890,2024-06-28,Afternoon,4,1,3.0,1,2,69
202400020891,2024-06-28,Morning,3,1,2.0,1,2,69
202400020892,2024-06-28,Night,4,1,3.0,5,2,69
202400020896,2024-06-28,Afternoon,4,1,3.0,1,2,95
202400020897,2024-06-28,Evening,4,1,7.0,1,2,95
202400020898,2024-06-28,Afternoon,3,1,6.0,1,2,95
202400020899,2024-06-28,Morning,4,7,6.0,1,2,91
202400020900,2024-06-25,Afternoon,4,1,3.0,1,2,90
202400020901,2024-06-27,Evening,4,1,3.0,1,2,87
202400020902,2024-06-28,Night,4,1,1.0,5,2,30
202400020903,2024-06-27,Afternoon,4,1,2.0,1,2,84
202400020904,2024-06-27,Morning,4,1,4.0,1,2,84
202400020905,2024-06-28,Afternoon,4,1,6.0,1,2,81
202400020906,2024-06-27,Morning,4,1,6.0,1,2,80
202400020907,2024-06-28,Afternoon,3,1,6.0,1,2,78
202400020908,2024-06-28,Evening,4,1,1.0,1,2,78
202400020909,2024-06-28,Morning,4,1,6.0,1,2,78
202400020910,2024-06-28,Night,4,1,6.0,5,2,78
202400020911,2024-06-25,Afternoon,2,1,3.0,1,1,78
202400020912,2024-06-27,Afternoon,4,1,6.0,1,2,78
202400020913,2024-06-28,Night,4,1,3.0,5,1,78
202400020914,2024-06-28,Evening,3,1,6.0,1,1,77
202400020915,2024-06-28,Night,4,1,3.0,3,1,77
202400020916,2024-06-28,Afternoon,4,1,7.0,1,1,77
202400020917,2024-06-28,Afternoon,4,1,3.0,1,2,77
202400020918,2024-06-28,Afternoon,3,1,3.0,1,2,77
202400020919,2024-06-27,Afternoon,3,1,6.0,1,2,76
202400020920,2024-06-28,Night,4,1,3.0,5,2,72
202400020921,2024-06-28,Evening,3,1,6.0,2,2,71
202400020922,2024-06-27,Afternoon,4,1,3.0,1,2,69
202400020923,2024-11-17,Morning,4,2,3.0,1,1,95
202400020924,2024-06-28,Morning,4,7,3.0,1,2,69
202400020925,2024-06-27,Afternoon,4,1,6.0,1,2,67
202400020926,2024-11-16,Evening,4,1,3.0,5,1,93
202400020927,2024-06-28,Morning,4,8,3.0,1,2,64
202400020928,2024-06-27,Evening,4,1,2.0,2,2,64
202400020929,2024-06-28,Night,4,1,6.0,5,2,64
202400020930,2024-11-16,Evening,4,1,3.0,2,1,95
202400020931,2024-06-28,Afternoon,4,3,3.0,1,2,63
202400020932,2024-11-16,Evening,4,1,3.0,3,1,93
202400020933,2024-06-28,Afternoon,2,1,6.0,1,2,62
202400020934,2024-11-17,Night,4,1,6.0,5,1,94
202400020935,2024-06-24,Afternoon,4,1,3.0,1,2,62
202400020936,2024-06-27,Evening,4,1,3.0,1,2,62
202400020937,2024-06-25,Afternoon,4,1,6.0,1,2,59
202400020938,2024-08-31,Morning,4,1,3.0,2,2,38
202400020939,2024-06-26,Afternoon,3,1,3.0,1,2,59
202400020940,2024-06-28,Afternoon,3,1,3.0,1,2,56
202400020941,2024-08-20,Evening,4,1,5.0,5,2,38
202400020942,2024-06-28,Afternoon,4,1,2.0,1,1,51
202400020943,2024-06-28,Afternoon,3,1,6.0,1,1,50
202400020944,2024-06-27,Morning,4,1,2.0,1,2,50
202400020945,2024-08-08,Afternoon,4,1,3.0,1,2,38
202400020946,2024-06-26,Afternoon,4,1,3.0,1,2,50
202400020947,2024-06-28,Afternoon,4,1,4.0,1,1,49
202400020948,2024-08-18,Afternoon,4,7,3.0,1,1,14
202400020949,2024-06-27,Evening,4,1,3.0,1,2,49
202400020950,2024-06-25,Evening,4,1,7.0,1,2,49
202400020951,2024-11-15,Afternoon,3,8,2.0,1,2,75
202400020952,2024-06-27,Morning,4,1,6.0,1,2,49
202400020953,2024-11-17,Night,4,1,3.0,5,2,75
202400020954,2024-03-10,Night,4,9,2.0,3,1,44
202400020955,2024-11-17,Night,4,1,3.0,5,2,75
202400020956,2024-03-10,Morning,4,5,6.0,5,2,37
202400020957,2024-06-27,Morning,4,1,3.0,1,2,49
202400020958,2024-03-10,Morning,4,5,6.0,2,2,37
202400020959,2024-11-17,Afternoon,4,2,6.0,1,2,75
202400020960,2024-06-28,Evening,4,1,2.0,1,2,37
202400020961,2024-03-10,Evening,4,1,6.0,3,2,28
202400020962,2024-11-17,Morning,4,8,7.0,1,2,75
202400020963,2024-06-28,Afternoon,4,1,3.0,1,2,35
202400020964,2024-11-17,Afternoon,4,1,3.0,1,2,75
202400020965,2024-06-29,Night,3,1,2.0,5,2,33
202400020966,2024-03-10,Afternoon,4,1,6.0,1,2,13
202400020967,2024-11-17,Morning,4,2,3.0,1,2,75
202400020968,2024-06-28,Night,4,1,7.0,4,1,33
202400020969,2024-03-10,Night,4,8,3.0,5,2,13
202400020970,2024-06-28,Afternoon,4,1,6.0,1,2,27
202400020971,2024-11-16,Afternoon,3,1,3.0,1,2,75
202400020972,2024-06-28,Morning,3,1,6.0,1,2,27
202400020973,2024-03-09,Evening,4,1,3.0,5,2,01
202400020974,2024-11-17,Afternoon,4,1,6.0,2,2,75
202400020975,2024-06-28,Evening,4,1,6.0,2,2,25
202400020976,2024-11-17,Night,3,1,7.0,3,2,94
202400020977,2024-06-26,Afternoon,4,1,7.0,1,2,18
202400020978,2024-03-10,Afternoon,4,1,4.0,1,2,75
202400020979,2024-11-17,Night,4,1,3.0,5,2,94
202400020980,2024-06-25,Afternoon,4,1,5.0,1,2,16
202400020981,2024-03-09,Morning,3,1,1.0,1,2,75
202400020982,2024-11-17,Evening,4,1,6.0,5,2,94
202400020983,2024-03-08,Afternoon,4,1,6.0,1,2,75
202400020984,2024-06-27,Evening,4,1,6.0,1,2,15
202400020985,2024-11-17,Morning,4,2,3.0,1,2,93
202400020986,2024-03-10,Night,4,2,3.0,5,2,75
202400020987,2024-06-27,Afternoon,4,1,2.0,1,1,15
202400020988,2024-11-16,Afternoon,4,1,2.0,1,2,93
202400020989,2024-06-28,Morning,4,1,3.0,1,2,13
202400020990,2024-03-10,Night,4,2,3.0,5,2,75
202400020991,2024-11-16,Night,4,1,6.0,3,2,93
202400020992,2024-03-10,Evening,4,1,6.0,1,2,75
202400020993,2024-06-28,Morning,4,1,1.0,1,2,13
202400020994,2024-11-17,Afternoon,4,1,6.0,1,2,92
202400020995,2024-03-10,Night,4,2,2.0,5,2,75
202400020996,2024-06-28,Morning,4,1,2.0,1,2,13
202400020997,2024-03-10,Morning,4,8,3.0,1,2,75
202400020998,2024-11-16,Night,4,1,3.0,5,2,92
202400020999,2024-03-10,Night,4,2,3.0,5,2,75
202400021000,2024-06-28,Morning,4,1,6.0,1,2,13
202400021001,2024-11-17,Night,4,5,7.0,5,1,51
202400021002,2024-03-09,Evening,4,2,6.0,5,2,75
202400021003,2024-06-26,Night,3,1,3.0,5,2,06
202400021004,2024-11-17,Night,3,1,6.0,3,1,36
202400021005,2024-03-10,Morning,4,2,6.0,1,2,75
202400021006,2024-11-17,Morning,4,1,3.0,2,2,31
202400021007,2024-06-28,Afternoon,4,1,3.0,1,2,06
202400021008,2024-03-10,Evening,4,1,6.0,5,2,75
202400021009,2024-11-16,Afternoon,3,1,6.0,1,2,81
202400021010,2024-06-28,Morning,4,1,3.0,1,2,75
202400021011,2024-03-10,Night,4,1,6.0,5,2,75
202400021012,2024-11-16,Evening,4,1,3.0,5,2,68
202400021013,2024-03-10,Evening,4,1,1.0,1,2,94
202400021014,2024-06-28,Afternoon,3,1,6.0,1,2,75
202400021015,2024-03-10,Evening,4,1,2.0,2,2,94
202400021016,2024-11-17,Afternoon,3,1,7.0,1,1,68
202400021017,2024-06-28,Night,4,1,7.0,5,2,75
202400021018,2024-03-10,Afternoon,4,8,3.0,1,2,94
202400021019,2024-11-17,Morning,4,5,1.0,1,2,69
202400021020,2024-03-10,Evening,4,1,6.0,1,2,94
202400021022,2024-06-28,Night,4,1,1.0,5,2,75
202400021023,2024-03-10,Afternoon,4,1,6.0,1,2,93
202400021024,2024-11-17,Night,3,5,7.0,3,1,26
202400021025,2024-03-10,Afternoon,4,1,3.0,1,2,93
202400021026,2024-06-27,Evening,4,1,2.0,1,2,75
202400021027,2024-03-10,Afternoon,4,8,3.0,1,2,92
202400021028,2024-06-27,Morning,4,1,6.0,1,2,75
202400021029,2024-11-16,Afternoon,3,1,1.0,3,1,42
202400021030,2024-03-10,Night,4,2,2.0,5,2,92
202400021031,2024-06-27,Night,4,1,6.0,5,2,75
202400021032,2024-11-17,Morning,3,8,6.0,1,1,50
202400021033,2024-03-10,Afternoon,4,2,6.0,1,2,92
202400021034,2024-11-16,Evening,3,1,6.0,5,2,57
202400021035,2024-06-28,Afternoon,4,1,3.0,1,2,75
202400021036,2024-03-10,Evening,4,1,3.0,5,2,92
202400021037,2024-11-17,Night,4,1,2.0,5,2,51
202400021038,2024-03-10,Morning,4,8,6.0,1,2,92
202400021039,2024-06-28,Morning,4,1,2.0,1,2,75
202400021040,2024-11-18,Evening,3,2,6.0,5,2,80
202400021041,2024-03-10,Afternoon,4,1,1.0,1,2,92
202400021042,2024-06-28,Afternoon,4,1,3.0,1,2,75
202400021043,2024-11-17,Evening,3,1,7.0,5,2,80
202400021044,2024-03-10,Morning,4,2,2.0,1,2,92
202400021045,2024-11-17,Night,4,2,6.0,3,1,65
202400021046,2024-06-28,Evening,4,1,3.0,1,2,75
202400021047,2024-03-09,Afternoon,4,2,3.0,1,2,92
202400021048,2024-11-14,Evening,2,1,6.0,3,1,33
202400021049,2024-06-28,Evening,4,1,7.0,1,2,75
202400021050,2024-03-09,Evening,4,2,6.0,5,2,92
202400021051,2024-11-16,Afternoon,4,1,6.0,1,2,63
202400021052,2024-06-28,Afternoon,4,1,3.0,1,2,75
202400021053,2024-03-10,Night,4,1,2.0,3,1,86
202400021054,2024-11-16,Evening,4,1,7.0,3,1,63
202400021055,2024-06-27,Evening,4,1,3.0,1,2,75
202400021056,2024-03-10,Morning,4,3,6.0,2,1,71
202400021057,2024-11-17,Morning,4,2,6.0,2,1,61
202400021058,2024-06-28,Morning,3,1,6.0,1,2,94
202400021059,2024-03-08,Morning,3,1,6.0,1,2,58
202400021060,2024-11-16,Morning,4,1,7.0,1,1,61
202400021061,2024-06-28,Evening,4,1,3.0,1,2,75
202400021063,2024-11-08,Afternoon,3,1,1.0,1,1,49
202400021064,2024-03-10,Morning,4,1,6.0,1,1,34
202400021065,2024-11-06,Afternoon,4,1,3.0,1,2,49
202400021066,2024-03-11,Evening,4,2,1.0,3,1,30
202400021067,2024-11-15,Morning,3,8,3.0,1,2,49
202400021068,2024-06-28,Night,4,1,3.0,5,2,94
202400021069,2024-03-10,Night,2,3,7.0,2,1,30
202400021070,2024-06-28,Evening,4,1,6.0,1,2,94
202400021071,2024-11-17,Evening,4,1,2.0,3,1,12
202400021072,2024-03-10,Afternoon,3,1,3.0,1,1,34
202400021073,2024-11-16,Afternoon,3,1,6.0,1,1,42
202400021074,2024-03-10,Afternoon,3,1,7.0,1,1,89
202400021075,2024-06-28,Evening,4,1,3.0,1,2,94
202400021076,2024-11-17,Night,4,1,6.0,3,1,41
202400021077,2024-03-10,Afternoon,4,1,6.0,1,1,51
202400021078,2024-06-28,Afternoon,4,1,3.0,1,2,94
202400021079,2024-11-09,Morning,4,3,1.0,1,1,34
202400021080,2024-03-10,Evening,3,1,2.0,3,1,79
202400021081,2024-11-16,Afternoon,3,1,7.0,1,1,34
202400021082,2024-06-28,Night,4,1,3.0,5,2,94
202400021083,2024-03-10,Evening,4,1,3.0,3,1,2B
202400021084,2024-11-15,Afternoon,4,1,6.0,1,1,34
202400021085,2024-06-28,Morning,4,1,6.0,1,2,93
202400021086,2024-03-11,Morning,3,3,7.0,1,1,32
202400021087,2024-11-15,Evening,3,1,1.0,3,1,22
202400021088,2024-03-10,Evening,3,8,6.0,3,1,32
202400021089,2024-06-28,Afternoon,4,1,2.0,1,2,93
202400021090,2024-11-16,Afternoon,3,1,1.0,1,1,72
202400021091,2024-06-28,Morning,4,1,3.0,1,2,93
202400021092,2024-03-10,Afternoon,4,1,3.0,1,2,11
202400021093,2024-11-17,Night,4,2,3.0,3,1,50
202400021094,2024-06-28,Evening,4,1,3.0,1,2,93
202400021095,2024-03-10,Afternoon,4,4,5.0,1,1,61
202400021096,2024-11-16,Evening,3,1,3.0,5,2,18
202400021097,2024-06-27,Evening,4,1,2.0,1,2,93
202400021098,2024-03-11,Night,3,8,6.0,3,1,42
202400021099,2024-03-10,Afternoon,3,1,6.0,1,1,42
202400021100,2024-06-27,Evening,4,1,6.0,1,2,93
202400021101,2024-03-11,Afternoon,2,1,6.0,1,1,39
202400021102,2024-11-16,Morning,3,1,3.0,1,2,07
202400021103,2024-03-11,Morning,4,7,1.0,1,1,29
202400021104,2024-11-16,Afternoon,3,1,3.0,5,2,53
202400021105,2024-06-28,Evening,4,7,6.0,2,2,93
202400021106,2024-11-14,Afternoon,3,1,3.0,1,1,53
202400021107,2024-03-10,Evening,3,1,1.0,1,1,31
202400021108,2024-06-27,Night,4,1,3.0,5,2,92
202400021109,2024-11-17,Morning,4,1,6.0,3,2,21
202400021110,2024-03-11,Evening,3,1,6.0,2,2,50
202400021111,2024-06-26,Night,4,1,3.0,5,2,92
202400021112,2024-11-16,Morning,4,1,7.0,1,2,40
202400021113,2024-03-10,Evening,4,3,6.0,3,2,64
202400021114,2024-11-16,Morning,3,1,2.0,1,2,17
202400021115,2024-03-10,Evening,2,1,2.0,3,1,18
202400021116,2024-06-28,Evening,4,1,3.0,1,2,92
202400021117,2024-11-17,Evening,2,1,7.0,3,1,30
202400021118,2024-06-28,Morning,4,1,3.0,1,2,92
202400021119,2024-03-11,Morning,4,5,7.0,1,1,10
202400021120,2024-11-17,Morning,3,1,2.0,2,1,76
202400021121,2024-03-10,Evening,4,2,1.0,3,1,36
202400021122,2024-06-27,Evening,4,1,2.0,1,2,92
202400021123,2024-11-18,Morning,3,7,1.0,1,2,13
202400021124,2024-03-08,Afternoon,3,1,7.0,1,2,40
202400021125,2024-11-17,Night,2,1,6.0,3,1,34
202400021126,2024-02-17,Night,3,5,6.0,3,1,85
202400021128,2024-06-27,Evening,3,1,3.0,2,2,92
202400021129,2024-03-08,Morning,4,1,7.0,1,1,85
202400021130,2024-11-18,Morning,4,1,3.0,1,1,06
202400021131,2024-02-28,Afternoon,3,1,7.0,1,1,17
202400021132,2024-11-16,Afternoon,3,7,1.0,2,1,63
202400021133,2024-06-28,Afternoon,4,1,3.0,1,2,92
202400021134,2024-03-10,Evening,2,2,6.0,3,1,23
202400021135,2024-11-16,Afternoon,4,1,6.0,2,1,83
202400021136,2024-06-25,Evening,4,1,3.0,1,2,92
202400021137,2024-03-11,Afternoon,3,1,3.0,1,2,30
202400021138,2024-11-16,Morning,3,1,3.0,2,1,67
202400021139,2024-03-09,Evening,2,3,7.0,3,2,30
202400021140,2024-06-27,Afternoon,4,1,6.0,1,2,92
202400021143,2024-06-28,Evening,4,1,3.0,1,2,92
202400021144,2024-11-16,Afternoon,3,1,7.0,1,1,78
202400021147,2024-06-28,Afternoon,4,1,3.0,1,2,92
202400021148,2024-03-11,Morning,3,1,3.0,1,1,13
202400021150,2024-06-28,Evening,4,1,2.0,1,2,92
202400021153,2024-06-27,Night,4,1,6.0,2,2,92
202400021154,2024-03-10,Night,4,8,3.0,5,2,42
202400021155,2024-06-29,Night,3,1,6.0,2,2,54
202400021157,2024-06-28,Afternoon,3,1,7.0,1,1,31
202400021158,2024-03-11,Morning,2,1,1.0,1,1,17
202400021160,2024-06-28,Evening,4,1,6.0,1,1,86
202400021162,2024-06-28,Night,3,1,6.0,3,2,16
202400021163,2024-11-17,Evening,4,1,3.0,5,2,29
202400021164,2024-03-11,Afternoon,3,1,6.0,1,1,73
202400021165,2024-06-28,Night,3,1,6.0,4,2,49
202400021166,2024-11-18,Afternoon,4,2,1.0,3,1,45
202400021167,2024-03-10,Evening,4,1,2.0,5,2,95
202400021168,2024-11-14,Evening,4,1,2.0,3,1,45
202400021170,2024-11-15,Afternoon,4,1,3.0,1,2,77
202400021171,2024-03-11,Morning,4,1,6.0,1,2,45
202400021172,2024-03-11,Afternoon,3,2,7.0,3,1,2A
202400021173,2024-06-29,Afternoon,4,1,7.0,1,1,51
202400021174,2024-06-27,Morning,3,1,6.0,1,2,62
202400021175,2024-11-17,Morning,4,8,4.0,1,2,95
202400021176,2024-02-16,Afternoon,4,1,3.0,1,1,06
202400021177,2024-06-29,Morning,3,1,6.0,1,2,51
202400021178,2024-11-16,Morning,3,1,2.0,1,2,78
202400021179,2024-03-07,Morning,3,1,1.0,1,1,13
202400021180,2024-11-15,Morning,3,7,1.0,1,1,2B
202400021181,2024-06-28,Morning,4,1,5.0,1,1,19
202400021182,2024-03-08,Afternoon,4,1,3.0,1,2,71
202400021183,2024-11-16,Afternoon,4,1,1.0,1,1,2A
202400021184,2024-06-28,Night,4,1,7.0,3,1,65
202400021185,2024-03-08,Afternoon,3,7,1.0,1,2,54
202400021186,2024-06-27,Evening,3,1,1.0,1,1,33
202400021187,2024-02-26,Afternoon,3,2,6.0,1,1,33
202400021188,2024-06-28,Afternoon,4,1,2.0,1,1,32
202400021189,2024-11-16,Evening,3,1,6.0,3,1,34
202400021190,2024-02-24,Morning,4,3,6.0,1,2,44
202400021191,2024-06-27,Afternoon,3,7,6.0,1,1,11
202400021192,2024-03-10,Evening,2,1,6.0,1,2,29
202400021193,2024-11-14,Afternoon,3,1,1.0,2,2,06
202400021194,2024-03-10,Night,4,3,6.0,3,1,13
202400021195,2024-11-17,Afternoon,3,1,6.0,1,1,05
202400021196,2024-03-09,Morning,4,2,3.0,1,1,13
202400021197,2024-06-29,Morning,3,3,1.0,1,1,49
202400021198,2024-03-09,Night,4,2,2.0,3,1,13
202400021199,2024-06-26,Afternoon,3,1,6.0,1,1,42
202400021200,2024-11-17,Afternoon,4,1,3.0,5,2,05
202400021201,2024-03-10,Evening,4,2,6.0,5,1,33
202400021202,2024-11-16,Evening,3,1,1.0,3,1,05
202400021203,2024-06-28,Afternoon,4,1,3.0,1,1,47
202400021204,2024-03-10,Afternoon,4,1,5.0,1,1,91
202400021205,2024-09-04,Morning,3,8,3.0,1,1,13
202400021206,2024-06-29,Morning,3,7,3.0,1,1,86
202400021207,2024-03-10,Afternoon,4,1,2.0,1,1,95
202400021208,2024-06-29,Night,3,1,2.0,3,1,29
202400021209,2024-11-15,Afternoon,4,1,6.0,1,2,70
202400021210,2024-03-10,Morning,4,1,5.0,3,1,95
202400021211,2024-11-17,Afternoon,3,1,6.0,3,1,21
202400021212,2024-03-10,Night,2,2,6.0,3,1,93
202400021213,2024-06-29,Morning,3,1,3.0,1,1,02
202400021214,2024-11-17,Morning,3,2,6.0,1,1,54
202400021215,2024-06-28,Afternoon,3,1,6.0,1,1,14
202400021216,2024-03-10,Evening,4,1,6.0,2,1,77
202400021217,2024-11-16,Morning,3,1,6.0,1,1,73
202400021218,2024-06-29,Morning,4,1,1.0,1,1,05
202400021219,2024-03-10,Afternoon,4,1,4.0,1,1,94
202400021220,2024-11-18,Afternoon,3,1,1.0,1,1,42
202400021221,2024-06-28,Afternoon,3,1,6.0,1,1,90
202400021222,2024-11-17,Evening,2,1,7.0,3,2,38
202400021223,2024-03-10,Afternoon,3,1,5.0,5,1,94
202400021224,2024-06-28,Afternoon,3,1,1.0,1,2,18
202400021225,2024-01-07,Night,3,1,6.0,5,2,74
202400021226,2024-11-16,Afternoon,4,1,6.0,1,1,44
202400021227,2024-11-15,Afternoon,2,1,7.0,1,2,38
202400021228,2024-06-29,Night,4,1,3.0,5,2,36
202400021230,2024-06-28,Evening,4,1,6.0,2,1,07
202400021231,2024-03-05,Afternoon,4,1,6.0,1,2,75
202400021232,2024-11-16,Morning,4,5,7.0,2,2,26
202400021234,2024-11-17,Night,2,5,6.0,3,1,81
202400021235,2024-06-28,Night,3,1,2.0,3,1,17
202400021237,2024-06-28,Morning,3,1,6.0,1,1,37
202400021238,2024-11-16,Morning,4,1,2.0,1,2,65
202400021240,2024-06-28,Evening,3,1,3.0,1,1,30
202400021241,2024-11-17,Evening,4,8,4.0,3,1,33
202400021242,2024-06-28,Afternoon,3,1,7.0,1,1,14
202400021244,2024-11-17,Afternoon,4,1,7.0,1,2,33
202400021245,2024-06-29,Night,3,1,2.0,3,1,78
202400021246,2024-11-17,Afternoon,3,7,3.0,1,1,29
202400021249,2024-10-27,Night,3,1,7.0,3,2,76
202400021251,2024-06-28,Afternoon,3,1,7.0,1,1,95
202400021254,2024-06-28,Evening,3,1,2.0,1,1,78
202400021255,2024-10-09,Evening,4,1,3.0,2,2,59
202400021257,2024-06-27,Evening,4,1,7.0,1,1,34
202400021258,2024-11-17,Evening,3,1,2.0,2,1,13