Num_Acc,date,time_of_day,max_severity,weather,collision_type,lighting,urban_area,department
202400021260,2024-06-17,Evening,3,1,1.0,1,2,06
202400021261,2024-11-15,Afternoon,4,1,4.0,2,1,13
202400021263,2024-06-28,Afternoon,4,1,1.0,1,1,52
202400021264,2024-11-17,Afternoon,4,1,2.0,1,1,13
202400021266,2024-11-17,Morning,4,1,2.0,3,1,13
202400021267,2024-06-29,Morning,4,1,3.0,1,2,68
202400021269,2024-11-17,Night,4,1,1.0,3,1,13
202400021270,2024-06-29,Afternoon,3,1,6.0,1,2,03
202400021271,2024-03-09,Morning,4,1,6.0,1,2,95
202400021272,2024-11-16,Evening,4,1,6.0,3,1,13
202400021273,2024-06-28,Morning,3,7,6.0,1,2,56
202400021274,2024-11-17,Night,4,1,6.0,3,1,67
202400021275,2024-02-19,Evening,4,2,2.0,2,2,91
202400021276,2024-06-28,Afternoon,3,1,3.0,1,2,22
202400021277,2024-11-16,Night,3,1,2.0,3,1,91
202400021278,2024-03-09,Night,3,2,7.0,5,2,86
202400021279,2024-06-28,Morning,3,1,3.0,1,2,35
202400021280,2024-11-17,Afternoon,4,1,2.0,1,1,92
202400021281,2024-03-10,Night,4,1,3.0,5,2,84
202400021282,2024-11-17,Morning,3,1,6.0,5,1,77
202400021283,2024-06-29,Night,4,1,6.0,3,1,60
202400021284,2024-03-09,Evening,4,1,2.0,2,2,84
202400021285,2024-06-29,Night,4,1,6.0,3,1,60
202400021286,2024-11-16,Night,4,1,2.0,5,2,94
202400021287,2024-11-16,Evening,4,1,6.0,5,1,94
202400021288,2024-03-09,Afternoon,4,2,3.0,1,2,30
202400021289,2024-06-26,Evening,4,1,2.0,1,2,69
202400021290,2024-06-28,Morning,4,1,3.0,1,2,93
202400021291,2024-06-28,Afternoon,4,1,3.0,1,1,33
202400021292,2024-03-09,Morning,4,1,3.0,1,2,84
202400021293,2024-06-28,Evening,4,1,2.0,1,1,94
202400021294,2024-06-19,Evening,4,1,3.0,1,2,93
202400021295,2024-03-09,Afternoon,4,3,2.0,1,1,83
202400021296,2024-06-15,Morning,4,1,6.0,1,2,93
202400021297,2024-06-28,Afternoon,4,1,2.0,1,1,91
202400021298,2024-03-09,Night,3,1,6.0,3,1,82
202400021299,2024-06-28,Morning,4,1,6.0,1,1,91
202400021300,2024-06-05,Night,4,1,3.0,5,2,93
202400021301,2024-06-28,Morning,4,1,3.0,1,1,94
202400021302,2024-06-03,Afternoon,4,1,5.0,1,2,93
202400021303,2024-06-28,Morning,3,1,1.0,1,1,93
202400021304,2024-03-09,Afternoon,4,1,3.0,1,2,81
202400021305,2024-06-28,Afternoon,3,1,6.0,1,2,93
202400021306,2024-06-28,Morning,4,1,3.0,1,1,95
202400021307,2024-06-30,Afternoon,4,1,3.0,1,2,93
202400021308,2024-06-28,Morning,4,1,5.0,1,1,95
202400021309,2024-03-09,Afternoon,4,1,5.0,1,2,74
202400021310,2024-05-16,Evening,4,1,3.0,1,2,93
202400021311,2024-06-28,Afternoon,4,1,4.0,1,1,94
202400021312,2024-05-14,Afternoon,4,2,6.0,1,2,93
202400021313,2024-03-08,Afternoon,4,1,2.0,1,2,74
202400021314,2024-06-28,Afternoon,4,1,2.0,1,1,94
202400021315,2024-05-05,Afternoon,4,2,3.0,1,2,93
202400021316,2024-03-09,Afternoon,4,1,2.0,1,2,69
202400021317,2024-02-29,Morning,3,1,7.0,1,2,14
202400021318,2024-05-04,Afternoon,4,8,3.0,1,2,93
202400021319,2024-03-09,Evening,4,1,1.0,5,2,69
202400021321,2024-06-01,Morning,4,2,6.0,1,2,93
202400021323,2024-03-09,Night,4,1,7.0,3,2,64
202400021324,2024-03-30,Afternoon,4,2,7.0,1,1,93
202400021326,2024-07-10,Afternoon,3,1,7.0,1,1,43
202400021327,2024-06-08,Afternoon,3,1,7.0,2,1,43
202400021329,2024-03-09,Evening,4,1,3.0,1,2,64
202400021330,2024-08-13,Afternoon,3,1,7.0,1,1,43
202400021331,2024-06-27,Afternoon,4,1,6.0,1,2,69
202400021332,2024-03-09,Afternoon,4,2,3.0,1,2,63
202400021333,2024-08-11,Afternoon,3,7,1.0,1,1,43
202400021334,2024-06-26,Evening,4,1,3.0,1,2,69
202400021335,2024-06-27,Afternoon,3,1,6.0,1,2,69
202400021336,2024-08-11,Morning,4,1,3.0,1,1,43
202400021337,2024-03-08,Evening,3,1,7.0,1,2,59
202400021338,2024-06-27,Morning,4,1,3.0,1,1,69
202400021339,2024-08-03,Morning,3,1,1.0,1,1,43
202400021340,2024-03-09,Morning,3,1,7.0,1,1,59
202400021342,2024-03-09,Afternoon,4,1,3.0,1,2,59
202400021343,2024-11-07,Morning,4,1,3.0,1,2,56
202400021344,2024-06-27,Afternoon,4,1,6.0,1,2,2B
202400021345,2024-03-08,Afternoon,4,1,3.0,1,2,54
202400021346,2024-07-08,Morning,3,1,1.0,1,1,55
202400021348,2024-07-09,Evening,2,1,6.0,1,1,55
202400021349,2024-03-09,Morning,4,8,3.0,1,2,54
202400021351,2024-06-27,Evening,4,1,2.0,2,1,95
202400021352,2024-03-09,Afternoon,4,1,2.0,1,2,51
202400021354,2024-03-08,Morning,4,1,7.0,1,2,51
202400021355,2024-06-26,Evening,4,1,3.0,1,2,95
202400021357,2024-03-09,Evening,3,2,6.0,5,2,49
202400021358,2024-06-27,Evening,3,1,6.0,1,2,95
202400021359,2024-03-09,Morning,3,2,6.0,1,1,47
202400021361,2024-06-27,Morning,4,1,6.0,1,2,91
202400021362,2024-03-09,Evening,4,1,3.0,5,2,46
202400021363,2024-11-16,Afternoon,4,1,3.0,1,2,2B
202400021364,2024-06-26,Afternoon,4,1,4.0,1,2,91
202400021365,2024-03-09,Night,4,2,2.0,5,2,35
202400021367,2024-06-26,Afternoon,4,1,3.0,1,2,91
202400021368,2024-03-07,Evening,4,1,2.0,2,2,35
202400021369,2024-06-27,Evening,3,1,2.0,1,2,91
202400021370,2024-11-16,Afternoon,4,1,2.0,1,2,2A
202400021371,2024-03-05,Afternoon,4,8,6.0,1,2,33
202400021372,2024-06-27,Evening,4,1,3.0,1,2,91
202400021373,2024-06-27,Afternoon,4,1,6.0,1,2,91
202400021374,2024-11-15,Afternoon,4,1,4.0,1,1,2A
202400021375,2024-03-09,Morning,4,1,3.0,1,2,31
202400021376,2024-06-27,Morning,4,7,2.0,1,1,86
202400021377,2024-11-15,Afternoon,4,1,2.0,2,2,2A
202400021378,2024-03-09,Evening,4,3,1.0,5,2,13
202400021379,2024-11-13,Evening,4,1,3.0,5,2,95
202400021380,2024-03-09,Morning,4,1,1.0,1,2,13
202400021381,2024-03-08,Afternoon,4,2,3.0,1,2,13
202400021382,2024-11-16,Night,4,1,1.0,3,2,83
202400021383,2024-03-08,Morning,3,3,1.0,1,2,13
202400021384,2024-11-16,Night,4,1,1.0,5,1,83
202400021385,2024-03-09,Afternoon,4,3,2.0,1,1,13
202400021386,2024-11-17,Night,4,1,1.0,4,1,82
202400021387,2024-03-09,Morning,4,1,1.0,2,2,13
202400021388,2024-11-16,Evening,4,1,3.0,5,2,80
202400021389,2024-03-08,Afternoon,4,1,2.0,1,2,11
202400021390,2024-03-09,Afternoon,4,1,3.0,1,2,75
202400021391,2024-11-16,Afternoon,3,1,6.0,1,2,78
202400021392,2024-03-09,Night,4,1,3.0,5,2,75
202400021393,2024-11-16,Afternoon,4,1,3.0,1,2,77
202400021394,2024-11-16,Evening,4,1,1.0,5,2,77
202400021395,2024-03-08,Afternoon,4,1,3.0,1,2,75
202400021396,2024-11-16,Night,4,1,2.0,5,2,76
202400021397,2024-03-09,Morning,4,1,6.0,5,2,75
202400021398,2024-11-16,Evening,4,1,3.0,5,2,76
202400021399,2024-03-09,Morning,3,1,6.0,1,2,75
202400021400,2024-11-16,Evening,4,1,1.0,5,2,73
202400021401,2024-03-08,Evening,3,1,7.0,2,2,75
202400021402,2024-11-16,Afternoon,4,1,2.0,1,2,64
202400021403,2024-11-16,Morning,4,1,1.0,1,2,64
202400021404,2024-03-09,Afternoon,4,1,6.0,1,2,94
202400021405,2024-11-15,Afternoon,3,1,6.0,1,2,64
202400021406,2024-03-09,Evening,4,2,5.0,5,2,94
202400021407,2024-11-15,Evening,4,1,2.0,5,2,64
202400021408,2024-03-09,Afternoon,4,2,6.0,1,2,94
202400021409,2024-11-16,Evening,4,1,2.0,5,2,64
202400021410,2024-03-09,Morning,4,1,3.0,1,2,94
202400021411,2024-11-16,Evening,4,1,3.0,5,2,63
202400021412,2024-03-09,Afternoon,4,1,6.0,1,2,93
202400021413,2024-11-16,Afternoon,4,1,3.0,1,2,62
202400021414,2024-11-15,Night,3,1,6.0,3,2,60
202400021415,2024-03-09,Morning,4,1,3.0,1,2,93
202400021416,2024-11-15,Afternoon,4,1,6.0,2,2,59
202400021417,2024-03-09,Afternoon,4,1,2.0,1,2,93
202400021418,2024-11-16,Afternoon,4,1,7.0,1,1,56
202400021419,2024-03-08,Afternoon,4,1,7.0,1,2,92
202400021420,2024-11-16,Morning,4,1,6.0,1,2,56
202400021421,2024-03-09,Afternoon,4,2,3.0,1,2,92
202400021422,2024-03-09,Night,4,1,6.0,5,2,92
202400021423,2024-11-16,Night,3,1,1.0,3,1,51
202400021424,2024-11-16,Morning,4,1,7.0,1,2,49
202400021425,2024-03-10,Morning,4,5,1.0,1,1,41
202400021426,2024-03-10,Morning,3,2,6.0,2,1,33
202400021427,2024-03-10,Morning,2,3,7.0,2,1,10
202400021428,2024-11-16,Afternoon,4,1,2.0,1,2,45
202400021429,2024-03-09,Afternoon,4,1,7.0,1,1,22
202400021430,2024-03-08,Afternoon,3,1,7.0,1,2,59
202400021431,2024-11-15,Night,2,1,3.0,5,2,45
202400021432,2024-10-30,Night,4,1,6.0,3,1,44
202400021433,2024-03-10,Night,3,8,6.0,3,1,44
202400021434,2024-03-09,Afternoon,3,1,7.0,1,1,62
202400021435,2024-11-15,Afternoon,3,1,6.0,2,2,42
202400021436,2024-03-09,Night,2,3,7.0,3,1,30
202400021437,2024-03-09,Afternoon,4,2,6.0,1,2,51
202400021438,2024-11-15,Afternoon,4,1,4.0,2,1,35
202400021439,2024-03-08,Afternoon,3,1,6.0,1,2,76
202400021440,2024-03-10,Night,4,9,7.0,3,1,76
202400021441,2024-03-09,Morning,4,8,6.0,1,2,32
202400021442,2024-11-16,Evening,4,1,1.0,5,2,34
202400021443,2024-03-10,Night,3,3,6.0,3,1,71
202400021444,2024-03-10,Night,2,2,7.0,3,1,89
202400021445,2024-11-16,Evening,4,1,2.0,5,2,34
202400021446,2024-03-09,Afternoon,3,6,1.0,1,1,63
202400021447,2024-11-16,Night,4,1,3.0,5,2,34
202400021448,2024-03-10,Afternoon,4,1,2.0,1,1,61
202400021449,2024-11-15,Afternoon,3,1,6.0,1,2,34
202400021450,2024-03-10,Morning,4,8,6.0,1,1,03
202400021451,2024-11-16,Afternoon,4,1,2.0,1,2,33
202400021452,2024-03-10,Afternoon,3,1,3.0,1,1,66
202400021453,2024-11-16,Night,4,1,6.0,5,2,33
202400021454,2024-03-09,Afternoon,4,1,1.0,1,1,54
202400021455,2024-03-10,Afternoon,4,1,3.0,1,1,36
202400021456,2024-03-08,Morning,3,1,2.0,2,1,16
202400021457,2024-03-10,Morning,3,2,6.0,3,1,07
202400021458,2024-03-09,Evening,3,3,1.0,3,1,04
202400021459,2024-03-10,Morning,3,1,3.0,1,1,27
202400021460,2024-03-09,Night,4,1,7.0,3,2,17
202400021461,2024-12-21,Morning,3,1,1.0,1,1,85
202400021462,2024-12-21,Afternoon,3,1,2.0,1,2,83
202400021463,2024-12-22,Night,4,1,2.0,5,2,81
202400021464,2024-12-20,Afternoon,3,8,6.0,1,1,81
202400021465,2024-12-21,Afternoon,4,1,3.0,1,2,77
202400021466,2024-12-17,Evening,4,1,4.0,3,2,77
202400021467,2024-12-21,Afternoon,3,8,6.0,2,2,69
202400021468,2024-12-21,Evening,4,2,6.0,5,2,69
202400021469,2024-12-21,Afternoon,4,1,3.0,1,1,68
202400021470,2024-12-20,Afternoon,4,1,6.0,1,2,68
202400021471,2024-12-21,Night,4,1,3.0,3,2,66
202400021472,2024-12-21,Afternoon,4,1,3.0,5,2,66
202400021473,2024-12-21,Night,3,2,6.0,3,1,63
202400021474,2024-12-21,Evening,4,2,3.0,5,2,63
202400021475,2024-12-21,Evening,3,2,6.0,3,2,63
202400021476,2024-12-21,Evening,3,1,3.0,5,2,63
202400021477,2024-12-20,Afternoon,3,2,3.0,1,2,62
202400021478,2024-12-16,Morning,4,2,2.0,3,2,61
202400021479,2024-12-21,Morning,2,8,1.0,5,2,59
202400021480,2024-12-15,Afternoon,4,2,5.0,1,2,57
202400021481,2024-12-22,Night,4,2,3.0,5,2,54
202400021482,2024-12-21,Evening,4,2,6.0,3,2,54
202400021483,2024-12-21,Night,4,2,6.0,3,2,51
202400021484,2024-12-22,Night,4,2,6.0,5,2,49
202400021485,2024-12-21,Afternoon,4,1,3.0,1,1,45
202400021486,2024-12-22,Night,4,2,2.0,5,2,35
202400021487,2024-12-21,Afternoon,4,1,3.0,1,1,35
202400021488,2024-12-21,Afternoon,4,1,5.0,1,1,35
202400021489,2024-12-20,Afternoon,4,2,1.0,2,2,33
202400021490,2024-12-21,Night,4,1,2.0,5,2,31
202400021491,2024-12-20,Evening,4,1,3.0,5,2,31
202400021492,2024-12-20,Evening,4,2,6.0,5,2,29
202400021493,2024-12-20,Morning,4,1,6.0,3,2,29
202400021494,2024-12-21,Evening,4,2,6.0,5,2,28
202400021495,2024-12-21,Afternoon,3,2,6.0,1,2,27
202400021496,2024-12-20,Night,4,8,6.0,5,2,25
202400021497,2024-12-21,Morning,4,2,3.0,1,2,22
202400021498,2024-12-21,Morning,3,2,6.0,5,2,15
202400021499,2024-12-22,Night,4,1,3.0,5,2,13
202400021500,2024-12-21,Morning,4,1,7.0,3,1,13
202400021501,2024-12-21,Morning,4,1,3.0,5,2,13
202400021502,2024-12-21,Afternoon,4,2,6.0,1,2,11
202400021503,2024-12-21,Morning,4,8,3.0,1,2,10
202400021504,2024-12-21,Morning,4,5,5.0,3,1,08
202400021505,2024-12-21,Night,4,1,7.0,3,1,07
202400021506,2024-12-20,Evening,4,1,4.0,5,1,06
202400021507,2024-12-20,Afternoon,4,1,6.0,1,1,05
202400021508,2024-12-21,Afternoon,4,1,6.0,1,2,03
202400021509,2024-12-21,Night,4,1,5.0,5,2,75
202400021510,2024-12-20,Night,4,1,3.0,5,2,75
202400021511,2024-12-21,Morning,4,8,6.0,2,2,75
202400021512,2024-12-21,Morning,4,1,3.0,5,2,75
202400021513,2024-12-21,Night,3,2,3.0,5,2,75
202400021514,2024-12-21,Evening,4,2,6.0,5,2,75
202400021515,2024-12-21,Night,4,2,3.0,5,2,75
202400021516,2024-12-21,Evening,4,1,3.0,5,2,75
202400021517,2024-12-21,Night,4,2,7.0,5,2,75
202400021518,2024-12-19,Night,4,2,6.0,5,2,75
202400021519,2024-12-21,Evening,4,2,3.0,5,2,94
202400021520,2024-12-21,Morning,4,2,6.0,5,2,94
202400021521,2024-12-21,Night,4,2,1.0,5,2,94
202400021522,2024-12-21,Morning,4,1,7.0,5,2,93
202400021523,2024-12-21,Morning,4,8,3.0,5,2,93
202400021524,2024-12-21,Afternoon,4,2,3.0,1,2,93
202400021525,2024-12-21,Afternoon,4,1,2.0,1,1,93
202400021526,2024-12-21,Afternoon,4,2,6.0,1,2,93
202400021527,2024-12-21,Morning,4,8,6.0,2,2,93
202400021528,2024-12-21,Evening,4,2,3.0,5,2,93
202400021529,2024-12-21,Night,4,8,1.0,5,2,93
202400021530,2024-12-20,Afternoon,4,2,1.0,5,2,92
202400021531,2024-12-20,Evening,4,2,6.0,5,2,92
202400021532,2024-12-21,Night,4,2,6.0,5,2,92
202400021533,2024-12-20,Afternoon,4,1,1.0,1,1,60
202400021534,2024-12-20,Afternoon,3,1,2.0,1,1,35
202400021535,2024-04-16,Morning,4,8,3.0,1,2,94
202400021536,2024-12-21,Morning,2,1,6.0,3,1,35
202400021537,2024-04-16,Morning,4,2,2.0,1,2,94
202400021538,2024-12-19,Afternoon,4,3,1.0,3,1,67
202400021539,2024-12-20,Evening,3,2,6.0,3,1,28
202400021540,2024-04-16,Afternoon,4,8,3.0,1,2,93
202400021542,2024-12-19,Evening,3,1,6.0,3,1,14
202400021543,2024-04-16,Afternoon,4,2,3.0,1,2,93
202400021544,2024-04-16,Afternoon,4,3,6.0,1,2,93
202400021545,2024-12-22,Night,3,6,6.0,3,1,62
202400021546,2024-04-16,Morning,4,2,6.0,1,2,93
202400021547,2024-12-21,Morning,3,1,2.0,2,1,38
202400021548,2024-12-21,Afternoon,3,1,2.0,1,1,83
202400021549,2024-04-16,Afternoon,4,1,3.0,1,2,93
202400021550,2024-12-22,Morning,3,2,6.0,3,2,72
202400021551,2024-04-16,Afternoon,4,1,1.0,1,2,93
202400021552,2024-12-22,Morning,3,8,6.0,1,1,50
202400021553,2024-04-16,Morning,4,1,6.0,1,1,92
202400021554,2024-12-21,Afternoon,4,2,2.0,1,1,51
202400021555,2024-04-15,Evening,4,1,6.0,1,2,92
202400021556,2024-12-22,Night,3,2,6.0,3,1,56
202400021557,2024-04-16,Morning,4,2,3.0,1,2,92
202400021558,2024-12-22,Afternoon,2,2,2.0,3,1,67
202400021559,2024-04-16,Afternoon,4,1,6.0,1,2,92
202400021560,2024-12-21,Afternoon,4,2,7.0,3,1,67
202400021561,2024-04-16,Morning,4,1,3.0,1,2,92
202400021562,2024-12-21,Afternoon,2,1,1.0,1,1,79
202400021563,2024-12-22,Night,4,2,7.0,5,1,32
202400021564,2024-04-14,Afternoon,4,1,1.0,1,2,92
202400021565,2024-12-21,Evening,3,2,7.0,3,1,63
202400021566,2024-04-16,Afternoon,4,2,2.0,1,2,92
202400021567,2024-12-20,Afternoon,3,2,6.0,3,1,61
202400021568,2024-04-16,Evening,4,1,1.0,1,2,92
202400021569,2024-04-16,Afternoon,4,1,3.0,1,2,92
202400021570,2024-12-22,Afternoon,3,8,3.0,1,2,39
202400021571,2024-04-16,Morning,4,2,3.0,2,2,92
202400021572,2024-12-12,Afternoon,4,7,3.0,1,2,44
202400021573,2024-04-15,Night,4,1,5.0,5,2,92
202400021574,2024-12-21,Night,3,1,6.0,3,1,31
202400021575,2024-04-16,Evening,4,1,3.0,5,2,92
202400021576,2024-12-21,Evening,3,2,1.0,3,1,02
202400021577,2024-04-12,Afternoon,4,1,4.0,1,1,01
202400021578,2024-12-22,Afternoon,2,2,6.0,1,1,15
202400021580,2024-12-22,Morning,4,2,6.0,1,1,26
202400021581,2024-12-21,Evening,4,1,7.0,3,1,26
202400021583,2024-12-22,Night,3,2,6.0,3,2,58
202400021584,2024-04-15,Afternoon,3,2,6.0,1,1,54
202400021585,2024-12-21,Afternoon,3,1,6.0,1,1,06
202400021586,2024-12-21,Afternoon,3,1,7.0,1,1,07
202400021587,2024-04-14,Evening,4,1,7.0,1,1,51
202400021588,2024-12-20,Afternoon,3,1,7.0,3,1,07
202400021589,2024-12-21,Morning,3,3,3.0,1,1,40
202400021590,2024-04-17,Afternoon,4,6,5.0,1,1,83
202400021591,2024-12-21,Afternoon,3,8,1.0,1,1,40
202400021592,2024-04-16,Afternoon,3,2,6.0,1,2,50
202400021593,2024-12-22,Morning,2,3,6.0,3,1,85
202400021594,2024-04-17,Night,3,1,7.0,3,2,79
202400021596,2024-04-17,Morning,4,2,1.0,2,1,65
202400021597,2024-12-21,Afternoon,3,8,6.0,1,1,44
202400021598,2024-04-16,Night,2,1,6.0,3,1,11
202400021599,2024-04-16,Night,3,2,1.0,5,2,89
202400021600,2024-12-21,Night,4,1,4.0,3,1,34
202400021601,2024-04-17,Morning,4,2,1.0,1,1,01
202400021602,2024-04-16,Afternoon,3,1,7.0,1,1,86
202400021603,2024-12-21,Night,2,1,5.0,3,1,34
202400021604,2024-04-17,Afternoon,3,1,3.0,1,1,35
202400021606,2024-04-17,Afternoon,4,1,3.0,1,1,38
202400021607,2024-04-17,Afternoon,3,2,6.0,1,2,38
202400021608,2024-12-19,Night,4,2,5.0,3,1,77
202400021609,2024-12-22,Afternoon,3,2,7.0,1,2,78
202400021610,2024-04-17,Afternoon,4,2,1.0,1,1,58
202400021611,2024-04-17,Afternoon,2,1,3.0,1,1,50
202400021612,2024-12-21,Morning,3,1,2.0,1,1,26
202400021613,2024-04-17,Morning,3,1,6.0,1,2,50
202400021614,2024-12-22,Evening,4,4,1.0,3,1,73
202400021615,2024-04-13,Afternoon,3,1,2.0,1,1,09
202400021616,2024-04-17,Evening,3,1,7.0,1,2,60
202400021617,2024-04-16,Evening,4,2,3.0,1,1,60
202400021618,2024-03-26,Afternoon,3,3,3.0,1,2,27
202400021619,2024-12-21,Afternoon,4,1,5.0,1,1,73
202400021620,2024-12-22,Night,4,1,6.0,3,2,01
202400021621,2024-12-22,Afternoon,3,4,6.0,1,1,01
202400021622,2024-04-16,Afternoon,4,1,1.0,1,1,87
202400021623,2024-12-21,Afternoon,3,1,6.0,5,2,69
202400021624,2024-04-14,Afternoon,3,1,7.0,1,1,30
202400021625,2024-12-20,Afternoon,3,1,6.0,1,1,81
202400021626,2024-04-17,Morning,3,2,7.0,1,1,67
202400021627,2024-12-21,Night,3,2,7.0,4,2,49
202400021628,2024-04-12,Afternoon,3,1,1.0,1,2,06
202400021629,2024-04-17,Afternoon,4,2,2.0,1,1,68
202400021630,2024-11-25,Morning,3,1,6.0,1,2,14
202400021631,2024-12-22,Night,3,3,6.0,3,2,14
202400021632,2024-04-13,Evening,4,1,3.0,3,1,51
202400021633,2024-12-21,Afternoon,4,1,2.0,1,2,29
202400021634,2024-04-14,Night,2,1,6.0,3,1,51
202400021635,2024-12-21,Night,2,2,6.0,3,1,76
202400021637,2024-04-11,Afternoon,3,1,3.0,1,1,33
202400021638,2024-12-20,Afternoon,4,1,2.0,1,1,13
202400021639,2024-04-12,Morning,3,1,7.0,1,2,77
202400021640,2024-04-16,Morning,3,1,6.0,4,2,13
202400021641,2024-12-20,Night,3,6,2.0,3,1,83
202400021642,2024-04-02,Morning,3,1,3.0,1,2,67
202400021643,2024-12-07,Afternoon,4,3,3.0,1,1,01
202400021644,2024-04-16,Night,3,1,6.0,3,1,33
202400021645,2024-12-17,Morning,4,1,4.0,1,1,67
202400021646,2024-04-16,Afternoon,4,1,3.0,1,1,49
202400021647,2024-04-17,Afternoon,3,1,3.0,1,1,80
202400021648,2024-12-21,Afternoon,4,2,2.0,1,1,77
202400021649,2024-04-17,Night,3,1,3.0,3,2,59
202400021650,2024-04-16,Evening,3,2,6.0,1,2,59
202400021651,2024-12-21,Morning,4,1,7.0,3,1,91
202400021652,2024-04-14,Night,4,1,7.0,3,1,13
202400021653,2024-12-20,Evening,4,2,2.0,3,1,94
202400021654,2024-04-16,Evening,4,1,2.0,3,1,13
202400021655,2024-12-21,Afternoon,4,2,6.0,2,1,78
202400021656,2024-04-16,Morning,4,1,2.0,1,1,13
202400021657,2024-12-21,Afternoon,4,2,4.0,1,1,78
202400021658,2024-04-15,Morning,4,1,4.0,1,1,83
202400021659,2024-12-21,Morning,4,1,2.0,5,1,78
202400021660,2024-12-21,Night,4,2,6.0,3,1,92
202400021661,2024-04-16,Morning,4,1,2.0,1,1,33
202400021662,2024-04-16,Morning,3,1,3.0,2,1,33
202400021663,2024-12-20,Morning,4,1,5.0,5,1,93
202400021664,2024-04-15,Afternoon,4,1,4.0,1,1,33
202400021665,2024-12-20,Night,4,1,3.0,3,1,95
202400021666,2024-04-12,Evening,4,1,2.0,1,1,62
202400021667,2024-03-15,Night,4,2,2.0,3,2,94
202400021668,2024-04-08,Evening,4,3,6.0,3,1,62
202400021669,2024-04-16,Afternoon,4,1,2.0,1,1,91
202400021670,2024-04-16,Morning,4,1,2.0,1,1,94
202400021672,2024-04-15,Night,4,2,2.0,3,1,91
202400021674,2024-04-16,Evening,4,2,2.0,1,1,92
202400021676,2024-04-16,Morning,4,2,2.0,1,1,78
202400021678,2024-04-15,Afternoon,3,2,3.0,1,1,92
202400021679,2024-01-27,Afternoon,4,1,7.0,1,2,13
202400021680,2024-12-09,Afternoon,2,8,6.0,1,2,69
202400021681,2024-04-15,Morning,4,1,3.0,1,1,92
202400021682,2024-01-27,Morning,3,1,1.0,1,2,13
202400021683,2024-12-20,Morning,4,1,1.0,2,2,69
202400021684,2024-04-16,Evening,4,8,3.0,1,1,93
202400021686,2024-01-27,Evening,3,1,3.0,5,2,13
202400021687,2024-04-15,Afternoon,4,2,4.0,1,1,93
202400021688,2024-12-20,Morning,4,8,3.0,1,2,69
202400021689,2024-01-27,Night,4,5,1.0,3,1,12
202400021691,2024-04-15,Afternoon,4,1,2.0,1,1,93
202400021692,2024-09-06,Afternoon,3,1,1.0,1,2,93
202400021693,2024-01-27,Evening,4,8,7.0,2,1,01
202400021695,2024-04-15,Morning,4,1,2.0,1,1,92
202400021696,2024-01-23,Afternoon,4,2,7.0,1,2,75
202400021697,2024-12-20,Night,4,1,7.0,5,2,2A
202400021698,2024-09-06,Night,4,1,3.0,5,2,93
202400021699,2024-04-16,Afternoon,4,2,3.0,1,1,94
202400021700,2024-01-27,Evening,4,1,6.0,5,2,75
202400021701,2024-12-20,Evening,4,2,3.0,5,2,95
202400021702,2024-09-06,Morning,4,1,3.0,1,2,92
202400021703,2024-01-26,Afternoon,4,1,2.0,1,2,75
202400021704,2024-04-16,Morning,4,2,3.0,1,1,75
202400021705,2024-12-19,Afternoon,4,2,2.0,1,2,87
202400021706,2024-04-15,Evening,4,1,3.0,1,1,94
202400021707,2024-01-27,Morning,4,1,1.0,5,2,75
202400021708,2024-09-06,Morning,4,1,1.0,1,2,92
202400021709,2024-12-16,Evening,4,1,3.0,3,2,84
202400021710,2024-02-15,Morning,4,1,6.0,1,2,74
202400021711,2024-01-27,Night,4,1,7.0,4,2,75
202400021712,2024-09-06,Afternoon,3,1,6.0,1,2,92
202400021713,2024-02-03,Afternoon,4,1,1.0,1,2,74
202400021714,2024-12-20,Evening,4,1,3.0,3,2,84
202400021715,2024-01-27,Afternoon,4,1,7.0,1,2,75
202400021716,2024-02-15,Afternoon,4,1,6.0,1,2,59
202400021717,2024-09-06,Afternoon,4,7,2.0,1,2,92
202400021718,2024-12-20,Afternoon,3,6,6.0,1,2,83
202400021719,2024-01-26,Afternoon,3,1,5.0,1,2,75
202400021720,2024-09-06,Evening,3,1,6.0,2,2,92
202400021721,2024-02-15,Evening,3,1,3.0,5,2,59
202400021722,2024-12-20,Morning,3,6,6.0,5,2,83
202400021723,2024-01-25,Morning,4,1,3.0,2,2,75
202400021724,2024-09-05,Evening,4,1,6.0,3,2,92
202400021725,2024-02-15,Afternoon,2,1,6.0,1,2,27
202400021726,2024-01-26,Night,4,1,6.0,5,2,94
202400021727,2024-12-19,Afternoon,2,1,2.0,1,1,80
202400021728,2024-09-06,Morning,4,1,6.0,1,2,92
202400021730,2024-09-07,Night,2,2,6.0,3,1,28
202400021731,2024-01-27,Morning,4,1,3.0,1,2,94
202400021732,2024-12-20,Afternoon,4,8,3.0,1,1,78
202400021734,2024-12-20,Morning,4,1,6.0,3,1,77
202400021735,2024-01-27,Morning,4,1,2.0,5,2,94
202400021736,2024-09-07,Afternoon,4,1,3.0,1,1,14
202400021738,2024-12-20,Afternoon,3,1,3.0,1,2,77
202400021739,2024-09-07,Afternoon,3,1,7.0,1,2,59
202400021741,2024-01-26,Night,4,1,3.0,5,2,93
202400021743,2024-12-20,Morning,4,8,3.0,5,2,72