Num_Acc,date,time_of_day,max_severity,weather,collision_type,lighting,urban_area,department
202400021744,2024-01-09,Evening,4,1,3.0,5,2,93
202400021745,2024-09-07,Morning,3,1,3.0,2,1,60
202400021746,2024-04-15,Afternoon,4,1,1.0,1,2,69
202400021747,2024-01-27,Afternoon,4,1,7.0,1,2,93
202400021748,2024-08-27,Morning,4,1,7.0,1,2,60
202400021749,2024-12-19,Afternoon,4,8,3.0,1,2,72
202400021751,2024-01-27,Afternoon,4,1,6.0,1,2,93
202400021752,2024-09-07,Afternoon,3,1,2.0,1,1,39
202400021753,2024-12-20,Afternoon,4,1,3.0,1,2,69
202400021754,2024-01-27,Morning,4,1,6.0,1,2,93
202400021757,2024-09-06,Evening,3,1,2.0,1,2,42
202400021758,2024-12-20,Evening,4,1,3.0,5,2,69
202400021760,2024-12-20,Morning,4,1,6.0,1,2,69
202400021762,2024-01-26,Morning,4,1,6.0,1,2,93
202400021763,2024-09-07,Morning,3,8,1.0,1,2,31
202400021764,2024-04-15,Afternoon,4,1,6.0,1,2,91
202400021765,2024-12-20,Evening,4,1,3.0,5,2,67
202400021766,2024-01-27,Afternoon,4,1,3.0,1,2,92
202400021767,2024-09-06,Afternoon,3,1,6.0,1,1,77
202400021768,2024-04-15,Evening,4,1,6.0,1,2,91
202400021769,2024-12-20,Afternoon,4,1,7.0,1,2,64
202400021770,2024-01-27,Morning,4,1,3.0,1,2,92
202400021771,2024-09-07,Night,3,8,1.0,3,1,44
202400021772,2024-04-15,Afternoon,3,3,3.0,1,2,91
202400021773,2024-12-20,Morning,4,1,3.0,1,1,62
202400021774,2024-09-07,Afternoon,4,1,1.0,1,2,10
202400021775,2024-01-26,Afternoon,4,1,3.0,1,2,92
202400021776,2024-04-15,Afternoon,4,1,1.0,1,2,90
202400021777,2024-12-20,Afternoon,4,1,6.0,1,2,59
202400021778,2024-01-27,Afternoon,4,1,6.0,1,2,92
202400021779,2024-09-05,Afternoon,4,1,2.0,1,1,83
202400021780,2024-04-14,Afternoon,4,1,3.0,1,2,86
202400021781,2024-12-20,Evening,4,2,1.0,5,2,59
202400021782,2024-04-12,Afternoon,4,1,3.0,1,2,80
202400021783,2024-01-26,Evening,4,1,3.0,5,2,92
202400021785,2024-12-20,Evening,4,2,3.0,5,2,56
202400021786,2024-01-26,Night,4,1,7.0,5,2,92
202400021787,2024-04-15,Afternoon,4,1,2.0,1,1,77
202400021788,2024-09-07,Night,3,1,7.0,3,1,72
202400021789,2024-01-27,Morning,4,1,3.0,1,2,92
202400021790,2024-12-19,Evening,4,2,3.0,5,2,56
202400021791,2024-04-14,Evening,4,1,2.0,1,2,76
202400021792,2024-01-28,Night,2,5,6.0,3,1,47
202400021793,2024-12-19,Afternoon,4,7,2.0,1,2,56
202400021794,2024-01-28,Morning,4,1,6.0,1,2,14
202400021795,2024-04-13,Night,3,1,3.0,5,1,76
202400021796,2024-09-07,Afternoon,4,1,4.0,1,1,50
202400021797,2024-01-27,Evening,4,1,6.0,2,1,62
202400021798,2024-04-12,Afternoon,4,1,7.0,1,2,76
202400021799,2024-12-20,Afternoon,4,1,3.0,1,2,54
202400021800,2024-01-27,Morning,3,1,6.0,1,2,95
202400021801,2024-12-19,Evening,4,2,6.0,5,2,54
202400021802,2024-01-28,Morning,3,1,7.0,1,1,17
202400021803,2024-09-07,Afternoon,2,1,6.0,1,1,2B
202400021804,2024-04-15,Night,4,1,6.0,3,2,73
202400021805,2024-09-06,Afternoon,3,1,6.0,1,1,2B
202400021806,2024-12-20,Night,4,1,1.0,5,2,54
202400021807,2024-04-15,Afternoon,4,1,3.0,1,2,71
202400021808,2024-01-28,Afternoon,3,1,6.0,1,1,36
202400021809,2024-09-06,Afternoon,3,7,6.0,1,1,82
202400021810,2024-12-20,Morning,4,1,6.0,1,2,51
202400021811,2024-01-28,Night,3,1,6.0,5,2,84
202400021812,2024-04-15,Afternoon,4,1,1.0,1,2,71
202400021813,2024-01-28,Night,2,9,7.0,3,1,10
202400021814,2024-12-20,Morning,4,1,2.0,1,2,51
202400021815,2024-08-29,Evening,4,1,7.0,1,2,65
202400021816,2024-04-13,Morning,3,1,6.0,1,2,71
202400021818,2024-09-07,Afternoon,4,1,7.0,1,1,71
202400021819,2024-12-19,Evening,4,1,6.0,5,2,51
202400021820,2024-01-27,Afternoon,4,1,6.0,1,2,46
202400021821,2024-04-15,Evening,4,1,2.0,1,2,69
202400021822,2024-09-06,Afternoon,3,1,3.0,1,1,89
202400021824,2024-04-15,Morning,4,1,3.0,1,2,69
202400021825,2024-12-18,Evening,4,3,2.0,5,2,50
202400021826,2024-09-06,Afternoon,3,1,3.0,1,1,89
202400021827,2024-01-27,Afternoon,4,1,6.0,1,1,23
202400021828,2024-04-15,Afternoon,4,1,3.0,1,2,69
202400021829,2024-09-07,Morning,3,2,7.0,1,2,63
202400021830,2024-12-20,Night,3,1,3.0,4,2,49
202400021831,2024-01-28,Afternoon,2,1,3.0,1,1,79
202400021832,2024-04-15,Afternoon,3,1,3.0,1,2,69
202400021833,2024-01-27,Evening,4,1,6.0,3,1,63
202400021834,2024-09-07,Afternoon,4,1,7.0,1,1,68
202400021835,2024-12-20,Morning,4,1,5.0,2,2,47
202400021836,2024-04-14,Morning,3,1,6.0,1,2,67
202400021837,2024-01-27,Morning,4,9,6.0,4,1,61
202400021838,2024-09-06,Afternoon,3,7,3.0,1,1,68
202400021839,2024-04-15,Afternoon,3,1,6.0,1,2,63
202400021840,2024-12-20,Afternoon,4,1,3.0,1,2,45
202400021841,2024-01-28,Night,4,1,7.0,3,1,49
202400021842,2024-04-14,Morning,4,1,7.0,1,2,63
202400021843,2024-09-06,Afternoon,4,1,6.0,1,2,22
202400021844,2024-12-10,Afternoon,3,1,6.0,5,2,39
202400021845,2024-01-28,Afternoon,3,1,3.0,1,1,49
202400021846,2024-04-14,Evening,3,1,3.0,1,2,62
202400021847,2024-12-21,Night,4,2,6.0,3,1,37
202400021848,2024-09-07,Afternoon,3,1,2.0,1,1,25
202400021849,2024-12-20,Morning,4,1,2.0,1,1,34
202400021850,2024-01-27,Evening,4,1,2.0,3,2,68
202400021851,2024-09-07,Afternoon,3,1,2.0,1,1,25
202400021852,2024-04-15,Morning,4,1,3.0,1,2,59
202400021853,2024-12-20,Afternoon,4,1,3.0,1,2,34
202400021854,2024-01-26,Evening,3,1,6.0,3,1,22
202400021855,2024-04-14,Afternoon,3,1,6.0,1,2,59
202400021856,2024-12-20,Morning,3,1,6.0,1,2,33
202400021857,2024-04-14,Evening,4,1,7.0,1,2,56
202400021858,2024-09-07,Morning,4,2,3.0,1,1,29
202400021859,2024-04-15,Afternoon,4,2,7.0,1,2,51
202400021860,2024-12-20,Morning,4,5,6.0,3,1,33
202400021861,2024-04-13,Evening,4,1,7.0,1,2,51
202400021862,2024-12-20,Morning,3,1,6.0,1,2,31
202400021863,2024-09-07,Afternoon,4,8,7.0,1,1,58
202400021864,2024-01-27,Evening,3,1,5.0,3,1,25
202400021865,2024-04-12,Morning,4,1,3.0,2,2,50
202400021866,2024-09-07,Afternoon,4,2,2.0,1,1,58
202400021867,2024-12-20,Evening,4,3,3.0,5,2,29
202400021868,2024-01-27,Evening,3,5,7.0,3,1,29
202400021869,2024-09-07,Morning,2,1,6.0,1,2,14
202400021870,2024-01-27,Afternoon,3,1,7.0,1,1,02
202400021871,2024-04-11,Evening,4,1,3.0,1,2,49
202400021872,2024-09-06,Evening,2,1,6.0,5,1,50
202400021873,2024-12-19,Afternoon,4,1,3.0,1,2,29
202400021874,2024-04-14,Morning,4,1,6.0,1,2,49
202400021875,2024-01-26,Morning,4,1,3.0,2,1,01
202400021876,2024-04-15,Morning,4,1,3.0,1,2,45
202400021877,2024-09-06,Afternoon,4,1,3.0,1,1,50
202400021878,2024-12-18,Evening,4,2,3.0,5,2,29
202400021879,2024-01-26,Afternoon,4,2,1.0,1,1,70
202400021880,2024-07-30,Morning,4,1,3.0,1,2,75
202400021881,2024-04-15,Evening,4,1,1.0,1,2,44
202400021882,2024-09-07,Morning,3,3,3.0,1,1,50
202400021883,2024-04-15,Evening,4,1,7.0,1,2,42
202400021884,2024-07-30,Morning,4,1,4.0,1,2,75
202400021885,2024-04-11,Afternoon,4,1,3.0,1,2,40
202400021886,2024-01-28,Afternoon,3,1,3.0,1,2,50
202400021887,2024-09-06,Evening,4,1,7.0,1,1,18
202400021888,2024-07-30,Night,3,1,7.0,5,2,75
202400021889,2024-04-15,Evening,4,1,2.0,1,1,35
202400021890,2024-01-28,Morning,4,1,6.0,1,2,60
202400021891,2024-09-07,Morning,4,1,2.0,1,2,43
202400021892,2024-01-28,Afternoon,4,1,7.0,1,1,07
202400021893,2024-07-29,Morning,4,1,3.0,1,2,75
202400021894,2024-04-15,Afternoon,4,1,6.0,1,2,35
202400021895,2024-01-28,Night,3,1,2.0,3,2,85
202400021896,2024-07-30,Night,4,1,3.0,5,2,75
202400021897,2024-08-31,Afternoon,4,1,1.0,1,2,43
202400021898,2024-04-15,Morning,4,1,2.0,1,1,35
202400021899,2024-01-27,Afternoon,3,1,1.0,1,1,37
202400021900,2024-07-30,Evening,4,1,3.0,2,2,75
202400021901,2024-04-15,Afternoon,4,1,6.0,1,2,33
202400021902,2024-09-07,Morning,3,2,3.0,1,1,16
202400021903,2024-01-25,Morning,4,1,1.0,2,1,30
202400021904,2024-04-15,Afternoon,4,1,3.0,1,1,33
202400021905,2024-09-06,Afternoon,3,1,6.0,1,2,07
202400021906,2024-07-29,Afternoon,4,1,3.0,1,2,75
202400021907,2024-01-27,Afternoon,3,1,7.0,1,1,68
202400021908,2024-04-15,Afternoon,4,1,2.0,1,1,28
202400021909,2024-07-29,Afternoon,4,1,6.0,1,2,75
202400021910,2024-09-06,Morning,3,1,1.0,1,2,21
202400021911,2024-07-30,Afternoon,4,1,3.0,1,2,75
202400021912,2024-01-27,Evening,4,1,2.0,3,1,13
202400021913,2024-04-16,Night,3,1,7.0,3,2,17
202400021914,2024-09-07,Afternoon,4,1,5.0,1,1,04
202400021915,2024-04-15,Morning,4,1,2.0,1,2,17
202400021916,2024-01-27,Night,3,1,6.0,5,2,66
202400021917,2024-09-07,Afternoon,4,1,3.0,1,1,04
202400021918,2024-07-30,Evening,4,1,4.0,1,2,75
202400021919,2024-07-30,Afternoon,4,1,7.0,1,2,75
202400021920,2024-04-15,Morning,4,1,3.0,1,2,14
202400021921,2024-01-28,Evening,3,1,1.0,3,1,13
202400021922,2024-09-06,Evening,3,1,1.0,1,2,28
202400021923,2024-07-30,Evening,4,7,6.0,1,2,94
202400021924,2024-01-28,Night,3,1,1.0,5,2,13
202400021925,2024-04-15,Afternoon,4,1,2.0,1,2,13
202400021926,2024-07-30,Night,3,1,6.0,5,2,94
202400021927,2024-01-27,Afternoon,4,1,1.0,1,2,13
202400021928,2024-08-01,Morning,3,1,6.0,1,2,08
202400021929,2024-04-15,Evening,4,1,5.0,3,1,13
202400021930,2024-07-30,Morning,4,1,3.0,1,2,93
202400021931,2024-01-28,Night,3,5,6.0,3,1,71
202400021932,2024-09-06,Afternoon,4,1,2.0,5,1,06
202400021933,2024-04-14,Morning,3,1,1.0,1,1,10
202400021934,2024-01-28,Morning,2,5,6.0,4,1,03
202400021935,2024-07-29,Night,4,1,5.0,3,2,93
202400021936,2024-09-05,Evening,4,1,2.0,2,1,38
202400021937,2024-04-15,Evening,4,1,3.0,1,2,06
202400021938,2024-07-30,Afternoon,4,1,6.0,1,2,93
202400021939,2024-01-27,Evening,4,1,5.0,3,1,63
202400021940,2024-04-15,Afternoon,4,1,6.0,1,2,06
202400021941,2024-09-04,Afternoon,3,1,3.0,1,1,34
202400021942,2024-07-30,Morning,4,1,6.0,1,2,93
202400021944,2024-04-14,Afternoon,4,1,6.0,1,2,06
202400021945,2024-01-27,Evening,4,1,1.0,5,2,63
202400021946,2024-01-28,Morning,4,1,7.0,1,2,63
202400021948,2024-07-31,Afternoon,2,1,3.0,1,2,84
202400021949,2024-04-12,Evening,3,1,6.0,1,2,03
202400021951,2024-07-30,Evening,4,1,3.0,1,1,67
202400021952,2024-01-28,Afternoon,4,1,3.0,1,1,73
202400021953,2024-04-15,Afternoon,4,1,2.0,1,2,75
202400021955,2024-01-28,Afternoon,2,1,6.0,1,2,07
202400021956,2024-07-29,Morning,4,1,3.0,1,1,22
202400021957,2024-04-15,Afternoon,4,1,2.0,1,2,75
202400021958,2024-01-28,Morning,2,1,6.0,1,2,01
202400021959,2024-07-31,Morning,2,1,6.0,1,1,83
202400021960,2024-01-27,Afternoon,3,8,7.0,1,1,16
202400021961,2024-09-07,Night,4,2,1.0,5,2,91
202400021962,2024-04-15,Afternoon,4,2,6.0,1,2,75
202400021963,2024-07-30,Evening,4,1,3.0,1,2,62
202400021964,2024-01-27,Morning,3,5,1.0,1,1,86
202400021965,2024-01-27,Afternoon,4,1,7.0,1,2,64
202400021966,2024-07-30,Afternoon,4,1,2.0,1,2,68
202400021967,2024-04-15,Night,4,1,1.0,3,2,75
202400021968,2024-09-06,Morning,4,1,2.0,1,2,06
202400021969,2024-07-30,Morning,2,1,7.0,2,2,83
202400021970,2024-07-28,Evening,4,1,7.0,1,1,51
202400021971,2024-09-07,Morning,3,1,3.0,1,2,13
202400021972,2024-04-15,Evening,4,1,7.0,1,2,75
202400021973,2024-01-28,Afternoon,4,1,3.0,1,1,76
202400021974,2024-09-06,Evening,3,1,7.0,2,1,52
202400021975,2024-07-31,Afternoon,3,1,1.0,1,1,56
202400021976,2024-01-28,Morning,4,1,6.0,2,1,80
202400021977,2024-09-07,Afternoon,3,1,7.0,1,1,68
202400021978,2024-04-15,Morning,4,1,3.0,1,2,75
202400021979,2024-01-27,Night,4,1,6.0,3,1,83
202400021980,2024-07-30,Afternoon,4,1,3.0,1,1,56
202400021981,2024-09-07,Morning,3,1,3.0,1,2,88
202400021982,2024-01-22,Evening,4,1,3.0,5,1,83
202400021983,2024-04-15,Evening,4,1,6.0,1,2,75
202400021984,2024-07-29,Afternoon,3,7,2.0,1,1,56
202400021985,2024-09-06,Afternoon,3,1,1.0,1,2,88
202400021986,2024-01-26,Afternoon,4,1,2.0,1,1,95
202400021987,2024-09-06,Morning,3,1,1.0,1,1,73
202400021988,2024-07-30,Afternoon,4,1,3.0,1,2,56
202400021990,2024-04-15,Evening,4,1,3.0,1,2,75
202400021991,2024-09-07,Morning,4,1,2.0,1,1,42
202400021993,2024-09-06,Evening,3,1,1.0,3,1,69
202400021994,2024-04-15,Afternoon,4,2,3.0,1,2,75
202400021995,2024-07-31,Morning,3,1,7.0,1,1,76
202400021997,2024-07-31,Morning,3,1,7.0,1,1,32
202400021998,2024-04-15,Night,4,1,6.0,5,2,75
202400021999,2024-09-06,Afternoon,4,1,6.0,1,2,46
202400022000,2024-07-31,Night,3,1,6.0,3,1,71
202400022001,2024-04-14,Evening,4,1,6.0,5,2,75
202400022003,2024-09-06,Afternoon,2,8,2.0,1,1,87
202400022004,2024-07-31,Night,3,1,7.0,2,1,71
202400022005,2024-09-07,Night,4,1,6.0,3,2,79
202400022006,2024-04-14,Night,3,1,3.0,5,2,75
202400022008,2024-07-31,Afternoon,3,1,2.0,1,1,63
202400022009,2024-09-07,Night,3,2,7.0,3,1,64
202400022011,2024-04-13,Afternoon,4,1,3.0,1,2,75
202400022012,2024-07-30,Afternoon,3,1,7.0,1,1,42
202400022013,2024-09-06,Evening,3,2,7.0,3,1,49
202400022015,2024-07-30,Afternoon,4,1,1.0,1,1,47
202400022016,2024-04-14,Evening,4,1,2.0,1,2,94
202400022018,2024-09-06,Afternoon,4,7,3.0,1,2,27
202400022019,2024-07-31,Morning,4,1,6.0,1,1,47
202400022020,2024-04-15,Morning,4,1,6.0,1,2,93
202400022021,2024-07-31,Morning,4,1,7.0,1,1,34
202400022022,2024-01-26,Evening,4,2,3.0,5,2,69
202400022023,2024-04-15,Afternoon,4,3,6.0,1,2,93
202400022024,2024-09-07,Afternoon,3,1,5.0,1,1,76
202400022025,2024-09-07,Afternoon,4,2,7.0,1,2,60
202400022027,2024-04-15,Morning,4,1,2.0,1,2,93
202400022028,2024-07-30,Evening,4,1,5.0,1,1,22
202400022029,2024-09-06,Evening,4,1,2.0,1,1,60
202400022030,2024-07-30,Afternoon,3,1,7.0,1,1,39
202400022031,2024-04-15,Afternoon,4,1,3.0,1,2,92
202400022033,2024-07-30,Night,2,1,2.0,3,1,44
202400022034,2024-04-16,Night,4,1,1.0,3,1,95
202400022036,2024-09-07,Afternoon,4,1,1.0,1,1,02
202400022038,2024-04-16,Morning,3,1,3.0,1,1,66
202400022039,2024-07-30,Evening,3,1,1.0,5,1,38
202400022040,2024-09-04,Afternoon,4,2,3.0,1,1,13
202400022041,2024-04-14,Afternoon,3,1,7.0,1,1,51
202400022042,2024-07-31,Afternoon,4,1,6.0,1,2,02
202400022043,2024-01-26,Afternoon,4,1,1.0,1,2,95
202400022044,2024-07-30,Afternoon,3,1,7.0,1,1,84
202400022045,2024-01-26,Morning,4,2,6.0,1,2,91
202400022046,2024-09-05,Morning,4,3,5.0,1,2,69
202400022047,2024-04-14,Afternoon,3,1,6.0,1,1,35
202400022048,2024-01-26,Afternoon,4,1,3.0,1,2,91
202400022049,2024-07-31,Morning,3,7,3.0,1,1,15
202400022050,2024-09-06,Morning,4,2,2.0,1,1,33
202400022051,2024-04-12,Afternoon,4,1,3.0,1,1,79
202400022052,2024-01-26,Morning,4,2,6.0,1,2,91
202400022053,2024-07-30,Morning,3,1,3.0,2,2,26
202400022054,2024-09-05,Morning,3,1,6.0,1,1,59
202400022055,2024-04-15,Evening,4,1,3.0,1,2,2B
202400022056,2024-01-25,Afternoon,3,1,3.0,1,2,87
202400022057,2024-04-16,Evening,4,1,7.0,1,1,71
202400022058,2024-09-06,Night,4,1,2.0,3,1,91
202400022059,2024-07-31,Afternoon,4,1,3.0,1,1,05
202400022060,2024-01-21,Afternoon,4,2,2.0,1,1,87
202400022061,2024-09-06,Afternoon,4,1,6.0,1,1,92
202400022062,2024-01-25,Morning,4,1,3.0,2,2,86
202400022063,2024-04-12,Afternoon,4,1,6.0,1,2,55
202400022064,2024-07-31,Morning,3,1,3.0,1,2,50
202400022065,2024-09-06,Afternoon,4,1,3.0,1,1,93
202400022066,2024-07-30,Night,3,1,7.0,3,1,50
202400022067,2024-04-15,Afternoon,3,1,7.0,1,2,49
202400022068,2024-09-05,Morning,3,3,6.0,1,1,93
202400022069,2024-01-26,Morning,4,1,3.0,1,2,86
202400022070,2024-07-30,Afternoon,4,1,7.0,1,2,90
202400022071,2024-04-16,Morning,3,8,6.0,1,1,25
202400022072,2024-09-05,Morning,4,3,6.0,2,1,95
202400022073,2024-01-25,Evening,4,1,3.0,5,2,85
202400022074,2024-07-30,Morning,4,1,3.0,1,2,64
202400022075,2024-04-15,Evening,4,1,1.0,1,2,25
202400022076,2024-09-04,Morning,4,1,3.0,1,1,95
202400022077,2024-01-25,Evening,3,1,6.0,5,2,84
202400022078,2024-04-16,Afternoon,3,2,1.0,1,2,25
202400022079,2024-07-30,Evening,4,1,1.0,1,1,40
202400022080,2024-09-04,Morning,4,1,2.0,1,1,93
202400022081,2024-01-26,Afternoon,4,1,6.0,1,1,83
202400022082,2024-03-30,Night,3,2,6.0,5,2,44
202400022083,2024-07-29,Evening,4,1,3.0,1,1,17
202400022084,2024-09-06,Morning,4,1,2.0,1,1,77
202400022085,2024-01-26,Afternoon,3,8,3.0,1,2,82
202400022086,2024-04-15,Evening,4,1,1.0,1,1,01
202400022087,2024-07-30,Afternoon,4,1,7.0,1,1,23
202400022088,2024-04-16,Morning,4,2,1.0,1,1,01
202400022089,2024-01-25,Morning,4,1,3.0,1,2,81
202400022090,2024-04-12,Evening,4,1,1.0,1,1,14
202400022091,2024-04-14,Afternoon,3,1,7.0,1,1,53
202400022092,2024-04-16,Afternoon,3,1,7.0,1,1,27
202400022093,2024-01-22,Afternoon,4,1,6.0,1,2,81
202400022094,2024-04-16,Morning,2,1,6.0,1,1,27
202400022095,2024-07-26,Morning,4,1,1.0,1,1,37
202400022096,2024-04-15,Evening,3,3,6.0,3,1,23
202400022097,2024-01-26,Evening,4,1,2.0,5,2,78
202400022098,2024-03-05,Morning,4,1,3.0,1,2,13
202400022099,2024-07-30,Afternoon,2,1,7.0,1,2,88
202400022100,2024-04-15,Afternoon,4,8,6.0,1,2,37
202400022102,2024-01-26,Afternoon,4,1,6.0,1,2,77
202400022103,2024-07-17,Afternoon,4,1,2.0,1,1,10
202400022104,2024-04-16,Morning,3,1,5.0,1,1,38
202400022106,2024-01-25,Evening,3,1,7.0,3,1,77
202400022107,2024-04-15,Evening,4,1,6.0,2,2,01
202400022108,2024-07-31,Afternoon,4,1,1.0,1,1,13
202400022110,2024-07-29,Evening,4,1,6.0,1,1,33
202400022111,2024-01-26,Afternoon,4,1,3.0,1,1,77
202400022113,2024-01-26,Afternoon,4,1,6.0,1,1,76
202400022114,2024-07-30,Evening,3,8,1.0,1,2,11
202400022116,2024-04-16,Afternoon,3,1,6.0,1,2,45
202400022117,2024-01-26,Morning,4,2,6.0,5,2,76
202400022118,2024-07-31,Evening,3,1,3.0,1,2,34
202400022119,2024-09-05,Afternoon,4,1,3.0,1,2,69
202400022120,2024-04-06,Night,4,1,1.0,5,2,77
202400022121,2024-07-30,Afternoon,4,1,2.0,1,1,83
202400022122,2024-01-25,Morning,4,1,6.0,2,2,76
202400022123,2024-07-30,Afternoon,2,1,6.0,1,1,83
202400022124,2024-04-16,Morning,3,1,1.0,1,1,2A
202400022125,2024-09-04,Afternoon,4,1,7.0,1,2,69
202400022126,2024-01-26,Night,4,1,6.0,5,2,76
202400022127,2024-07-31,Afternoon,4,1,3.0,1,1,04
202400022128,2024-01-25,Morning,3,1,7.0,2,2,76
202400022130,2024-01-26,Evening,4,1,6.0,5,2,76
202400022131,2024-07-25,Afternoon,4,1,1.0,1,1,13
202400022132,2024-09-05,Afternoon,4,1,3.0,1,2,2A
202400022133,2024-07-30,Evening,3,1,7.0,5,2,67
202400022134,2024-01-26,Morning,4,1,6.0,1,2,74
202400022135,2024-07-28,Evening,4,1,1.0,1,1,55
202400022136,2024-09-04,Afternoon,4,1,3.0,1,2,2A
202400022137,2024-01-26,Night,3,1,6.0,5,2,72
202400022138,2024-07-27,Night,4,1,6.0,2,2,38
202400022139,2024-09-05,Morning,4,3,6.0,1,2,95
202400022140,2024-01-26,Morning,4,2,6.0,1,2,72
202400022141,2024-07-30,Evening,4,1,3.0,2,2,38
202400022142,2024-09-04,Afternoon,4,1,3.0,1,2,95
202400022143,2024-01-26,Afternoon,4,1,6.0,1,2,69
202400022144,2024-07-30,Afternoon,3,1,3.0,1,1,26
202400022145,2024-09-05,Morning,4,2,1.0,1,2,91
202400022146,2024-01-24,Morning,4,2,3.0,1,2,67
202400022147,2024-07-30,Morning,3,1,6.0,1,2,69
202400022148,2024-01-26,Afternoon,4,1,7.0,1,2,64
202400022149,2024-07-31,Morning,3,1,3.0,1,2,33
202400022150,2024-09-05,Evening,4,1,1.0,2,2,84
202400022151,2024-01-25,Afternoon,4,1,6.0,1,2,64
202400022152,2024-07-21,Afternoon,3,1,1.0,1,1,14
202400022153,2024-09-05,Evening,4,1,6.0,1,2,83
202400022154,2024-01-26,Evening,4,2,6.0,5,2,63
202400022155,2024-07-30,Evening,4,1,2.0,1,2,56
202400022156,2024-09-04,Night,3,8,3.0,5,2,83
202400022157,2024-07-29,Evening,4,1,1.0,1,1,22
202400022158,2024-01-18,Afternoon,4,1,3.0,1,2,63
202400022159,2024-09-04,Afternoon,3,1,3.0,1,2,80
202400022160,2024-01-26,Evening,4,1,6.0,3,2,59
202400022161,2024-07-26,Afternoon,4,1,1.0,1,2,62
202400022162,2024-09-06,Night,3,1,6.0,3,2,78
202400022163,2024-01-26,Morning,4,2,6.0,2,2,59
202400022164,2024-07-26,Afternoon,4,1,6.0,1,1,59
202400022165,2024-09-05,Evening,3,1,6.0,1,1,77
202400022166,2024-01-26,Night,4,1,6.0,3,2,54
202400022167,2024-07-30,Evening,4,1,2.0,1,1,13
202400022168,2024-09-05,Morning,4,3,1.0,3,1,77
202400022169,2024-01-25,Evening,4,2,3.0,5,2,54
202400022170,2024-07-30,Morning,4,1,2.0,1,1,13
202400022171,2024-09-04,Evening,4,1,3.0,5,2,76
202400022172,2024-01-25,Afternoon,4,1,3.0,1,2,54
202400022173,2024-07-30,Morning,4,1,3.0,1,1,13
202400022174,2024-09-03,Afternoon,3,1,3.0,1,2,76
202400022175,2024-01-26,Morning,4,2,6.0,5,2,51
202400022176,2024-09-05,Night,4,3,1.0,3,2,73
202400022177,2024-01-26,Morning,4,1,6.0,5,2,51
202400022178,2024-09-05,Evening,4,3,6.0,2,2,67
202400022179,2024-07-30,Morning,4,1,4.0,1,1,83
202400022180,2024-01-25,Evening,2,1,6.0,5,2,50
202400022181,2024-09-05,Night,4,2,3.0,5,2,67
202400022182,2024-01-25,Night,4,2,3.0,5,2,49
202400022183,2024-09-05,Morning,4,1,6.0,1,2,66
202400022184,2024-07-24,Night,4,1,4.0,5,1,69
202400022185,2024-01-25,Morning,3,1,2.0,5,1,49
202400022186,2024-09-05,Afternoon,4,1,3.0,1,2,65
202400022187,2024-07-24,Afternoon,3,1,2.0,1,1,59
202400022188,2024-01-24,Morning,4,2,3.0,5,2,49
202400022189,2024-09-05,Afternoon,4,1,1.0,1,1,64
202400022190,2024-01-26,Evening,3,1,6.0,5,2,44
202400022191,2024-09-05,Afternoon,4,1,7.0,1,2,64
202400022192,2024-07-30,Afternoon,4,1,4.0,1,1,93
202400022193,2024-01-26,Afternoon,4,1,7.0,1,2,43
202400022194,2024-09-05,Afternoon,4,1,3.0,1,2,64
202400022195,2024-09-05,Morning,4,1,6.0,1,2,64
202400022196,2024-01-25,Afternoon,3,1,2.0,1,2,42
202400022197,2024-07-30,Afternoon,4,1,5.0,1,1,93
202400022198,2024-01-26,Morning,3,1,6.0,2,2,41
202400022199,2024-08-21,Afternoon,3,7,6.0,1,2,62
202400022200,2024-01-26,Morning,4,1,3.0,5,2,38
202400022201,2024-09-01,Afternoon,3,1,2.0,1,2,62
202400022202,2024-01-26,Afternoon,4,3,6.0,1,2,37
202400022203,2024-07-30,Afternoon,4,1,4.0,1,1,93
202400022204,2024-09-05,Afternoon,3,1,3.0,1,2,62
202400022205,2024-01-25,Evening,4,1,6.0,5,2,37
202400022206,2024-09-04,Afternoon,3,1,3.0,1,2,62
202400022207,2024-01-26,Afternoon,4,1,3.0,1,1,35
202400022208,2024-07-30,Afternoon,4,1,2.0,1,1,93
202400022209,2024-08-23,Afternoon,4,1,3.0,1,2,62
202400022210,2024-01-26,Morning,4,2,6.0,5,2,35
202400022211,2024-07-30,Morning,4,1,4.0,1,1,93
202400022212,2024-09-05,Afternoon,3,1,3.0,1,2,62
202400022213,2024-01-26,Night,3,1,2.0,5,2,34
202400022214,2024-07-30,Night,4,1,6.0,3,1,93
202400022215,2024-09-04,Morning,4,1,6.0,1,2,60
202400022216,2024-01-26,Morning,4,5,6.0,1,2,33
202400022217,2024-07-30,Night,4,1,3.0,3,1,95
202400022218,2024-01-25,Afternoon,3,1,3.0,1,2,33
202400022219,2024-09-06,Night,4,1,6.0,5,2,59
202400022220,2024-07-29,Night,4,1,2.0,5,1,95
202400022221,2024-09-05,Evening,4,1,6.0,1,2,56
202400022222,2024-01-26,Afternoon,4,1,4.0,1,2,29
202400022223,2024-09-04,Afternoon,4,1,7.0,1,2,51
202400022224,2024-07-29,Afternoon,4,1,4.0,1,1,93