Num_Acc,date,time_of_day,max_severity,weather,collision_type,lighting,urban_area,department
202400022225,2024-07-29,Afternoon,4,1,6.0,1,1,95
202400022226,2024-01-26,Evening,3,1,3.0,5,1,26
202400022227,2024-08-31,Evening,3,1,3.0,1,2,50
202400022228,2024-01-25,Evening,3,2,6.0,5,2,25
202400022229,2024-08-19,Night,4,1,2.0,3,1,49
202400022230,2024-07-30,Evening,4,1,4.0,1,1,77
202400022231,2024-01-26,Morning,4,1,1.0,5,2,25
202400022232,2024-09-05,Night,4,1,6.0,5,2,49
202400022233,2024-07-29,Afternoon,3,1,6.0,1,1,77
202400022234,2024-09-04,Night,4,1,3.0,5,2,49
202400022235,2024-07-29,Afternoon,4,1,6.0,1,2,45
202400022236,2024-01-25,Evening,4,1,2.0,5,2,14
202400022237,2024-09-05,Morning,4,2,3.0,1,2,45
202400022238,2024-05-28,Afternoon,4,1,7.0,1,2,43
202400022239,2024-01-25,Evening,4,1,3.0,5,2,14
202400022240,2024-05-30,Night,4,7,6.0,5,2,43
202400022241,2024-09-05,Morning,4,2,1.0,1,2,45
202400022242,2024-01-25,Evening,3,2,7.0,5,2,14
202400022243,2024-05-30,Afternoon,4,1,4.0,1,2,74
202400022244,2024-09-05,Morning,4,2,3.0,1,1,45
202400022245,2024-01-26,Morning,4,1,2.0,1,2,13
202400022246,2024-09-05,Afternoon,4,1,2.0,1,2,45
202400022247,2024-05-25,Night,3,1,7.0,5,2,57
202400022249,2024-01-25,Afternoon,4,1,3.0,1,2,13
202400022250,2024-09-05,Morning,4,3,3.0,2,2,44
202400022252,2024-01-25,Morning,4,1,3.0,1,2,11
202400022253,2024-09-03,Evening,4,1,1.0,2,2,44
202400022255,2024-09-05,Morning,4,2,2.0,1,2,37
202400022256,2024-01-23,Afternoon,4,1,4.0,5,2,06
202400022257,2024-09-05,Evening,4,8,1.0,1,2,36
202400022258,2024-07-29,Night,4,1,6.0,5,2,69
202400022259,2024-01-26,Evening,4,2,6.0,5,2,01
202400022260,2024-09-05,Night,4,2,3.0,5,2,35
202400022261,2024-01-25,Night,4,1,7.0,5,2,75
202400022262,2024-07-29,Night,4,1,3.0,5,2,2B
202400022263,2024-09-05,Afternoon,4,1,3.0,1,2,34
202400022264,2024-01-26,Morning,4,2,6.0,5,2,75
202400022265,2024-07-29,Evening,4,1,2.0,1,1,2B
202400022266,2024-09-04,Morning,3,1,3.0,1,2,34
202400022268,2024-01-26,Morning,4,2,5.0,2,2,75
202400022269,2024-09-05,Morning,4,1,2.0,1,2,33
202400022270,2024-01-26,Morning,4,2,6.0,5,2,75
202400022271,2024-07-29,Morning,4,1,2.0,1,1,2A
202400022272,2024-09-05,Afternoon,4,3,3.0,1,1,27
202400022273,2024-07-29,Afternoon,4,1,6.0,1,2,95
202400022274,2024-01-26,Night,4,1,1.0,5,2,75
202400022275,2024-09-05,Evening,4,1,2.0,1,2,27
202400022276,2024-07-29,Morning,4,1,1.0,1,2,95
202400022277,2024-01-24,Afternoon,3,1,3.0,1,2,75
202400022278,2024-09-05,Afternoon,4,2,7.0,1,2,27
202400022279,2024-07-29,Morning,2,1,6.0,1,2,95
202400022280,2024-09-05,Evening,3,1,6.0,1,2,26
202400022281,2024-07-29,Morning,4,1,3.0,1,2,95
202400022282,2024-01-26,Morning,4,1,6.0,1,2,75
202400022283,2024-09-05,Morning,3,3,6.0,1,2,26
202400022284,2024-01-26,Evening,4,1,3.0,3,2,75
202400022285,2024-09-05,Evening,4,1,1.0,1,2,26
202400022286,2024-07-29,Night,4,1,2.0,5,2,95
202400022287,2024-05-25,Night,3,1,7.0,1,2,75
202400022288,2024-01-25,Night,4,2,3.0,5,2,75
202400022289,2024-05-24,Morning,4,1,7.0,1,2,75
202400022290,2024-09-05,Morning,4,3,3.0,1,2,25
202400022291,2024-07-29,Afternoon,3,1,2.0,1,2,95
202400022292,2024-01-25,Morning,4,8,6.0,1,2,75
202400022293,2024-07-29,Morning,4,1,6.0,2,2,91
202400022294,2024-05-06,Evening,4,1,3.0,1,2,75
202400022295,2024-09-05,Morning,4,1,3.0,5,2,19
202400022296,2024-01-26,Afternoon,4,1,2.0,5,2,94
202400022297,2024-07-29,Morning,4,1,3.0,1,2,91
202400022298,2024-05-25,Morning,4,1,3.0,1,2,75
202400022299,2024-09-04,Morning,4,1,3.0,1,2,19
202400022300,2024-01-26,Evening,3,1,6.0,5,2,94
202400022301,2024-07-29,Evening,4,1,2.0,1,2,89
202400022302,2024-05-25,Morning,4,1,7.0,1,2,75
202400022303,2024-01-25,Afternoon,4,1,3.0,2,2,94
202400022304,2024-09-05,Morning,4,1,1.0,1,2,18
202400022305,2024-05-25,Evening,4,1,3.0,1,2,75
202400022306,2024-07-09,Afternoon,4,1,3.0,1,2,88
202400022307,2024-07-26,Afternoon,3,1,6.0,1,2,87
202400022308,2024-01-26,Evening,4,1,2.0,5,2,93
202400022309,2024-05-25,Afternoon,3,1,2.0,1,2,75
202400022310,2024-09-05,Morning,4,1,3.0,1,2,13
202400022311,2024-07-29,Night,3,1,7.0,3,2,85
202400022312,2024-01-26,Afternoon,4,1,2.0,1,2,93
202400022313,2024-05-25,Evening,4,1,6.0,1,2,75
202400022314,2024-07-29,Afternoon,4,1,6.0,1,2,85
202400022315,2024-09-05,Evening,4,1,3.0,1,2,13
202400022316,2024-01-26,Morning,4,2,3.0,2,2,93
202400022317,2024-05-25,Morning,4,1,4.0,1,2,75
202400022318,2024-07-12,Evening,4,1,3.0,1,2,84
202400022319,2024-01-26,Morning,4,2,6.0,3,2,93
202400022320,2024-09-05,Morning,4,1,5.0,2,1,13
202400022321,2024-05-25,Morning,4,1,2.0,2,2,94
202400022322,2024-09-04,Morning,3,2,2.0,1,2,13
202400022323,2024-07-29,Afternoon,4,1,3.0,1,2,84
202400022324,2024-01-26,Afternoon,4,1,3.0,1,2,93
202400022325,2024-05-25,Afternoon,4,1,6.0,1,2,94
202400022326,2024-01-26,Night,4,1,3.0,3,2,93
202400022327,2024-09-05,Evening,3,1,3.0,5,2,13
202400022328,2024-07-29,Evening,4,1,4.0,1,2,83
202400022329,2024-05-25,Afternoon,4,1,3.0,1,2,93
202400022330,2024-01-26,Night,4,2,7.0,5,2,93
202400022331,2024-08-30,Morning,4,1,3.0,1,2,11
202400022332,2024-07-29,Afternoon,4,7,3.0,1,2,81
202400022333,2024-05-25,Afternoon,4,1,1.0,1,2,93
202400022334,2024-09-04,Morning,4,1,2.0,1,2,10
202400022335,2024-01-26,Afternoon,4,1,7.0,1,2,93
202400022336,2024-07-29,Morning,3,1,2.0,1,2,78
202400022337,2024-05-25,Evening,4,1,3.0,2,2,93
202400022338,2024-01-26,Afternoon,4,7,2.0,1,2,92
202400022339,2024-09-05,Afternoon,4,1,3.0,1,2,09
202400022340,2024-07-28,Evening,3,1,1.0,1,1,77
202400022341,2024-01-23,Morning,4,1,6.0,1,2,92
202400022342,2024-05-25,Afternoon,4,1,6.0,1,2,93
202400022343,2024-08-27,Afternoon,4,1,2.0,1,2,05
202400022344,2024-07-29,Morning,4,1,1.0,1,1,77
202400022345,2024-01-26,Morning,3,2,3.0,1,2,92
202400022346,2024-05-25,Afternoon,4,1,3.0,1,2,93
202400022347,2024-09-05,Evening,4,2,3.0,1,2,75
202400022348,2024-05-25,Morning,4,1,7.0,1,2,92
202400022349,2024-07-29,Evening,4,1,3.0,1,2,76
202400022350,2024-09-05,Morning,4,2,3.0,1,2,75
202400022351,2024-01-26,Afternoon,4,1,3.0,1,2,92
202400022352,2024-05-24,Afternoon,3,1,7.0,1,2,92
202400022353,2024-07-29,Morning,4,1,2.0,1,1,76
202400022354,2024-05-25,Night,4,1,6.0,5,2,92
202400022355,2024-09-05,Night,3,2,5.0,5,2,75
202400022356,2024-01-26,Morning,4,2,4.0,1,2,92
202400022357,2024-05-25,Afternoon,4,1,2.0,1,2,92
202400022358,2024-07-29,Night,4,1,3.0,5,2,76
202400022359,2024-09-05,Night,3,1,6.0,5,2,75
202400022360,2024-01-26,Evening,4,1,3.0,5,2,92
202400022361,2024-07-25,Night,4,1,7.0,5,2,76
202400022362,2024-05-25,Afternoon,4,1,2.0,1,2,92
202400022363,2024-09-04,Morning,4,1,3.0,1,2,75
202400022364,2024-01-26,Afternoon,4,8,6.0,1,2,92
202400022365,2024-07-28,Evening,3,1,7.0,1,2,76
202400022366,2024-05-25,Evening,3,1,3.0,1,2,37
202400022367,2024-09-05,Evening,4,1,3.0,1,2,75
202400022368,2024-01-26,Evening,4,1,3.0,5,2,92
202400022369,2024-07-28,Night,4,1,6.0,4,1,69
202400022370,2024-05-26,Morning,3,1,3.0,1,1,76
202400022371,2024-07-28,Afternoon,3,1,6.0,1,2,66
202400022372,2024-01-26,Afternoon,4,1,3.0,2,2,92
202400022373,2024-09-05,Evening,4,1,2.0,5,2,75
202400022374,2024-07-29,Afternoon,4,1,7.0,1,2,64
202400022375,2024-05-26,Night,4,1,6.0,5,2,11
202400022376,2024-01-26,Afternoon,4,1,6.0,1,2,92
202400022377,2024-09-05,Evening,4,1,3.0,4,2,75
202400022378,2024-07-28,Evening,4,1,2.0,1,2,64
202400022379,2024-01-26,Evening,3,2,6.0,5,2,39
202400022380,2024-09-05,Afternoon,4,2,2.0,1,2,75
202400022381,2024-05-26,Morning,4,2,3.0,1,1,71
202400022382,2024-09-04,Afternoon,4,1,3.0,1,2,75
202400022383,2024-05-26,Afternoon,2,1,6.0,1,1,2A
202400022384,2024-07-25,Afternoon,4,1,3.0,1,2,61
202400022385,2024-01-26,Afternoon,4,7,2.0,2,2,62
202400022386,2024-05-24,Afternoon,3,1,6.0,1,2,57
202400022387,2024-07-29,Evening,4,1,6.0,1,2,59
202400022388,2024-09-05,Afternoon,4,2,2.0,1,2,75
202400022389,2024-05-25,Morning,4,1,1.0,1,1,27
202400022390,2024-07-29,Evening,3,1,1.0,1,2,59
202400022391,2024-09-04,Evening,4,1,2.0,5,2,75
202400022392,2024-05-26,Afternoon,3,1,7.0,1,1,54
202400022393,2024-07-28,Night,3,2,6.0,4,2,58
202400022394,2024-09-05,Afternoon,4,2,6.0,1,2,75
202400022396,2024-07-27,Morning,3,1,7.0,1,2,58
202400022397,2024-09-05,Afternoon,4,2,6.0,1,2,75
202400022398,2024-05-25,Afternoon,4,1,2.0,1,1,65
202400022399,2024-07-25,Afternoon,4,1,6.0,1,2,56
202400022400,2024-09-04,Afternoon,4,1,1.0,1,2,75
202400022401,2024-07-28,Morning,2,1,6.0,2,2,54
202400022402,2024-09-05,Morning,4,2,6.0,1,2,75
202400022403,2024-05-25,Evening,4,8,3.0,1,1,56
202400022404,2024-09-05,Morning,4,3,6.0,2,2,75
202400022405,2024-07-27,Afternoon,4,2,1.0,1,1,54
202400022406,2024-09-05,Morning,4,3,6.0,1,2,75
202400022407,2024-05-26,Morning,4,1,1.0,1,2,76
202400022408,2024-07-29,Afternoon,3,1,2.0,1,1,54
202400022409,2024-09-05,Morning,4,3,6.0,2,2,75
202400022410,2024-05-25,Morning,3,1,6.0,1,2,2B
202400022411,2024-07-28,Morning,3,1,7.0,1,2,51
202400022412,2024-09-05,Morning,4,3,3.0,1,2,94
202400022413,2024-05-25,Morning,3,1,6.0,1,1,82
202400022414,2024-07-16,Evening,4,1,3.0,1,2,49
202400022415,2024-09-05,Morning,4,8,1.0,1,2,94
202400022416,2024-07-27,Morning,4,1,2.0,1,2,46
202400022417,2024-09-04,Afternoon,4,1,3.0,1,1,93
202400022418,2024-05-25,Evening,3,1,3.0,1,1,63
202400022419,2024-07-21,Evening,4,1,6.0,1,2,45
202400022420,2024-09-05,Afternoon,4,2,3.0,1,2,93
202400022421,2024-07-28,Night,3,1,6.0,3,1,40
202400022422,2024-05-26,Afternoon,4,1,7.0,1,2,34
202400022423,2024-09-05,Afternoon,4,2,3.0,1,2,93
202400022424,2024-07-29,Morning,4,1,2.0,1,2,38
202400022425,2024-05-26,Night,3,1,6.0,2,1,25
202400022426,2024-09-05,Morning,4,3,3.0,1,2,93
202400022427,2024-07-29,Night,3,1,6.0,5,2,34
202400022428,2024-07-14,Evening,4,1,2.0,1,2,34
202400022429,2024-05-19,Night,4,1,3.0,5,1,25
202400022430,2024-05-25,Afternoon,3,1,6.0,1,2,29
202400022431,2024-07-29,Morning,4,1,4.0,1,2,29
202400022432,2024-05-25,Night,3,3,6.0,3,1,29
202400022433,2024-05-07,Night,3,1,6.0,3,1,29
202400022434,2024-07-29,Afternoon,4,1,3.0,1,2,29
202400022435,2024-07-25,Afternoon,4,1,2.0,1,2,22
202400022436,2024-07-27,Afternoon,4,1,6.0,1,2,14
202400022437,2024-05-26,Afternoon,4,1,3.0,1,2,02
202400022438,2024-05-25,Afternoon,3,1,6.0,1,1,03
202400022439,2024-07-29,Evening,4,1,2.0,1,2,13
202400022440,2024-05-26,Evening,4,1,3.0,1,1,05
202400022441,2024-07-30,Night,4,1,3.0,5,2,13
202400022442,2024-05-26,Night,4,1,7.0,3,2,60
202400022443,2024-07-29,Evening,4,1,3.0,1,2,13
202400022444,2024-05-26,Evening,3,1,7.0,2,1,16
202400022445,2024-05-26,Night,3,1,6.0,2,1,21
202400022446,2024-07-29,Evening,4,1,2.0,1,2,13
202400022447,2024-05-26,Afternoon,2,1,6.0,1,1,87
202400022448,2024-05-18,Afternoon,2,3,1.0,1,1,52
202400022449,2024-07-29,Morning,3,1,6.0,3,1,13
202400022450,2024-05-25,Evening,3,1,3.0,1,1,06
202400022451,2024-07-29,Evening,3,1,4.0,1,1,13
202400022452,2024-07-28,Afternoon,3,1,6.0,1,1,10
202400022453,2024-05-26,Morning,4,1,2.0,2,1,63
202400022454,2024-07-29,Afternoon,4,1,1.0,1,2,09
202400022455,2024-05-25,Afternoon,3,1,6.0,1,1,83
202400022456,2024-05-26,Morning,4,1,3.0,1,1,68
202400022457,2024-07-29,Evening,4,1,3.0,1,2,06
202400022458,2024-05-25,Evening,3,1,7.0,1,1,06
202400022459,2024-07-29,Afternoon,4,1,3.0,1,2,75
202400022460,2024-05-24,Morning,4,1,6.0,1,1,06
202400022461,2024-07-28,Evening,3,1,6.0,1,2,75
202400022462,2024-05-25,Night,4,1,6.0,3,1,77
202400022463,2024-07-29,Afternoon,4,1,3.0,1,2,75
202400022464,2024-07-29,Evening,4,1,6.0,2,2,75
202400022466,2024-07-28,Night,4,1,6.0,5,2,75
202400022468,2024-07-28,Morning,4,1,6.0,1,2,75
202400022469,2024-05-26,Night,3,1,1.0,3,1,77
202400022470,2024-07-29,Morning,4,1,3.0,1,2,75
202400022471,2024-05-25,Afternoon,3,1,3.0,1,1,34
202400022472,2024-07-29,Evening,4,1,6.0,1,2,75
202400022473,2024-05-26,Evening,4,1,3.0,1,2,83
202400022474,2024-05-26,Morning,3,1,3.0,1,1,83
202400022475,2024-07-29,Morning,4,1,3.0,1,2,94
202400022476,2024-05-20,Afternoon,3,1,7.0,1,2,68
202400022477,2024-05-25,Evening,3,7,7.0,1,1,67
202400022478,2024-07-29,Morning,4,1,3.0,1,2,94
202400022479,2024-07-29,Night,4,1,6.0,5,2,94
202400022480,2024-05-25,Evening,4,1,6.0,1,2,54
202400022481,2024-07-29,Afternoon,4,7,6.0,1,2,94
202400022482,2024-07-29,Morning,4,1,2.0,1,2,94
202400022483,2024-05-26,Morning,4,1,1.0,1,1,69
202400022484,2024-07-27,Evening,4,2,5.0,1,2,94
202400022485,2024-05-25,Morning,3,7,3.0,2,1,69
202400022486,2024-07-29,Morning,4,1,3.0,1,1,95
202400022487,2024-05-25,Evening,4,2,1.0,2,1,29
202400022488,2024-07-29,Evening,4,1,6.0,1,2,93
202400022489,2024-05-25,Afternoon,4,1,4.0,1,1,78
202400022490,2024-07-28,Afternoon,3,1,1.0,1,2,93
202400022491,2024-05-25,Morning,4,1,3.0,1,2,92
202400022492,2024-07-29,Morning,4,1,3.0,1,2,93
202400022493,2024-05-24,Afternoon,4,1,5.0,1,1,78
202400022494,2024-05-25,Night,4,1,6.0,5,1,78
202400022495,2024-07-29,Afternoon,4,1,3.0,1,2,93
202400022496,2024-05-24,Afternoon,4,1,6.0,1,1,95
202400022497,2024-07-29,Morning,4,1,6.0,1,2,92
202400022499,2024-07-29,Morning,4,1,3.0,1,1,92
202400022500,2024-07-29,Evening,4,1,3.0,1,2,92
202400022502,2024-07-29,Morning,4,1,6.0,1,2,92
202400022504,2024-07-29,Morning,4,1,6.0,1,2,92
202400022506,2024-07-27,Night,4,1,7.0,2,1,14
202400022508,2024-07-30,Morning,2,1,6.0,1,1,81
202400022509,2024-07-25,Evening,3,1,6.0,1,1,95
202400022511,2024-07-30,Night,3,1,6.0,3,1,40
202400022515,2024-05-24,Night,4,1,6.0,5,2,2B
202400022517,2024-07-29,Morning,4,1,3.0,1,1,26
202400022519,2024-05-24,Morning,4,1,4.0,1,2,2A
202400022520,2024-05-24,Afternoon,4,1,1.0,1,2,95
202400022521,2024-05-21,Afternoon,4,2,6.0,1,2,95
202400022522,2024-05-24,Afternoon,4,1,3.0,1,2,91
202400022523,2024-05-24,Morning,4,1,2.0,1,2,91
202400022524,2024-05-24,Morning,4,1,3.0,1,2,91
202400022525,2024-05-24,Afternoon,4,2,3.0,1,2,89
202400022526,2024-05-23,Afternoon,4,1,3.0,1,2,87
202400022527,2024-05-22,Evening,4,1,7.0,2,2,87
202400022528,2024-05-24,Afternoon,4,1,6.0,1,2,85
202400022529,2024-05-24,Afternoon,3,1,6.0,1,2,85
202400022530,2024-05-24,Night,4,1,3.0,2,1,83
202400022531,2024-05-24,Afternoon,2,1,6.0,1,2,82
202400022532,2024-05-24,Morning,4,1,3.0,1,2,79
202400022533,2024-05-24,Morning,3,1,3.0,1,2,79
202400022534,2024-05-24,Morning,4,1,3.0,1,2,77
202400022535,2024-05-24,Evening,4,8,3.0,1,2,74
202400022536,2024-05-09,Afternoon,3,1,6.0,1,2,73
202400022537,2024-05-24,Evening,4,1,3.0,1,2,71
202400022538,2024-05-24,Night,4,1,3.0,3,1,69
202400022539,2024-05-24,Night,4,1,3.0,5,2,69
202400022540,2024-05-24,Night,4,1,3.0,5,2,67
202400022541,2024-05-24,Morning,4,8,3.0,1,2,67
202400022542,2024-05-24,Night,4,1,3.0,5,2,64
202400022543,2024-05-24,Afternoon,4,1,3.0,1,2,64
202400022544,2024-05-24,Morning,4,1,3.0,1,2,64
202400022545,2024-05-24,Night,4,1,7.0,5,2,64
202400022546,2024-05-23,Evening,4,1,6.0,1,2,64
202400022547,2024-05-16,Morning,4,2,3.0,2,2,62
202400022548,2024-05-21,Afternoon,4,1,3.0,1,1,61
202400022549,2024-05-24,Afternoon,2,1,7.0,1,2,59
202400022550,2024-05-24,Afternoon,4,1,6.0,1,2,59
202400022551,2024-05-23,Evening,3,1,3.0,1,2,58
202400022552,2024-05-24,Morning,4,1,6.0,1,2,56
202400022553,2024-05-23,Night,4,1,1.0,3,1,56
202400022554,2024-05-23,Afternoon,4,1,1.0,1,1,56
202400022555,2024-05-24,Afternoon,4,1,3.0,1,2,54
202400022556,2024-05-23,Afternoon,4,3,3.0,1,2,54
202400022557,2024-05-23,Morning,4,1,2.0,1,2,54
202400022558,2024-05-24,Afternoon,4,1,5.0,1,2,51
202400022559,2024-05-24,Afternoon,4,1,6.0,1,2,51
202400022560,2024-05-23,Morning,4,1,3.0,1,2,51
202400022561,2024-05-23,Evening,3,1,7.0,3,1,51
202400022562,2024-05-23,Afternoon,4,1,3.0,1,2,49
202400022563,2024-05-24,Morning,4,1,3.0,1,2,45
202400022564,2024-05-24,Morning,4,1,6.0,1,2,45
202400022565,2024-05-25,Night,4,1,3.0,5,2,35
202400022566,2024-05-24,Morning,4,1,3.0,1,2,33
202400022567,2024-05-24,Morning,4,1,3.0,1,2,31
202400022568,2024-05-23,Evening,4,1,3.0,2,2,31
202400022569,2024-05-24,Afternoon,2,1,3.0,1,2,27
202400022570,2024-05-24,Morning,3,1,3.0,1,2,22
202400022571,2024-05-23,Afternoon,4,1,1.0,1,2,22
202400022572,2024-05-24,Evening,4,1,3.0,2,2,17
202400022573,2024-05-24,Morning,2,1,2.0,1,1,16
202400022574,2024-05-23,Afternoon,4,1,3.0,1,2,15
202400022575,2024-05-23,Afternoon,4,1,2.0,1,1,14
202400022576,2024-05-24,Morning,4,8,2.0,2,2,13
202400022577,2024-05-24,Evening,4,1,3.0,1,2,13
202400022578,2024-05-24,Morning,4,1,3.0,1,1,13
202400022579,2024-05-23,Afternoon,4,1,3.0,1,2,10
202400022580,2024-05-23,Afternoon,4,2,2.0,1,2,10
202400022581,2024-10-10,Afternoon,4,1,6.0,1,2,63
202400022582,2024-05-24,Morning,4,1,3.0,1,2,06
202400022583,2024-05-24,Afternoon,4,8,7.0,1,2,04
202400022584,2024-10-10,Afternoon,4,3,3.0,1,2,60
202400022585,2024-05-09,Morning,3,1,7.0,1,2,02
202400022586,2024-05-23,Evening,4,2,2.0,1,2,75
202400022587,2024-10-09,Afternoon,4,1,6.0,1,2,59
202400022588,2024-05-22,Afternoon,4,1,3.0,1,2,75
202400022589,2024-05-23,Evening,4,1,3.0,1,2,75
202400022590,2024-10-10,Morning,4,2,6.0,1,2,59
202400022591,2024-05-24,Morning,4,1,7.0,1,2,75
202400022592,2024-05-23,Evening,4,1,3.0,5,2,75
202400022593,2024-10-09,Afternoon,4,3,5.0,1,2,59
202400022594,2024-10-05,Afternoon,2,1,7.0,1,2,59
202400022595,2024-05-24,Night,4,1,6.0,5,2,75
202400022596,2024-10-10,Afternoon,4,1,4.0,1,2,58
202400022597,2024-05-24,Night,4,1,2.0,5,2,75
202400022598,2024-10-08,Afternoon,3,8,2.0,1,2,54
202400022599,2024-05-24,Morning,4,1,3.0,1,2,75
202400022600,2024-05-23,Morning,3,1,6.0,1,2,75
202400022601,2024-10-10,Evening,4,2,7.0,5,2,51
202400022602,2024-05-23,Morning,3,1,3.0,1,2,75
202400022603,2024-05-24,Afternoon,4,1,6.0,1,2,94
202400022604,2024-10-10,Afternoon,4,8,3.0,1,2,51
202400022605,2024-05-24,Morning,4,1,3.0,1,2,94
202400022606,2024-10-08,Evening,3,1,1.0,1,2,50
202400022607,2024-05-24,Morning,4,1,6.0,1,2,94
202400022608,2024-05-22,Afternoon,3,1,6.0,1,2,94
202400022609,2024-10-09,Morning,4,2,3.0,1,2,50
202400022610,2024-05-23,Morning,3,1,6.0,1,2,94
202400022611,2024-05-24,Afternoon,4,1,6.0,1,2,94
202400022612,2024-10-10,Morning,3,1,3.0,2,1,49
202400022613,2024-05-24,Afternoon,3,1,5.0,1,2,93
202400022614,2024-05-24,Morning,4,1,3.0,1,2,93
202400022615,2024-10-10,Morning,4,1,6.0,5,2,49
202400022616,2024-05-24,Afternoon,4,1,3.0,1,2,93
202400022617,2024-05-24,Morning,4,1,1.0,1,2,93
202400022618,2024-05-24,Afternoon,3,1,7.0,1,2,92
202400022619,2024-08-19,Night,4,2,6.0,3,1,49
202400022620,2024-05-23,Night,4,1,1.0,5,2,92
202400022621,2024-10-09,Afternoon,4,3,6.0,1,2,49
202400022622,2024-05-23,Morning,4,1,3.0,1,2,92
202400022623,2024-05-22,Evening,4,1,3.0,1,2,92
202400022624,2024-10-09,Morning,4,3,2.0,1,2,49
202400022625,2024-05-24,Afternoon,4,1,3.0,1,2,92
202400022626,2024-05-24,Night,3,1,7.0,5,2,92
202400022627,2024-10-10,Evening,4,1,6.0,5,2,45
202400022628,2024-05-25,Night,2,1,7.0,3,1,33
202400022629,2024-10-09,Morning,3,3,7.0,1,2,44
202400022630,2024-05-25,Morning,4,1,3.0,1,1,80
202400022631,2024-10-10,Morning,4,8,6.0,5,2,43
202400022632,2024-05-24,Afternoon,3,1,3.0,1,1,12
202400022633,2024-10-10,Morning,4,1,3.0,1,2,38
202400022634,2024-05-23,Afternoon,4,2,1.0,1,1,67
202400022635,2024-10-09,Afternoon,4,3,1.0,1,2,37
202400022636,2024-10-10,Morning,2,1,6.0,1,2,36
202400022637,2024-05-24,Evening,4,1,4.0,1,1,76
202400022638,2024-10-10,Evening,4,1,3.0,1,2,35
202400022639,2024-05-23,Afternoon,4,1,6.0,1,1,57
202400022640,2024-05-25,Afternoon,4,1,5.0,1,1,51
202400022641,2024-05-24,Morning,4,8,7.0,1,1,51
202400022642,2024-04-29,Evening,3,1,1.0,1,2,78
202400022643,2024-10-10,Afternoon,4,1,4.0,1,2,35
202400022644,2024-05-25,Afternoon,3,1,3.0,1,1,76
202400022645,2024-05-24,Afternoon,2,1,1.0,1,1,79
202400022646,2024-05-23,Afternoon,3,1,3.0,1,1,33
202400022647,2024-10-09,Afternoon,4,2,2.0,1,1,35
202400022648,2024-05-25,Afternoon,4,1,3.0,1,2,71
202400022649,2024-10-10,Afternoon,3,1,5.0,1,2,34
202400022650,2024-10-10,Morning,3,1,2.0,1,2,34
202400022651,2024-10-08,Afternoon,2,1,3.0,1,2,34
202400022652,2024-10-10,Evening,4,1,2.0,5,2,33
202400022653,2024-10-10,Afternoon,4,1,6.0,1,2,29
202400022654,2024-10-06,Afternoon,3,2,1.0,1,2,29
202400022655,2024-10-10,Afternoon,4,1,3.0,1,2,27
202400022656,2024-10-01,Evening,2,3,7.0,5,2,25
202400022657,2024-10-09,Afternoon,3,1,6.0,1,2,24
202400022658,2024-10-02,Evening,4,1,3.0,5,2,18
202400022659,2024-10-09,Afternoon,4,3,2.0,1,2,15
202400022660,2024-10-10,Morning,4,1,3.0,2,2,13
202400022661,2024-10-10,Morning,3,1,3.0,1,2,06
202400022662,2024-10-10,Morning,4,2,3.0,1,2,75
202400022663,2024-10-10,Morning,4,2,6.0,1,2,75
202400022664,2024-10-09,Morning,4,2,3.0,3,2,75
202400022665,2024-10-10,Night,4,1,1.0,5,2,75
202400022666,2024-10-09,Afternoon,4,3,2.0,2,2,75
202400022667,2024-10-10,Night,4,1,7.0,5,2,75
202400022668,2024-10-10,Morning,4,2,1.0,1,2,75
202400022669,2024-10-09,Evening,4,3,6.0,5,2,75
202400022670,2024-10-10,Morning,4,2,6.0,5,2,75
202400022671,2024-10-10,Morning,4,1,2.0,1,2,75
202400022672,2024-10-10,Evening,4,1,3.0,5,2,75
202400022673,2024-10-10,Afternoon,4,8,1.0,1,2,75
202400022674,2024-10-10,Morning,4,8,6.0,1,2,75
202400022675,2024-10-09,Morning,4,3,3.0,1,2,75
202400022676,2024-10-09,Evening,4,3,2.0,5,2,94
202400022677,2024-10-10,Afternoon,4,2,3.0,1,2,94
202400022678,2024-10-10,Afternoon,4,2,5.0,1,2,94
202400022679,2024-10-10,Morning,4,2,3.0,1,2,94
202400022680,2024-10-10,Morning,4,2,1.0,5,2,93
202400022681,2024-10-10,Afternoon,3,1,6.0,1,2,93
202400022682,2024-10-10,Evening,4,2,5.0,1,2,93
202400022683,2024-10-10,Morning,4,1,6.0,1,2,93
202400022684,2024-10-10,Morning,4,2,6.0,2,2,93
202400022685,2024-10-09,Afternoon,4,2,1.0,1,2,92
202400022686,2024-10-10,Morning,4,2,6.0,5,2,92
202400022687,2024-10-07,Evening,3,3,6.0,1,2,92
202400022688,2024-10-09,Afternoon,4,3,6.0,1,2,92
202400022689,2024-10-09,Morning,4,2,6.0,1,2,92
202400022690,2024-10-09,Afternoon,4,3,6.0,2,2,92
202400022691,2024-10-10,Morning,4,2,6.0,2,2,92
202400022692,2024-10-09,Afternoon,4,3,2.0,1,2,92
202400022694,2024-10-09,Night,3,2,6.0,3,1,50
202400022695,2024-10-10,Evening,3,2,3.0,1,1,22