Num_Acc,date,time_of_day,max_severity,weather,collision_type,lighting,urban_area,department
202400022696,2024-10-11,Night,2,2,6.0,5,2,01
202400022697,2024-10-11,Night,2,1,1.0,3,1,29
202400022698,2024-10-08,Afternoon,4,1,3.0,1,1,59
202400022699,2024-10-10,Afternoon,4,1,5.0,1,1,30
202400022700,2024-10-10,Evening,4,3,5.0,2,1,95
202400022701,2024-10-10,Evening,3,1,6.0,3,1,19
202400022702,2024-10-11,Night,4,5,3.0,5,2,80
202400022703,2024-10-09,Afternoon,3,1,2.0,1,1,63
202400022704,2024-10-11,Afternoon,4,1,6.0,1,2,63
202400022705,2024-10-11,Afternoon,3,1,1.0,1,1,46
202400022706,2024-10-10,Afternoon,2,8,3.0,1,1,41
202400022707,2024-10-11,Night,3,2,6.0,3,2,22
202400022708,2024-10-06,Afternoon,4,8,3.0,1,1,39
202400022709,2024-10-11,Morning,4,1,6.0,2,2,25
202400022710,2024-10-10,Evening,3,1,3.0,5,2,29
202400022711,2024-10-10,Morning,3,1,7.0,1,1,38
202400022712,2024-10-11,Night,2,1,1.0,3,1,02
202400022713,2024-10-11,Morning,4,5,3.0,3,1,15
202400022714,2024-10-11,Afternoon,3,1,3.0,1,2,01
202400022715,2024-10-09,Afternoon,4,3,3.0,1,1,72
202400022716,2024-10-09,Afternoon,3,3,1.0,1,2,14
202400022717,2024-10-10,Afternoon,4,2,1.0,1,1,14
202400022718,2024-10-08,Morning,4,1,3.0,1,1,14
202400022719,2024-10-10,Afternoon,3,1,6.0,1,1,85
202400022720,2024-10-11,Morning,2,1,7.0,1,1,30
202400022721,2024-09-21,Night,4,1,6.0,4,2,08
202400022722,2024-10-11,Afternoon,3,1,3.0,1,2,69
202400022723,2024-10-06,Evening,4,1,1.0,5,2,78
202400022725,2024-10-10,Morning,3,1,6.0,2,1,29
202400022726,2024-10-10,Morning,4,2,6.0,1,2,77
202400022727,2024-10-10,Night,3,1,6.0,3,1,34
202400022728,2024-10-08,Morning,4,8,1.0,1,1,13
202400022729,2024-10-11,Morning,4,1,6.0,1,2,68
202400022730,2024-10-09,Evening,3,1,5.0,2,1,67
202400022731,2024-10-01,Night,3,2,7.0,3,1,73
202400022732,2024-09-29,Night,3,1,6.0,3,1,73
202400022733,2024-10-11,Afternoon,3,1,7.0,1,1,42
202400022734,2024-10-10,Morning,3,1,3.0,1,2,44
202400022735,2024-10-10,Evening,4,1,2.0,5,1,38
202400022736,2024-10-11,Morning,4,1,1.0,5,1,69
202400022737,2024-10-09,Afternoon,3,1,6.0,1,2,69
202400022738,2024-10-11,Afternoon,4,1,7.0,1,2,65
202400022739,2024-10-11,Morning,3,1,3.0,2,2,33
202400022740,2024-10-11,Afternoon,4,1,4.0,1,1,33
202400022741,2024-10-11,Morning,4,1,1.0,2,1,33
202400022742,2024-10-11,Morning,4,5,5.0,1,1,60
202400022743,2024-10-10,Afternoon,4,1,2.0,1,1,13
202400022744,2024-10-10,Morning,4,1,2.0,1,1,13
202400022745,2024-10-10,Morning,4,8,2.0,4,1,33
202400022746,2024-10-10,Evening,4,1,5.0,2,1,91
202400022747,2024-10-10,Afternoon,4,2,2.0,1,1,91
202400022748,2024-10-10,Morning,4,2,6.0,1,1,91
202400022749,2024-10-10,Morning,4,2,1.0,1,1,94
202400022750,2024-10-10,Morning,4,2,4.0,1,1,94
202400022751,2024-10-09,Morning,3,3,7.0,1,1,92
202400022752,2024-10-09,Morning,4,2,3.0,1,1,92
202400022753,2024-10-09,Night,4,1,6.0,3,1,78
202400022754,2024-10-08,Night,4,1,2.0,3,1,78
202400022755,2024-10-10,Afternoon,4,2,3.0,1,1,95
202400022756,2024-10-09,Morning,4,3,2.0,1,1,95
202400022757,2024-10-08,Evening,3,1,6.0,3,1,93
202400022758,2024-10-09,Night,4,1,3.0,5,1,93
202400022759,2024-10-10,Afternoon,4,3,2.0,1,1,94
202400022760,2024-10-02,Morning,4,1,2.0,2,2,44
202400022761,2024-09-20,Evening,4,1,3.0,1,2,44
202400022762,2024-08-03,Evening,4,1,2.0,1,2,74
202400022763,2024-05-14,Morning,4,2,2.0,2,2,92
202400022764,2024-07-22,Evening,4,1,2.0,1,1,92
202400022771,2024-10-09,Afternoon,4,6,6.0,1,2,69
202400022774,2024-10-01,Evening,4,1,1.0,5,2,95
202400022775,2024-10-09,Night,3,3,6.0,5,2,95
202400022776,2024-10-09,Evening,4,3,3.0,1,2,95
202400022777,2024-10-09,Evening,4,3,3.0,2,2,91
202400022778,2024-10-09,Night,4,1,6.0,4,2,91
202400022779,2024-10-09,Afternoon,4,1,6.0,1,2,84
202400022780,2024-10-08,Morning,4,3,6.0,2,2,84
202400022781,2024-10-08,Morning,4,2,6.0,2,2,84
202400022782,2024-08-27,Evening,3,1,6.0,2,2,83
202400022783,2024-10-09,Morning,4,3,2.0,1,2,79
202400022784,2024-10-09,Morning,4,3,6.0,1,2,78
202400022785,2024-10-08,Morning,4,1,4.0,1,2,78
202400022786,2024-10-09,Morning,4,3,3.0,1,1,77
202400022787,2024-10-09,Morning,4,3,6.0,2,2,77
202400022788,2024-10-09,Afternoon,4,3,1.0,1,1,76
202400022789,2024-08-14,Afternoon,4,1,3.0,1,2,76
202400022790,2024-10-08,Afternoon,4,1,4.0,1,2,76
202400022791,2024-10-09,Morning,4,2,2.0,1,2,76
202400022792,2024-10-09,Morning,4,1,3.0,1,2,73
202400022793,2024-10-09,Morning,3,1,3.0,1,2,73
202400022794,2024-10-08,Afternoon,4,2,2.0,1,1,72
202400022795,2024-10-09,Morning,4,2,6.0,1,2,71
202400022796,2024-10-09,Morning,4,1,2.0,1,2,71
202400022797,2024-10-09,Morning,4,1,6.0,2,2,71
202400022798,2024-10-09,Evening,4,6,3.0,1,2,69
202400022799,2024-10-06,Afternoon,4,1,3.0,1,2,69
202400022800,2024-10-06,Morning,3,1,2.0,1,2,69
202400022801,2024-10-08,Afternoon,4,3,1.0,1,2,67
202400022802,2024-10-09,Afternoon,4,1,3.0,1,2,66
202400022803,2024-10-09,Morning,4,1,6.0,1,2,66
202400022804,2024-10-09,Afternoon,4,2,3.0,1,2,64
202400022805,2024-10-08,Evening,4,1,7.0,5,2,64
202400022806,2024-10-09,Morning,4,2,3.0,5,2,63
202400022807,2024-10-09,Morning,4,1,3.0,5,2,63
202400022808,2024-10-09,Evening,4,3,6.0,5,2,62
202400022809,2024-10-09,Morning,4,2,6.0,1,2,60
202400022810,2024-10-08,Night,4,1,3.0,5,2,59
202400022811,2024-06-27,Morning,3,1,3.0,1,2,84
202400022812,2024-06-24,Afternoon,4,1,7.0,1,1,84
202400022813,2024-06-08,Morning,4,1,6.0,1,2,84
202400022814,2024-06-27,Morning,4,1,2.0,1,2,83
202400022815,2024-06-27,Afternoon,4,1,6.0,1,2,81
202400022816,2024-06-27,Afternoon,4,1,1.0,1,2,81
202400022817,2024-06-26,Evening,4,1,6.0,1,2,78
202400022818,2024-06-26,Afternoon,4,1,3.0,1,2,78
202400022819,2024-06-27,Evening,3,1,3.0,1,2,77
202400022820,2024-06-27,Afternoon,3,1,1.0,1,1,77
202400022821,2024-06-22,Afternoon,4,1,1.0,1,2,77
202400022822,2024-06-27,Afternoon,3,1,6.0,1,2,77
202400022823,2024-06-27,Afternoon,4,1,2.0,1,2,77
202400022824,2024-06-27,Morning,3,1,6.0,1,2,77
202400022825,2024-06-27,Evening,4,1,4.0,1,2,76
202400022826,2024-06-27,Evening,4,1,6.0,1,2,76
202400022827,2024-06-27,Morning,4,1,1.0,1,2,73
202400022828,2024-06-26,Morning,4,1,3.0,1,2,73
202400022829,2024-06-26,Afternoon,4,1,7.0,1,2,71
202400022830,2024-06-27,Afternoon,4,1,6.0,1,2,69
202400022831,2024-06-26,Afternoon,4,1,1.0,1,2,69
202400022832,2024-06-26,Afternoon,4,1,3.0,1,2,67
202400022833,2024-06-26,Afternoon,4,1,6.0,1,2,67
202400022834,2024-06-28,Night,4,2,3.0,3,1,65
202400022835,2024-06-26,Afternoon,4,1,4.0,1,2,64
202400022836,2024-06-27,Evening,4,1,1.0,1,2,62
202400022837,2024-06-21,Morning,4,1,6.0,1,2,62
202400022838,2024-06-27,Morning,4,1,3.0,1,2,59
202400022839,2024-06-27,Evening,4,1,3.0,1,2,57
202400022840,2024-06-26,Afternoon,3,1,3.0,1,2,56
202400022841,2024-06-26,Evening,4,1,1.0,1,1,56
202400022842,2024-06-26,Afternoon,4,1,2.0,1,1,54
202400022843,2024-06-27,Evening,3,1,3.0,1,2,54
202400022844,2024-06-27,Night,4,1,6.0,4,2,51
202400022845,2024-06-26,Evening,4,1,3.0,1,2,51
202400022846,2024-06-27,Afternoon,3,1,3.0,1,2,45
202400022847,2024-06-27,Evening,4,1,7.0,1,1,43
202400022848,2024-06-27,Afternoon,4,1,3.0,1,2,37
202400022849,2024-06-27,Afternoon,3,1,3.0,1,2,35
202400022850,2024-06-27,Afternoon,4,1,3.0,1,2,35
202400022851,2024-06-26,Afternoon,3,1,3.0,1,2,34
202400022852,2024-06-26,Morning,3,1,3.0,1,2,34
202400022853,2024-06-27,Afternoon,3,1,3.0,1,2,33
202400022854,2024-06-27,Afternoon,4,1,6.0,1,2,33
202400022855,2024-06-26,Evening,4,1,7.0,4,2,28
202400022856,2024-06-27,Afternoon,4,1,1.0,1,2,27
202400022857,2024-06-27,Evening,3,1,7.0,1,2,26
202400022858,2024-06-27,Evening,4,1,2.0,1,1,26
202400022859,2024-06-26,Afternoon,3,1,6.0,1,2,25
202400022860,2024-06-27,Afternoon,3,1,6.0,1,2,19
202400022861,2024-06-26,Afternoon,4,1,7.0,1,1,15
202400022862,2024-06-26,Night,4,1,3.0,5,2,13
202400022863,2024-06-27,Evening,4,1,3.0,1,2,13
202400022864,2024-06-27,Evening,3,1,3.0,1,2,13
202400022865,2024-06-26,Afternoon,4,1,6.0,1,2,11
202400022866,2024-06-26,Afternoon,4,1,2.0,1,1,09
202400022867,2024-06-27,Night,4,1,1.0,5,2,06
202400022868,2024-06-26,Night,4,1,2.0,5,2,01
202400022869,2024-06-27,Evening,4,1,3.0,1,2,75
202400022870,2024-06-27,Afternoon,4,1,3.0,1,2,75
202400022871,2024-06-27,Morning,4,1,2.0,1,2,75
202400022872,2024-06-27,Morning,4,1,4.0,1,2,75
202400022873,2024-06-26,Afternoon,4,1,5.0,1,2,75
202400022874,2024-06-26,Afternoon,4,8,6.0,1,2,75
202400022875,2024-06-27,Night,4,1,6.0,5,2,75
202400022876,2024-06-27,Afternoon,4,1,6.0,1,2,75
202400022877,2024-11-15,Night,4,1,2.0,5,2,29
202400022878,2024-06-27,Afternoon,4,1,6.0,1,2,75
202400022879,2024-11-16,Morning,2,1,6.0,1,2,28
202400022880,2024-06-27,Afternoon,4,1,6.0,1,2,75
202400022881,2024-06-27,Afternoon,4,1,6.0,1,2,75
202400022882,2024-11-15,Evening,4,1,2.0,5,2,25
202400022883,2024-06-26,Afternoon,4,1,3.0,1,2,75
202400022884,2024-11-15,Afternoon,4,1,3.0,1,2,19
202400022885,2024-06-26,Afternoon,4,1,3.0,1,2,75
202400022886,2024-11-15,Afternoon,4,1,3.0,1,2,17
202400022887,2024-06-26,Evening,4,1,3.0,2,2,75
202400022888,2024-06-27,Afternoon,4,1,6.0,1,2,75
202400022889,2024-06-27,Afternoon,4,1,6.0,1,2,75
202400022890,2024-11-15,Afternoon,4,1,6.0,1,2,16
202400022891,2024-11-15,Afternoon,3,1,6.0,5,2,15
202400022892,2024-06-27,Afternoon,4,1,2.0,1,2,75
202400022893,2024-11-15,Night,3,1,3.0,3,1,13
202400022894,2024-06-24,Afternoon,2,1,6.0,1,2,75
202400022895,2024-11-16,Evening,4,1,3.0,5,2,13
202400022896,2024-11-16,Evening,3,1,1.0,5,2,13
202400022897,2024-06-27,Afternoon,4,1,2.0,1,2,75
202400022898,2024-11-16,Evening,4,1,3.0,5,2,13
202400022899,2024-11-16,Evening,3,1,3.0,5,2,10
202400022900,2024-06-27,Afternoon,4,1,6.0,1,2,75
202400022901,2024-11-15,Afternoon,4,1,3.0,5,2,10
202400022902,2024-06-27,Morning,4,1,6.0,1,2,75
202400022903,2024-11-16,Afternoon,4,1,7.0,1,2,06
202400022904,2024-11-16,Evening,4,1,3.0,5,2,06
202400022905,2024-11-16,Evening,3,1,3.0,5,2,06
202400022906,2024-11-16,Morning,4,1,1.0,1,2,06
202400022907,2024-11-16,Afternoon,2,1,3.0,1,2,06
202400022908,2024-06-27,Morning,4,1,3.0,1,2,75
202400022909,2024-11-16,Evening,4,1,3.0,5,2,75
202400022910,2024-06-26,Afternoon,4,1,6.0,1,2,75
202400022911,2024-11-15,Evening,3,1,3.0,5,2,75
202400022912,2024-06-27,Morning,4,1,1.0,1,2,75
202400022913,2024-11-15,Afternoon,4,1,2.0,1,2,75
202400022914,2024-06-25,Afternoon,4,1,6.0,1,2,94
202400022915,2024-11-16,Evening,4,1,3.0,5,2,75
202400022916,2024-06-27,Morning,4,1,6.0,1,2,94
202400022917,2024-11-16,Morning,4,1,3.0,1,2,75
202400022918,2024-06-26,Evening,4,1,2.0,1,2,94
202400022919,2024-11-16,Evening,4,1,3.0,5,2,75
202400022920,2024-06-27,Morning,3,1,3.0,1,2,94
202400022921,2024-06-26,Afternoon,4,1,1.0,1,2,94
202400022922,2024-11-16,Morning,4,1,3.0,1,2,75
202400022923,2024-06-27,Afternoon,4,1,6.0,1,2,93
202400022924,2024-11-16,Night,4,1,3.0,5,2,75
202400022925,2024-06-26,Morning,4,1,2.0,1,2,93
202400022926,2024-11-16,Afternoon,4,1,6.0,1,2,75
202400022927,2024-06-27,Afternoon,4,1,3.0,1,2,93
202400022928,2024-11-16,Evening,4,1,3.0,5,2,94
202400022929,2024-06-27,Night,4,1,6.0,5,2,93
202400022930,2024-11-16,Afternoon,4,1,6.0,1,2,94
202400022931,2024-06-27,Night,4,1,7.0,5,2,93
202400022932,2024-11-16,Afternoon,3,1,6.0,1,2,94
202400022933,2024-06-27,Morning,4,1,6.0,1,2,93
202400022934,2024-11-15,Night,3,1,6.0,5,2,94
202400022935,2024-06-27,Morning,4,1,2.0,1,2,93
202400022936,2024-11-16,Afternoon,4,8,1.0,1,1,94
202400022937,2024-06-27,Morning,4,1,1.0,1,1,92
202400022938,2024-11-16,Afternoon,3,1,3.0,1,2,92
202400022939,2024-06-26,Morning,4,1,6.0,1,2,92
202400022940,2024-11-16,Afternoon,4,1,3.0,1,2,92
202400022941,2024-06-26,Afternoon,4,1,6.0,1,2,92
202400022942,2024-11-16,Morning,3,1,7.0,1,2,92
202400022943,2024-06-27,Morning,4,1,3.0,1,2,92
202400022944,2024-11-03,Evening,4,1,7.0,5,2,92
202400022945,2024-06-27,Evening,4,1,3.0,1,2,92
202400022946,2024-11-15,Night,4,1,3.0,3,2,92
202400022947,2024-06-27,Evening,4,1,7.0,1,1,60
202400022948,2024-06-28,Morning,4,1,6.0,2,1,34
202400022949,2024-11-16,Morning,4,1,6.0,1,2,92
202400022950,2024-11-15,Evening,4,1,6.0,5,2,92
202400022951,2024-06-24,Evening,3,7,3.0,1,2,11
202400022952,2024-11-16,Evening,3,5,6.0,3,1,40
202400022953,2024-06-27,Evening,3,1,2.0,3,1,26
202400022954,2024-11-16,Afternoon,3,1,1.0,1,2,27
202400022955,2024-06-27,Afternoon,4,1,3.0,1,2,38
202400022956,2024-06-28,Night,4,1,7.0,3,1,44
202400022957,2024-11-16,Afternoon,4,1,2.0,1,1,93
202400022958,2024-06-28,Morning,3,1,3.0,1,1,15
202400022959,2024-11-16,Morning,4,1,3.0,1,1,95
202400022960,2024-06-28,Morning,3,1,3.0,1,1,95
202400022961,2024-11-15,Evening,4,1,6.0,3,1,95
202400022962,2024-06-28,Morning,2,1,3.0,1,1,56
202400022963,2024-11-15,Evening,4,1,5.0,3,1,93
202400022964,2024-06-27,Afternoon,3,1,3.0,1,2,59
202400022965,2024-11-15,Afternoon,3,1,2.0,5,1,93
202400022966,2024-11-15,Morning,4,1,7.0,1,1,93
202400022967,2024-06-28,Afternoon,3,1,1.0,1,1,79
202400022968,2024-11-15,Evening,4,1,6.0,3,1,77
202400022969,2024-06-27,Evening,3,1,6.0,1,1,2A
202400022970,2024-06-27,Night,3,1,7.0,1,2,80
202400022971,2024-06-26,Afternoon,4,1,1.0,1,2,69
202400022972,2024-05-25,Night,3,1,6.0,5,1,82
202400022974,2024-06-28,Afternoon,3,1,6.0,1,2,71
202400022976,2024-06-27,Morning,3,1,1.0,1,1,63
202400022978,2024-06-26,Afternoon,3,1,7.0,1,2,63
202400022979,2024-06-26,Morning,3,1,7.0,1,1,42
202400022982,2024-06-28,Morning,4,1,3.0,1,1,47
202400022983,2024-06-26,Afternoon,3,1,6.0,1,2,39
202400022984,2024-11-16,Night,3,1,1.0,5,2,69
202400022985,2024-06-27,Afternoon,3,1,6.0,1,1,25
202400022987,2024-06-27,Morning,3,3,7.0,1,1,25
202400022988,2024-06-25,Evening,3,1,7.0,1,1,25
202400022989,2024-11-15,Evening,4,1,3.0,5,2,69
202400022990,2024-06-28,Morning,4,1,5.0,1,1,25
202400022991,2024-11-15,Evening,4,1,3.0,5,2,69
202400022992,2024-06-28,Morning,4,1,3.0,1,1,02
202400022993,2024-11-15,Evening,4,1,1.0,5,2,69
202400022994,2024-11-15,Evening,4,1,6.0,5,2,69
202400022995,2024-06-27,Night,4,1,3.0,2,1,01
202400022996,2024-11-15,Morning,4,2,6.0,1,2,69
202400022997,2024-06-24,Afternoon,3,1,6.0,1,2,01
202400022999,2024-06-28,Evening,4,1,2.0,1,2,66
202400023000,2024-06-28,Morning,4,1,5.0,1,1,66
202400023001,2024-11-15,Morning,4,1,4.0,1,1,2A
202400023002,2024-06-27,Afternoon,4,1,7.0,1,1,54
202400023003,2024-11-15,Night,4,1,1.0,5,2,91
202400023004,2024-06-27,Evening,4,8,3.0,1,1,50
202400023005,2024-11-15,Afternoon,4,1,3.0,1,2,91
202400023006,2024-06-27,Afternoon,3,1,6.0,1,2,50
202400023007,2024-11-15,Evening,4,1,4.0,3,2,91
202400023008,2024-06-27,Evening,4,1,1.0,1,1,40
202400023009,2024-11-14,Evening,4,1,3.0,5,2,91
202400023010,2024-06-27,Morning,4,1,7.0,1,1,04
202400023011,2024-11-15,Afternoon,3,1,6.0,1,2,86
202400023012,2024-06-28,Morning,3,1,1.0,1,1,85
202400023013,2024-11-15,Afternoon,4,1,3.0,1,2,86
202400023014,2024-06-27,Afternoon,3,1,2.0,1,1,17
202400023015,2024-11-12,Afternoon,4,3,7.0,5,2,84
202400023016,2024-06-24,Afternoon,3,1,7.0,1,1,24
202400023017,2024-11-08,Afternoon,4,1,1.0,5,2,84
202400023018,2024-06-27,Afternoon,4,1,6.0,1,1,03
202400023019,2024-11-15,Afternoon,4,1,3.0,1,2,84
202400023020,2024-11-15,Morning,3,1,6.0,1,2,83
202400023021,2024-06-27,Afternoon,3,1,5.0,1,1,49
202400023022,2024-11-15,Afternoon,4,1,6.0,1,2,83
202400023023,2024-06-27,Evening,4,1,6.0,1,2,42
202400023024,2024-11-15,Morning,4,1,3.0,1,2,80
202400023025,2024-06-26,Morning,4,1,3.0,1,2,06
202400023026,2024-06-28,Morning,3,7,2.0,1,1,13
202400023027,2024-11-16,Night,4,1,3.0,5,2,78
202400023028,2024-06-27,Afternoon,4,1,2.0,1,1,17
202400023029,2024-11-15,Afternoon,4,1,6.0,1,2,78
202400023031,2024-11-12,Evening,4,1,3.0,5,2,78
202400023033,2024-11-15,Night,2,1,7.0,5,2,78
202400023035,2024-11-15,Evening,4,1,6.0,3,1,77
202400023037,2024-11-13,Afternoon,3,1,3.0,1,2,76
202400023038,2024-06-27,Night,4,1,3.0,5,2,77
202400023039,2024-06-28,Night,3,1,6.0,5,2,2A
202400023040,2024-11-14,Evening,4,1,3.0,5,2,72
202400023041,2024-11-14,Evening,4,1,3.0,5,2,72
202400023042,2024-06-28,Afternoon,3,1,1.0,1,1,2A
202400023043,2024-06-28,Evening,3,1,7.0,1,1,66
202400023044,2024-11-14,Afternoon,4,1,3.0,1,2,72
202400023045,2024-06-13,Morning,3,1,3.0,1,1,34
202400023046,2024-11-15,Afternoon,3,1,3.0,1,2,64
202400023047,2024-03-08,Evening,3,1,6.0,3,2,08
202400023048,2024-06-23,Afternoon,4,1,6.0,1,2,06
202400023049,2024-11-15,Afternoon,4,1,3.0,1,2,64
202400023050,2024-03-09,Evening,2,1,5.0,3,1,31
202400023051,2024-06-28,Afternoon,4,1,1.0,1,2,13
202400023052,2024-06-27,Afternoon,3,1,2.0,1,1,13
202400023053,2024-03-09,Afternoon,4,1,5.0,1,1,33
202400023054,2024-11-14,Afternoon,4,1,6.0,1,2,64
202400023055,2024-03-09,Night,3,1,6.0,3,1,60
202400023056,2024-06-28,Morning,4,1,3.0,1,1,89
202400023057,2024-11-14,Morning,3,1,7.0,3,1,63
202400023058,2024-06-27,Afternoon,3,1,3.0,1,2,21
202400023059,2024-11-06,Afternoon,2,1,6.0,1,2,62
202400023060,2024-03-10,Afternoon,4,1,2.0,1,1,13
202400023062,2024-06-27,Evening,3,1,1.0,1,2,67
202400023063,2024-11-15,Afternoon,4,8,3.0,1,2,59
202400023065,2024-11-15,Afternoon,4,1,2.0,1,1,56
202400023067,2024-06-28,Afternoon,4,1,5.0,1,1,55
202400023069,2024-11-14,Evening,4,1,3.0,5,2,56
202400023070,2024-06-27,Afternoon,4,1,6.0,1,2,55
202400023071,2024-03-10,Morning,3,2,3.0,1,2,33
202400023072,2024-11-12,Afternoon,4,1,6.0,3,2,54
202400023073,2024-03-09,Evening,3,3,7.0,1,1,13
202400023074,2024-01-26,Afternoon,4,2,1.0,1,1,63
202400023075,2024-11-15,Afternoon,4,1,3.0,1,2,54
202400023076,2024-03-10,Morning,4,1,6.0,1,1,29
202400023077,2024-06-27,Night,4,1,3.0,5,2,42
202400023078,2024-11-15,Afternoon,4,1,2.0,1,2,54
202400023079,2024-03-10,Night,4,3,1.0,5,1,06
202400023080,2024-04-27,Afternoon,3,1,7.0,1,2,01
202400023081,2024-11-14,Morning,4,2,3.0,1,2,54
202400023082,2024-03-10,Afternoon,3,1,3.0,1,1,13
202400023083,2024-03-09,Night,3,3,7.0,3,1,71
202400023084,2024-06-28,Afternoon,4,1,5.0,1,1,69
202400023085,2024-11-13,Morning,2,1,6.0,1,2,52
202400023086,2024-06-27,Evening,3,1,3.0,1,1,81
202400023087,2024-11-15,Morning,4,1,4.0,1,2,51
202400023088,2024-06-27,Afternoon,4,1,6.0,1,1,33
202400023089,2024-03-10,Afternoon,4,1,6.0,1,2,69
202400023090,2024-06-28,Morning,3,1,3.0,1,1,53
202400023091,2024-03-10,Morning,3,1,6.0,1,2,17
202400023092,2024-11-14,Afternoon,4,1,3.0,1,1,51
202400023093,2024-03-10,Night,3,1,6.0,3,1,27
202400023094,2024-11-14,Afternoon,4,1,2.0,1,2,51
202400023095,2024-06-27,Evening,4,1,2.0,1,1,14
202400023096,2024-11-15,Afternoon,4,1,1.0,1,2,51
202400023097,2024-06-28,Afternoon,3,1,1.0,1,1,35
202400023098,2024-03-09,Morning,4,1,4.0,1,1,33
202400023099,2024-11-13,Evening,3,1,7.0,5,2,50
202400023100,2024-06-28,Morning,4,1,3.0,2,1,02
202400023101,2024-11-14,Evening,4,2,2.0,5,2,50
202400023102,2024-03-09,Morning,4,1,4.0,1,1,91
202400023103,2024-06-28,Evening,4,1,7.0,1,1,80
202400023104,2024-03-09,Night,4,1,2.0,3,1,91
202400023105,2024-11-12,Afternoon,4,1,3.0,1,2,50
202400023106,2024-06-28,Morning,2,1,6.0,1,2,62
202400023107,2024-11-15,Night,3,1,2.0,5,2,49
202400023108,2024-06-22,Evening,3,1,3.0,1,2,59
202400023109,2024-03-08,Afternoon,4,1,4.0,1,1,92
202400023110,2024-11-15,Night,4,1,2.0,5,1,49
202400023111,2024-06-27,Morning,4,1,2.0,1,1,13
202400023112,2024-03-09,Afternoon,3,2,6.0,1,1,95
202400023113,2024-03-09,Evening,4,2,6.0,3,1,77
202400023114,2024-11-16,Night,4,1,3.0,5,2,44
202400023115,2024-06-26,Morning,4,1,4.0,1,1,13
202400023117,2024-06-27,Morning,4,1,4.0,1,1,83
202400023118,2024-11-15,Afternoon,4,1,6.0,1,2,43
202400023119,2024-06-26,Night,4,1,6.0,3,1,69
202400023122,2024-11-15,Evening,4,1,6.0,3,1,42
202400023123,2024-06-26,Morning,4,1,4.0,1,1,67
202400023124,2024-03-06,Afternoon,4,1,6.0,1,2,69
202400023126,2024-11-15,Afternoon,4,1,2.0,1,2,41
202400023127,2024-06-27,Evening,4,1,4.0,1,1,94
202400023129,2024-11-14,Afternoon,4,1,1.0,2,2,41
202400023130,2024-03-08,Morning,4,1,3.0,1,2,95
202400023131,2024-06-27,Afternoon,4,1,5.0,1,1,91
202400023132,2024-03-09,Night,4,1,7.0,3,1,91
202400023133,2024-06-27,Afternoon,4,1,2.0,1,1,94
202400023134,2024-03-07,Afternoon,4,1,2.0,1,2,88
202400023135,2024-11-15,Morning,4,1,4.0,1,2,37
202400023136,2024-11-15,Morning,4,1,7.0,1,2,37
202400023137,2024-06-27,Morning,4,1,4.0,1,1,91
202400023138,2024-03-09,Night,3,1,6.0,5,2,84
202400023139,2024-11-15,Afternoon,4,1,3.0,1,2,36
202400023140,2024-03-08,Afternoon,3,3,3.0,1,1,83
202400023141,2024-06-27,Night,4,1,4.0,3,1,91
202400023142,2024-03-07,Afternoon,3,1,7.0,1,2,80
202400023143,2024-11-15,Evening,4,1,3.0,5,2,35
202400023144,2024-06-27,Afternoon,4,1,6.0,1,1,78
202400023145,2024-03-07,Afternoon,4,1,2.0,1,2,80
202400023146,2024-06-26,Evening,4,1,3.0,1,1,78
202400023147,2024-03-08,Morning,3,1,3.0,1,2,78
202400023148,2024-06-27,Evening,4,1,2.0,1,1,93
202400023149,2024-03-08,Afternoon,3,1,6.0,1,2,77
202400023150,2024-11-15,Evening,4,1,2.0,3,1,35
202400023151,2024-03-08,Afternoon,4,1,6.0,1,2,77
202400023152,2024-06-27,Afternoon,4,1,5.0,1,1,93
202400023153,2024-03-07,Morning,4,1,6.0,1,1,76
202400023154,2024-11-15,Morning,4,1,6.0,1,2,35
202400023155,2024-06-27,Morning,4,1,2.0,1,1,92
202400023156,2024-03-05,Afternoon,4,2,5.0,1,1,73
202400023157,2024-06-27,Night,4,1,2.0,3,1,95
202400023158,2024-11-15,Morning,3,1,3.0,1,2,34
202400023159,2024-03-08,Morning,3,1,3.0,1,2,71
202400023160,2024-06-27,Evening,4,1,4.0,1,1,77
202400023161,2024-11-15,Afternoon,4,1,7.0,1,2,34
202400023162,2024-03-08,Afternoon,4,1,2.0,1,2,69
202400023163,2024-11-15,Afternoon,4,1,6.0,1,2,33
202400023164,2024-06-27,Afternoon,4,1,1.0,1,2,75
202400023165,2024-03-07,Afternoon,4,1,6.0,1,2,69
202400023166,2024-11-14,Morning,4,1,6.0,3,2,29
202400023167,2024-06-27,Morning,4,1,3.0,1,1,94
202400023168,2024-03-09,Evening,4,1,1.0,5,1,67
202400023169,2024-11-15,Afternoon,4,1,1.0,3,2,27
202400023170,2024-03-07,Morning,4,8,3.0,1,2,67
202400023171,2024-06-26,Afternoon,4,1,4.0,1,1,77
202400023172,2024-11-15,Afternoon,4,1,3.0,1,2,27
202400023173,2024-03-08,Afternoon,4,1,3.0,1,2,66
202400023174,2024-04-03,Morning,3,7,3.0,1,2,82
202400023175,2024-11-15,Afternoon,4,1,3.0,3,1,25