Num_Acc,date,time_of_day,max_severity,weather,collision_type,lighting,urban_area,department
202400023176,2024-03-07,Evening,4,1,5.0,1,1,64
202400023177,2024-03-08,Morning,4,1,6.0,1,2,63
202400023178,2024-11-15,Morning,4,1,6.0,1,2,25
202400023179,2024-03-08,Evening,4,1,1.0,5,2,62
202400023180,2024-11-15,Morning,4,1,2.0,2,1,14
202400023181,2024-03-05,Afternoon,4,3,6.0,1,2,60
202400023182,2024-11-15,Night,3,1,3.0,5,2,13
202400023183,2024-03-02,Afternoon,4,2,6.0,1,2,59
202400023184,2024-03-08,Evening,4,1,7.0,2,2,54
202400023185,2024-03-07,Evening,4,1,1.0,3,2,54
202400023186,2024-11-15,Night,4,1,3.0,5,2,13
202400023187,2024-03-08,Evening,4,1,3.0,5,2,54
202400023188,2024-11-15,Morning,4,1,1.0,3,2,13
202400023189,2024-03-08,Afternoon,3,1,6.0,1,2,51
202400023190,2024-11-14,Night,2,1,1.0,3,1,13
202400023191,2024-03-06,Evening,3,1,6.0,1,1,50
202400023192,2024-11-15,Evening,4,1,3.0,5,2,13
202400023193,2024-03-07,Afternoon,4,1,3.0,1,2,49
202400023194,2024-03-08,Afternoon,4,1,6.0,1,2,45
202400023195,2024-11-14,Morning,4,1,2.0,2,2,11
202400023196,2024-11-15,Afternoon,4,1,7.0,1,2,09
202400023197,2024-03-08,Night,3,1,1.0,5,2,44
202400023198,2024-11-15,Night,3,1,2.0,4,1,06
202400023199,2024-03-08,Morning,4,8,2.0,1,2,43
202400023200,2024-03-08,Night,4,1,6.0,5,2,36
202400023201,2024-11-15,Evening,2,1,6.0,3,1,06
202400023202,2024-11-15,Evening,4,1,7.0,5,2,75
202400023203,2024-03-08,Afternoon,4,2,3.0,1,1,35
202400023204,2024-11-15,Night,4,1,3.0,5,2,75
202400023205,2024-03-08,Afternoon,4,1,7.0,1,2,35
202400023206,2024-03-08,Morning,3,3,6.0,1,2,34
202400023207,2024-11-15,Afternoon,4,7,3.0,5,2,75
202400023208,2024-03-08,Night,4,1,6.0,5,2,33
202400023209,2024-02-23,Evening,4,1,1.0,1,2,30
202400023210,2024-11-15,Evening,4,1,3.0,5,2,75
202400023211,2024-03-02,Evening,3,1,7.0,5,2,30
202400023212,2024-03-08,Morning,4,1,3.0,1,2,29
202400023213,2024-11-15,Afternoon,4,1,3.0,1,2,75
202400023214,2024-03-07,Night,4,1,3.0,5,2,27
202400023215,2024-11-15,Morning,4,1,3.0,1,2,75
202400023216,2024-03-08,Night,4,1,2.0,3,1,26
202400023217,2024-11-14,Afternoon,4,1,1.0,1,2,75
202400023218,2024-03-09,Night,4,1,2.0,3,2,17
202400023219,2024-11-15,Evening,4,1,3.0,5,2,75
202400023220,2024-11-15,Evening,4,1,6.0,5,2,75
202400023221,2024-02-17,Evening,4,1,3.0,2,1,15
202400023222,2024-11-15,Morning,4,1,3.0,1,2,75
202400023223,2024-03-08,Morning,4,1,1.0,1,2,14
202400023224,2024-11-15,Night,4,1,3.0,5,2,75
202400023225,2024-03-08,Night,4,1,3.0,5,2,13
202400023226,2024-11-14,Night,3,1,6.0,5,2,75
202400023227,2024-03-07,Morning,4,1,3.0,1,2,13
202400023228,2024-11-15,Evening,4,1,3.0,5,2,75
202400023229,2024-03-06,Afternoon,4,1,2.0,1,2,13
202400023230,2024-11-15,Afternoon,4,1,6.0,1,2,94
202400023231,2024-03-08,Evening,4,3,6.0,5,2,06
202400023232,2024-11-15,Evening,4,1,6.0,5,2,94
202400023233,2024-03-07,Morning,3,1,3.0,1,2,03
202400023234,2024-11-15,Afternoon,4,1,3.0,5,2,94
202400023235,2024-03-07,Morning,4,1,2.0,1,2,75
202400023236,2024-11-13,Afternoon,4,8,6.0,1,2,94
202400023237,2024-03-08,Evening,4,1,2.0,5,2,75
202400023238,2024-11-15,Afternoon,4,1,3.0,1,2,94
202400023239,2024-11-15,Afternoon,4,1,3.0,1,2,94
202400023240,2024-03-07,Morning,4,7,6.0,1,2,75
202400023241,2024-03-08,Morning,4,1,6.0,1,2,75
202400023242,2024-11-15,Evening,4,1,3.0,5,2,93
202400023243,2024-03-08,Night,4,1,3.0,5,2,75
202400023244,2024-11-15,Evening,4,1,3.0,5,2,93
202400023245,2024-11-15,Evening,4,1,6.0,5,2,93
202400023246,2024-11-15,Afternoon,4,1,6.0,1,2,93
202400023247,2024-03-08,Afternoon,4,1,3.0,1,2,75
202400023248,2024-11-15,Night,4,1,6.0,5,2,92
202400023249,2024-11-15,Morning,4,1,6.0,1,2,92
202400023250,2024-03-08,Afternoon,4,1,6.0,1,2,75
202400023251,2024-11-15,Afternoon,4,1,3.0,1,2,92
202400023252,2024-03-07,Night,4,1,3.0,5,2,75
202400023253,2024-11-15,Morning,3,1,1.0,1,2,92
202400023254,2024-03-06,Evening,4,1,1.0,5,2,75
202400023255,2024-11-16,Morning,2,1,6.0,1,1,34
202400023256,2024-03-08,Afternoon,4,1,2.0,1,2,75
202400023257,2024-11-13,Afternoon,4,1,6.0,1,1,38
202400023258,2024-03-08,Morning,4,1,2.0,1,2,75
202400023259,2024-11-15,Afternoon,3,1,3.0,5,1,83
202400023260,2024-03-08,Evening,4,1,7.0,2,2,75
202400023262,2024-03-08,Afternoon,4,1,6.0,1,2,75
202400023264,2024-03-08,Morning,4,1,3.0,1,2,75
202400023265,2024-11-15,Morning,3,7,3.0,1,1,83
202400023266,2024-11-13,Afternoon,3,1,6.0,1,2,85
202400023267,2024-03-08,Evening,4,1,3.0,5,2,75
202400023268,2024-11-11,Morning,3,8,6.0,1,1,23
202400023269,2024-03-08,Morning,3,1,6.0,1,2,75
202400023270,2024-11-15,Morning,4,1,7.0,1,2,62
202400023271,2024-03-08,Afternoon,4,1,3.0,1,2,75
202400023272,2024-11-11,Evening,3,2,6.0,3,1,57
202400023273,2024-11-15,Evening,3,1,1.0,3,1,51
202400023274,2024-03-08,Afternoon,4,1,3.0,1,2,75
202400023275,2024-11-11,Evening,4,1,1.0,5,2,19
202400023276,2024-03-08,Afternoon,4,1,3.0,1,2,75
202400023277,2024-03-08,Afternoon,4,1,2.0,1,2,75
202400023278,2024-03-07,Afternoon,4,1,6.0,1,2,75
202400023279,2024-11-10,Afternoon,4,8,5.0,2,1,65
202400023280,2024-03-08,Evening,4,1,6.0,5,2,94
202400023281,2024-03-08,Morning,4,1,6.0,1,2,94
202400023282,2024-11-15,Afternoon,3,1,2.0,1,2,61
202400023283,2024-03-08,Evening,4,1,3.0,1,2,94
202400023284,2024-03-07,Afternoon,4,1,2.0,1,2,94
202400023285,2024-11-15,Evening,4,1,5.0,3,1,49
202400023286,2024-11-16,Night,3,5,6.0,3,1,44
202400023287,2024-11-16,Afternoon,3,1,7.0,1,1,02
202400023288,2024-03-06,Afternoon,4,1,1.0,1,2,94
202400023289,2024-03-07,Night,4,1,6.0,5,2,94
202400023290,2024-11-16,Night,4,1,6.0,3,1,84
202400023291,2024-03-08,Morning,4,1,6.0,1,2,93
202400023292,2024-11-16,Morning,4,1,6.0,1,2,72
202400023293,2024-03-08,Afternoon,4,1,2.0,1,2,93
202400023294,2024-03-08,Morning,4,1,6.0,1,2,93
202400023295,2024-10-22,Afternoon,4,1,3.0,1,1,83
202400023296,2024-03-08,Morning,4,1,6.0,2,2,93
202400023297,2024-11-16,Night,4,1,7.0,3,1,60
202400023298,2024-11-16,Afternoon,3,8,5.0,1,1,07
202400023299,2024-03-08,Afternoon,4,1,3.0,1,2,93
202400023300,2024-11-15,Morning,3,1,6.0,1,1,04
202400023301,2024-03-08,Evening,4,1,7.0,5,2,92
202400023302,2024-11-13,Evening,4,1,1.0,3,1,85
202400023303,2024-03-07,Night,4,1,3.0,5,2,92
202400023304,2024-03-08,Evening,4,1,3.0,1,2,92
202400023305,2024-11-15,Morning,4,5,3.0,2,1,48
202400023306,2024-11-15,Afternoon,4,1,3.0,1,2,68
202400023307,2024-03-08,Evening,4,1,1.0,5,2,92
202400023309,2024-03-02,Evening,4,1,6.0,2,2,92
202400023310,2024-11-16,Afternoon,3,1,3.0,1,1,06
202400023311,2024-03-08,Afternoon,4,1,3.0,1,2,92
202400023312,2024-03-08,Afternoon,4,1,7.0,1,2,95
202400023313,2024-11-16,Afternoon,3,1,2.0,1,1,62
202400023314,2024-03-08,Night,3,1,7.0,5,2,68
202400023319,2024-03-08,Afternoon,2,1,4.0,1,1,57
202400023320,2024-02-24,Afternoon,4,1,3.0,1,1,56
202400023321,2024-03-01,Afternoon,4,5,1.0,1,1,2A
202400023322,2024-03-09,Afternoon,4,1,1.0,1,1,65
202400023323,2024-03-09,Night,4,1,6.0,3,2,32
202400023324,2024-03-08,Evening,4,1,6.0,5,2,63
202400023325,2024-03-07,Evening,3,1,3.0,1,1,61
202400023326,2024-03-09,Night,4,1,7.0,3,1,55
202400023327,2024-03-07,Afternoon,3,8,1.0,1,1,49
202400023328,2024-03-07,Evening,3,1,2.0,3,1,39
202400023329,2024-03-08,Afternoon,3,1,7.0,1,1,25
202400023330,2024-03-09,Morning,4,1,6.0,2,1,25
202400023331,2024-03-09,Morning,4,1,1.0,3,1,25
202400023332,2024-03-04,Night,2,1,6.0,2,1,02
202400023333,2024-03-08,Afternoon,4,8,3.0,1,1,01
202400023334,2024-03-08,Night,2,1,6.0,4,2,45
202400023335,2024-03-06,Morning,3,2,7.0,1,1,36
202400023336,2024-03-08,Evening,3,2,7.0,2,1,16
202400023337,2024-03-08,Evening,3,2,1.0,3,1,17
202400023338,2024-03-08,Morning,4,2,2.0,1,1,17
202400023339,2024-03-07,Morning,4,1,2.0,1,1,68
202400023340,2024-03-08,Afternoon,3,1,6.0,1,1,77
202400023342,2024-03-08,Afternoon,3,1,6.0,1,1,62
202400023346,2024-03-08,Night,4,1,3.0,3,1,95
202400023347,2024-03-09,Afternoon,4,3,6.0,1,1,83
202400023348,2024-03-08,Evening,2,1,6.0,5,2,52
202400023349,2024-03-08,Evening,2,2,6.0,3,1,38
202400023350,2024-03-08,Afternoon,4,1,2.0,1,2,01
202400023351,2024-03-06,Afternoon,4,1,1.0,1,1,69
202400023352,2024-03-08,Evening,3,1,3.0,2,1,76
202400023353,2024-03-09,Evening,4,2,1.0,3,1,60
202400023354,2024-03-08,Afternoon,4,1,3.0,1,2,59
202400023355,2024-12-20,Morning,4,1,1.0,1,2,27
202400023356,2024-03-07,Evening,3,1,2.0,5,1,13
202400023357,2024-12-19,Afternoon,4,2,3.0,1,2,27
202400023358,2024-03-07,Afternoon,4,1,2.0,1,1,13
202400023359,2024-03-08,Evening,4,1,6.0,3,1,33
202400023360,2024-03-08,Evening,4,2,4.0,2,1,33
202400023361,2024-12-20,Night,4,2,6.0,4,1,22
202400023362,2024-03-08,Morning,4,2,5.0,1,1,33
202400023363,2024-12-20,Afternoon,3,1,6.0,1,2,16
202400023364,2024-03-07,Evening,4,1,2.0,3,1,33
202400023365,2024-12-20,Night,4,1,3.0,5,2,13
202400023366,2024-03-08,Evening,4,1,2.0,3,1,91
202400023367,2024-12-20,Evening,2,1,6.0,5,2,13
202400023368,2024-03-08,Evening,4,1,2.0,3,1,94
202400023369,2024-03-08,Morning,4,1,6.0,3,1,91
202400023370,2024-12-20,Afternoon,4,1,3.0,1,2,13
202400023371,2024-03-08,Night,3,1,6.0,3,1,92
202400023372,2024-12-20,Morning,4,6,6.0,1,2,13
202400023373,2024-03-08,Evening,4,1,5.0,2,1,92
202400023374,2024-03-08,Morning,4,1,2.0,1,1,92
202400023375,2024-12-20,Morning,3,6,3.0,5,2,13
202400023376,2024-03-07,Night,4,1,2.0,3,1,91
202400023377,2024-12-19,Night,4,6,3.0,5,2,13
202400023378,2024-03-07,Morning,4,1,2.0,1,1,78
202400023379,2024-12-19,Afternoon,4,2,3.0,2,2,10
202400023380,2024-03-07,Morning,4,1,2.0,2,1,92
202400023381,2024-12-19,Morning,4,2,3.0,5,2,10
202400023382,2024-03-08,Morning,3,1,2.0,1,1,93
202400023383,2024-03-08,Evening,4,1,2.0,3,1,77
202400023384,2024-12-20,Afternoon,3,1,6.0,1,2,06
202400023386,2024-12-20,Morning,4,1,3.0,2,2,06
202400023387,2024-12-20,Afternoon,3,1,3.0,1,2,03
202400023390,2024-12-20,Afternoon,4,1,6.0,5,2,75
202400023391,2024-03-07,Afternoon,4,1,6.0,1,2,69
202400023392,2024-12-20,Afternoon,4,1,3.0,2,2,75
202400023393,2024-03-07,Evening,4,1,3.0,5,2,69
202400023394,2024-12-20,Night,4,1,1.0,5,2,75
202400023395,2024-03-07,Morning,4,1,3.0,1,2,69
202400023396,2024-12-19,Morning,4,8,3.0,4,2,75
202400023397,2024-03-07,Evening,4,1,6.0,5,2,2B
202400023399,2024-12-20,Morning,4,1,6.0,1,2,75
202400023400,2024-03-07,Afternoon,4,1,3.0,1,1,2A
202400023401,2024-12-20,Afternoon,4,1,6.0,1,2,75
202400023402,2024-03-07,Afternoon,4,1,6.0,1,2,2A
202400023403,2024-12-20,Morning,4,1,2.0,5,2,75
202400023404,2024-03-06,Afternoon,4,1,2.0,1,2,95
202400023405,2024-12-20,Morning,4,1,3.0,1,2,75
202400023406,2024-03-07,Evening,3,1,6.0,5,2,95
202400023407,2024-12-20,Night,4,5,6.0,2,2,94
202400023408,2024-03-07,Afternoon,4,1,4.0,1,2,95
202400023409,2024-12-20,Afternoon,4,1,3.0,1,2,94
202400023410,2024-03-07,Morning,4,1,3.0,1,2,91
202400023411,2024-12-19,Afternoon,4,1,6.0,2,2,94
202400023412,2024-03-07,Night,3,1,3.0,5,2,91
202400023413,2024-12-19,Evening,4,1,3.0,5,2,94
202400023414,2024-03-07,Afternoon,4,1,1.0,1,2,91
202400023415,2024-12-20,Morning,4,1,2.0,2,2,94
202400023416,2024-03-07,Afternoon,4,1,6.0,1,2,91
202400023417,2024-12-19,Afternoon,4,4,3.0,1,2,94
202400023418,2024-02-18,Evening,4,2,4.0,5,2,91
202400023419,2024-12-20,Afternoon,4,1,3.0,1,2,93
202400023420,2024-03-07,Morning,4,1,6.0,1,2,90
202400023421,2024-12-20,Evening,4,2,3.0,3,2,93
202400023422,2024-03-07,Morning,4,1,3.0,1,2,85
202400023423,2024-12-19,Night,4,1,1.0,5,2,93
202400023424,2024-12-20,Morning,4,1,6.0,2,2,93
202400023425,2024-12-20,Morning,4,1,3.0,1,2,93
202400023426,2024-02-26,Evening,4,1,4.0,5,2,84
202400023427,2024-12-20,Morning,4,1,2.0,1,2,93
202400023428,2024-12-20,Evening,4,1,2.0,5,2,92
202400023429,2024-12-20,Morning,4,8,3.0,1,2,92
202400023430,2024-12-20,Morning,4,1,6.0,1,2,92
202400023431,2024-12-20,Morning,4,1,6.0,2,2,92
202400023432,2024-12-20,Morning,4,1,2.0,1,2,92
202400023433,2024-12-16,Morning,4,2,6.0,3,2,92
202400023434,2024-12-20,Afternoon,4,1,6.0,1,2,92
202400023435,2024-12-20,Evening,4,1,2.0,2,2,92
202400023436,2024-12-20,Afternoon,4,1,3.0,1,2,92
202400023437,2024-12-19,Morning,3,8,7.0,1,1,11
202400023438,2024-12-20,Morning,3,1,6.0,2,2,80
202400023439,2024-12-20,Afternoon,3,1,3.0,1,2,81
202400023440,2024-12-21,Afternoon,3,1,6.0,1,1,87
202400023441,2024-12-20,Afternoon,4,1,1.0,3,2,73
202400023442,2024-12-20,Afternoon,3,1,3.0,1,2,40
202400023443,2024-12-21,Evening,4,1,6.0,5,2,06
202400023445,2024-12-21,Morning,4,3,1.0,2,1,57
202400023446,2024-12-18,Morning,3,1,7.0,1,1,57
202400023447,2024-12-20,Afternoon,4,1,2.0,3,1,51
202400023448,2024-12-21,Morning,4,8,1.0,1,2,51
202400023449,2024-12-20,Evening,4,1,1.0,5,2,56
202400023450,2024-12-20,Evening,4,2,5.0,3,1,76
202400023451,2024-12-20,Evening,4,2,6.0,5,2,76
202400023452,2024-12-18,Afternoon,4,1,3.0,5,1,76
202400023453,2024-12-16,Afternoon,3,1,3.0,3,1,79
202400023454,2024-12-20,Afternoon,2,7,6.0,1,2,82
202400023455,2024-12-20,Afternoon,3,1,6.0,1,2,11
202400023456,2024-12-20,Morning,4,8,1.0,1,1,63
202400023457,2024-12-20,Evening,4,1,2.0,5,2,63
202400023458,2024-12-21,Morning,3,1,7.0,1,1,55
202400023459,2024-12-08,Afternoon,3,2,6.0,2,1,46
202400023460,2024-12-20,Morning,3,1,3.0,1,1,46
202400023461,2024-12-20,Evening,4,1,2.0,3,1,47
202400023462,2024-12-20,Morning,4,8,5.0,1,2,29
202400023463,2024-12-21,Night,4,1,1.0,3,1,25
202400023464,2024-11-25,Evening,3,2,7.0,5,2,44
202400023465,2024-12-21,Morning,4,9,6.0,3,1,29
202400023466,2024-12-20,Evening,3,1,5.0,3,1,38
202400023467,2024-12-14,Morning,4,2,3.0,1,1,02
202400023468,2024-12-20,Morning,2,1,1.0,2,1,58
202400023469,2024-12-20,Afternoon,4,1,1.0,1,1,72
202400023470,2024-12-20,Evening,4,1,4.0,5,2,06
202400023471,2024-12-21,Night,3,1,6.0,3,1,73
202400023472,2024-12-20,Night,3,2,3.0,4,1,53
202400023473,2024-12-21,Night,4,5,6.0,3,1,24
202400023474,2024-12-16,Afternoon,4,2,6.0,5,2,27
202400023475,2024-12-20,Afternoon,3,1,7.0,1,1,17
202400023476,2024-12-21,Afternoon,4,8,1.0,1,1,48
202400023477,2024-12-20,Afternoon,3,8,6.0,1,1,48
202400023479,2024-12-21,Night,2,2,2.0,3,1,77
202400023480,2024-12-20,Afternoon,4,8,2.0,3,1,63
202400023481,2024-12-20,Evening,4,1,3.0,3,1,13
202400023482,2024-12-09,Afternoon,4,8,2.0,1,1,01
202400023484,2024-12-20,Evening,3,1,6.0,3,1,38
202400023485,2024-12-20,Afternoon,4,1,6.0,1,1,06
202400023486,2024-12-17,Evening,4,1,2.0,3,1,67
202400023487,2024-04-15,Afternoon,4,1,1.0,1,1,83
202400023488,2024-04-08,Morning,3,1,2.0,1,2,13
202400023489,2024-12-21,Morning,4,1,4.0,1,1,84
202400023490,2024-04-13,Afternoon,4,1,6.0,1,2,70
202400023492,2024-12-20,Night,2,5,6.0,3,1,29
202400023493,2024-12-21,Night,3,2,6.0,4,2,45
202400023494,2024-04-16,Night,4,2,6.0,3,2,21
202400023495,2024-12-20,Evening,4,1,3.0,3,1,66
202400023496,2024-12-21,Afternoon,4,1,1.0,1,2,30
202400023497,2024-04-14,Evening,4,1,3.0,1,1,68
202400023498,2024-12-20,Evening,4,1,1.0,3,1,89
202400023499,2024-12-21,Night,3,1,6.0,3,2,68
202400023500,2024-12-20,Afternoon,3,1,1.0,3,1,73
202400023501,2024-12-19,Night,4,3,6.0,3,1,42
202400023502,2024-12-21,Night,4,1,6.0,3,2,42
202400023503,2024-04-15,Morning,3,1,3.0,1,2,38
202400023504,2024-12-21,Night,3,1,6.0,3,1,38
202400023505,2024-04-15,Morning,4,2,3.0,1,1,29
202400023506,2024-12-13,Afternoon,3,1,6.0,3,2,38
202400023507,2024-04-15,Evening,4,1,4.0,2,1,60
202400023508,2024-12-18,Afternoon,3,1,7.0,4,1,26
202400023509,2024-03-28,Afternoon,4,1,3.0,1,1,69
202400023510,2024-04-15,Evening,4,1,6.0,2,1,95
202400023511,2024-12-20,Evening,4,1,3.0,3,1,26
202400023512,2024-04-15,Morning,4,1,5.0,1,1,93
202400023513,2024-12-21,Afternoon,2,1,6.0,1,2,01
202400023514,2024-04-15,Night,4,1,6.0,3,1,93
202400023515,2024-12-20,Evening,3,1,3.0,5,2,69
202400023516,2024-04-14,Evening,4,1,3.0,1,1,92
202400023517,2024-12-20,Afternoon,4,1,5.0,5,2,69
202400023518,2024-04-14,Evening,4,1,2.0,3,1,77
202400023519,2024-12-21,Night,3,1,6.0,3,1,81
202400023520,2024-12-20,Evening,3,2,7.0,3,2,17
202400023521,2024-12-20,Afternoon,4,1,3.0,2,2,44
202400023522,2024-01-21,Evening,4,1,5.0,5,2,74
202400023523,2024-12-21,Afternoon,2,2,3.0,2,1,29
202400023524,2024-01-14,Evening,4,1,6.0,5,2,50
202400023525,2024-12-20,Afternoon,4,1,7.0,1,1,59
202400023526,2024-01-27,Night,3,1,6.0,3,1,57
202400023527,2024-12-19,Afternoon,4,1,2.0,1,1,13
202400023528,2024-01-22,Evening,4,2,6.0,3,2,57
202400023530,2024-12-19,Morning,4,1,2.0,2,1,13
202400023531,2024-04-14,Evening,4,1,3.0,5,2,69
202400023532,2024-12-15,Night,4,1,2.0,5,1,13
202400023533,2024-04-14,Afternoon,4,7,3.0,1,2,69
202400023534,2024-12-20,Night,4,1,2.0,3,1,69
202400023536,2024-12-19,Night,4,3,2.0,3,2,69
202400023537,2024-04-14,Evening,4,1,1.0,5,2,69
202400023538,2024-12-20,Afternoon,4,1,4.0,1,1,33
202400023539,2024-04-12,Morning,4,1,3.0,1,2,69
202400023540,2024-12-20,Morning,4,1,2.0,2,1,92
202400023541,2024-04-14,Afternoon,4,1,2.0,1,2,2B
202400023542,2024-12-20,Morning,4,1,4.0,1,1,78
202400023543,2024-12-20,Morning,4,1,6.0,1,1,78
202400023544,2024-04-13,Afternoon,3,1,1.0,1,1,2A
202400023545,2024-12-20,Night,4,1,6.0,3,1,92
202400023546,2024-04-14,Afternoon,3,1,6.0,1,2,95
202400023547,2024-12-19,Evening,4,1,3.0,3,1,92
202400023548,2024-04-14,Morning,4,1,2.0,1,2,95
202400023549,2024-12-19,Afternoon,4,8,2.0,2,1,78
202400023550,2024-09-05,Afternoon,4,2,3.0,1,2,93
202400023551,2024-04-14,Afternoon,4,1,2.0,1,2,91
202400023552,2024-12-19,Morning,4,2,2.0,2,1,78
202400023553,2024-04-14,Afternoon,4,1,7.0,1,1,85
202400023554,2024-09-05,Morning,4,2,2.0,1,2,93
202400023555,2024-12-19,Morning,4,2,4.0,1,1,78
202400023556,2024-04-14,Afternoon,3,1,3.0,1,2,84
202400023557,2024-11-19,Night,4,1,6.0,5,1,92
202400023558,2024-04-14,Morning,4,1,3.0,1,2,83
202400023559,2024-11-18,Evening,4,2,6.0,3,1,92
202400023560,2024-09-05,Evening,4,2,3.0,1,2,93
202400023561,2024-04-14,Afternoon,3,1,1.0,1,1,79
202400023562,2024-11-18,Evening,4,3,2.0,3,1,92
202400023563,2024-09-05,Morning,4,2,3.0,1,2,93
202400023564,2024-12-20,Afternoon,4,1,3.0,1,1,93
202400023565,2024-12-20,Afternoon,4,1,3.0,1,1,93
202400023566,2024-09-05,Evening,4,1,3.0,1,2,93
202400023567,2024-09-05,Night,4,1,6.0,5,2,92
202400023568,2024-12-20,Afternoon,4,1,2.0,2,1,93
202400023569,2024-04-14,Afternoon,4,1,3.0,1,2,73
202400023570,2024-08-17,Night,4,1,6.0,5,2,92
202400023571,2024-04-14,Afternoon,3,1,6.0,1,1,73
202400023572,2024-12-20,Morning,4,1,4.0,1,1,93
202400023573,2024-04-13,Afternoon,4,1,3.0,1,2,73
202400023574,2024-09-05,Afternoon,4,1,3.0,1,2,92
202400023575,2024-12-20,Morning,4,1,7.0,2,1,95
202400023576,2024-04-14,Night,4,1,6.0,3,2,73
202400023577,2024-08-20,Night,4,1,2.0,5,2,13
202400023578,2024-09-05,Morning,4,2,3.0,1,2,92
202400023579,2024-08-07,Afternoon,4,1,3.0,1,2,13
202400023580,2024-04-14,Evening,4,1,3.0,5,2,73
202400023582,2024-04-14,Evening,4,1,6.0,5,2,73
202400023583,2024-09-05,Morning,4,8,4.0,1,1,80
202400023585,2024-09-01,Evening,3,1,7.0,1,1,17
202400023586,2024-04-13,Afternoon,3,1,3.0,1,1,70
202400023588,2024-09-06,Night,2,1,6.0,5,2,31
202400023591,2024-04-14,Evening,4,1,6.0,1,2,69
202400023592,2024-09-06,Afternoon,3,1,6.0,1,1,50
202400023594,2024-04-14,Afternoon,4,7,3.0,1,2,67
202400023596,2024-04-13,Afternoon,4,1,3.0,1,1,64
202400023597,2024-09-06,Night,4,1,7.0,3,1,83
202400023598,2024-04-13,Afternoon,4,1,7.0,1,2,64
202400023600,2024-08-27,Evening,3,1,3.0,1,1,51
202400023602,2024-01-26,Morning,4,2,3.0,1,1,67
202400023603,2024-04-14,Night,4,1,6.0,5,2,63
202400023604,2024-09-06,Night,3,1,6.0,4,2,76
202400023606,2024-04-14,Afternoon,4,1,1.0,1,2,63
202400023607,2024-01-27,Afternoon,3,1,3.0,1,1,42
202400023608,2024-09-04,Evening,3,1,1.0,1,1,33
202400023610,2024-04-13,Night,4,1,3.0,5,2,62
202400023611,2024-09-06,Evening,4,1,7.0,1,1,63
202400023612,2024-01-26,Evening,3,1,6.0,3,1,28
202400023613,2024-09-03,Morning,3,1,7.0,1,1,63
202400023614,2024-04-13,Afternoon,4,1,2.0,1,2,59
202400023616,2024-01-25,Afternoon,3,7,1.0,2,2,33
202400023617,2024-12-19,Evening,4,9,6.0,5,2,69
202400023618,2024-09-05,Afternoon,4,1,6.0,1,1,12
202400023619,2024-04-13,Afternoon,4,1,3.0,1,2,59
202400023620,2024-09-05,Morning,4,1,7.0,1,1,22
202400023621,2024-12-19,Afternoon,4,2,6.0,5,2,69
202400023622,2024-01-26,Night,4,1,1.0,3,1,32
202400023623,2024-04-14,Night,4,1,2.0,5,2,59
202400023624,2024-09-06,Morning,3,1,6.0,2,1,29
202400023625,2024-12-19,Afternoon,4,3,3.0,1,2,69
202400023626,2024-01-26,Afternoon,4,2,1.0,1,1,89
202400023627,2024-04-14,Afternoon,3,1,3.0,1,2,57
202400023628,2024-09-04,Evening,4,1,1.0,1,1,29
202400023629,2024-12-19,Morning,4,2,6.0,5,2,69
202400023630,2024-04-13,Afternoon,2,1,7.0,1,1,56
202400023631,2024-01-26,Evening,3,1,5.0,1,1,61
202400023632,2024-09-05,Morning,4,2,1.0,1,1,38
202400023633,2024-12-18,Afternoon,4,1,2.0,3,1,69
202400023634,2024-04-14,Afternoon,4,1,2.0,1,2,54
202400023635,2024-12-18,Night,3,1,6.0,5,2,69
202400023636,2024-09-05,Afternoon,3,1,2.0,1,2,03
202400023637,2024-04-13,Morning,3,1,6.0,1,2,47
202400023638,2024-01-26,Evening,4,1,3.0,5,2,55
202400023639,2024-12-19,Afternoon,4,1,3.0,1,2,2A
202400023640,2024-09-06,Morning,3,5,3.0,2,1,58
202400023641,2024-04-13,Evening,4,1,3.0,5,2,45
202400023642,2024-01-27,Evening,3,1,3.0,3,1,49
202400023643,2024-12-19,Morning,4,3,6.0,5,2,95
202400023644,2024-09-05,Evening,3,7,2.0,2,1,50
202400023645,2024-01-27,Afternoon,4,1,3.0,1,2,44
202400023646,2024-04-14,Afternoon,4,1,3.0,1,2,44
202400023647,2024-12-19,Afternoon,4,2,3.0,1,2,91
202400023648,2024-01-27,Evening,3,1,3.0,3,1,29
202400023649,2024-09-06,Afternoon,4,1,3.0,1,1,50
202400023650,2024-04-14,Evening,4,1,1.0,1,2,44
202400023651,2024-12-19,Afternoon,4,1,4.0,1,2,91
202400023652,2024-01-26,Evening,2,1,3.0,5,1,31
202400023653,2024-09-06,Afternoon,4,2,1.0,1,2,60
202400023654,2024-04-14,Afternoon,4,1,3.0,1,2,43
202400023655,2024-12-18,Evening,4,2,6.0,5,2,91
202400023656,2024-01-26,Afternoon,2,1,7.0,1,1,84
202400023657,2024-12-14,Afternoon,4,1,7.0,1,2,87
202400023658,2024-04-12,Afternoon,3,7,6.0,1,2,42
202400023659,2024-08-30,Afternoon,3,1,3.0,1,2,45
202400023660,2024-04-14,Evening,3,1,3.0,2,2,38