Num_Acc,date,time_of_day,max_severity,weather,collision_type,lighting,urban_area,department
202400023661,2024-09-06,Morning,4,1,6.0,1,1,07
202400023662,2024-01-26,Evening,4,2,7.0,3,1,03
202400023663,2024-12-19,Night,3,1,3.0,5,2,83
202400023664,2024-04-14,Night,4,1,6.0,5,2,38
202400023665,2024-04-14,Afternoon,3,1,7.0,1,2,35
202400023666,2024-01-26,Afternoon,3,3,1.0,1,1,70
202400023667,2024-09-06,Afternoon,3,1,3.0,1,1,21
202400023668,2024-12-19,Afternoon,4,8,3.0,5,2,83
202400023669,2024-04-13,Afternoon,3,7,6.0,1,2,34
202400023670,2024-01-27,Morning,4,8,6.0,2,2,70
202400023671,2024-09-05,Evening,3,2,6.0,1,1,85
202400023672,2024-04-14,Morning,3,1,6.0,1,2,31
202400023673,2024-12-19,Afternoon,3,1,3.0,1,2,82
202400023674,2024-04-14,Evening,4,1,7.0,1,2,30
202400023675,2024-06-04,Evening,3,1,1.0,1,1,27
202400023676,2024-12-19,Morning,2,1,6.0,1,2,81
202400023677,2024-01-26,Evening,4,1,5.0,2,2,58
202400023678,2024-12-19,Morning,3,2,3.0,1,2,77
202400023679,2024-04-13,Afternoon,4,1,6.0,1,2,27
202400023680,2024-08-29,Afternoon,4,8,3.0,1,2,27
202400023681,2024-12-18,Evening,4,2,3.0,5,2,77
202400023682,2024-01-27,Afternoon,4,1,3.0,1,1,14
202400023683,2024-04-13,Afternoon,4,1,2.0,1,2,27
202400023684,2024-09-05,Morning,3,2,7.0,4,1,27
202400023685,2024-12-19,Afternoon,3,5,3.0,5,2,77
202400023686,2024-04-14,Afternoon,4,1,1.0,1,2,26
202400023687,2024-12-19,Morning,4,2,3.0,5,2,77
202400023688,2024-01-27,Afternoon,4,1,1.0,1,1,64
202400023689,2024-04-14,Evening,4,1,3.0,1,2,25
202400023690,2024-09-05,Night,3,1,2.0,3,1,37
202400023691,2024-04-13,Morning,3,1,7.0,1,2,18
202400023692,2024-01-26,Night,3,5,6.0,3,1,64
202400023693,2024-12-18,Morning,4,1,3.0,1,2,76
202400023694,2024-01-27,Afternoon,3,1,7.0,1,1,10
202400023695,2024-09-05,Afternoon,4,1,1.0,1,2,68
202400023696,2024-04-14,Afternoon,4,1,4.0,1,1,17
202400023697,2024-04-14,Evening,4,1,2.0,1,2,14
202400023698,2024-01-26,Afternoon,3,1,3.0,1,2,07
202400023699,2024-12-19,Evening,4,2,6.0,5,2,73
202400023700,2024-09-06,Afternoon,3,1,3.0,1,1,06
202400023701,2024-09-06,Afternoon,2,1,6.0,1,1,68
202400023702,2024-12-19,Evening,4,2,1.0,5,2,69
202400023703,2024-04-12,Afternoon,4,1,2.0,1,2,13
202400023704,2024-01-27,Afternoon,4,1,3.0,1,2,07
202400023705,2024-04-13,Evening,3,1,6.0,1,2,13
202400023707,2024-12-19,Morning,4,1,6.0,1,2,69
202400023708,2024-01-19,Afternoon,4,1,3.0,1,2,17
202400023709,2024-04-13,Afternoon,3,1,3.0,1,1,13
202400023710,2024-09-06,Morning,3,1,2.0,1,1,45
202400023711,2024-12-19,Evening,4,2,3.0,3,1,69
202400023712,2024-01-25,Evening,3,1,3.0,3,1,87
202400023713,2024-04-14,Morning,4,1,7.0,2,1,07
202400023714,2024-09-06,Afternoon,3,1,3.0,1,1,45
202400023715,2024-01-26,Evening,3,1,6.0,3,1,26
202400023716,2024-12-19,Afternoon,4,2,6.0,1,2,69
202400023717,2024-04-12,Evening,3,1,2.0,2,2,06
202400023718,2024-09-05,Night,3,1,1.0,5,1,34
202400023719,2024-04-14,Morning,4,1,3.0,1,2,06
202400023720,2024-01-22,Evening,4,1,3.0,3,2,38
202400023721,2024-12-19,Morning,4,2,3.0,5,2,69
202400023722,2024-09-06,Morning,4,1,6.0,1,2,34
202400023723,2024-04-14,Morning,3,1,3.0,1,2,06
202400023724,2024-01-27,Night,4,5,6.0,3,1,40
202400023725,2024-12-19,Night,4,1,6.0,5,2,67
202400023726,2024-01-27,Afternoon,4,1,3.0,1,2,13
202400023727,2024-09-05,Afternoon,3,1,3.0,1,1,83
202400023728,2024-04-12,Morning,3,1,3.0,1,2,02
202400023729,2024-09-01,Afternoon,3,1,6.0,1,2,83
202400023730,2024-01-26,Evening,4,2,3.0,5,2,69
202400023731,2024-12-19,Morning,4,2,4.0,1,2,67
202400023732,2024-12-18,Evening,4,1,6.0,5,2,67
202400023733,2024-09-06,Afternoon,3,1,2.0,1,2,05
202400023734,2024-04-14,Afternoon,4,1,4.0,1,2,75
202400023735,2024-12-19,Night,2,1,6.0,5,2,66
202400023736,2024-01-26,Evening,2,1,4.0,2,1,63
202400023737,2024-09-02,Evening,4,1,3.0,2,1,13
202400023738,2024-04-12,Evening,4,1,2.0,2,2,75
202400023739,2024-01-26,Morning,3,1,2.0,1,1,34
202400023740,2024-09-02,Afternoon,3,1,7.0,1,1,32
202400023741,2024-04-14,Afternoon,4,1,3.0,1,2,75
202400023742,2024-01-26,Morning,3,3,7.0,1,1,28
202400023743,2024-12-18,Morning,3,1,3.0,1,2,66
202400023744,2024-04-14,Morning,3,1,6.0,2,2,75
202400023745,2024-08-25,Morning,3,1,3.0,1,1,19
202400023746,2024-12-19,Afternoon,4,1,2.0,1,2,64
202400023747,2024-01-27,Afternoon,4,1,2.0,1,1,11
202400023748,2024-04-14,Morning,4,1,3.0,1,2,75
202400023749,2024-04-14,Evening,4,1,6.0,1,2,75
202400023750,2024-09-04,Evening,4,1,3.0,5,2,85
202400023751,2024-12-14,Morning,3,2,3.0,2,1,62
202400023753,2024-04-14,Afternoon,4,1,6.0,1,2,75
202400023754,2024-12-19,Afternoon,4,1,6.0,5,2,62
202400023755,2024-09-04,Afternoon,3,1,3.0,1,1,27
202400023756,2024-01-26,Morning,3,2,6.0,1,2,77
202400023757,2024-12-19,Morning,4,3,6.0,1,2,62
202400023758,2024-04-14,Evening,4,1,3.0,1,2,75
202400023759,2024-09-04,Night,4,2,7.0,5,1,13
202400023760,2024-01-27,Morning,3,1,6.0,1,1,2B
202400023761,2024-12-12,Afternoon,2,1,6.0,1,2,61
202400023762,2024-04-14,Morning,4,1,3.0,1,2,75
202400023763,2024-01-27,Morning,2,7,3.0,1,2,13
202400023764,2024-09-05,Afternoon,4,1,7.0,1,1,13
202400023765,2024-12-19,Morning,4,2,3.0,2,2,61
202400023766,2024-04-14,Afternoon,4,1,6.0,1,2,75
202400023767,2024-01-26,Afternoon,4,1,1.0,1,1,13
202400023768,2024-12-16,Morning,4,1,6.0,2,1,60
202400023769,2024-09-05,Morning,4,1,4.0,1,1,13
202400023770,2024-04-13,Night,4,1,3.0,5,2,75
202400023771,2024-12-18,Morning,2,1,6.0,1,2,59
202400023772,2024-01-26,Afternoon,3,1,3.0,1,1,13
202400023773,2024-09-04,Morning,4,2,2.0,1,1,13
202400023774,2024-04-13,Afternoon,4,1,2.0,1,2,75
202400023775,2024-09-05,Evening,4,1,2.0,2,1,69
202400023776,2024-12-19,Night,4,1,1.0,5,2,59
202400023777,2024-01-27,Morning,4,5,7.0,3,1,03
202400023778,2024-04-14,Morning,4,1,3.0,1,1,75
202400023779,2024-11-25,Afternoon,4,2,3.0,1,2,59
202400023780,2024-09-05,Morning,4,1,4.0,1,1,67
202400023781,2024-04-14,Night,4,1,6.0,5,2,75
202400023782,2024-01-27,Morning,2,1,7.0,1,2,86
202400023783,2024-09-05,Morning,4,1,4.0,1,1,33
202400023784,2024-12-19,Night,4,8,3.0,5,2,56
202400023785,2024-01-26,Afternoon,3,1,3.0,1,2,72
202400023786,2024-04-13,Afternoon,4,1,6.0,1,2,75
202400023787,2024-09-02,Night,4,1,2.0,3,1,62
202400023788,2024-09-05,Evening,4,1,3.0,5,1,91
202400023789,2024-01-26,Afternoon,4,1,2.0,1,2,13
202400023790,2024-04-14,Night,4,1,2.0,5,2,75
202400023791,2024-09-05,Afternoon,4,2,3.0,1,1,91
202400023792,2024-01-19,Afternoon,2,1,2.0,1,1,69
202400023793,2024-04-13,Evening,4,1,6.0,1,2,75
202400023794,2024-01-26,Night,4,1,2.0,3,1,33
202400023795,2024-09-05,Morning,4,3,2.0,1,1,91
202400023796,2024-01-25,Evening,4,1,2.0,5,1,33
202400023797,2024-09-05,Morning,4,3,3.0,2,1,94
202400023798,2024-04-14,Evening,4,1,2.0,1,2,94
202400023799,2024-01-26,Afternoon,4,1,2.0,1,1,92
202400023800,2024-09-05,Morning,4,2,2.0,1,1,92
202400023801,2024-04-14,Afternoon,4,1,6.0,1,2,94
202400023802,2024-01-26,Morning,4,8,4.0,1,1,78
202400023803,2024-09-05,Night,4,3,2.0,3,1,78
202400023804,2024-04-14,Night,4,1,6.0,3,2,94
202400023805,2024-01-26,Morning,4,1,3.0,2,1,92
202400023806,2024-09-05,Afternoon,4,2,6.0,1,1,95
202400023807,2024-04-14,Afternoon,4,1,2.0,1,2,94
202400023808,2024-01-25,Afternoon,4,1,3.0,1,1,92
202400023809,2024-01-25,Afternoon,4,1,6.0,1,1,92
202400023810,2024-04-14,Evening,4,1,1.0,1,2,93
202400023811,2024-09-05,Morning,4,3,5.0,1,1,93
202400023812,2024-04-14,Evening,4,1,1.0,1,2,93
202400023813,2024-01-25,Evening,4,1,4.0,3,1,95
202400023814,2024-04-14,Afternoon,4,1,6.0,1,2,92
202400023815,2024-01-26,Afternoon,4,1,2.0,1,1,94
202400023816,2024-04-14,Afternoon,4,1,2.0,1,2,92
202400023817,2024-09-05,Morning,4,3,5.0,1,1,93
202400023818,2024-01-25,Evening,4,2,2.0,3,1,94
202400023819,2024-04-14,Night,4,1,6.0,5,2,92
202400023820,2024-04-14,Evening,4,1,6.0,3,1,51
202400023821,2024-09-05,Morning,4,3,2.0,1,1,93
202400023822,2024-01-25,Night,4,2,4.0,3,1,77
202400023823,2024-04-09,Evening,4,1,1.0,2,2,71
202400023825,2024-09-04,Morning,4,1,3.0,1,1,92
202400023827,2024-04-12,Evening,3,1,1.0,1,2,40
202400023829,2024-04-14,Evening,4,7,3.0,1,2,57
202400023830,2024-08-30,Morning,4,1,3.0,1,1,93
202400023832,2024-04-14,Afternoon,3,1,4.0,1,2,83
202400023833,2024-04-14,Afternoon,4,1,6.0,1,1,83
202400023834,2024-01-25,Evening,3,1,1.0,5,2,69
202400023835,2024-09-05,Morning,2,2,2.0,1,1,77
202400023836,2024-04-14,Morning,4,1,6.0,1,1,11
202400023837,2024-01-24,Afternoon,4,1,2.0,1,2,2B
202400023838,2024-04-11,Afternoon,4,1,3.0,1,1,57
202400023839,2024-09-05,Morning,4,2,5.0,1,1,94
202400023840,2024-01-25,Night,4,8,3.0,5,2,95
202400023841,2024-04-14,Afternoon,4,1,1.0,1,1,86
202400023842,2024-09-04,Morning,4,1,3.0,1,1,94
202400023843,2024-04-15,Night,4,1,6.0,3,1,71
202400023844,2024-01-25,Afternoon,4,8,1.0,1,2,95
202400023846,2024-01-24,Evening,3,8,6.0,3,1,91
202400023847,2024-04-15,Afternoon,3,7,3.0,1,1,54
202400023849,2024-01-24,Evening,4,2,2.0,5,2,91
202400023850,2024-04-15,Afternoon,4,8,3.0,1,1,41
202400023852,2024-01-25,Afternoon,4,1,2.0,1,2,91
202400023853,2024-04-14,Afternoon,4,1,7.0,1,2,57
202400023854,2024-04-14,Evening,3,1,3.0,1,1,51
202400023856,2024-01-25,Evening,4,1,3.0,5,2,89
202400023858,2024-01-23,Afternoon,4,1,1.0,1,1,87
202400023859,2024-04-15,Afternoon,3,2,1.0,1,1,80
202400023860,2024-09-04,Morning,4,1,3.0,1,1,2B
202400023861,2024-01-23,Afternoon,4,1,3.0,1,2,87
202400023862,2024-04-14,Morning,3,1,4.0,1,1,69
202400023863,2024-04-11,Afternoon,3,1,1.0,1,2,32
202400023864,2024-01-20,Afternoon,3,1,6.0,1,2,87
202400023865,2024-09-04,Morning,3,1,2.0,1,2,2A
202400023866,2024-04-13,Night,4,1,2.0,3,1,71
202400023867,2024-01-24,Night,3,1,2.0,5,2,83
202400023868,2024-04-15,Morning,4,7,5.0,1,1,49
202400023869,2024-09-03,Afternoon,4,3,6.0,1,1,87
202400023870,2024-01-25,Morning,4,2,2.0,5,2,82
202400023871,2024-04-14,Morning,4,1,7.0,1,1,46
202400023872,2024-01-24,Evening,4,1,7.0,5,2,82
202400023873,2024-04-14,Night,3,1,6.0,3,1,46
202400023874,2024-09-04,Afternoon,3,1,1.0,1,2,85
202400023875,2024-04-13,Morning,3,1,7.0,1,1,47
202400023876,2024-01-25,Afternoon,4,1,3.0,1,2,78
202400023877,2024-04-14,Afternoon,3,1,1.0,1,1,47
202400023878,2024-09-04,Evening,4,3,6.0,1,1,84
202400023879,2024-04-12,Morning,3,1,6.0,1,2,29
202400023880,2024-09-04,Afternoon,4,3,6.0,1,2,84
202400023881,2024-04-15,Night,3,1,3.0,2,1,68
202400023882,2024-04-14,Evening,4,2,7.0,1,1,22
202400023883,2024-09-04,Morning,4,1,3.0,1,2,30
202400023884,2024-04-13,Evening,3,1,3.0,2,1,44
202400023885,2024-04-11,Afternoon,3,1,1.0,1,1,44
202400023886,2024-09-04,Morning,4,1,3.0,1,2,80
202400023887,2024-07-29,Afternoon,4,1,6.0,1,1,21
202400023888,2024-04-15,Afternoon,2,1,6.0,1,2,44
202400023889,2024-09-04,Afternoon,3,1,2.0,1,2,78
202400023890,2024-07-30,Morning,4,1,6.0,1,1,01
202400023891,2024-04-14,Night,3,1,2.0,3,1,35
202400023892,2024-01-25,Morning,3,1,6.0,1,2,77
202400023893,2024-08-29,Afternoon,4,1,6.0,1,1,78
202400023894,2024-04-14,Afternoon,4,1,6.0,1,2,29
202400023895,2024-09-05,Night,4,1,6.0,5,2,77
202400023896,2024-07-29,Afternoon,4,1,1.0,1,2,42
202400023897,2024-01-25,Evening,4,2,1.0,5,2,77
202400023898,2024-09-04,Night,4,2,7.0,5,2,74
202400023899,2024-07-30,Night,2,1,7.0,3,1,30
202400023900,2024-04-14,Afternoon,3,1,3.0,1,2,31
202400023901,2024-01-25,Morning,4,8,6.0,1,2,77
202400023902,2024-04-14,Afternoon,3,1,7.0,2,1,31
202400023903,2024-09-04,Morning,4,7,6.0,1,2,72
202400023904,2024-07-26,Afternoon,3,1,1.0,1,2,62
202400023905,2024-04-14,Afternoon,3,1,7.0,1,1,02
202400023906,2024-01-24,Evening,4,1,6.0,2,2,76
202400023907,2024-09-03,Morning,4,1,6.0,1,2,72
202400023908,2024-04-15,Morning,4,1,1.0,1,1,02
202400023909,2024-09-02,Evening,4,1,2.0,1,1,72
202400023910,2024-01-24,Evening,4,2,3.0,5,2,72
202400023911,2024-04-12,Afternoon,4,1,7.0,1,1,84
202400023912,2024-04-12,Afternoon,3,1,6.0,1,1,15
202400023913,2024-07-30,Afternoon,3,1,1.0,1,1,41
202400023914,2024-01-24,Afternoon,4,2,3.0,1,2,72
202400023915,2024-04-13,Evening,3,1,6.0,1,1,15
202400023916,2024-09-04,Afternoon,4,8,3.0,1,2,71
202400023917,2024-07-30,Afternoon,4,1,3.0,1,1,65
202400023918,2024-01-24,Afternoon,4,1,6.0,1,2,71
202400023919,2024-04-14,Evening,3,1,7.0,3,1,26
202400023920,2024-09-04,Evening,4,2,3.0,5,2,69
202400023921,2024-04-13,Evening,4,1,3.0,1,1,26
202400023922,2024-01-24,Morning,4,1,2.0,2,2,71
202400023923,2024-07-29,Afternoon,3,1,4.0,1,1,71
202400023924,2024-09-03,Evening,3,1,6.0,5,2,67
202400023925,2024-04-14,Afternoon,4,1,1.0,1,1,26
202400023926,2024-07-30,Morning,4,1,7.0,1,1,71
202400023927,2024-01-24,Afternoon,4,1,3.0,1,2,69
202400023928,2024-04-13,Afternoon,3,1,7.0,1,2,14
202400023929,2024-09-04,Afternoon,4,1,2.0,1,2,64
202400023930,2024-01-05,Morning,4,1,1.0,1,2,68
202400023931,2024-04-15,Morning,3,1,1.0,1,1,07
202400023932,2024-09-04,Morning,4,3,6.0,1,2,64
202400023933,2024-04-14,Night,3,1,7.0,3,1,40
202400023934,2024-07-30,Afternoon,4,7,3.0,1,2,55
202400023935,2024-01-05,Afternoon,4,1,2.0,1,2,68
202400023936,2024-04-14,Evening,3,1,6.0,1,1,28
202400023937,2024-09-03,Afternoon,4,2,3.0,1,2,64
202400023938,2024-07-28,Evening,4,1,6.0,1,1,42
202400023939,2024-01-25,Evening,4,8,3.0,5,2,67
202400023940,2024-04-15,Afternoon,4,1,7.0,1,1,87
202400023941,2024-09-02,Afternoon,4,1,1.0,1,2,64
202400023942,2024-07-29,Afternoon,4,1,6.0,1,1,86
202400023943,2024-04-15,Afternoon,2,1,1.0,1,1,87
202400023944,2024-01-25,Evening,4,1,3.0,2,2,67
202400023945,2024-04-15,Afternoon,4,1,6.0,1,2,48
202400023946,2024-09-03,Morning,4,2,2.0,1,2,64
202400023947,2024-01-25,Morning,4,2,3.0,1,2,67
202400023948,2024-07-30,Morning,3,1,3.0,1,1,86
202400023949,2024-08-30,Afternoon,3,1,6.0,1,2,60
202400023950,2024-04-09,Morning,4,1,3.0,2,1,10
202400023951,2024-01-25,Afternoon,4,1,6.0,1,2,66
202400023952,2024-05-11,Morning,3,1,1.0,1,1,34
202400023953,2024-09-04,Afternoon,2,1,6.0,1,2,59
202400023954,2024-09-04,Afternoon,4,1,6.0,1,2,57
202400023955,2024-01-25,Afternoon,4,1,3.0,1,2,66
202400023956,2024-04-15,Morning,4,1,2.0,3,1,44
202400023957,2024-09-04,Morning,4,1,3.0,1,2,56
202400023958,2024-07-29,Afternoon,4,1,1.0,1,1,34
202400023960,2024-01-24,Evening,3,1,5.0,5,2,66
202400023961,2024-07-29,Night,4,1,6.0,4,2,68
202400023962,2024-09-04,Evening,4,1,6.0,1,2,54
202400023963,2024-07-30,Night,3,1,6.0,3,1,25
202400023964,2024-09-03,Evening,3,2,3.0,1,2,51
202400023965,2024-04-14,Evening,4,1,4.0,1,1,38
202400023966,2024-07-30,Evening,3,1,6.0,1,2,25
202400023967,2024-04-14,Night,3,1,6.0,3,1,38
202400023968,2024-01-25,Afternoon,4,1,4.0,1,2,64
202400023969,2024-09-03,Morning,4,1,3.0,1,2,51
202400023970,2024-01-25,Night,4,1,7.0,5,2,64
202400023972,2024-09-03,Afternoon,4,1,3.0,1,2,50
202400023973,2024-07-29,Evening,3,1,3.0,1,1,29
202400023974,2024-07-28,Afternoon,4,1,7.0,1,1,29
202400023975,2024-01-24,Morning,3,1,3.0,5,2,64
202400023976,2024-09-03,Evening,4,1,3.0,1,1,49
202400023978,2024-09-03,Morning,4,1,6.0,1,2,49
202400023979,2024-01-25,Evening,4,2,3.0,5,2,62
202400023980,2024-04-14,Afternoon,3,1,7.0,1,1,77
202400023981,2024-09-04,Morning,4,1,2.0,1,2,45
202400023982,2024-07-30,Evening,4,1,3.0,1,1,03
202400023983,2024-01-24,Evening,4,1,3.0,5,2,62
202400023984,2024-04-14,Afternoon,4,1,5.0,1,1,91
202400023985,2024-07-29,Morning,3,1,6.0,1,1,15
202400023986,2024-08-26,Evening,4,1,3.0,1,2,42
202400023987,2024-01-25,Morning,4,8,6.0,1,2,59
202400023988,2024-01-24,Evening,4,1,6.0,5,2,59
202400023989,2024-09-04,Evening,4,8,6.0,2,2,35
202400023990,2024-04-14,Night,3,1,3.0,5,2,83
202400023991,2024-07-26,Morning,4,1,2.0,1,1,70
202400023992,2024-01-24,Afternoon,4,1,6.0,2,2,59
202400023993,2024-09-04,Afternoon,3,1,6.0,1,2,35
202400023994,2024-01-23,Morning,4,1,6.0,1,2,59
202400023995,2024-07-29,Evening,4,1,7.0,2,1,54
202400023996,2024-04-14,Evening,3,1,3.0,1,2,71
202400023997,2024-01-24,Evening,4,1,3.0,5,2,56
202400023998,2024-04-13,Evening,4,1,1.0,1,1,73
202400023999,2024-09-04,Evening,4,2,3.0,5,2,13
202400024000,2024-01-24,Afternoon,4,1,6.0,2,2,54
202400024001,2024-04-14,Morning,4,7,3.0,1,2,42
202400024002,2024-07-28,Afternoon,4,1,4.0,1,2,06
202400024003,2024-09-04,Afternoon,3,3,6.0,1,2,13
202400024004,2024-01-24,Evening,4,2,3.0,5,2,54
202400024005,2024-04-14,Afternoon,4,1,1.0,1,1,07
202400024006,2024-07-29,Afternoon,3,1,7.0,1,1,14
202400024007,2024-09-01,Morning,4,1,3.0,1,2,13
202400024008,2024-01-25,Evening,4,2,6.0,5,2,51
202400024009,2024-07-28,Morning,3,1,7.0,1,2,05
202400024010,2024-04-15,Afternoon,4,1,1.0,1,1,87
202400024011,2024-09-03,Evening,4,1,5.0,1,2,11
202400024012,2024-01-24,Afternoon,3,1,3.0,1,2,49
202400024013,2024-07-23,Afternoon,4,1,6.0,1,1,64
202400024014,2024-04-04,Afternoon,4,1,3.0,1,1,17
202400024015,2024-09-03,Afternoon,4,8,1.0,1,2,10
202400024016,2024-07-29,Night,4,1,1.0,3,1,64
202400024017,2024-01-25,Afternoon,3,1,3.0,1,2,47
202400024018,2024-04-14,Morning,4,1,7.0,1,2,85
202400024019,2024-09-03,Morning,4,1,6.0,1,2,10
202400024020,2024-01-25,Evening,4,1,3.0,5,2,47
202400024021,2024-04-14,Evening,3,1,3.0,1,1,35
202400024022,2024-09-04,Afternoon,4,2,3.0,1,1,05
202400024023,2024-01-25,Morning,4,1,1.0,1,2,47
202400024024,2024-07-30,Afternoon,3,7,6.0,1,1,07
202400024025,2024-04-14,Afternoon,3,1,3.0,1,1,76
202400024026,2024-09-04,Morning,4,1,3.0,1,2,75
202400024027,2024-01-25,Afternoon,4,1,3.0,1,2,45
202400024028,2024-04-13,Afternoon,3,1,6.0,1,1,59
202400024029,2024-07-29,Morning,4,1,3.0,1,1,04
202400024030,2024-09-03,Afternoon,2,1,6.0,1,2,75
202400024031,2024-01-24,Morning,4,1,2.0,1,2,38
202400024032,2024-04-14,Morning,4,1,2.0,1,1,13
202400024033,2024-07-30,Evening,3,7,1.0,1,1,85
202400024034,2024-01-25,Afternoon,3,1,6.0,1,2,35
202400024035,2024-09-04,Morning,4,1,6.0,1,2,75
202400024036,2024-07-29,Evening,4,1,4.0,1,1,85
202400024037,2024-04-14,Night,4,1,2.0,3,1,13
202400024038,2024-01-25,Afternoon,4,1,6.0,1,1,35
202400024039,2024-09-03,Afternoon,4,1,6.0,1,2,75
202400024040,2024-01-25,Morning,4,8,7.0,3,1,35
202400024041,2024-01-25,Morning,4,1,6.0,1,2,34
202400024042,2024-09-04,Evening,4,1,6.0,1,2,75
202400024043,2024-07-29,Morning,4,1,4.0,2,1,27
202400024044,2024-04-12,Afternoon,4,1,5.0,1,1,13
202400024045,2024-09-04,Morning,4,1,7.0,1,2,75
202400024046,2024-07-29,Night,3,1,1.0,3,1,28
202400024047,2024-01-20,Evening,3,1,2.0,5,2,33
202400024048,2024-04-13,Night,4,1,2.0,3,1,69
202400024049,2024-09-02,Evening,4,1,3.0,5,2,75
202400024050,2024-07-14,Night,4,1,1.0,4,1,28
202400024051,2024-04-13,Afternoon,4,1,2.0,1,1,67
202400024052,2024-09-02,Morning,4,1,3.0,1,2,75
202400024053,2024-04-14,Evening,4,1,7.0,3,1,91
202400024054,2024-07-29,Afternoon,3,1,6.0,1,1,48
202400024055,2024-01-22,Evening,4,1,7.0,5,2,30
202400024056,2024-04-14,Afternoon,4,1,6.0,1,1,93
202400024057,2024-09-04,Afternoon,4,1,6.0,1,2,75
202400024058,2024-04-14,Afternoon,4,1,6.0,1,1,95
202400024059,2024-01-25,Morning,4,2,3.0,2,2,29
202400024060,2024-07-30,Morning,4,1,2.0,1,1,13
202400024061,2024-09-04,Afternoon,4,1,6.0,1,2,75
202400024062,2024-01-25,Morning,4,2,1.0,2,2,29
202400024063,2024-04-14,Morning,4,1,5.0,1,1,95
202400024064,2024-09-04,Evening,4,1,1.0,1,2,75
202400024065,2024-04-14,Night,4,1,6.0,3,1,93
202400024066,2024-01-24,Morning,4,1,1.0,1,2,29
202400024067,2024-09-04,Morning,4,1,6.0,1,2,75
202400024068,2024-04-13,Afternoon,4,1,3.0,1,1,93
202400024069,2024-09-04,Morning,4,1,3.0,1,2,75
202400024070,2024-04-14,Night,4,1,2.0,5,1,94
202400024071,2024-09-04,Morning,4,1,7.0,1,2,75
202400024072,2024-01-20,Afternoon,3,9,6.0,1,2,19
202400024073,2024-01-17,Night,2,2,6.0,5,2,19
202400024074,2024-09-04,Morning,4,1,1.0,2,2,75
202400024075,2024-04-13,Afternoon,4,1,3.0,1,1,77
202400024076,2024-01-17,Afternoon,4,2,3.0,1,2,19
202400024077,2024-07-30,Morning,3,1,2.0,1,1,45
202400024078,2024-09-04,Morning,4,1,3.0,1,2,94
202400024079,2024-04-12,Afternoon,3,1,2.0,1,1,94
202400024080,2024-07-29,Night,4,1,6.0,3,1,38
202400024081,2024-09-04,Afternoon,4,1,2.0,1,2,94
202400024083,2024-01-25,Morning,4,1,3.0,1,2,13
202400024084,2024-09-02,Afternoon,3,1,2.0,1,2,94
202400024085,2024-04-13,Evening,4,1,2.0,1,2,69
202400024086,2024-07-27,Afternoon,4,1,3.0,1,1,13
202400024087,2024-04-13,Night,3,1,1.0,5,2,69
202400024088,2024-07-29,Evening,4,1,7.0,1,1,45
202400024089,2024-09-04,Evening,4,1,3.0,5,2,94
202400024090,2024-01-25,Morning,4,1,2.0,1,2,13
202400024091,2024-09-03,Evening,4,8,6.0,1,2,94
202400024092,2024-07-28,Evening,4,1,6.0,1,2,33
202400024093,2024-04-12,Afternoon,4,1,3.0,1,2,69
202400024094,2024-09-04,Evening,4,8,6.0,1,2,93
202400024095,2024-04-13,Afternoon,3,1,6.0,1,1,2B
202400024096,2024-01-25,Afternoon,3,1,3.0,1,2,12
202400024098,2024-09-04,Afternoon,4,1,6.0,1,2,92
202400024099,2024-04-12,Evening,3,1,3.0,1,2,2B
202400024100,2024-07-30,Morning,4,1,1.0,1,1,45
202400024101,2024-01-24,Morning,4,1,3.0,1,2,11
202400024102,2024-09-04,Morning,4,1,5.0,1,2,92
202400024103,2024-01-25,Morning,4,1,6.0,1,2,06
202400024104,2024-07-30,Afternoon,4,1,1.0,1,2,77
202400024105,2024-09-04,Afternoon,4,1,3.0,1,2,92
202400024106,2024-07-29,Afternoon,3,1,7.0,1,1,34
202400024107,2024-01-16,Afternoon,4,1,2.0,1,2,04
202400024108,2024-01-25,Afternoon,3,1,3.0,1,2,03
202400024109,2024-09-03,Evening,4,8,4.0,2,2,92
202400024110,2024-07-30,Afternoon,3,1,6.0,1,2,34
202400024111,2024-01-25,Afternoon,4,1,6.0,5,2,01
202400024112,2024-09-02,Evening,4,1,1.0,1,2,92
202400024113,2024-01-24,Afternoon,4,1,3.0,2,2,75
202400024114,2024-07-29,Afternoon,4,1,5.0,1,1,83
202400024115,2024-09-04,Afternoon,4,1,3.0,1,2,92
202400024116,2024-01-24,Evening,4,1,1.0,5,2,75
202400024117,2024-07-20,Evening,4,1,1.0,1,2,13
202400024118,2024-07-29,Night,3,1,6.0,5,2,21
202400024119,2024-01-25,Morning,3,1,6.0,1,2,75
202400024120,2024-09-05,Evening,3,1,6.0,2,2,22
202400024121,2024-01-24,Night,3,1,6.0,3,2,75
202400024122,2024-07-29,Evening,4,1,3.0,3,1,68
202400024123,2024-09-04,Afternoon,3,1,1.0,1,1,68
202400024124,2024-01-25,Morning,4,2,6.0,1,2,75
202400024125,2024-07-29,Afternoon,4,1,7.0,1,1,55
202400024126,2024-09-04,Afternoon,3,1,6.0,1,1,41
202400024127,2024-07-30,Morning,3,1,6.0,1,2,81