Num_Acc,date,time_of_day,max_severity,weather,collision_type,lighting,urban_area,department
202400025090,2024-02-03,Morning,3,1,3.0,1,2,13
202400025091,2024-11-14,Morning,4,1,3.0,1,2,75
202400025093,2024-11-14,Morning,4,1,2.0,1,2,75
202400025095,2024-11-13,Evening,4,1,6.0,5,2,94
202400025096,2024-11-14,Afternoon,4,1,6.0,1,2,94
202400025097,2024-06-25,Evening,4,1,3.0,1,2,69
202400025099,2024-11-14,Morning,4,1,3.0,5,2,94
202400025101,2024-11-14,Morning,4,1,6.0,1,2,94
202400025103,2024-11-14,Afternoon,4,1,6.0,1,2,94
202400025105,2024-11-13,Night,4,1,3.0,5,2,94
202400025106,2024-11-14,Evening,4,1,3.0,1,2,93
202400025107,2024-06-25,Morning,4,1,3.0,1,2,2A
202400025108,2024-11-12,Evening,4,8,3.0,5,2,93
202400025109,2024-11-14,Evening,3,1,3.0,5,2,93
202400025110,2024-11-13,Afternoon,4,1,6.0,1,2,93
202400025111,2024-11-14,Morning,4,1,3.0,1,2,93
202400025112,2024-11-14,Afternoon,4,1,6.0,5,2,92
202400025113,2024-11-12,Morning,4,2,3.0,1,2,92
202400025114,2024-10-07,Evening,4,3,6.0,5,2,92
202400025115,2024-11-14,Morning,4,1,2.0,1,2,92
202400025116,2024-11-14,Morning,4,1,6.0,1,2,92
202400025117,2024-11-13,Afternoon,4,1,6.0,2,2,92
202400025118,2024-11-15,Afternoon,2,1,6.0,2,1,86
202400025119,2024-11-15,Night,4,1,3.0,4,1,01
202400025120,2024-11-14,Afternoon,4,1,2.0,1,1,33
202400025122,2024-11-12,Afternoon,3,1,6.0,1,1,38
202400025123,2024-11-08,Morning,3,1,3.0,1,2,83
202400025124,2024-11-14,Morning,3,1,3.0,1,1,83
202400025125,2024-03-07,Evening,3,1,7.0,5,1,18
202400025126,2024-11-14,Evening,3,1,6.0,5,2,62
202400025127,2024-11-14,Night,3,5,7.0,3,1,51
202400025128,2024-11-06,Afternoon,4,1,2.0,1,1,56
202400025129,2024-03-06,Evening,4,1,3.0,5,2,18
202400025130,2024-11-15,Night,2,8,6.0,5,2,76
202400025131,2024-11-14,Evening,3,2,6.0,5,2,76
202400025132,2024-03-06,Afternoon,4,1,1.0,1,2,17
202400025133,2024-11-05,Afternoon,4,1,1.0,1,2,80
202400025134,2024-11-15,Morning,4,1,3.0,1,2,11
202400025135,2024-11-15,Afternoon,3,7,6.0,1,2,63
202400025136,2024-11-15,Night,3,1,6.0,3,1,63
202400025137,2024-03-07,Afternoon,4,1,4.0,1,2,14
202400025138,2024-03-07,Afternoon,4,1,3.0,1,2,13
202400025139,2024-11-14,Morning,3,1,1.0,1,2,41
202400025140,2024-11-11,Night,2,1,7.0,5,2,34
202400025141,2024-03-07,Afternoon,4,1,3.0,1,2,13
202400025142,2024-11-09,Afternoon,3,1,3.0,1,2,38
202400025143,2024-11-14,Morning,3,2,3.0,5,2,02
202400025144,2024-03-07,Morning,3,1,1.0,1,2,13
202400025145,2024-03-06,Afternoon,3,1,3.0,1,2,13
202400025146,2024-11-14,Morning,4,1,3.0,2,2,01
202400025147,2024-03-07,Afternoon,3,1,2.0,1,1,12
202400025148,2024-11-15,Morning,2,1,2.0,1,1,09
202400025149,2024-03-06,Morning,4,1,6.0,1,2,10
202400025150,2024-11-14,Afternoon,4,1,5.0,2,1,45
202400025151,2024-03-06,Afternoon,4,2,5.0,5,2,75
202400025152,2024-03-07,Morning,4,1,6.0,3,2,75
202400025153,2024-11-14,Afternoon,4,1,3.0,1,1,36
202400025154,2024-03-07,Morning,4,1,7.0,1,2,75
202400025155,2024-11-15,Afternoon,3,1,7.0,1,1,36
202400025156,2024-03-07,Afternoon,4,1,3.0,1,2,75
202400025157,2024-11-14,Afternoon,4,1,5.0,1,1,07
202400025158,2024-03-07,Morning,4,1,3.0,1,2,75
202400025159,2024-11-14,Evening,3,1,3.0,2,1,40
202400025160,2024-03-07,Morning,4,1,2.0,1,2,75
202400025161,2024-11-15,Afternoon,3,1,1.0,1,2,40
202400025162,2024-03-07,Morning,4,1,3.0,1,2,75
202400025163,2024-11-13,Evening,3,1,2.0,3,1,17
202400025164,2024-03-07,Morning,4,1,6.0,1,2,75
202400025165,2024-11-15,Morning,3,1,7.0,2,1,87
202400025166,2024-11-14,Night,4,1,7.0,3,1,68
202400025167,2024-03-07,Morning,4,1,3.0,1,2,75
202400025168,2024-11-15,Morning,2,7,6.0,1,2,13
202400025169,2024-03-07,Afternoon,4,1,2.0,1,2,75
202400025170,2024-11-15,Morning,3,1,2.0,1,1,64
202400025171,2024-11-15,Afternoon,3,1,6.0,1,2,31
202400025172,2024-03-07,Morning,4,1,3.0,1,2,75
202400025173,2024-03-04,Afternoon,4,1,3.0,1,2,75
202400025174,2024-11-13,Evening,3,1,6.0,5,1,62
202400025175,2024-03-06,Evening,3,1,6.0,5,2,75
202400025177,2024-11-15,Morning,3,1,6.0,2,2,29
202400025178,2024-03-07,Night,4,1,3.0,5,2,75
202400025179,2024-11-13,Afternoon,3,1,1.0,2,1,78
202400025180,2024-03-07,Evening,4,1,6.0,2,2,75
202400025181,2024-11-15,Afternoon,4,1,3.0,1,2,84
202400025182,2024-03-06,Evening,4,1,3.0,5,2,75
202400025183,2024-11-14,Morning,4,1,2.0,3,1,83
202400025184,2024-03-07,Afternoon,4,1,3.0,1,2,75
202400025185,2024-03-07,Morning,4,1,7.0,1,2,75
202400025186,2024-11-15,Morning,4,1,3.0,1,2,68
202400025187,2024-11-14,Afternoon,3,2,1.0,3,1,67
202400025188,2024-03-05,Evening,4,8,2.0,5,2,94
202400025189,2024-11-14,Morning,3,1,6.0,1,1,57
202400025190,2024-11-11,Afternoon,2,2,6.0,1,1,57
202400025191,2024-03-07,Afternoon,4,1,4.0,1,2,94
202400025192,2024-11-14,Afternoon,4,1,1.0,1,2,17
202400025193,2024-03-07,Afternoon,3,1,6.0,1,2,94
202400025194,2024-11-10,Evening,4,1,2.0,3,1,13
202400025195,2024-03-05,Night,4,2,4.0,5,2,94
202400025196,2024-11-14,Morning,4,1,3.0,1,1,33
202400025197,2024-03-05,Morning,3,8,1.0,1,2,94
202400025198,2024-11-08,Evening,3,1,2.0,3,1,62
202400025199,2024-03-07,Night,4,1,3.0,5,2,94
202400025200,2024-11-14,Evening,4,1,5.0,5,1,94
202400025201,2024-11-13,Night,4,1,7.0,5,1,93
202400025202,2024-03-07,Afternoon,4,1,2.0,1,2,94
202400025203,2024-11-13,Morning,4,1,2.0,1,1,93
202400025204,2024-11-12,Afternoon,4,1,4.0,1,1,95
202400025205,2024-03-06,Afternoon,4,1,3.0,1,2,94
202400025206,2024-11-14,Evening,4,1,2.0,3,1,94
202400025207,2024-03-07,Afternoon,4,1,3.0,1,2,93
202400025208,2024-03-06,Evening,4,1,6.0,5,2,93
202400025209,2024-11-14,Afternoon,4,1,4.0,1,1,94
202400025210,2024-11-14,Morning,4,1,5.0,1,1,94
202400025211,2024-03-07,Evening,4,1,1.0,5,2,93
202400025212,2024-11-13,Afternoon,4,1,2.0,2,1,94
202400025213,2024-11-13,Afternoon,3,1,2.0,3,1,94
202400025214,2024-03-07,Afternoon,4,7,3.0,1,2,92
202400025215,2024-11-13,Afternoon,4,1,2.0,3,1,77
202400025217,2024-03-07,Afternoon,4,1,3.0,1,2,92
202400025219,2024-03-07,Evening,4,1,3.0,5,2,92
202400025220,2024-03-07,Morning,4,1,2.0,1,2,92
202400025221,2024-03-07,Afternoon,4,1,3.0,1,2,92
202400025222,2024-03-07,Evening,4,1,3.0,5,2,92
202400025223,2024-03-07,Afternoon,4,1,6.0,1,2,92
202400025224,2024-03-07,Evening,4,1,3.0,2,2,92
202400025225,2024-03-07,Evening,4,1,1.0,5,2,92
202400025226,2024-03-07,Morning,4,1,3.0,1,2,92
202400025227,2024-03-07,Morning,4,1,5.0,1,2,92
202400025228,2024-03-07,Night,4,1,6.0,5,2,92
202400025229,2024-03-08,Morning,2,1,1.0,2,1,2A
202400025230,2024-03-07,Evening,4,1,1.0,5,2,22
202400025231,2024-03-08,Afternoon,4,1,3.0,1,2,10
202400025233,2024-03-08,Night,2,1,2.0,4,1,55
202400025234,2024-03-07,Morning,4,1,3.0,1,1,01
202400025235,2024-03-07,Evening,3,1,6.0,3,1,86
202400025236,2024-03-07,Afternoon,4,1,6.0,1,2,60
202400025237,2024-02-18,Evening,4,2,3.0,3,1,71
202400025238,2024-03-05,Afternoon,3,1,3.0,1,2,38
202400025239,2024-03-07,Night,3,1,1.0,3,2,80
202400025240,2024-02-29,Afternoon,3,1,7.0,1,1,49
202400025241,2024-03-07,Morning,3,1,7.0,1,1,12
202400025242,2024-03-08,Morning,4,1,3.0,1,1,39
202400025243,2024-03-07,Afternoon,3,1,3.0,1,1,29
202400025244,2024-03-08,Afternoon,3,1,2.0,1,1,02
202400025245,2024-03-07,Evening,2,1,6.0,3,1,02
202400025246,2024-12-19,Afternoon,4,2,4.0,1,1,56
202400025247,2024-03-06,Evening,3,7,6.0,2,1,15
202400025248,2024-12-15,Afternoon,4,2,3.0,5,2,54
202400025249,2024-03-06,Afternoon,3,1,4.0,2,1,26
202400025250,2024-12-19,Night,4,3,6.0,5,2,54
202400025251,2024-03-08,Morning,3,2,6.0,1,2,66
202400025252,2024-12-19,Morning,4,2,6.0,5,2,54
202400025253,2024-12-19,Evening,4,2,6.0,5,2,54
202400025254,2024-03-08,Afternoon,4,1,3.0,1,1,50
202400025255,2024-12-10,Afternoon,3,1,6.0,1,2,52
202400025256,2024-03-07,Afternoon,4,8,5.0,1,1,90
202400025257,2024-12-19,Afternoon,4,1,6.0,1,2,50
202400025258,2024-12-18,Morning,4,2,6.0,3,1,50
202400025259,2024-12-18,Evening,4,2,3.0,5,2,49
202400025260,2024-03-07,Evening,3,1,1.0,3,1,24
202400025261,2024-12-18,Afternoon,4,2,3.0,1,2,49
202400025262,2024-03-08,Night,4,1,6.0,3,1,04
202400025263,2024-12-19,Evening,4,1,6.0,5,2,45
202400025264,2024-12-19,Morning,4,1,3.0,1,2,43
202400025265,2024-03-07,Morning,4,1,1.0,1,1,04
202400025266,2024-12-19,Morning,4,1,3.0,1,2,43
202400025267,2024-12-18,Evening,4,1,3.0,5,2,43
202400025268,2024-03-08,Afternoon,4,2,5.0,1,1,30
202400025269,2024-12-19,Morning,4,2,6.0,1,2,38
202400025270,2024-03-08,Afternoon,3,1,6.0,1,2,52
202400025271,2024-12-19,Morning,3,1,3.0,1,2,37
202400025272,2024-02-29,Morning,4,2,1.0,1,2,08
202400025273,2024-12-18,Afternoon,4,2,3.0,5,2,37
202400025274,2024-03-05,Evening,3,9,7.0,3,1,67
202400025275,2024-12-18,Morning,3,8,3.0,1,2,36
202400025276,2024-03-06,Afternoon,4,1,3.0,1,2,13
202400025277,2024-12-20,Night,4,2,6.0,3,2,33
202400025278,2024-03-08,Morning,4,1,6.0,1,1,06
202400025279,2024-12-19,Evening,4,2,3.0,5,2,33
202400025280,2024-03-07,Morning,3,1,6.0,1,1,11
202400025281,2024-12-19,Afternoon,3,2,3.0,2,2,33
202400025283,2024-12-18,Afternoon,3,1,3.0,1,2,33
202400025284,2024-03-07,Afternoon,4,1,6.0,1,1,28
202400025285,2024-12-19,Afternoon,4,2,2.0,1,2,33
202400025286,2024-03-06,Evening,4,2,5.0,2,1,77
202400025287,2024-12-19,Morning,4,1,3.0,5,2,33
202400025288,2024-03-08,Night,3,1,2.0,4,1,77
202400025289,2024-12-18,Afternoon,4,1,6.0,1,2,33
202400025290,2024-01-05,Night,3,1,6.0,3,1,30
202400025291,2024-03-08,Night,3,1,3.0,5,2,83
202400025292,2024-12-19,Afternoon,4,2,3.0,1,2,31
202400025293,2024-12-19,Afternoon,4,1,3.0,1,2,29
202400025294,2024-03-08,Morning,4,7,1.0,1,2,08
202400025295,2024-12-18,Evening,4,8,6.0,5,2,29
202400025296,2024-03-08,Afternoon,3,1,3.0,1,2,54
202400025297,2024-12-18,Evening,3,2,3.0,5,2,29
202400025298,2024-12-18,Afternoon,4,1,3.0,1,2,29
202400025299,2024-03-08,Night,3,1,1.0,4,2,54
202400025300,2024-12-16,Afternoon,4,1,6.0,1,2,29
202400025301,2024-03-07,Afternoon,4,1,2.0,1,1,42
202400025302,2024-03-07,Evening,4,1,3.0,3,1,38
202400025303,2024-12-19,Morning,4,2,5.0,1,1,27
202400025304,2024-03-08,Afternoon,4,1,6.0,1,1,81
202400025305,2024-12-19,Morning,4,1,3.0,1,2,25
202400025306,2024-12-19,Morning,4,2,6.0,5,2,25
202400025307,2024-03-07,Afternoon,4,1,1.0,1,1,19
202400025308,2024-12-19,Morning,4,3,6.0,1,2,17
202400025309,2024-03-07,Afternoon,4,1,6.0,1,2,35
202400025310,2024-12-19,Afternoon,4,1,1.0,1,1,17
202400025311,2024-03-07,Afternoon,4,1,4.0,1,2,60
202400025312,2024-12-12,Evening,3,1,6.0,5,2,14
202400025313,2024-03-07,Afternoon,3,1,1.0,1,2,60
202400025314,2024-12-18,Evening,3,1,3.0,5,2,13
202400025315,2024-12-18,Morning,4,1,6.0,2,2,13
202400025316,2024-03-08,Afternoon,4,1,1.0,1,2,60
202400025317,2024-12-05,Afternoon,4,1,2.0,5,1,12
202400025318,2024-03-06,Afternoon,4,1,3.0,1,1,13
202400025319,2024-12-19,Morning,4,1,3.0,2,2,11
202400025320,2024-12-18,Afternoon,4,2,6.0,5,2,11
202400025321,2024-12-19,Morning,4,1,6.0,2,2,11
202400025322,2024-03-05,Afternoon,4,1,4.0,1,1,33
202400025323,2024-12-19,Night,4,1,2.0,5,2,10
202400025324,2024-03-07,Afternoon,4,1,4.0,1,1,95
202400025325,2024-12-19,Morning,4,2,6.0,5,2,07
202400025326,2024-12-18,Evening,4,1,3.0,5,2,06
202400025327,2024-03-07,Morning,4,1,4.0,1,1,93
202400025328,2024-12-18,Afternoon,3,1,3.0,1,2,06
202400025329,2024-03-07,Morning,4,1,3.0,1,1,93
202400025330,2024-12-09,Morning,4,1,4.0,2,1,04
202400025331,2024-03-07,Morning,3,1,2.0,1,1,93
202400025332,2024-12-19,Evening,4,8,3.0,5,2,75
202400025333,2024-12-12,Evening,4,1,3.0,5,2,75
202400025334,2024-12-19,Morning,4,2,1.0,2,2,75
202400025335,2024-03-07,Morning,4,1,4.0,1,1,95
202400025336,2024-12-18,Evening,4,2,1.0,5,2,75
202400025337,2024-03-06,Evening,3,1,5.0,3,1,75
202400025338,2024-12-18,Afternoon,4,1,3.0,1,2,75
202400025339,2024-03-06,Evening,4,1,2.0,1,1,93
202400025340,2024-12-19,Morning,4,2,1.0,1,2,75
202400025341,2024-03-06,Morning,3,2,2.0,1,1,93
202400025342,2024-12-19,Evening,4,1,3.0,5,2,75
202400025343,2024-03-05,Evening,4,1,4.0,3,1,93
202400025344,2024-12-19,Morning,4,1,3.0,1,2,75
202400025345,2024-03-07,Afternoon,4,1,3.0,1,1,94
202400025346,2024-12-19,Night,4,2,6.0,5,2,75
202400025347,2024-12-18,Afternoon,4,1,6.0,1,2,75
202400025348,2024-03-07,Afternoon,4,1,2.0,1,1,94
202400025349,2024-02-12,Afternoon,4,8,6.0,1,2,44
202400025350,2024-12-18,Morning,4,8,3.0,1,2,75
202400025351,2024-12-19,Afternoon,4,1,2.0,1,2,75
202400025352,2024-02-11,Morning,4,8,3.0,1,1,44
202400025353,2024-12-19,Morning,4,1,6.0,5,2,75
202400025354,2024-02-10,Afternoon,4,8,4.0,1,1,44
202400025355,2024-12-18,Morning,4,1,5.0,1,2,75
202400025356,2024-02-09,Morning,4,8,3.0,1,2,44
202400025357,2024-02-09,Morning,4,8,7.0,1,2,44
202400025358,2024-12-19,Afternoon,4,1,6.0,1,2,75
202400025359,2024-12-19,Night,4,1,6.0,5,2,75
202400025360,2024-02-08,Morning,4,8,3.0,1,2,44
202400025361,2024-12-19,Evening,4,1,6.0,5,2,75
202400025362,2024-02-08,Afternoon,4,1,7.0,1,2,44
202400025363,2024-12-19,Afternoon,4,1,6.0,1,2,94
202400025364,2024-02-08,Afternoon,4,2,3.0,1,2,44
202400025365,2024-12-19,Evening,4,2,6.0,5,2,94
202400025366,2024-02-08,Afternoon,4,8,7.0,1,2,44
202400025367,2024-12-19,Evening,4,2,6.0,5,2,94
202400025368,2024-02-07,Morning,4,8,3.0,1,2,44
202400025369,2024-12-19,Morning,4,2,3.0,1,2,94
202400025370,2024-02-06,Morning,4,8,3.0,1,2,44
202400025371,2024-12-18,Afternoon,4,2,3.0,5,2,94
202400025372,2024-02-04,Evening,4,8,3.0,5,2,44
202400025373,2024-12-18,Evening,4,2,6.0,5,2,94
202400025375,2024-12-17,Afternoon,4,1,1.0,1,2,94
202400025376,2024-12-19,Afternoon,4,2,3.0,1,2,93
202400025378,2024-12-19,Afternoon,4,2,2.0,1,2,93
202400025379,2024-03-06,Afternoon,4,1,6.0,1,1,69
202400025380,2024-12-19,Evening,3,2,6.0,5,2,93
202400025381,2024-03-06,Morning,4,1,6.0,1,2,69
202400025382,2024-12-19,Evening,4,1,6.0,5,2,93
202400025384,2024-12-19,Afternoon,4,1,6.0,1,2,93
202400025385,2024-12-13,Morning,4,1,6.0,1,2,92
202400025386,2024-03-06,Evening,4,1,3.0,2,2,69
202400025387,2024-03-06,Afternoon,3,1,6.0,1,2,69
202400025388,2024-12-19,Afternoon,4,1,3.0,5,2,92
202400025389,2024-12-19,Morning,4,2,7.0,5,2,92
202400025390,2024-03-06,Evening,3,1,2.0,5,2,2B
202400025391,2024-12-19,Night,4,2,6.0,5,2,92
202400025393,2024-12-17,Morning,4,1,1.0,1,2,92
202400025395,2024-12-19,Evening,3,1,6.0,5,2,92
202400025396,2024-03-05,Evening,4,1,6.0,1,2,91
202400025397,2024-12-19,Evening,4,8,3.0,5,2,92
202400025398,2024-03-06,Morning,4,1,2.0,1,2,91
202400025399,2024-12-19,Evening,3,2,3.0,5,2,92
202400025400,2024-12-19,Evening,4,1,6.0,5,2,92
202400025401,2024-03-06,Morning,3,2,6.0,1,2,91
202400025402,2024-12-18,Morning,3,8,1.0,1,1,63
202400025403,2024-03-06,Evening,4,8,6.0,5,1,91
202400025404,2024-03-06,Morning,3,8,3.0,1,2,91
202400025405,2024-12-18,Morning,4,1,4.0,1,1,01
202400025406,2024-12-19,Afternoon,4,6,6.0,2,1,25
202400025407,2024-12-19,Morning,3,9,7.0,1,2,05
202400025408,2024-02-18,Night,4,1,3.0,5,2,91
202400025409,2024-03-06,Night,4,3,6.0,5,2,91
202400025411,2024-12-19,Afternoon,3,1,6.0,1,2,35
202400025412,2024-03-06,Morning,2,1,3.0,1,1,84
202400025413,2024-12-16,Morning,4,2,1.0,2,1,35
202400025414,2024-02-25,Evening,4,1,1.0,5,2,84
202400025415,2024-12-20,Afternoon,4,1,2.0,1,1,71
202400025416,2024-03-05,Afternoon,3,1,6.0,1,1,83
202400025417,2024-12-18,Evening,3,8,2.0,5,2,59
202400025418,2024-03-06,Evening,4,1,6.0,5,2,82
202400025420,2024-12-18,Morning,3,1,7.0,1,1,23
202400025421,2024-03-06,Evening,4,1,2.0,2,2,81
202400025422,2024-12-19,Afternoon,4,1,1.0,2,2,47
202400025423,2024-03-05,Morning,4,8,3.0,3,1,77
202400025424,2024-12-19,Afternoon,4,2,1.0,1,1,35
202400025425,2024-03-05,Afternoon,4,2,6.0,1,2,76
202400025426,2024-12-20,Afternoon,4,1,6.0,1,1,95
202400025427,2024-03-06,Evening,4,1,6.0,5,2,69
202400025428,2024-12-20,Morning,4,7,3.0,1,1,95
202400025429,2024-12-20,Morning,3,1,1.0,1,1,19
202400025430,2024-03-06,Evening,4,1,3.0,5,2,69
202400025431,2024-12-19,Afternoon,3,2,7.0,2,1,19
202400025432,2024-04-13,Night,4,1,3.0,5,2,2A
202400025433,2024-12-19,Afternoon,4,1,6.0,2,2,56
202400025434,2024-04-13,Night,4,1,3.0,5,2,2A
202400025435,2024-12-16,Evening,3,8,7.0,5,2,80
202400025436,2024-04-13,Afternoon,4,1,3.0,1,1,2A
202400025437,2024-04-13,Morning,4,1,1.0,1,1,2A
202400025438,2024-12-20,Afternoon,4,1,5.0,3,1,89
202400025439,2024-04-13,Afternoon,4,1,6.0,1,2,95
202400025440,2024-12-20,Afternoon,3,1,1.0,1,1,39
202400025441,2024-04-12,Morning,4,1,6.0,1,1,95
202400025442,2024-12-19,Afternoon,3,1,3.0,1,1,44
202400025443,2024-04-13,Afternoon,3,1,6.0,1,2,95
202400025444,2024-04-13,Night,3,1,3.0,5,1,91
202400025445,2024-12-19,Evening,3,1,1.0,3,1,44
202400025446,2024-04-12,Evening,4,1,6.0,1,2,91
202400025447,2024-12-20,Morning,4,1,1.0,1,1,29
202400025448,2024-04-12,Afternoon,4,1,3.0,1,2,91
202400025449,2024-12-20,Morning,3,2,1.0,1,1,29
202400025450,2024-04-12,Evening,4,1,1.0,1,1,91
202400025451,2024-12-19,Afternoon,4,2,3.0,1,1,03
202400025452,2024-12-20,Morning,4,4,6.0,1,1,15
202400025453,2024-04-13,Evening,3,1,7.0,2,2,83
202400025454,2024-12-19,Night,3,2,1.0,3,1,01
202400025455,2024-04-08,Afternoon,3,1,6.0,1,2,83
202400025456,2024-12-19,Evening,4,2,6.0,3,1,01
202400025457,2024-12-19,Afternoon,4,9,1.0,3,1,70
202400025458,2024-04-13,Morning,4,1,3.0,1,2,80
202400025459,2024-12-20,Morning,4,1,6.0,2,2,72
202400025460,2024-12-19,Evening,4,4,1.0,3,1,50
202400025461,2024-04-13,Afternoon,4,1,3.0,1,2,77
202400025462,2024-12-20,Morning,4,1,6.0,2,2,50
202400025463,2024-04-13,Night,3,1,2.0,3,1,77
202400025464,2024-12-18,Evening,3,2,7.0,3,1,90
202400025465,2024-04-13,Evening,4,1,3.0,3,1,77
202400025466,2024-12-19,Morning,3,8,6.0,1,2,43
202400025467,2024-12-19,Afternoon,3,2,6.0,1,1,43
202400025468,2024-04-12,Afternoon,4,1,6.0,1,2,77
202400025469,2024-04-12,Morning,4,1,6.0,1,2,77
202400025470,2024-12-20,Morning,4,1,3.0,1,1,10
202400025471,2024-12-20,Afternoon,4,1,6.0,1,1,53
202400025472,2024-04-13,Evening,4,1,3.0,2,2,76
202400025473,2024-12-20,Morning,3,1,3.0,3,1,85
202400025474,2024-04-12,Afternoon,4,1,2.0,1,2,73
202400025475,2024-04-13,Afternoon,4,1,3.0,1,2,72
202400025476,2024-12-20,Afternoon,4,2,1.0,3,1,37
202400025477,2024-04-13,Afternoon,4,1,3.0,1,1,71
202400025478,2024-12-19,Night,4,4,6.0,3,1,48
202400025479,2024-04-13,Evening,3,7,3.0,1,2,69
202400025480,2024-12-19,Evening,3,1,1.0,3,1,08
202400025481,2024-04-13,Afternoon,4,1,6.0,1,2,69
202400025482,2024-12-19,Morning,4,2,6.0,4,2,68
202400025483,2024-04-13,Afternoon,4,1,7.0,1,1,69
202400025484,2024-04-10,Morning,3,1,3.0,1,2,68
202400025485,2024-12-20,Afternoon,3,1,5.0,1,1,65
202400025486,2024-04-13,Evening,3,1,7.0,5,2,64
202400025487,2024-04-13,Afternoon,4,1,2.0,1,2,64
202400025488,2024-12-20,Afternoon,4,6,5.0,2,1,13
202400025489,2024-12-19,Morning,3,2,3.0,1,2,69
202400025490,2024-04-13,Night,4,1,3.0,5,2,64
202400025491,2024-11-22,Afternoon,4,2,2.0,3,1,73
202400025492,2024-04-13,Evening,4,7,3.0,2,2,63
202400025494,2024-04-13,Afternoon,3,2,6.0,1,2,62
202400025495,2024-12-20,Night,3,6,2.0,3,1,13
202400025496,2024-04-13,Morning,2,1,6.0,1,2,59
202400025498,2024-04-13,Evening,4,1,6.0,1,2,54
202400025499,2024-12-20,Afternoon,4,1,5.0,4,1,45
202400025500,2024-04-13,Morning,4,1,3.0,2,2,54
202400025501,2024-12-20,Afternoon,3,1,3.0,1,1,77
202400025502,2024-04-13,Afternoon,4,1,6.0,1,2,51
202400025503,2024-12-20,Night,3,1,7.0,3,2,21
202400025504,2024-12-14,Morning,4,5,6.0,1,2,08
202400025505,2024-04-13,Afternoon,4,1,3.0,1,2,51
202400025506,2024-04-12,Evening,4,1,3.0,1,2,51
202400025507,2024-12-17,Morning,4,1,5.0,1,1,74
202400025508,2024-09-03,Evening,4,1,2.0,2,1,92
202400025509,2024-12-20,Morning,4,1,6.0,1,1,01
202400025510,2024-04-13,Night,4,1,2.0,3,1,51
202400025511,2024-12-20,Morning,4,1,7.0,1,1,23
202400025512,2024-09-04,Afternoon,4,1,5.0,1,1,93
202400025513,2024-04-12,Afternoon,4,1,2.0,1,2,47
202400025514,2024-12-19,Afternoon,4,2,4.0,2,2,33
202400025515,2024-04-13,Morning,4,1,6.0,1,1,45
202400025516,2024-12-20,Morning,3,1,7.0,2,1,33
202400025517,2024-09-03,Night,4,1,2.0,5,1,93
202400025518,2024-04-13,Morning,3,1,3.0,1,2,44
202400025519,2024-12-19,Evening,2,3,3.0,3,1,33
202400025520,2024-04-08,Morning,3,1,3.0,1,2,42
202400025521,2024-09-03,Afternoon,3,1,2.0,1,1,93
202400025522,2024-12-19,Afternoon,3,1,2.0,1,1,49
202400025523,2024-09-03,Afternoon,4,1,7.0,1,1,95
202400025524,2024-12-20,Morning,4,3,2.0,3,1,29
202400025525,2024-04-13,Morning,4,1,3.0,1,2,35
202400025526,2024-12-20,Morning,3,1,6.0,2,2,35
202400025527,2024-09-03,Morning,4,2,6.0,2,1,95
202400025528,2024-12-19,Evening,3,1,1.0,3,1,27
202400025529,2024-04-13,Afternoon,4,1,2.0,1,2,34
202400025530,2024-09-03,Morning,4,2,2.0,1,1,93
202400025531,2024-12-19,Afternoon,4,1,3.0,5,2,27
202400025532,2024-04-12,Night,3,1,6.0,5,2,34
202400025533,2024-09-02,Evening,4,1,7.0,1,1,93
202400025534,2024-04-13,Night,4,1,1.0,5,2,31
202400025535,2024-12-20,Afternoon,4,8,1.0,2,2,80
202400025536,2024-09-04,Afternoon,4,1,2.0,1,1,77
202400025537,2024-04-13,Afternoon,4,1,3.0,1,2,29
202400025538,2024-12-16,Evening,4,1,3.0,5,2,62
202400025539,2024-04-12,Evening,4,1,3.0,1,2,22
202400025540,2024-08-27,Afternoon,4,1,2.0,1,2,44
202400025541,2024-12-18,Evening,4,1,2.0,3,1,13
202400025542,2024-04-13,Night,4,1,6.0,3,2,19
202400025543,2024-12-18,Afternoon,4,1,3.0,1,1,13
202400025544,2024-04-13,Morning,4,1,2.0,1,2,19
202400025545,2024-05-31,Afternoon,4,2,3.0,1,1,91
202400025546,2024-12-18,Afternoon,3,1,5.0,3,1,13
202400025547,2024-04-13,Morning,4,1,2.0,1,2,14
202400025548,2024-04-13,Morning,4,1,1.0,5,2,13
202400025549,2024-12-19,Afternoon,4,2,2.0,1,1,33
202400025550,2024-05-30,Evening,4,8,2.0,1,2,91
202400025551,2024-04-13,Night,4,1,2.0,5,2,13
202400025552,2024-12-19,Morning,4,2,2.0,1,1,33
202400025553,2024-12-19,Night,4,3,6.0,3,1,33
202400025554,2024-05-30,Evening,4,1,3.0,1,1,91
202400025555,2024-04-13,Night,3,1,3.0,5,2,13
202400025556,2024-04-13,Night,4,1,7.0,5,2,13
202400025557,2024-12-08,Evening,4,1,4.0,3,1,62
202400025558,2024-12-19,Evening,4,1,6.0,3,1,91
202400025559,2024-04-13,Evening,4,1,1.0,1,2,13
202400025560,2024-05-30,Afternoon,4,1,5.0,1,1,91
202400025561,2024-04-13,Morning,2,1,1.0,1,2,13