Num_Acc,date,time_of_day,max_severity,weather,collision_type,lighting,urban_area,department
202400025562,2024-12-19,Afternoon,4,1,4.0,3,1,92
202400025563,2024-04-14,Night,4,1,7.0,3,2,10
202400025564,2024-12-19,Morning,4,1,2.0,1,1,91
202400025565,2024-04-13,Afternoon,4,7,6.0,1,2,10
202400025566,2024-05-29,Night,4,2,7.0,3,1,91
202400025567,2024-12-19,Morning,4,1,2.0,3,1,91
202400025568,2024-05-28,Afternoon,3,2,7.0,1,2,91
202400025569,2024-04-13,Afternoon,4,1,3.0,1,2,10
202400025570,2024-12-19,Night,4,2,6.0,3,1,91
202400025571,2024-04-13,Morning,4,1,3.0,3,1,07
202400025572,2024-12-18,Afternoon,4,1,4.0,2,1,94
202400025573,2024-05-28,Morning,4,8,4.0,1,1,91
202400025574,2024-04-13,Evening,4,1,3.0,1,2,06
202400025575,2024-08-21,Afternoon,4,1,6.0,1,2,44
202400025576,2024-12-18,Afternoon,4,1,4.0,3,1,91
202400025577,2024-04-13,Evening,4,1,1.0,1,1,04
202400025578,2024-05-26,Night,4,1,2.0,3,1,91
202400025579,2024-12-18,Afternoon,4,1,3.0,3,1,92
202400025580,2024-04-12,Morning,3,1,3.0,1,2,02
202400025581,2024-12-18,Evening,4,1,2.0,3,1,78
202400025582,2024-05-25,Night,4,1,7.0,3,1,91
202400025583,2024-12-18,Morning,4,1,2.0,1,1,92
202400025584,2024-04-13,Night,4,1,5.0,5,2,75
202400025585,2024-12-18,Evening,4,1,2.0,3,1,95
202400025586,2024-04-13,Evening,4,1,6.0,5,2,75
202400025587,2024-12-18,Afternoon,4,1,2.0,1,1,93
202400025588,2024-05-24,Afternoon,4,1,3.0,1,1,91
202400025590,2024-04-13,Afternoon,4,1,6.0,1,2,75
202400025591,2024-12-18,Afternoon,4,1,1.0,3,1,95
202400025592,2024-01-25,Morning,4,1,7.0,1,1,06
202400025593,2024-12-18,Afternoon,4,1,3.0,1,1,93
202400025594,2024-04-13,Afternoon,4,1,1.0,1,2,75
202400025596,2024-12-19,Morning,4,2,2.0,3,1,94
202400025597,2024-05-24,Afternoon,4,1,4.0,1,1,91
202400025598,2024-04-11,Morning,4,1,3.0,1,2,75
202400025599,2024-12-19,Night,4,2,6.0,4,1,94
202400025601,2024-05-24,Afternoon,3,1,6.0,1,2,91
202400025603,2024-04-13,Evening,4,1,6.0,1,2,75
202400025604,2024-12-18,Afternoon,4,1,6.0,3,1,77
202400025605,2024-01-26,Afternoon,4,1,6.0,1,2,2A
202400025606,2024-12-18,Night,2,1,7.0,3,1,77
202400025607,2024-05-23,Evening,4,1,3.0,1,2,91
202400025608,2024-04-13,Morning,4,1,2.0,1,2,75
202400025609,2024-01-26,Morning,4,1,6.0,1,2,34
202400025610,2024-12-17,Night,4,1,6.0,3,1,94
202400025611,2024-05-23,Morning,4,1,2.0,1,1,91
202400025612,2024-04-13,Morning,4,1,3.0,1,2,75
202400025613,2024-01-26,Morning,4,1,5.0,1,1,26
202400025614,2024-05-23,Morning,4,8,6.0,1,1,91
202400025615,2024-08-11,Night,4,1,3.0,5,2,62
202400025616,2024-01-26,Afternoon,4,1,2.0,1,2,69
202400025617,2024-04-12,Afternoon,4,1,6.0,1,2,75
202400025618,2024-01-26,Night,3,1,6.0,3,1,69
202400025619,2024-08-09,Evening,4,1,1.0,1,2,62
202400025620,2024-05-22,Evening,4,1,5.0,2,1,91
202400025621,2024-08-06,Evening,4,1,3.0,1,2,62
202400025622,2024-04-13,Night,4,1,2.0,5,2,75
202400025623,2024-01-25,Afternoon,3,1,1.0,1,2,69
202400025624,2024-01-25,Afternoon,4,1,2.0,1,1,31
202400025625,2024-07-30,Morning,3,1,3.0,1,2,59
202400025626,2024-04-13,Evening,4,1,6.0,2,2,75
202400025627,2024-01-25,Afternoon,4,2,5.0,2,1,85
202400025628,2024-07-24,Morning,4,1,6.0,1,2,59
202400025629,2024-05-22,Afternoon,4,2,4.0,1,1,91
202400025630,2024-04-13,Afternoon,4,1,3.0,1,2,75
202400025631,2024-01-26,Afternoon,2,1,6.0,1,1,76
202400025632,2024-07-19,Evening,3,1,2.0,1,2,59
202400025633,2024-01-26,Afternoon,2,1,6.0,1,2,62
202400025634,2024-05-03,Night,4,1,7.0,3,2,76
202400025635,2024-04-13,Afternoon,4,1,3.0,1,2,75
202400025636,2024-05-22,Morning,4,1,4.0,1,1,91
202400025637,2024-01-26,Afternoon,3,1,1.0,1,1,62
202400025638,2024-09-19,Morning,2,1,6.0,1,1,76
202400025639,2024-09-22,Night,4,1,6.0,4,2,76
202400025640,2024-04-13,Afternoon,4,1,3.0,1,2,75
202400025641,2024-01-26,Morning,4,2,6.0,5,2,59
202400025642,2024-03-29,Evening,4,1,6.0,2,2,76
202400025643,2024-05-21,Evening,4,1,4.0,1,1,91
202400025644,2024-01-25,Morning,4,1,3.0,1,1,13
202400025645,2024-04-13,Afternoon,4,7,3.0,1,2,94
202400025646,2024-03-25,Afternoon,4,1,3.0,1,2,76
202400025647,2024-01-25,Morning,4,1,4.0,1,2,13
202400025648,2024-02-25,Evening,4,2,7.0,5,2,76
202400025649,2024-05-20,Evening,4,2,6.0,1,1,91
202400025650,2024-04-12,Evening,4,1,3.0,5,2,94
202400025651,2024-01-25,Morning,4,1,2.0,1,2,67
202400025652,2024-04-12,Evening,4,1,6.0,1,2,94
202400025653,2024-08-05,Night,4,1,2.0,3,1,84
202400025654,2024-05-20,Afternoon,4,2,2.0,1,1,91
202400025655,2024-01-25,Morning,4,1,2.0,3,1,33
202400025656,2024-10-19,Morning,4,1,6.0,1,2,74
202400025657,2024-04-13,Evening,4,1,3.0,1,2,94
202400025658,2024-01-25,Morning,4,1,4.0,2,1,59
202400025660,2024-04-13,Evening,4,1,2.0,1,2,94
202400025661,2024-09-13,Evening,4,1,3.0,1,1,91
202400025662,2024-01-25,Morning,4,2,5.0,1,1,91
202400025663,2024-05-20,Afternoon,4,1,5.0,1,1,91
202400025664,2024-01-24,Evening,2,1,6.0,3,1,78
202400025665,2024-05-18,Afternoon,4,1,2.0,1,1,91
202400025666,2024-04-12,Afternoon,4,1,3.0,1,2,94
202400025667,2024-01-24,Morning,3,2,2.0,5,1,92
202400025668,2024-05-18,Morning,4,7,2.0,1,1,91
202400025669,2024-04-13,Evening,4,1,3.0,2,2,94
202400025670,2024-01-24,Night,4,1,3.0,3,1,92
202400025671,2024-01-25,Morning,4,2,3.0,1,1,95
202400025672,2024-05-16,Evening,4,1,3.0,1,1,91
202400025673,2024-04-13,Evening,4,1,3.0,1,2,94
202400025674,2024-04-13,Night,4,1,1.0,5,2,94
202400025675,2024-05-15,Afternoon,4,1,3.0,1,1,91
202400025676,2024-01-25,Morning,4,2,4.0,3,1,93
202400025677,2024-04-13,Afternoon,4,1,3.0,1,2,93
202400025678,2024-01-25,Morning,4,1,3.0,1,1,93
202400025679,2024-05-14,Afternoon,4,2,4.0,1,1,91
202400025680,2024-04-13,Night,4,1,3.0,5,2,93
202400025681,2024-01-25,Evening,4,2,2.0,3,1,77
202400025682,2024-01-25,Morning,4,2,3.0,1,1,94
202400025683,2024-04-13,Afternoon,3,1,3.0,1,2,93
202400025684,2024-05-14,Afternoon,4,1,4.0,1,1,91
202400025685,2024-01-25,Morning,4,2,2.0,2,1,94
202400025686,2024-04-13,Afternoon,4,1,3.0,1,2,92
202400025687,2024-06-06,Evening,4,1,2.0,1,1,91
202400025688,2024-01-24,Night,2,2,6.0,3,1,77
202400025689,2024-04-13,Afternoon,4,1,2.0,1,2,92
202400025690,2024-01-24,Evening,4,1,3.0,3,1,94
202400025691,2024-06-06,Afternoon,4,1,6.0,1,2,91
202400025692,2024-04-13,Afternoon,4,1,6.0,1,2,92
202400025693,2024-01-24,Afternoon,4,1,2.0,1,1,94
202400025694,2024-04-13,Afternoon,4,1,3.0,1,2,92
202400025695,2024-06-06,Morning,4,1,6.0,1,2,91
202400025697,2024-04-12,Morning,4,1,3.0,1,2,92
202400025699,2024-04-12,Morning,4,1,6.0,1,2,92
202400025700,2024-06-05,Night,4,1,3.0,5,2,91
202400025702,2024-04-13,Afternoon,3,1,7.0,1,1,24
202400025703,2024-01-24,Evening,4,1,3.0,5,2,69
202400025704,2024-04-13,Evening,3,1,7.0,3,1,83
202400025705,2024-01-24,Afternoon,4,1,1.0,2,2,69
202400025706,2024-06-01,Afternoon,4,2,2.0,1,1,91
202400025707,2024-04-14,Morning,3,1,6.0,1,1,52
202400025708,2024-01-24,Afternoon,2,1,6.0,1,2,69
202400025709,2024-04-12,Afternoon,3,1,6.0,1,1,31
202400025710,2024-06-01,Night,4,2,6.0,3,1,91
202400025711,2024-01-24,Afternoon,4,1,3.0,5,1,2B
202400025712,2024-01-24,Afternoon,4,1,6.0,1,2,95
202400025713,2024-04-13,Evening,3,1,3.0,1,2,57
202400025714,2024-04-14,Night,3,1,6.0,3,1,81
202400025715,2024-08-16,Morning,4,1,3.0,2,2,44
202400025716,2024-01-25,Night,4,2,3.0,3,2,95
202400025717,2024-04-13,Afternoon,3,1,3.0,1,2,68
202400025718,2024-05-28,Morning,4,1,6.0,1,1,19
202400025719,2024-01-23,Night,4,2,5.0,5,2,95
202400025720,2024-04-14,Night,4,1,6.0,5,2,26
202400025721,2024-01-24,Morning,4,1,1.0,2,2,95
202400025722,2024-01-23,Afternoon,4,2,6.0,1,2,91
202400025724,2024-04-14,Night,3,1,3.0,5,2,62
202400025725,2024-01-24,Morning,4,1,2.0,1,2,91
202400025726,2024-01-24,Afternoon,3,8,6.0,1,2,91
202400025727,2024-04-14,Morning,2,1,7.0,1,1,19
202400025729,2024-01-23,Afternoon,4,1,3.0,1,2,91
202400025730,2024-04-13,Afternoon,3,1,2.0,1,1,59
202400025732,2024-04-14,Morning,3,1,2.0,1,1,76
202400025733,2024-01-11,Afternoon,4,1,1.0,1,2,89
202400025734,2024-08-10,Night,4,1,2.0,2,1,2B
202400025735,2024-01-20,Morning,4,1,3.0,1,2,87
202400025736,2024-04-12,Night,4,1,1.0,3,1,79
202400025737,2024-01-23,Morning,4,1,3.0,1,2,84
202400025738,2024-04-14,Night,3,1,6.0,5,2,80
202400025740,2024-04-14,Morning,3,7,6.0,1,1,33
202400025741,2024-01-22,Evening,4,1,3.0,5,2,83
202400025743,2024-01-23,Afternoon,3,1,7.0,1,1,83
202400025744,2024-04-14,Evening,4,1,3.0,1,1,71
202400025746,2024-01-24,Afternoon,4,1,3.0,1,2,80
202400025747,2024-09-03,Morning,4,8,6.0,1,2,95
202400025748,2024-04-13,Night,4,1,5.0,5,2,89
202400025749,2024-04-13,Afternoon,3,1,7.0,1,1,63
202400025750,2024-09-03,Morning,4,8,3.0,1,2,91
202400025751,2024-01-24,Morning,3,1,3.0,2,2,76
202400025752,2024-04-12,Evening,4,1,2.0,1,1,61
202400025753,2024-09-03,Morning,4,8,4.0,1,2,91
202400025754,2024-01-23,Afternoon,4,1,7.0,1,2,76
202400025755,2024-04-05,Afternoon,3,1,7.0,1,1,49
202400025756,2024-04-14,Afternoon,4,1,6.0,1,1,42
202400025757,2024-01-24,Afternoon,4,1,2.0,1,2,69
202400025758,2024-09-02,Evening,4,1,3.0,1,2,87
202400025759,2024-04-14,Afternoon,3,1,7.0,1,1,46
202400025760,2024-01-23,Morning,4,8,6.0,1,2,67
202400025761,2024-09-02,Afternoon,3,1,1.0,1,1,86
202400025762,2024-04-13,Morning,3,1,7.0,1,2,68
202400025763,2024-01-23,Evening,4,1,3.0,5,2,64
202400025764,2024-09-03,Morning,4,1,3.0,1,2,84
202400025765,2024-04-13,Afternoon,3,7,3.0,1,1,25
202400025766,2024-01-19,Afternoon,4,1,3.0,1,2,64
202400025767,2024-01-19,Morning,3,1,6.0,1,2,64
202400025768,2024-09-03,Evening,3,1,7.0,1,2,83
202400025769,2024-01-23,Evening,4,1,7.0,5,2,64
202400025770,2024-04-13,Evening,3,1,6.0,1,2,25
202400025771,2024-01-23,Afternoon,4,1,1.0,1,2,64
202400025772,2024-08-29,Afternoon,3,1,2.0,1,2,83
202400025773,2024-04-12,Morning,4,1,1.0,1,1,29
202400025774,2024-01-24,Afternoon,3,1,6.0,2,2,63
202400025775,2024-04-13,Afternoon,3,1,7.0,1,1,29
202400025776,2024-04-13,Afternoon,3,1,7.0,1,1,31
202400025777,2024-01-24,Evening,4,1,6.0,5,2,59
202400025778,2024-09-03,Evening,4,1,2.0,1,2,80
202400025779,2024-04-13,Afternoon,3,1,6.0,1,1,31
202400025780,2024-01-24,Afternoon,4,8,1.0,1,2,54
202400025781,2024-09-03,Morning,4,1,1.0,1,2,79
202400025782,2024-04-13,Afternoon,4,1,3.0,1,1,38
202400025783,2024-09-02,Afternoon,3,1,6.0,1,1,77
202400025784,2024-01-22,Morning,4,1,3.0,2,2,52
202400025785,2024-04-14,Night,4,1,7.0,3,2,01
202400025786,2024-04-13,Morning,3,1,6.0,1,1,14
202400025787,2024-01-24,Evening,4,1,3.0,4,2,51
202400025788,2024-04-14,Afternoon,4,1,3.0,1,2,14
202400025789,2024-01-24,Afternoon,4,1,6.0,1,2,51
202400025790,2024-09-03,Evening,4,1,6.0,1,2,77
202400025791,2024-01-23,Afternoon,4,2,4.0,2,1,49
202400025792,2024-04-13,Night,2,1,6.0,3,1,83
202400025793,2024-06-19,Evening,4,1,1.0,1,2,73
202400025794,2024-04-13,Evening,4,7,2.0,1,1,60
202400025795,2024-01-24,Morning,3,2,3.0,1,2,41
202400025796,2024-04-13,Afternoon,4,1,6.0,1,2,60
202400025797,2024-01-24,Afternoon,4,1,6.0,5,2,38
202400025798,2024-09-02,Afternoon,3,1,6.0,2,2,73
202400025799,2024-04-08,Afternoon,3,3,6.0,1,2,64
202400025800,2024-01-23,Evening,3,1,6.0,5,2,38
202400025801,2024-04-14,Morning,3,1,7.0,1,1,43
202400025802,2024-01-24,Night,4,2,3.0,5,2,37
202400025803,2024-09-03,Morning,4,1,3.0,1,2,71
202400025804,2024-04-14,Morning,3,1,2.0,1,2,07
202400025805,2024-01-24,Afternoon,3,8,6.0,1,2,35
202400025806,2024-04-13,Evening,3,1,6.0,2,1,21
202400025807,2024-01-24,Afternoon,4,8,3.0,1,2,35
202400025808,2024-04-14,Night,3,1,6.0,3,2,40
202400025809,2024-09-02,Afternoon,4,1,5.0,1,1,71
202400025810,2024-01-19,Evening,4,1,3.0,5,2,34
202400025811,2024-04-14,Afternoon,3,1,3.0,1,2,24
202400025812,2024-04-09,Morning,3,8,6.0,2,1,24
202400025813,2024-01-24,Evening,3,1,1.0,5,2,34
202400025814,2024-09-02,Afternoon,3,1,3.0,1,2,69
202400025815,2024-04-13,Night,4,1,6.0,3,1,04
202400025816,2024-01-24,Night,4,1,3.0,5,2,34
202400025817,2024-04-12,Afternoon,4,1,3.0,1,2,85
202400025818,2024-09-03,Afternoon,3,1,3.0,1,2,67
202400025819,2024-04-13,Afternoon,3,1,7.0,1,2,17
202400025820,2024-01-24,Morning,4,1,4.0,1,2,33
202400025821,2024-04-14,Night,4,1,7.0,3,2,17
202400025822,2024-09-02,Morning,4,1,3.0,1,2,67
202400025823,2024-04-14,Afternoon,4,1,7.0,1,1,89
202400025824,2024-09-03,Afternoon,4,2,6.0,1,2,64
202400025825,2024-01-12,Evening,2,1,6.0,5,2,36
202400025826,2024-01-15,Afternoon,4,1,6.0,1,2,33
202400025827,2024-09-03,Morning,4,2,7.0,1,2,64
202400025828,2024-01-24,Evening,3,1,3.0,5,2,31
202400025829,2024-04-14,Night,3,1,5.0,3,1,34
202400025830,2024-09-03,Afternoon,4,1,6.0,1,2,63
202400025831,2024-01-23,Evening,4,2,3.0,5,2,29
202400025832,2024-04-13,Afternoon,4,1,1.0,1,1,13
202400025833,2024-01-15,Night,4,1,6.0,3,2,22
202400025834,2024-04-14,Afternoon,4,1,2.0,1,1,38
202400025835,2024-09-03,Morning,4,1,2.0,1,2,63
202400025836,2024-01-23,Morning,4,1,6.0,1,2,15
202400025838,2024-09-02,Afternoon,3,1,6.0,1,2,62
202400025839,2024-04-03,Afternoon,4,1,2.0,1,1,77
202400025840,2024-01-24,Evening,4,1,3.0,5,2,13
202400025841,2024-09-02,Afternoon,4,1,6.0,1,2,62
202400025842,2024-04-14,Afternoon,2,1,1.0,1,2,2A
202400025843,2024-01-24,Morning,4,1,1.0,1,2,13
202400025844,2024-04-13,Evening,4,1,7.0,1,2,66
202400025845,2024-01-23,Evening,3,1,1.0,5,2,13
202400025846,2024-04-13,Evening,4,1,1.0,3,2,84
202400025847,2024-09-03,Night,4,8,3.0,4,2,62
202400025848,2024-01-09,Evening,4,1,3.0,5,2,12
202400025849,2024-04-14,Evening,4,1,1.0,1,2,13
202400025850,2024-01-23,Afternoon,4,2,2.0,1,2,10
202400025851,2024-09-02,Afternoon,4,1,2.0,1,2,62
202400025852,2024-04-14,Afternoon,4,1,2.0,1,1,13
202400025853,2024-01-23,Morning,4,1,2.0,1,2,10
202400025854,2024-04-14,Afternoon,4,1,7.0,1,1,89
202400025855,2024-08-29,Morning,2,1,6.0,1,2,59
202400025856,2024-04-14,Afternoon,2,1,6.0,1,1,21
202400025857,2024-01-23,Night,4,1,6.0,3,1,09
202400025858,2024-04-13,Afternoon,3,1,1.0,1,2,68
202400025859,2024-01-23,Evening,4,1,4.0,5,2,75
202400025860,2024-08-30,Night,3,1,3.0,5,2,59
202400025861,2024-04-13,Afternoon,3,1,3.0,1,1,88
202400025862,2024-01-24,Evening,4,1,7.0,5,2,75
202400025863,2024-04-14,Evening,4,1,7.0,1,1,54
202400025864,2024-01-24,Afternoon,4,1,2.0,1,2,75
202400025865,2024-04-12,Evening,3,1,7.0,1,1,54
202400025866,2024-09-02,Afternoon,4,1,3.0,1,2,56
202400025867,2024-01-23,Evening,4,1,6.0,5,2,75
202400025868,2024-04-14,Night,4,1,7.0,3,1,26
202400025869,2024-09-02,Afternoon,4,1,1.0,1,2,54
202400025870,2024-01-24,Morning,4,1,2.0,1,2,75
202400025871,2024-04-12,Evening,4,1,6.0,2,2,26
202400025872,2024-04-13,Afternoon,3,1,6.0,1,1,65
202400025873,2024-01-24,Morning,4,2,6.0,1,2,75
202400025874,2024-04-14,Morning,3,1,3.0,1,2,85
202400025875,2024-09-02,Morning,4,1,6.0,1,2,54
202400025876,2024-01-24,Afternoon,4,1,1.0,1,2,75
202400025877,2024-04-13,Evening,3,1,6.0,1,2,56
202400025878,2024-04-13,Afternoon,3,1,6.0,1,1,27
202400025879,2024-01-24,Afternoon,4,1,6.0,1,2,75
202400025880,2024-09-03,Afternoon,4,8,3.0,1,1,54
202400025881,2024-04-13,Night,4,1,6.0,3,2,27
202400025882,2024-01-24,Afternoon,4,1,3.0,1,2,75
202400025883,2024-09-02,Afternoon,4,8,6.0,1,2,54
202400025884,2024-04-13,Afternoon,3,1,2.0,1,1,59
202400025885,2024-01-24,Morning,4,1,1.0,1,2,75
202400025886,2024-09-03,Afternoon,4,2,6.0,1,2,51
202400025887,2024-04-13,Afternoon,4,1,4.0,1,1,13
202400025888,2024-01-24,Morning,4,1,3.0,1,2,75
202400025889,2024-04-09,Evening,4,1,2.0,1,1,13
202400025890,2024-09-03,Morning,4,1,2.0,1,2,51
202400025891,2024-01-24,Morning,4,1,3.0,5,2,75
202400025892,2024-09-02,Afternoon,4,1,7.0,1,2,51
202400025893,2024-04-12,Afternoon,4,1,4.0,1,1,13
202400025894,2024-01-24,Morning,4,2,7.0,1,2,75
202400025895,2024-01-23,Afternoon,4,2,6.0,1,2,94
202400025896,2024-09-02,Afternoon,4,1,2.0,1,2,51
202400025897,2024-04-12,Morning,4,1,2.0,1,1,13
202400025898,2024-09-02,Afternoon,4,3,6.0,1,2,49
202400025899,2024-01-24,Afternoon,4,1,6.0,1,2,94
202400025900,2024-04-12,Evening,4,1,4.0,4,1,33
202400025901,2024-01-24,Evening,4,1,6.0,5,2,94
202400025902,2024-09-03,Morning,4,2,4.0,1,1,47
202400025903,2024-04-13,Evening,4,1,3.0,3,1,92
202400025904,2024-01-23,Night,3,2,3.0,5,2,94
202400025905,2024-09-03,Afternoon,4,8,3.0,1,2,45
202400025906,2024-04-13,Afternoon,4,1,4.0,1,1,91
202400025907,2024-01-24,Night,4,1,2.0,5,2,93
202400025908,2024-09-03,Morning,4,1,3.0,1,2,44
202400025909,2024-04-12,Evening,4,1,4.0,1,1,91
202400025910,2024-01-24,Morning,4,9,6.0,1,2,93
202400025911,2024-04-13,Night,4,1,2.0,3,1,78
202400025912,2024-08-22,Afternoon,3,1,4.0,1,2,40
202400025913,2024-04-13,Afternoon,4,1,2.0,1,1,93
202400025914,2024-01-24,Morning,4,2,6.0,5,2,93
202400025915,2024-09-03,Morning,4,9,2.0,2,2,37
202400025916,2024-04-13,Afternoon,4,1,5.0,1,1,93
202400025917,2024-01-24,Morning,3,1,6.0,1,2,93
202400025918,2024-09-03,Morning,4,2,6.0,2,1,37
202400025919,2024-04-13,Morning,4,1,2.0,3,1,95
202400025920,2024-09-03,Evening,4,1,6.0,1,2,36
202400025921,2024-01-24,Morning,4,2,6.0,2,2,93
202400025922,2024-04-13,Evening,4,1,6.0,3,1,94
202400025923,2024-04-12,Night,4,1,2.0,3,1,77
202400025924,2024-01-23,Evening,4,1,6.0,2,2,93
202400025925,2024-09-03,Afternoon,3,1,3.0,1,2,34
202400025926,2024-04-12,Evening,4,1,7.0,2,1,94
202400025927,2024-09-03,Afternoon,4,1,2.0,1,2,31
202400025929,2024-01-24,Afternoon,4,1,3.0,2,2,93
202400025930,2024-05-24,Afternoon,4,1,3.0,1,2,14
202400025931,2024-01-24,Morning,4,1,6.0,1,2,93
202400025932,2024-04-12,Evening,4,1,4.0,1,1,77
202400025933,2024-09-03,Morning,4,8,3.0,1,1,29
202400025934,2024-07-28,Night,4,2,5.0,5,2,2A
202400025935,2024-05-23,Afternoon,3,1,2.0,1,1,14
202400025936,2024-01-24,Morning,4,1,3.0,1,1,92
202400025937,2024-09-03,Morning,4,1,3.0,1,1,27
202400025938,2024-02-11,Afternoon,3,1,3.0,1,2,34
202400025939,2024-07-26,Evening,4,3,2.0,5,2,91
202400025940,2024-01-24,Afternoon,4,1,6.0,1,2,92
202400025941,2024-05-23,Evening,4,2,6.0,1,2,05
202400025943,2024-09-03,Morning,4,1,6.0,1,2,25
202400025944,2024-07-27,Afternoon,4,2,2.0,1,2,91
202400025945,2024-01-24,Morning,4,1,2.0,1,1,92
202400025947,2024-09-03,Afternoon,4,1,2.0,1,2,22
202400025948,2024-07-24,Afternoon,4,9,2.0,1,2,86
202400025949,2024-01-24,Afternoon,4,1,2.0,1,2,92
202400025950,2024-05-24,Afternoon,3,1,1.0,1,1,45
202400025952,2024-05-24,Morning,4,1,7.0,1,1,64
202400025953,2024-07-27,Afternoon,4,8,6.0,1,2,85
202400025954,2024-09-02,Morning,4,1,2.0,1,2,19
202400025955,2024-01-23,Evening,4,1,3.0,5,2,92
202400025956,2024-07-27,Night,4,1,6.0,5,2,84
202400025957,2024-01-23,Evening,4,1,2.0,5,2,60
202400025959,2024-09-03,Night,4,2,7.0,5,2,17
202400025960,2024-05-23,Afternoon,4,3,3.0,1,1,18
202400025961,2024-01-24,Afternoon,4,1,3.0,1,1,65
202400025962,2024-09-03,Evening,4,1,3.0,1,1,16
202400025963,2024-07-27,Evening,4,1,1.0,1,2,84
202400025964,2024-05-23,Morning,4,5,1.0,1,1,43
202400025966,2024-01-24,Morning,3,1,1.0,1,1,26
202400025967,2024-05-24,Morning,3,1,6.0,1,2,28
202400025968,2024-07-27,Morning,3,1,6.0,1,2,83
202400025969,2024-09-03,Evening,4,1,3.0,5,2,13
202400025970,2024-01-24,Evening,4,1,1.0,3,1,86
202400025971,2024-05-24,Morning,3,1,3.0,2,1,17
202400025972,2024-07-26,Night,3,1,3.0,5,2,83
202400025973,2024-01-25,Afternoon,3,1,7.0,1,1,41
202400025974,2024-09-04,Night,4,1,2.0,5,2,13
202400025975,2024-05-17,Afternoon,4,3,1.0,1,1,37
202400025976,2024-07-27,Afternoon,4,1,6.0,1,2,83
202400025977,2024-01-23,Morning,3,8,3.0,2,1,31
202400025978,2024-09-02,Evening,4,1,3.0,1,2,10
202400025979,2024-05-23,Morning,4,1,2.0,1,2,37
202400025980,2024-07-27,Night,3,1,1.0,5,2,79
202400025982,2024-05-23,Afternoon,3,1,2.0,1,1,33
202400025983,2024-01-24,Night,3,1,7.0,3,1,66
202400025985,2024-01-25,Afternoon,4,8,6.0,2,2,51
202400025986,2024-09-02,Evening,4,1,3.0,1,2,10
202400025987,2024-07-27,Morning,4,2,6.0,1,2,78
202400025988,2024-01-17,Morning,3,9,6.0,3,1,51
202400025989,2024-05-21,Night,4,1,2.0,3,1,57
202400025990,2024-01-24,Evening,4,1,6.0,5,2,2B
202400025991,2024-07-26,Evening,2,1,6.0,1,1,77
202400025992,2024-01-21,Afternoon,3,1,6.0,1,1,2B
202400025994,2024-05-23,Afternoon,3,1,2.0,1,2,33
202400025995,2024-09-02,Afternoon,4,8,7.0,1,2,10
202400025996,2024-01-25,Morning,4,1,1.0,1,1,11
202400025997,2024-07-26,Morning,3,1,1.0,1,2,71
202400025998,2024-01-24,Evening,3,1,6.0,4,2,61
202400025999,2024-05-24,Afternoon,4,1,1.0,1,1,77
202400026000,2024-07-27,Afternoon,2,1,6.0,1,2,67
202400026001,2024-05-22,Afternoon,4,1,7.0,1,1,77
202400026002,2024-07-26,Evening,4,1,3.0,1,2,66
202400026003,2024-09-03,Evening,4,1,5.0,1,2,06
202400026004,2024-05-22,Morning,3,1,3.0,1,1,77
202400026005,2024-01-23,Evening,4,8,3.0,5,2,22
202400026006,2024-07-27,Morning,4,1,2.0,1,2,64
202400026007,2024-09-03,Evening,4,1,3.0,1,2,75
202400026008,2024-01-25,Morning,3,2,1.0,3,1,25
202400026009,2024-07-27,Night,3,1,3.0,5,2,64
202400026010,2024-05-23,Afternoon,3,1,2.0,1,1,2B
202400026011,2024-01-24,Evening,3,8,6.0,2,2,44
202400026012,2024-07-22,Evening,3,1,7.0,1,2,61
202400026013,2024-09-03,Afternoon,4,1,5.0,1,2,75
202400026014,2024-01-24,Afternoon,2,1,2.0,1,1,26
202400026015,2024-05-24,Afternoon,4,3,1.0,1,1,30
202400026016,2024-07-28,Night,3,1,6.0,5,2,59
202400026017,2024-09-03,Afternoon,4,1,3.0,1,2,75
202400026018,2024-05-23,Afternoon,3,1,7.0,1,1,54
202400026019,2024-07-26,Afternoon,4,1,6.0,1,2,59
202400026020,2024-09-03,Night,4,1,3.0,5,2,75
202400026021,2024-01-24,Afternoon,4,8,2.0,1,1,72
202400026022,2024-07-27,Night,4,3,6.0,3,2,57
202400026023,2024-05-24,Afternoon,4,1,3.0,1,2,42
202400026024,2024-01-23,Morning,3,1,6.0,1,2,05
202400026025,2024-09-03,Night,4,1,5.0,5,2,75
202400026026,2024-01-24,Evening,2,2,6.0,3,1,50
202400026027,2024-07-27,Morning,4,8,6.0,2,2,56
202400026028,2024-09-03,Morning,4,1,6.0,1,2,75
202400026029,2024-05-24,Morning,3,1,6.0,1,2,31
202400026030,2024-01-21,Evening,4,1,3.0,2,1,64
202400026031,2024-07-27,Afternoon,4,3,5.0,1,2,51
202400026032,2024-09-03,Night,4,1,3.0,5,2,75
202400026033,2024-07-27,Afternoon,4,2,6.0,1,2,51
202400026034,2024-09-03,Afternoon,4,1,7.0,1,2,75
202400026035,2024-01-20,Afternoon,4,7,7.0,1,1,73
202400026036,2024-05-22,Morning,4,1,2.0,1,1,13