Num_Acc,date,time_of_day,max_severity,weather,collision_type,lighting,urban_area,department
202400026037,2024-07-27,Night,4,2,7.0,5,1,49
202400026038,2024-09-03,Morning,4,1,6.0,1,2,75
202400026039,2024-05-22,Morning,4,1,7.0,1,1,13
202400026040,2024-01-24,Afternoon,4,1,1.0,1,1,16
202400026041,2024-09-03,Night,4,1,6.0,5,2,75
202400026042,2024-07-26,Afternoon,4,1,3.0,1,2,45
202400026043,2024-04-12,Night,4,1,2.0,3,1,69
202400026044,2024-01-25,Afternoon,2,1,2.0,1,1,07
202400026045,2024-05-23,Night,4,1,7.0,4,1,33
202400026046,2024-07-27,Afternoon,4,2,3.0,1,2,37
202400026047,2024-01-24,Morning,4,1,6.0,5,2,37
202400026048,2024-09-03,Afternoon,4,8,3.0,1,2,75
202400026049,2024-01-25,Evening,3,1,7.0,5,2,30
202400026050,2024-07-26,Afternoon,4,1,3.0,1,2,37
202400026051,2024-09-03,Morning,4,2,3.0,1,2,75
202400026052,2024-05-23,Morning,4,1,4.0,1,1,33
202400026053,2024-01-25,Afternoon,4,2,3.0,1,2,08
202400026054,2024-07-27,Afternoon,4,1,6.0,1,2,33
202400026055,2024-01-25,Morning,3,1,3.0,5,2,95
202400026056,2024-07-27,Night,4,1,6.0,5,2,33
202400026057,2024-05-23,Morning,2,1,4.0,2,1,33
202400026058,2024-09-02,Evening,4,1,3.0,5,2,93
202400026059,2024-01-24,Afternoon,3,1,3.0,1,1,13
202400026060,2024-07-26,Afternoon,3,7,6.0,1,2,33
202400026061,2024-09-03,Evening,4,1,3.0,1,2,93
202400026062,2024-05-18,Morning,4,2,5.0,1,1,62
202400026063,2024-01-24,Afternoon,4,1,1.0,1,2,06
202400026064,2024-07-26,Night,4,2,3.0,5,2,27
202400026065,2024-05-23,Morning,4,1,2.0,1,1,93
202400026066,2024-09-03,Morning,4,1,6.0,1,2,93
202400026067,2024-01-24,Evening,3,1,7.0,3,1,95
202400026068,2024-07-27,Morning,3,1,6.0,1,2,26
202400026069,2024-09-03,Morning,4,8,3.0,1,2,93
202400026070,2024-05-23,Evening,3,1,2.0,1,1,94
202400026071,2024-01-22,Evening,4,1,5.0,3,1,83
202400026072,2024-09-03,Afternoon,3,1,2.0,1,2,93
202400026073,2024-05-23,Night,4,2,4.0,3,1,94
202400026074,2024-01-12,Morning,4,1,6.0,1,1,06
202400026075,2024-09-03,Morning,4,8,6.0,1,2,93
202400026076,2024-07-27,Afternoon,4,1,4.0,1,1,17
202400026077,2024-05-22,Morning,4,1,2.0,2,1,94
202400026078,2024-09-03,Afternoon,4,1,6.0,1,2,93
202400026079,2024-01-25,Afternoon,2,1,3.0,1,1,13
202400026080,2024-01-07,Afternoon,3,2,6.0,1,1,14
202400026081,2024-07-27,Night,4,1,4.0,3,1,17
202400026082,2024-01-25,Morning,4,1,2.0,1,1,57
202400026083,2024-09-03,Afternoon,4,8,5.0,2,2,93
202400026084,2024-02-18,Evening,4,1,3.0,5,2,13
202400026085,2024-01-24,Morning,3,1,6.0,1,2,26
202400026086,2024-08-29,Evening,4,1,6.0,2,2,92
202400026087,2024-07-27,Morning,4,1,3.0,1,2,15
202400026088,2024-01-24,Morning,3,1,3.0,1,1,85
202400026089,2024-09-03,Night,4,1,6.0,5,2,92
202400026090,2024-02-18,Morning,3,1,5.0,1,2,13
202400026091,2024-07-27,Morning,4,1,2.0,1,2,14
202400026092,2024-01-25,Afternoon,3,1,1.0,1,1,80
202400026093,2024-09-03,Morning,4,1,7.0,1,2,92
202400026095,2024-07-27,Night,4,1,3.0,5,2,13
202400026096,2024-01-24,Morning,4,1,2.0,1,1,13
202400026097,2024-09-03,Morning,4,2,3.0,1,2,92
202400026098,2024-07-27,Evening,4,1,1.0,1,2,13
202400026101,2024-09-03,Afternoon,4,1,3.0,1,2,92
202400026102,2024-01-23,Morning,4,1,4.0,1,1,13
202400026103,2024-07-26,Afternoon,4,1,3.0,1,2,13
202400026104,2024-05-22,Evening,4,2,3.0,1,2,69
202400026105,2024-09-03,Afternoon,4,1,3.0,1,2,92
202400026106,2024-01-23,Morning,4,1,3.0,5,1,83
202400026107,2024-07-26,Afternoon,4,1,3.0,1,2,13
202400026109,2024-05-22,Morning,4,1,6.0,1,2,69
202400026110,2024-01-16,Night,4,1,2.0,3,1,69
202400026111,2024-07-27,Morning,3,1,7.0,1,2,11
202400026112,2024-05-21,Afternoon,4,1,6.0,1,2,90
202400026113,2024-09-03,Afternoon,3,1,3.0,1,2,12
202400026114,2024-07-27,Afternoon,4,1,6.0,1,2,11
202400026115,2024-01-16,Afternoon,4,1,2.0,3,1,42
202400026116,2024-05-22,Evening,4,1,7.0,1,2,88
202400026117,2024-08-13,Afternoon,4,1,1.0,1,1,40
202400026118,2024-07-27,Evening,4,3,7.0,1,2,10
202400026119,2024-05-22,Afternoon,4,1,1.0,1,2,84
202400026120,2024-07-27,Morning,4,1,3.0,1,2,06
202400026121,2024-01-24,Afternoon,4,1,5.0,1,1,57
202400026122,2024-09-03,Afternoon,3,1,3.0,1,2,31
202400026123,2024-05-21,Afternoon,4,1,3.0,1,2,84
202400026124,2024-09-04,Afternoon,3,3,6.0,1,2,81
202400026125,2024-01-24,Afternoon,4,1,3.0,1,1,33
202400026126,2024-07-27,Night,4,1,6.0,3,2,04
202400026127,2024-05-21,Morning,4,1,3.0,1,2,84
202400026128,2024-09-03,Night,2,8,6.0,3,1,10
202400026129,2024-07-27,Evening,4,2,7.0,1,2,75
202400026130,2024-09-04,Afternoon,4,2,7.0,1,1,46
202400026131,2024-01-24,Afternoon,4,1,5.0,1,1,94
202400026132,2024-05-21,Night,4,1,3.0,5,2,83
202400026133,2024-07-27,Morning,4,2,2.0,1,2,75
202400026134,2024-09-03,Afternoon,3,1,1.0,1,1,67
202400026135,2024-01-24,Night,4,1,7.0,3,1,91
202400026136,2024-07-27,Morning,4,2,6.0,1,2,75
202400026137,2024-05-22,Morning,4,8,2.0,1,2,78
202400026138,2024-09-03,Afternoon,4,1,3.0,1,1,58
202400026139,2024-05-22,Morning,4,1,3.0,1,2,78
202400026140,2024-07-26,Afternoon,4,1,3.0,1,2,75
202400026141,2024-01-23,Morning,4,1,3.0,1,1,78
202400026142,2024-09-04,Night,2,1,7.0,3,1,30
202400026143,2024-05-21,Afternoon,2,1,6.0,1,2,77
202400026144,2024-07-26,Morning,4,2,3.0,1,2,75
202400026145,2024-01-24,Night,4,1,4.0,3,1,93
202400026146,2024-08-20,Evening,4,1,6.0,1,1,62
202400026147,2024-05-16,Morning,3,1,1.0,1,1,77
202400026148,2024-09-04,Night,4,1,6.0,3,1,95
202400026149,2024-07-27,Afternoon,4,2,3.0,1,2,75
202400026150,2024-05-22,Evening,4,1,6.0,1,2,69
202400026151,2024-09-03,Evening,4,1,3.0,1,1,76
202400026152,2024-07-26,Evening,4,3,6.0,1,2,75
202400026154,2024-05-22,Morning,4,1,1.0,1,2,66
202400026156,2024-07-27,Afternoon,4,1,3.0,1,2,75
202400026157,2024-05-22,Evening,4,1,3.0,1,2,59
202400026158,2024-09-03,Afternoon,4,1,6.0,1,2,25
202400026159,2024-05-21,Afternoon,4,1,6.0,1,2,56
202400026160,2024-07-27,Afternoon,4,3,2.0,1,2,75
202400026161,2024-01-24,Night,3,1,3.0,5,2,69
202400026162,2024-09-04,Morning,4,1,3.0,1,1,44
202400026163,2024-05-22,Evening,4,1,3.0,1,2,54
202400026164,2024-01-12,Afternoon,4,1,6.0,1,2,69
202400026165,2024-07-26,Night,4,2,3.0,5,2,75
202400026166,2024-05-22,Morning,4,1,3.0,1,2,54
202400026167,2024-09-04,Morning,3,1,3.0,2,2,44
202400026169,2024-05-21,Evening,4,1,3.0,1,2,54
202400026170,2024-07-26,Afternoon,4,8,6.0,1,2,75
202400026171,2024-08-30,Morning,3,1,7.0,1,1,29
202400026173,2024-07-26,Afternoon,4,1,6.0,1,2,94
202400026174,2024-05-21,Morning,4,2,3.0,1,2,54
202400026176,2024-05-21,Morning,4,2,7.0,1,2,49
202400026177,2024-09-04,Evening,3,1,5.0,2,1,58
202400026178,2024-07-27,Night,4,2,6.0,5,2,94
202400026180,2024-05-22,Afternoon,4,1,1.0,1,2,45
202400026181,2024-01-23,Morning,4,1,3.0,2,2,69
202400026182,2024-09-04,Night,3,2,1.0,3,1,54
202400026183,2024-07-27,Morning,4,3,3.0,2,2,94
202400026184,2024-05-22,Evening,4,1,7.0,1,1,41
202400026185,2024-09-04,Morning,3,1,7.0,1,1,05
202400026186,2024-01-23,Morning,4,1,3.0,2,2,69
202400026187,2024-05-20,Morning,3,3,1.0,1,2,40
202400026188,2024-07-27,Evening,4,8,3.0,2,2,94
202400026189,2024-09-03,Afternoon,4,1,1.0,1,1,21
202400026190,2024-05-17,Afternoon,3,1,3.0,1,2,40
202400026192,2024-07-26,Night,4,3,6.0,5,1,94
202400026193,2024-09-03,Afternoon,3,1,3.0,1,1,37
202400026194,2024-05-22,Morning,4,1,6.0,1,2,37
202400026196,2024-09-04,Afternoon,3,1,3.0,1,1,30
202400026197,2024-07-27,Afternoon,4,2,1.0,1,1,95
202400026198,2024-05-22,Morning,4,1,1.0,1,2,35
202400026199,2024-08-29,Evening,3,1,6.0,1,1,48
202400026200,2024-01-19,Night,4,1,3.0,5,2,87
202400026201,2024-07-27,Afternoon,4,2,3.0,1,2,93
202400026202,2024-05-17,Evening,4,1,2.0,1,2,35
202400026203,2024-01-19,Morning,4,1,6.0,5,2,87
202400026204,2024-09-04,Evening,3,3,1.0,2,1,48
202400026205,2024-07-27,Afternoon,4,2,7.0,1,2,92
202400026206,2024-05-22,Night,3,1,7.0,5,2,34
202400026207,2024-01-18,Afternoon,4,2,6.0,1,2,87
202400026208,2024-09-04,Morning,3,3,6.0,1,1,31
202400026209,2024-07-27,Night,4,2,6.0,5,2,92
202400026210,2024-05-21,Morning,4,1,3.0,1,2,34
202400026211,2024-01-17,Afternoon,4,3,6.0,1,2,87
202400026212,2024-09-01,Night,4,1,1.0,3,1,38
202400026213,2024-07-27,Afternoon,4,2,6.0,1,2,92
202400026214,2024-05-21,Afternoon,2,1,6.0,1,2,34
202400026215,2024-07-27,Evening,4,1,6.0,2,2,92
202400026216,2024-01-22,Morning,3,1,3.0,1,2,84
202400026217,2024-09-04,Afternoon,4,2,7.0,1,1,63
202400026218,2024-05-22,Morning,4,1,2.0,1,2,34
202400026219,2024-01-23,Morning,3,1,6.0,1,2,83
202400026220,2024-01-23,Afternoon,4,1,7.0,1,2,83
202400026222,2024-05-22,Evening,4,1,3.0,1,2,33
202400026223,2024-07-27,Afternoon,4,3,1.0,1,2,92
202400026224,2024-05-22,Afternoon,4,1,,1,2,28
202400026225,2024-07-26,Morning,3,1,7.0,1,1,47
202400026226,2024-09-03,Morning,4,1,2.0,1,1,49
202400026227,2024-09-04,Morning,4,3,3.0,1,1,63
202400026228,2024-05-19,Morning,3,1,6.0,2,2,22
202400026229,2024-07-25,Afternoon,3,1,1.0,1,2,51
202400026230,2024-07-26,Evening,3,2,7.0,3,1,67
202400026231,2024-05-22,Morning,4,1,4.0,1,2,13
202400026232,2024-09-01,Afternoon,4,1,3.0,1,1,14
202400026233,2024-05-22,Afternoon,4,1,3.0,1,2,13
202400026234,2024-09-04,Morning,4,1,6.0,1,1,38
202400026235,2024-07-28,Afternoon,3,1,1.0,1,1,41
202400026236,2024-09-03,Afternoon,4,1,6.0,1,2,06
202400026237,2024-07-27,Morning,4,1,7.0,1,1,69
202400026238,2024-05-22,Morning,3,1,3.0,1,2,13
202400026240,2024-05-22,Evening,4,1,3.0,1,1,13
202400026241,2024-09-04,Morning,2,8,3.0,1,1,13
202400026242,2024-09-02,Afternoon,2,8,7.0,1,1,73
202400026243,2024-05-19,Evening,3,3,3.0,1,1,12
202400026244,2024-08-29,Afternoon,3,1,3.0,1,1,81
202400026245,2024-07-27,Morning,3,1,3.0,1,1,83
202400026246,2024-05-21,Afternoon,4,1,1.0,1,1,11
202400026247,2024-07-26,Afternoon,4,1,2.0,1,1,34
202400026248,2024-05-22,Afternoon,4,1,6.0,1,2,10
202400026249,2024-08-28,Morning,4,1,2.0,1,1,81
202400026250,2024-05-22,Night,4,2,6.0,5,2,05
202400026251,2024-09-04,Night,2,2,6.0,3,1,31
202400026252,2024-07-27,Evening,3,1,1.0,1,1,41
202400026253,2024-07-27,Night,3,1,7.0,3,1,23
202400026254,2024-09-04,Morning,4,1,1.0,2,2,33
202400026255,2024-05-22,Night,4,1,5.0,5,2,75
202400026256,2024-07-26,Afternoon,4,1,2.0,1,1,79
202400026257,2024-08-30,Afternoon,3,1,6.0,1,2,29
202400026258,2024-05-22,Night,3,1,6.0,5,2,75
202400026259,2024-07-28,Afternoon,3,1,6.0,1,1,2B
202400026260,2024-09-03,Evening,3,1,3.0,1,1,35
202400026261,2024-05-22,Evening,4,9,3.0,2,2,75
202400026262,2024-07-26,Night,3,1,6.0,3,1,82
202400026263,2024-09-02,Morning,4,1,3.0,1,2,80
202400026264,2024-07-27,Night,3,1,7.0,3,1,61
202400026265,2024-05-22,Morning,4,1,6.0,1,2,75
202400026266,2024-07-26,Evening,3,2,1.0,1,1,61
202400026267,2024-05-21,Afternoon,4,1,3.0,1,2,75
202400026268,2024-07-27,Evening,4,1,7.0,1,1,49
202400026269,2024-09-03,Afternoon,4,1,2.0,1,1,33
202400026270,2024-05-22,Morning,4,8,6.0,1,2,94
202400026271,2024-07-28,Night,3,1,6.0,3,1,49
202400026272,2024-05-22,Afternoon,4,1,7.0,1,2,94
202400026273,2024-09-03,Morning,4,2,4.0,1,1,33
202400026274,2024-07-28,Afternoon,3,1,3.0,1,1,49
202400026275,2024-05-22,Evening,4,1,3.0,1,2,94
202400026276,2024-08-30,Night,4,1,2.0,3,1,59
202400026277,2024-07-28,Afternoon,3,1,5.0,1,2,42
202400026278,2024-05-22,Evening,4,1,3.0,1,2,94
202400026279,2024-09-03,Morning,4,2,2.0,1,1,91
202400026280,2024-07-26,Evening,3,1,3.0,1,1,47
202400026281,2024-05-19,Afternoon,3,1,6.0,1,1,94
202400026282,2024-09-03,Morning,4,2,3.0,1,1,91
202400026283,2024-05-21,Night,3,1,3.0,5,2,93
202400026284,2024-07-27,Afternoon,3,1,3.0,1,1,86
202400026285,2024-07-25,Evening,4,1,7.0,3,1,68
202400026286,2024-05-22,Morning,4,1,2.0,1,2,93
202400026287,2024-09-03,Morning,4,2,4.0,1,1,92
202400026288,2024-05-22,Afternoon,4,1,3.0,1,2,93
202400026289,2024-07-22,Night,4,1,3.0,3,1,44
202400026290,2024-09-02,Evening,4,1,6.0,1,1,93
202400026291,2024-05-21,Morning,4,1,3.0,1,2,93
202400026292,2024-07-27,Afternoon,3,1,6.0,1,2,35
202400026293,2024-09-02,Afternoon,4,1,3.0,1,1,93
202400026294,2024-07-19,Night,4,1,6.0,5,2,29
202400026295,2024-05-22,Evening,4,3,3.0,2,2,93
202400026296,2024-05-21,Morning,4,8,6.0,1,2,92
202400026297,2024-07-27,Afternoon,3,7,5.0,1,2,38
202400026298,2024-07-28,Afternoon,3,1,6.0,1,1,38
202400026299,2024-05-22,Afternoon,4,1,3.0,1,2,92
202400026300,2024-09-02,Morning,4,1,4.0,1,1,93
202400026301,2024-07-27,Evening,4,1,7.0,1,1,06
202400026302,2024-05-22,Night,4,1,6.0,5,2,92
202400026303,2024-07-28,Night,3,1,7.0,3,2,06
202400026304,2024-05-22,Evening,3,1,6.0,1,2,92
202400026305,2024-09-03,Night,4,1,6.0,3,1,77
202400026306,2024-05-21,Evening,3,1,6.0,1,2,92
202400026307,2024-07-27,Night,3,1,6.0,3,1,50
202400026308,2024-07-28,Morning,3,1,6.0,1,1,16
202400026309,2024-09-03,Afternoon,4,8,4.0,1,1,94
202400026310,2024-05-22,Afternoon,4,1,2.0,1,2,92
202400026311,2024-07-27,Afternoon,3,1,3.0,1,1,16
202400026312,2024-09-03,Morning,4,2,3.0,1,1,77
202400026313,2024-05-23,Afternoon,3,8,1.0,1,1,33
202400026314,2024-05-17,Morning,3,1,6.0,1,1,47
202400026315,2024-07-27,Evening,3,1,1.0,1,1,24
202400026316,2024-09-02,Afternoon,4,1,2.0,1,1,77
202400026317,2024-05-21,Evening,4,1,3.0,1,2,17
202400026318,2024-07-28,Afternoon,4,1,3.0,1,1,04
202400026319,2024-07-27,Evening,3,1,3.0,1,1,85
202400026320,2024-05-22,Afternoon,3,1,6.0,1,1,14
202400026321,2024-04-30,Night,4,1,7.0,3,1,79
202400026322,2024-07-27,Afternoon,4,8,6.0,1,1,28
202400026323,2024-05-23,Morning,2,1,3.0,1,1,36
202400026324,2024-07-25,Evening,4,1,1.0,2,1,28
202400026325,2024-05-22,Afternoon,2,8,1.0,1,1,87
202400026326,2024-07-26,Afternoon,3,1,3.0,1,2,30
202400026327,2024-05-23,Morning,3,1,6.0,1,1,19
202400026328,2024-07-28,Night,4,2,6.0,3,1,90
202400026329,2024-05-23,Afternoon,4,8,1.0,1,1,63
202400026330,2024-05-21,Evening,3,2,1.0,1,1,61
202400026331,2024-07-28,Night,4,1,2.0,3,1,21
202400026332,2024-07-28,Morning,4,1,6.0,1,1,27
202400026333,2024-05-22,Afternoon,3,1,1.0,1,1,12
202400026334,2024-05-22,Evening,3,2,6.0,3,1,47
202400026335,2024-07-28,Night,4,1,1.0,3,1,11
202400026337,2024-05-19,Afternoon,3,1,7.0,1,1,47
202400026339,2024-05-23,Afternoon,4,1,3.0,1,2,68
202400026340,2024-05-16,Morning,4,1,6.0,1,2,68
202400026341,2024-07-28,Morning,4,1,1.0,1,1,66
202400026342,2024-05-23,Morning,2,1,6.0,1,2,39
202400026343,2024-07-28,Morning,4,1,1.0,1,1,30
202400026344,2024-05-23,Afternoon,4,2,7.0,1,2,25
202400026345,2024-07-27,Afternoon,3,7,3.0,1,2,84
202400026346,2024-07-28,Night,2,1,5.0,3,1,13
202400026347,2024-05-23,Morning,3,1,5.0,1,2,72
202400026348,2024-07-27,Morning,4,1,3.0,1,1,13
202400026349,2024-05-14,Afternoon,4,1,1.0,1,1,06
202400026350,2024-07-27,Morning,3,1,2.0,1,2,70
202400026351,2024-05-23,Morning,3,1,6.0,2,1,14
202400026352,2024-07-27,Afternoon,3,1,6.0,1,1,71
202400026353,2024-07-28,Morning,4,1,7.0,1,1,08
202400026354,2024-05-23,Morning,4,8,4.0,1,2,07
202400026355,2024-05-21,Evening,3,1,3.0,1,1,24
202400026356,2024-07-28,Afternoon,4,1,3.0,1,1,38
202400026357,2024-07-28,Afternoon,3,1,7.0,1,1,26
202400026358,2024-05-23,Afternoon,2,1,6.0,1,2,27
202400026359,2024-07-28,Evening,3,1,7.0,1,1,69
202400026360,2024-05-22,Afternoon,4,1,1.0,1,1,27
202400026361,2024-07-23,Afternoon,4,1,3.0,1,2,81
202400026362,2024-05-22,Afternoon,3,1,1.0,1,1,24
202400026363,2024-07-05,Afternoon,4,1,1.0,1,2,33
202400026364,2024-05-22,Afternoon,3,1,3.0,1,1,31
202400026365,2024-07-28,Morning,4,1,1.0,1,1,44
202400026366,2024-05-21,Morning,3,1,3.0,1,1,88
202400026368,2024-07-27,Evening,4,1,5.0,2,2,29
202400026370,2024-07-23,Afternoon,4,1,7.0,1,1,13
202400026372,2024-07-23,Evening,4,1,4.0,1,2,13
202400026373,2024-05-17,Afternoon,3,1,2.0,1,1,37
202400026374,2024-07-27,Morning,4,1,6.0,1,1,33
202400026375,2024-07-27,Night,4,1,6.0,4,1,33
202400026376,2024-05-22,Evening,3,2,1.0,2,2,91
202400026377,2024-07-27,Afternoon,4,2,7.0,1,1,91
202400026378,2024-05-21,Evening,3,1,3.0,1,2,06
202400026379,2024-07-27,Afternoon,4,1,7.0,1,1,91
202400026380,2024-07-27,Afternoon,4,1,6.0,1,1,94
202400026381,2024-05-20,Afternoon,3,2,1.0,1,1,69
202400026382,2024-07-27,Morning,4,3,6.0,2,1,91
202400026383,2024-05-22,Evening,4,1,1.0,1,2,69
202400026384,2024-07-27,Night,4,2,7.0,3,1,91
202400026385,2024-05-22,Afternoon,3,1,6.0,1,2,69
202400026386,2024-07-26,Night,4,3,3.0,3,1,91
202400026387,2024-05-22,Afternoon,4,1,6.0,1,2,14
202400026388,2024-07-27,Morning,4,2,3.0,1,1,92
202400026389,2024-05-22,Morning,3,1,1.0,1,1,27
202400026390,2024-07-27,Evening,4,1,2.0,1,1,95
202400026391,2024-05-22,Afternoon,4,1,3.0,1,2,27
202400026392,2024-05-22,Morning,4,1,7.0,1,1,13
202400026393,2024-07-27,Morning,4,2,3.0,1,1,93
202400026394,2024-07-27,Morning,4,3,6.0,1,1,92
202400026395,2024-07-26,Evening,4,3,7.0,1,1,95
202400026396,2024-03-29,Night,4,1,3.0,4,1,54
202400026397,2024-07-26,Morning,4,3,2.0,5,1,95
202400026398,2024-05-22,Evening,4,2,3.0,1,1,94
202400026399,2024-07-27,Evening,4,3,3.0,1,1,94
202400026400,2024-05-22,Morning,4,1,3.0,1,1,92
202400026401,2024-07-27,Afternoon,4,3,5.0,1,1,94
202400026402,2024-05-21,Night,4,2,6.0,3,1,92
202400026403,2024-05-21,Night,4,2,6.0,3,1,78
202400026404,2024-07-27,Afternoon,4,3,2.0,1,1,93
202400026405,2024-05-21,Evening,4,1,7.0,1,1,92
202400026406,2024-05-22,Morning,4,1,6.0,1,1,93
202400026407,2024-07-27,Afternoon,4,2,2.0,1,1,77
202400026408,2024-05-21,Morning,4,8,5.0,1,1,95
202400026409,2024-07-27,Afternoon,4,3,6.0,1,1,77
202400026410,2024-05-20,Evening,4,2,2.0,1,1,95
202400026411,2024-07-27,Afternoon,4,3,2.0,1,1,75
202400026412,2024-05-21,Night,4,2,7.0,3,1,94
202400026413,2024-07-27,Night,4,3,2.0,3,1,77
202400026414,2024-03-01,Morning,4,1,6.0,1,2,45
202400026415,2024-02-12,Evening,3,1,3.0,5,2,18
202400026416,2024-03-12,Afternoon,4,8,3.0,1,2,32
202400026417,2024-01-03,Evening,3,2,6.0,5,2,17
202400026422,2024-07-26,Morning,4,1,6.0,1,2,69
202400026428,2024-05-21,Afternoon,4,1,3.0,1,2,69
202400026429,2024-07-25,Evening,4,1,2.0,5,2,2B
202400026431,2024-05-21,Afternoon,4,1,1.0,1,2,69
202400026433,2024-05-21,Morning,4,1,3.0,1,2,69
202400026435,2024-05-21,Morning,4,1,3.0,1,2,69
202400026436,2024-07-26,Morning,4,2,6.0,1,1,91
202400026437,2024-07-09,Afternoon,3,1,6.0,1,2,88
202400026439,2024-05-21,Morning,4,1,6.0,1,2,2B
202400026440,2024-07-25,Afternoon,4,1,4.0,1,2,87
202400026441,2024-07-25,Afternoon,4,1,2.0,1,1,87
202400026443,2024-07-25,Afternoon,4,1,2.0,1,2,87
202400026446,2024-07-25,Evening,4,1,5.0,1,2,83
202400026447,2024-05-18,Afternoon,3,1,6.0,1,2,85
202400026448,2024-07-26,Afternoon,4,1,3.0,1,2,81
202400026449,2024-05-20,Morning,4,1,6.0,1,2,84
202400026450,2024-05-21,Afternoon,4,1,7.0,1,2,80
202400026451,2024-07-26,Afternoon,4,1,3.0,1,2,80
202400026452,2024-05-18,Night,3,1,6.0,2,1,76
202400026453,2024-07-25,Night,4,1,6.0,5,2,80
202400026454,2024-07-25,Morning,4,1,2.0,1,2,80
202400026455,2024-05-19,Evening,4,1,6.0,1,2,76
202400026456,2024-05-18,Morning,4,1,7.0,2,2,76
202400026457,2024-07-24,Afternoon,4,1,3.0,1,2,80
202400026458,2024-05-21,Evening,4,1,6.0,1,2,67
202400026459,2024-07-26,Morning,4,1,2.0,1,2,79
202400026460,2024-05-21,Afternoon,4,2,3.0,1,1,66
202400026461,2024-07-26,Afternoon,2,2,3.0,1,1,77
202400026462,2024-05-21,Afternoon,4,1,3.0,1,2,66
202400026463,2024-07-25,Evening,3,3,6.0,1,2,76
202400026464,2024-05-21,Morning,4,1,2.0,1,2,66
202400026465,2024-07-25,Afternoon,4,1,3.0,1,2,72
202400026466,2024-05-21,Evening,4,1,3.0,1,2,64
202400026467,2024-07-26,Afternoon,4,1,3.0,1,2,69
202400026468,2024-07-26,Evening,4,1,6.0,2,2,69
202400026469,2024-05-19,Evening,3,1,6.0,1,2,62
202400026470,2024-05-12,Night,4,1,6.0,4,2,62
202400026471,2024-07-26,Evening,4,1,3.0,1,1,69
202400026472,2024-05-20,Afternoon,4,1,3.0,1,2,62
202400026473,2024-07-26,Morning,3,1,3.0,1,2,68
202400026474,2024-07-26,Afternoon,4,1,2.0,1,2,64
202400026475,2024-05-20,Afternoon,4,1,3.0,1,2,60
202400026476,2024-07-25,Evening,4,1,7.0,1,2,64
202400026477,2024-05-19,Night,4,1,6.0,3,2,56
202400026478,2024-07-24,Afternoon,4,1,7.0,1,2,64
202400026479,2024-05-19,Morning,4,1,6.0,2,1,56
202400026480,2024-07-25,Night,4,1,7.0,5,2,64
202400026481,2024-05-20,Night,3,5,6.0,5,2,54
202400026482,2024-07-24,Morning,4,1,7.0,1,2,64
202400026483,2024-07-26,Evening,4,1,1.0,1,2,59
202400026484,2024-07-26,Evening,4,1,1.0,1,1,59
202400026485,2024-07-26,Afternoon,4,1,6.0,1,2,56
202400026486,2024-07-26,Night,3,2,3.0,5,2,54
202400026487,2024-07-26,Afternoon,4,1,6.0,1,2,54
202400026488,2024-10-07,Morning,4,1,7.0,1,2,10
202400026489,2024-10-07,Morning,3,3,3.0,1,2,03
202400026490,2024-10-08,Morning,2,1,6.0,1,2,75
202400026491,2024-10-07,Afternoon,3,1,3.0,1,2,75
202400026492,2024-10-08,Afternoon,4,1,6.0,1,2,75
202400026493,2024-10-08,Evening,4,8,3.0,5,2,75
202400026494,2024-10-08,Morning,4,1,3.0,1,2,75
202400026495,2024-10-08,Afternoon,4,1,2.0,1,2,75
202400026496,2024-10-07,Afternoon,4,2,4.0,1,2,75
202400026497,2024-10-08,Afternoon,4,3,6.0,1,2,75
202400026498,2024-10-08,Afternoon,4,1,6.0,1,2,75
202400026499,2024-10-08,Evening,4,8,3.0,5,2,75
202400026500,2024-10-07,Afternoon,4,8,1.0,1,2,75
202400026501,2024-10-08,Evening,4,9,3.0,5,2,75
202400026502,2024-10-08,Afternoon,4,1,3.0,1,2,75
202400026503,2024-10-07,Afternoon,4,1,6.0,1,2,75
202400026504,2024-10-08,Afternoon,4,1,6.0,1,2,75
202400026505,2024-10-08,Afternoon,4,1,3.0,1,2,94
202400026506,2024-10-08,Afternoon,4,1,3.0,1,2,94
202400026507,2024-10-08,Morning,4,1,2.0,1,2,94
202400026508,2024-10-08,Morning,4,1,2.0,1,2,93
202400026509,2024-10-08,Afternoon,4,1,6.0,1,2,93
202400026510,2024-10-08,Morning,4,1,6.0,1,2,93
202400026511,2024-10-08,Afternoon,4,2,3.0,1,2,93
202400026512,2024-10-08,Afternoon,4,1,5.0,1,2,93
202400026513,2024-10-08,Night,4,2,3.0,5,2,93
202400026514,2024-10-07,Afternoon,4,2,1.0,1,2,93
202400026515,2024-10-08,Afternoon,4,1,3.0,1,2,93
202400026516,2024-10-07,Afternoon,4,2,2.0,1,2,92
202400026517,2024-10-08,Morning,4,2,3.0,5,2,92
202400026518,2024-10-07,Morning,4,8,7.0,1,2,92
202400026519,2024-10-08,Evening,4,1,1.0,5,2,92
202400026520,2024-10-08,Evening,4,2,3.0,5,2,92
202400026521,2024-10-07,Afternoon,4,2,3.0,1,2,92
202400026522,2024-10-08,Night,4,1,6.0,5,2,92
202400026523,2024-10-08,Afternoon,4,1,3.0,1,2,92