Num_Acc,date,time_of_day,max_severity,weather,collision_type,lighting,urban_area,department
202400026524,2024-10-09,Night,3,8,7.0,3,2,71
202400026525,2024-10-09,Morning,2,2,7.0,1,1,15
202400026526,2024-10-08,Morning,2,1,7.0,1,2,47
202400026527,2024-10-09,Morning,2,2,6.0,1,1,54
202400026528,2024-10-08,Morning,4,3,6.0,5,2,01
202400026529,2024-10-08,Afternoon,4,1,1.0,1,2,69
202400026530,2024-10-08,Evening,4,2,7.0,2,2,40
202400026531,2024-10-04,Morning,3,1,3.0,1,1,49
202400026532,2024-10-08,Afternoon,2,1,1.0,1,1,83
202400026533,2024-10-08,Afternoon,4,3,6.0,1,1,25
202400026534,2024-10-08,Afternoon,3,1,6.0,1,2,06
202400026535,2024-10-08,Afternoon,2,1,3.0,1,1,87
202400026536,2024-10-06,Evening,3,2,3.0,5,1,51
202400026537,2024-10-08,Afternoon,4,1,2.0,1,1,2B
202400026538,2024-10-08,Afternoon,2,1,6.0,1,1,82
202400026539,2024-10-08,Afternoon,3,1,3.0,1,1,82
202400026540,2024-10-08,Afternoon,3,1,3.0,1,1,81
202400026541,2024-10-07,Morning,4,2,3.0,1,2,71
202400026542,2024-10-08,Evening,4,1,3.0,5,2,63
202400026543,2024-10-07,Evening,2,1,6.0,3,1,49
202400026544,2024-10-08,Afternoon,4,1,4.0,1,1,42
202400026545,2024-10-08,Afternoon,3,1,3.0,1,2,47
202400026546,2024-10-07,Morning,3,2,3.0,1,1,86
202400026547,2024-10-07,Afternoon,4,2,3.0,1,1,86
202400026548,2024-10-08,Night,2,1,6.0,5,2,34
202400026549,2024-10-09,Afternoon,4,1,4.0,1,1,68
202400026550,2024-10-08,Night,4,9,6.0,4,2,29
202400026551,2024-10-09,Morning,4,1,6.0,2,1,29
202400026552,2024-10-09,Afternoon,3,1,1.0,1,1,31
202400026553,2024-10-06,Night,3,2,3.0,3,2,38
202400026554,2024-10-08,Afternoon,3,1,3.0,1,2,26
202400026555,2024-10-07,Afternoon,4,1,3.0,1,2,66
202400026556,2024-10-07,Morning,3,2,7.0,1,1,54
202400026557,2024-10-06,Afternoon,3,1,1.0,1,2,40
202400026558,2024-10-04,Evening,3,7,3.0,2,1,40
202400026559,2024-10-08,Afternoon,4,8,6.0,1,1,24
202400026560,2024-10-09,Morning,3,1,1.0,2,1,04
202400026561,2024-10-07,Afternoon,4,1,1.0,1,1,28
202400026563,2024-10-09,Evening,4,1,1.0,5,2,13
202400026564,2024-09-28,Morning,4,2,4.0,1,1,01
202400026565,2024-10-07,Night,3,1,6.0,3,1,34
202400026566,2024-10-09,Morning,4,3,6.0,1,1,77
202400026567,2024-10-08,Evening,4,2,6.0,3,1,77
202400026568,2024-10-08,Morning,4,1,1.0,1,2,45
202400026569,2024-10-08,Morning,3,2,6.0,1,1,83
202400026570,2024-10-09,Morning,4,1,7.0,1,1,68
202400026571,2024-10-08,Evening,4,1,1.0,1,2,57
202400026572,2024-10-09,Afternoon,4,1,6.0,1,2,42
202400026573,2024-10-04,Afternoon,3,1,6.0,1,1,01
202400026574,2024-10-08,Afternoon,4,1,7.0,1,2,69
202400026575,2024-10-08,Evening,4,2,3.0,1,2,69
202400026576,2024-10-08,Afternoon,2,7,1.0,1,1,69
202400026577,2024-10-08,Afternoon,4,1,3.0,1,1,81
202400026578,2024-10-09,Evening,3,2,3.0,1,2,14
202400026579,2024-10-09,Afternoon,4,2,1.0,1,1,14
202400026580,2024-10-09,Morning,2,3,6.0,3,1,27
202400026581,2024-10-09,Afternoon,4,3,1.0,1,2,59
202400026582,2024-10-08,Morning,4,1,2.0,1,1,13
202400026583,2024-10-07,Evening,4,1,6.0,3,1,83
202400026584,2024-10-05,Night,4,1,4.0,3,1,69
202400026585,2024-10-07,Morning,3,2,6.0,1,1,57
202400026586,2024-10-08,Evening,4,2,7.0,2,1,91
202400026587,2024-10-08,Afternoon,4,1,3.0,1,1,91
202400026588,2024-10-08,Night,4,2,6.0,3,1,91
202400026589,2024-10-08,Afternoon,4,1,5.0,1,1,78
202400026590,2024-10-07,Night,4,1,6.0,3,1,92
202400026591,2024-10-08,Evening,4,2,2.0,1,1,95
202400026592,2024-10-08,Afternoon,4,2,6.0,1,1,93
202400026593,2024-10-08,Afternoon,4,1,2.0,1,1,93
202400026594,2024-10-08,Afternoon,4,1,2.0,1,1,93
202400026595,2024-10-08,Morning,4,1,3.0,1,1,93
202400026596,2024-10-07,Afternoon,4,3,2.0,1,1,95
202400026597,2024-10-07,Evening,4,3,3.0,1,1,95
202400026598,2024-10-07,Evening,4,3,6.0,2,1,93
202400026599,2024-10-06,Evening,4,2,6.0,2,1,93
202400026600,2024-10-06,Evening,4,2,6.0,1,1,95
202400026601,2024-10-06,Afternoon,4,1,6.0,1,1,95
202400026602,2024-10-06,Morning,4,1,6.0,1,1,95
202400026603,2024-10-08,Afternoon,4,1,2.0,1,1,77
202400026604,2024-10-08,Morning,4,1,3.0,3,1,77
202400026605,2024-10-07,Morning,4,1,5.0,1,1,94
202400026606,2024-07-24,Afternoon,3,1,1.0,1,2,06
202400026607,2024-07-17,Afternoon,4,1,7.0,1,1,22
202400026608,2024-06-28,Night,3,1,3.0,2,1,14
202400026609,2024-06-27,Afternoon,3,1,6.0,1,1,14
202400026610,2024-07-26,Evening,4,1,2.0,2,1,18
202400026611,2024-10-05,Morning,2,1,7.0,3,2,44
202400026612,2024-08-03,Morning,4,1,2.0,1,2,57
202400026613,2024-06-26,Evening,4,1,2.0,1,2,29
202400026622,2024-10-07,Morning,4,1,3.0,2,2,69
202400026623,2024-10-07,Morning,4,1,2.0,1,1,2B
202400026625,2024-10-07,Afternoon,3,8,6.0,1,2,91
202400026626,2024-10-07,Morning,4,1,6.0,1,2,91
202400026627,2024-10-07,Morning,4,8,6.0,1,2,91
202400026628,2024-10-07,Morning,4,8,6.0,1,2,91
202400026629,2024-10-05,Evening,4,1,6.0,1,2,87
202400026630,2024-10-04,Afternoon,3,1,3.0,1,2,87
202400026631,2024-10-04,Morning,4,1,3.0,1,2,87
202400026632,2024-10-07,Evening,4,2,6.0,5,2,83
202400026633,2024-10-07,Evening,3,2,1.0,5,2,81
202400026634,2024-10-07,Afternoon,4,1,6.0,1,2,78
202400026635,2024-10-06,Night,4,8,3.0,5,1,77
202400026636,2024-10-07,Morning,3,1,1.0,1,1,76
202400026637,2024-10-07,Afternoon,3,8,3.0,1,2,74
202400026638,2024-10-07,Evening,4,1,7.0,1,2,71
202400026639,2024-10-07,Morning,4,1,6.0,1,2,69
202400026640,2024-10-06,Morning,4,2,1.0,1,2,69
202400026641,2024-10-06,Night,4,1,3.0,3,1,69
202400026642,2024-10-07,Afternoon,4,2,3.0,1,2,64
202400026643,2024-10-04,Evening,3,1,1.0,5,2,62
202400026644,2024-10-03,Evening,3,1,6.0,1,2,62
202400026645,2024-10-07,Night,4,2,1.0,5,2,60
202400026646,2024-10-07,Morning,4,1,3.0,1,2,59
202400026647,2024-10-04,Afternoon,4,1,6.0,1,2,56
202400026648,2024-10-05,Night,4,1,6.0,3,2,56
202400026649,2024-10-05,Afternoon,2,1,1.0,1,2,55
202400026650,2024-10-07,Morning,4,1,1.0,1,2,54
202400026651,2024-10-06,Evening,4,2,3.0,1,2,54
202400026652,2024-10-06,Morning,4,1,3.0,1,2,54
202400026653,2024-10-05,Night,4,1,7.0,3,1,50
202400026654,2024-10-07,Morning,4,2,6.0,4,2,37
202400026655,2024-10-07,Afternoon,4,2,2.0,1,2,35
202400026656,2024-10-07,Morning,4,2,6.0,3,1,35
202400026657,2024-10-07,Afternoon,4,1,3.0,1,2,34
202400026658,2024-10-07,Morning,4,1,7.0,1,2,31
202400026659,2024-10-05,Evening,4,1,6.0,3,2,23
202400026660,2024-10-07,Afternoon,4,1,3.0,1,2,22
202400026661,2024-10-07,Morning,4,2,3.0,2,2,22
202400026662,2024-10-05,Afternoon,4,1,6.0,1,2,15
202400026663,2024-10-02,Morning,4,1,3.0,5,2,13
202400026664,2024-10-07,Morning,4,2,3.0,1,2,06
202400026665,2024-10-07,Morning,4,2,1.0,1,2,06
202400026666,2024-10-03,Afternoon,4,1,2.0,1,2,04
202400026667,2024-10-06,Evening,4,1,7.0,5,2,75
202400026668,2024-10-05,Evening,4,1,3.0,5,2,75
202400026669,2024-10-07,Afternoon,4,8,3.0,1,2,75
202400026670,2024-10-07,Afternoon,4,8,5.0,1,2,75
202400026671,2024-10-07,Afternoon,4,2,6.0,1,2,75
202400026672,2024-10-07,Afternoon,4,1,3.0,1,2,75
202400026673,2024-10-06,Night,4,1,3.0,5,2,75
202400026674,2024-10-07,Morning,4,8,6.0,1,2,75
202400026675,2024-10-07,Morning,4,1,3.0,2,2,75
202400026676,2024-10-07,Evening,4,2,3.0,1,2,75
202400026677,2024-10-07,Evening,4,3,6.0,5,2,94
202400026678,2024-10-07,Afternoon,4,3,6.0,1,2,94
202400026679,2024-10-07,Evening,4,2,1.0,5,2,94
202400026680,2024-10-07,Afternoon,4,3,6.0,1,2,94
202400026681,2024-10-06,Afternoon,4,2,3.0,1,2,94
202400026682,2024-06-25,Afternoon,4,7,3.0,2,2,91
202400026683,2024-06-24,Afternoon,3,1,6.0,1,2,91
202400026684,2024-06-25,Night,3,1,6.0,3,2,85
202400026685,2024-06-25,Evening,4,1,1.0,1,1,84
202400026686,2024-06-25,Morning,2,1,6.0,1,2,84
202400026687,2024-06-25,Morning,4,1,2.0,1,2,84
202400026688,2024-06-22,Afternoon,4,1,2.0,1,2,83
202400026689,2024-06-25,Morning,4,7,6.0,1,1,82
202400026690,2024-06-25,Morning,3,1,3.0,1,2,81
202400026691,2024-06-16,Afternoon,4,1,7.0,1,2,80
202400026692,2024-06-24,Afternoon,3,1,1.0,1,2,79
202400026693,2024-06-25,Morning,3,1,3.0,1,2,78
202400026694,2024-06-25,Evening,4,1,3.0,1,2,77
202400026695,2024-06-25,Afternoon,4,1,2.0,1,2,77
202400026696,2024-06-25,Afternoon,4,1,3.0,1,2,76
202400026697,2024-06-24,Morning,3,1,3.0,1,2,76
202400026698,2024-06-23,Afternoon,3,1,3.0,1,2,76
202400026699,2024-06-25,Afternoon,3,1,4.0,1,1,74
202400026700,2024-06-24,Evening,4,1,3.0,1,1,74
202400026701,2024-06-24,Afternoon,4,1,3.0,1,1,74
202400026702,2024-06-24,Afternoon,4,1,3.0,1,2,69
202400026703,2024-06-24,Afternoon,4,1,5.0,1,2,69
202400026704,2024-06-24,Afternoon,4,1,6.0,1,2,69
202400026705,2024-06-24,Morning,4,1,3.0,1,2,69
202400026706,2024-06-24,Evening,3,1,3.0,1,2,68
202400026707,2024-06-24,Evening,4,1,5.0,1,2,67
202400026708,2024-06-24,Afternoon,4,1,6.0,1,2,66
202400026709,2024-06-26,Night,3,1,7.0,5,2,64
202400026710,2024-06-24,Afternoon,4,1,7.0,1,2,64
202400026711,2024-06-24,Afternoon,4,1,7.0,1,2,64
202400026712,2024-06-24,Afternoon,4,1,6.0,1,2,64
202400026713,2024-06-25,Afternoon,4,1,3.0,1,2,63
202400026714,2024-06-25,Morning,4,7,2.0,1,2,63
202400026715,2024-06-24,Afternoon,3,1,4.0,1,2,59
202400026716,2024-06-25,Night,2,1,6.0,5,2,57
202400026717,2024-06-24,Afternoon,4,1,3.0,1,2,56
202400026718,2024-06-25,Evening,4,1,1.0,1,2,54
202400026719,2024-06-25,Morning,3,1,6.0,1,2,54
202400026720,2024-06-25,Afternoon,4,1,2.0,1,2,54
202400026721,2024-06-25,Morning,3,1,1.0,1,2,51
202400026722,2024-06-25,Evening,4,1,1.0,1,2,47
202400026723,2024-06-25,Afternoon,4,1,3.0,1,2,45
202400026724,2024-06-25,Afternoon,4,1,3.0,1,2,43
202400026725,2024-06-25,Evening,4,3,6.0,1,2,42
202400026726,2024-06-24,Afternoon,4,1,2.0,1,2,41
202400026727,2024-05-31,Afternoon,3,1,3.0,1,2,38
202400026728,2024-06-24,Afternoon,4,1,7.0,1,2,37
202400026729,2024-06-25,Evening,4,1,2.0,1,1,35
202400026730,2024-06-24,Morning,3,1,6.0,1,2,35
202400026732,2024-06-25,Night,4,1,3.0,5,2,34
202400026733,2024-06-25,Morning,4,1,3.0,1,2,34
202400026736,2024-06-25,Night,4,1,3.0,1,2,33
202400026737,2024-11-13,Evening,4,1,6.0,5,2,69
202400026738,2024-06-25,Evening,4,1,6.0,1,2,33
202400026739,2024-11-13,Afternoon,4,1,6.0,1,2,69
202400026740,2024-06-25,Afternoon,4,1,3.0,1,2,33
202400026741,2024-11-13,Morning,4,1,3.0,2,2,69
202400026742,2024-11-13,Evening,4,1,3.0,5,2,2A
202400026743,2024-06-25,Evening,4,1,3.0,1,2,33
202400026744,2024-11-13,Afternoon,3,8,6.0,1,2,95
202400026745,2024-11-13,Night,4,1,6.0,5,2,95
202400026746,2024-06-25,Morning,4,1,7.0,1,2,30
202400026747,2024-11-12,Afternoon,4,7,6.0,5,2,91
202400026748,2024-06-25,Evening,4,1,1.0,1,2,26
202400026749,2024-11-13,Evening,4,1,6.0,5,2,30
202400026750,2024-06-25,Evening,4,7,3.0,1,2,25
202400026751,2024-11-13,Afternoon,4,1,2.0,1,1,30
202400026752,2024-06-25,Evening,4,1,3.0,2,2,17
202400026753,2024-11-13,Morning,4,1,1.0,1,2,30
202400026754,2024-06-23,Morning,3,1,3.0,1,2,15
202400026755,2024-06-25,Evening,4,1,3.0,1,2,13
202400026756,2024-06-25,Evening,4,1,3.0,1,1,13
202400026757,2024-11-12,Morning,4,1,3.0,1,2,77
202400026758,2024-06-24,Morning,4,1,2.0,1,2,04
202400026759,2024-11-12,Morning,4,1,2.0,1,1,77
202400026760,2024-06-25,Afternoon,3,1,3.0,1,1,01
202400026761,2024-11-13,Morning,3,7,6.0,1,2,76
202400026762,2024-06-25,Afternoon,4,1,2.0,1,2,75
202400026763,2024-11-13,Afternoon,3,1,1.0,1,2,76
202400026764,2024-06-25,Morning,4,1,3.0,1,2,75
202400026765,2024-06-24,Evening,4,1,7.0,1,2,75
202400026766,2024-11-09,Afternoon,3,1,7.0,1,1,76
202400026767,2024-06-24,Night,4,1,3.0,5,2,75
202400026768,2024-11-11,Morning,4,2,6.0,5,2,76
202400026769,2024-06-25,Morning,4,1,1.0,1,2,75
202400026770,2024-11-12,Evening,4,1,1.0,5,2,71
202400026771,2024-06-24,Afternoon,4,1,7.0,1,2,75
202400026772,2024-11-13,Afternoon,4,1,3.0,1,2,69
202400026773,2024-06-25,Afternoon,4,1,3.0,1,2,75
202400026774,2024-06-25,Afternoon,4,1,2.0,1,2,75
202400026775,2024-11-12,Morning,4,8,4.0,2,2,69
202400026776,2024-06-25,Afternoon,4,1,6.0,1,2,75
202400026777,2024-11-13,Morning,4,2,2.0,1,2,66
202400026778,2024-06-25,Afternoon,4,1,3.0,1,2,75
202400026779,2024-06-25,Evening,4,1,6.0,1,2,75
202400026780,2024-11-03,Night,4,1,3.0,5,2,65
202400026781,2024-06-25,Afternoon,4,1,6.0,1,2,75
202400026782,2024-11-13,Morning,4,1,6.0,1,2,63
202400026783,2024-06-25,Afternoon,4,1,3.0,1,2,75
202400026784,2024-11-13,Evening,3,1,6.0,5,2,62
202400026785,2024-06-25,Evening,4,1,1.0,1,2,75
202400026786,2024-11-10,Night,2,1,1.0,3,2,62
202400026787,2024-06-25,Evening,4,1,3.0,1,2,75
202400026788,2024-11-08,Afternoon,3,1,6.0,1,2,62
202400026789,2024-06-25,Night,4,1,2.0,5,2,75
202400026790,2024-11-10,Night,3,1,6.0,5,2,60
202400026791,2024-06-25,Afternoon,4,1,2.0,1,2,75
202400026792,2024-06-25,Morning,3,7,7.0,1,2,75
202400026793,2024-11-13,Afternoon,4,1,3.0,1,2,57
202400026794,2024-06-25,Morning,3,1,1.0,2,2,75
202400026795,2024-11-12,Afternoon,4,1,6.0,1,2,54
202400026796,2024-06-25,Morning,4,1,6.0,1,2,94
202400026797,2024-11-12,Afternoon,3,1,6.0,1,2,50
202400026798,2024-06-25,Afternoon,4,1,7.0,1,2,94
202400026799,2024-11-13,Night,3,1,7.0,4,2,49
202400026800,2024-06-24,Morning,3,1,3.0,2,2,94
202400026801,2024-11-12,Evening,4,1,2.0,2,2,49
202400026802,2024-06-24,Morning,4,1,4.0,1,2,94
202400026803,2024-06-24,Afternoon,4,1,2.0,1,2,94
202400026804,2024-11-09,Afternoon,3,1,6.0,1,2,39
202400026805,2024-06-25,Morning,4,1,1.0,1,2,94
202400026806,2024-11-13,Morning,4,8,7.0,1,2,38
202400026807,2024-06-24,Afternoon,3,1,1.0,1,2,93
202400026808,2024-06-24,Afternoon,4,1,6.0,1,2,93
202400026809,2024-11-13,Afternoon,4,1,4.0,3,1,38
202400026810,2024-06-25,Afternoon,4,1,3.0,1,2,93
202400026811,2024-11-13,Afternoon,4,1,6.0,2,2,38
202400026812,2024-06-25,Afternoon,4,1,3.0,1,2,93
202400026813,2024-11-13,Afternoon,4,8,3.0,1,2,38
202400026814,2024-06-24,Afternoon,4,1,3.0,1,2,93
202400026815,2024-11-13,Evening,4,8,3.0,2,2,34
202400026816,2024-06-25,Afternoon,4,1,3.0,1,2,93
202400026817,2024-11-13,Afternoon,4,1,3.0,1,2,34
202400026818,2024-06-25,Morning,4,1,3.0,1,2,92
202400026819,2024-06-25,Evening,4,1,6.0,1,2,92
202400026820,2024-11-13,Afternoon,4,1,3.0,1,2,34
202400026821,2024-06-21,Night,4,1,3.0,4,2,92
202400026822,2024-11-12,Afternoon,3,1,6.0,2,2,28
202400026823,2024-06-25,Evening,3,1,3.0,1,2,92
202400026824,2024-11-13,Afternoon,4,1,3.0,1,2,19
202400026825,2024-06-26,Afternoon,4,1,1.0,1,1,60
202400026826,2024-11-08,Afternoon,4,1,3.0,1,2,18
202400026827,2024-06-25,Evening,4,1,3.0,1,2,60
202400026828,2024-06-25,Evening,2,3,6.0,1,1,39
202400026829,2024-06-26,Morning,2,1,6.0,1,1,14
202400026830,2024-06-26,Morning,2,1,6.0,1,1,44
202400026831,2024-11-13,Evening,4,1,3.0,3,1,13
202400026833,2024-11-13,Morning,4,1,2.0,1,2,06
202400026835,2024-06-25,Afternoon,4,1,1.0,1,1,27
202400026836,2024-11-13,Morning,3,1,6.0,5,2,75
202400026837,2024-11-13,Evening,4,1,1.0,5,2,75
202400026838,2024-06-25,Afternoon,3,1,3.0,1,1,35
202400026839,2024-06-05,Night,4,1,7.0,3,1,01
202400026840,2024-11-13,Afternoon,4,1,6.0,1,2,75
202400026841,2024-06-26,Evening,4,1,2.0,1,2,60
202400026842,2024-11-13,Morning,4,1,3.0,1,2,75
202400026843,2024-06-26,Morning,4,1,7.0,2,1,50
202400026844,2024-11-13,Morning,4,8,6.0,1,2,75
202400026845,2024-06-25,Night,2,2,7.0,3,1,30
202400026846,2024-11-13,Evening,4,1,6.0,5,2,75
202400026847,2024-06-26,Morning,4,1,1.0,1,1,21
202400026848,2024-11-13,Afternoon,4,1,6.0,2,2,75
202400026849,2024-06-26,Morning,4,1,3.0,1,2,30
202400026850,2024-11-13,Afternoon,4,1,3.0,1,2,75
202400026851,2024-06-25,Morning,3,1,6.0,1,2,76
202400026852,2024-11-13,Morning,4,1,6.0,1,2,75
202400026853,2024-06-25,Afternoon,3,3,3.0,1,1,2A
202400026854,2024-11-13,Evening,4,1,6.0,5,2,75
202400026855,2024-06-26,Morning,3,1,6.0,1,2,2A
202400026856,2024-11-12,Evening,4,1,7.0,5,2,75
202400026857,2024-06-26,Afternoon,3,1,3.0,1,1,82
202400026858,2024-11-12,Evening,4,1,6.0,5,2,94
202400026859,2024-06-25,Evening,3,1,7.0,1,1,81
202400026860,2024-11-12,Evening,4,1,6.0,5,2,94
202400026861,2024-06-26,Morning,3,1,6.0,1,2,63
202400026862,2024-11-11,Night,4,1,3.0,5,2,94
202400026863,2024-06-25,Afternoon,4,9,7.0,1,1,55
202400026864,2024-11-12,Evening,4,1,3.0,5,2,94
202400026865,2024-06-25,Evening,3,1,3.0,1,1,47
202400026866,2024-11-13,Morning,4,1,3.0,1,2,93
202400026867,2024-06-26,Afternoon,3,3,7.0,1,1,68
202400026868,2024-11-13,Afternoon,4,1,6.0,1,2,93
202400026869,2024-06-26,Morning,4,1,2.0,1,2,22
202400026870,2024-11-12,Evening,4,1,3.0,5,2,93
202400026871,2024-06-25,Evening,3,1,1.0,2,1,22
202400026872,2024-06-22,Evening,3,1,6.0,1,1,39
202400026873,2024-11-12,Evening,4,1,2.0,5,2,93
202400026874,2024-06-25,Afternoon,4,1,6.0,1,2,25
202400026875,2024-11-13,Morning,3,1,3.0,1,2,93
202400026876,2024-11-13,Afternoon,4,1,6.0,2,2,93
202400026877,2024-06-25,Evening,4,1,1.0,1,2,29
202400026878,2024-11-13,Morning,4,1,1.0,1,2,92
202400026879,2024-06-25,Evening,3,1,6.0,1,2,02
202400026880,2024-11-13,Afternoon,4,1,6.0,1,2,92
202400026881,2024-06-23,Evening,4,1,3.0,1,1,03
202400026882,2024-11-12,Night,4,1,3.0,5,2,92
202400026883,2024-06-26,Night,3,1,6.0,2,1,15
202400026884,2024-11-12,Morning,4,1,2.0,2,2,92
202400026885,2024-06-25,Evening,3,1,1.0,1,2,70
202400026886,2024-06-25,Evening,4,1,7.0,1,1,72
202400026887,2024-11-11,Afternoon,4,1,1.0,1,2,92
202400026888,2024-06-26,Afternoon,2,2,6.0,1,1,06
202400026889,2024-11-13,Afternoon,4,1,2.0,1,2,92
202400026890,2024-11-03,Evening,4,1,2.0,5,2,92
202400026891,2024-06-26,Morning,4,1,3.0,1,1,14
202400026892,2024-11-19,Night,4,1,3.0,5,2,92
202400026893,2024-06-25,Morning,3,1,6.0,1,1,14
202400026894,2024-11-13,Afternoon,4,1,4.0,1,2,92
202400026895,2024-06-25,Evening,3,2,3.0,1,1,05
202400026896,2024-11-13,Afternoon,4,1,1.0,1,1,37
202400026897,2024-06-26,Afternoon,4,7,1.0,1,1,50
202400026900,2024-06-25,Evening,3,1,3.0,1,1,60
202400026902,2024-06-25,Morning,3,7,3.0,1,2,64
202400026903,2024-06-26,Evening,3,7,7.0,1,1,16
202400026904,2024-10-30,Evening,4,1,2.0,3,1,35
202400026905,2024-06-25,Morning,4,1,6.0,1,2,53
202400026906,2024-11-13,Morning,3,1,6.0,2,2,06
202400026907,2024-06-25,Afternoon,3,1,1.0,1,1,53
202400026908,2024-11-13,Afternoon,4,1,1.0,1,1,26
202400026909,2024-11-13,Morning,3,1,7.0,1,2,30
202400026910,2024-06-25,Morning,3,7,1.0,2,1,40
202400026911,2024-06-26,Night,4,1,7.0,2,2,30
202400026912,2024-11-12,Morning,4,1,2.0,1,2,44
202400026913,2024-06-25,Morning,3,1,7.0,1,1,17
202400026914,2024-11-09,Morning,2,1,7.0,1,1,57
202400026915,2024-11-14,Afternoon,3,1,3.0,1,2,79
202400026917,2024-11-13,Afternoon,3,1,6.0,1,1,80
202400026919,2024-11-13,Afternoon,2,1,2.0,1,1,82
202400026920,2024-06-26,Afternoon,2,1,6.0,1,1,77
202400026921,2024-11-13,Afternoon,3,1,6.0,1,1,65
202400026922,2024-06-24,Afternoon,3,1,3.0,1,2,66
202400026923,2024-06-19,Night,3,1,6.0,3,2,66
202400026924,2024-11-10,Afternoon,4,1,3.0,1,2,61
202400026925,2024-06-26,Afternoon,4,1,7.0,1,1,48
202400026926,2024-11-13,Afternoon,4,1,1.0,1,1,39
202400026927,2024-06-15,Evening,3,1,3.0,1,1,34
202400026928,2024-11-14,Afternoon,2,7,6.0,1,1,25
202400026929,2024-06-25,Afternoon,4,1,5.0,1,1,84
202400026930,2024-06-24,Evening,3,2,7.0,1,1,83
202400026931,2024-11-14,Morning,4,1,1.0,1,1,29
202400026932,2024-06-22,Morning,3,1,6.0,1,1,04
202400026933,2024-11-14,Morning,4,1,6.0,1,2,15
202400026934,2024-06-26,Afternoon,4,1,2.0,1,1,13
202400026935,2024-10-14,Morning,4,1,3.0,1,1,26
202400026936,2024-06-26,Afternoon,3,1,6.0,1,2,69
202400026937,2024-11-14,Morning,3,1,3.0,2,2,58
202400026938,2024-06-25,Evening,3,1,1.0,1,1,69
202400026939,2024-11-11,Morning,3,9,6.0,1,1,72
202400026940,2024-06-24,Morning,3,1,1.0,2,1,49
202400026941,2024-11-13,Night,3,1,3.0,3,1,10
202400026942,2024-06-25,Afternoon,4,1,2.0,1,2,27
202400026943,2024-11-10,Afternoon,2,1,6.0,1,1,16
202400026944,2024-06-22,Morning,3,2,2.0,1,1,27
202400026945,2024-11-08,Evening,3,1,1.0,3,1,27
202400026946,2024-06-26,Morning,3,1,3.0,1,2,59
202400026947,2024-11-11,Morning,3,1,2.0,1,1,27
202400026948,2024-06-25,Afternoon,3,1,1.0,1,1,59
202400026949,2024-11-14,Morning,2,1,6.0,2,1,52
202400026950,2024-06-24,Afternoon,3,1,3.0,1,1,13
202400026951,2024-06-24,Evening,4,2,3.0,1,1,13
202400026952,2024-11-13,Night,4,1,7.0,3,1,79
202400026953,2024-11-14,Morning,3,1,1.0,3,1,45
202400026954,2024-06-20,Afternoon,4,1,3.0,1,1,13
202400026955,2024-11-13,Afternoon,3,1,3.0,3,2,78
202400026956,2024-06-25,Afternoon,4,1,7.0,1,1,83
202400026957,2024-11-13,Evening,2,1,7.0,3,1,30
202400026958,2024-06-25,Morning,4,1,3.0,1,1,83
202400026959,2024-11-13,Night,4,1,1.0,3,1,34
202400026960,2024-06-24,Morning,4,1,2.0,1,1,67
202400026961,2024-11-12,Afternoon,4,1,1.0,1,1,83
202400026962,2024-06-25,Morning,4,1,2.0,1,1,33
202400026963,2024-11-14,Morning,3,1,3.0,3,1,56
202400026964,2024-06-23,Evening,3,1,2.0,1,1,59
202400026965,2024-11-13,Afternoon,3,1,6.0,3,1,89
202400026966,2024-06-25,Afternoon,4,1,4.0,1,1,91
202400026967,2024-11-13,Afternoon,3,1,4.0,2,1,68
202400026968,2024-11-13,Afternoon,4,1,1.0,1,2,68
202400026969,2024-06-25,Morning,4,1,3.0,1,1,91
202400026970,2024-06-25,Morning,4,1,4.0,1,1,94
202400026971,2024-11-13,Afternoon,4,1,6.0,5,2,38
202400026972,2024-06-24,Evening,4,1,2.0,3,1,77
202400026973,2024-11-14,Afternoon,4,1,2.0,1,1,50
202400026974,2024-06-25,Afternoon,4,1,2.0,1,1,92
202400026975,2024-06-25,Afternoon,4,1,6.0,1,1,78
202400026976,2024-10-30,Afternoon,4,8,1.0,1,1,22
202400026977,2024-06-24,Afternoon,4,1,2.0,1,1,78
202400026978,2024-11-10,Night,4,1,6.0,3,1,83
202400026979,2024-06-24,Evening,4,1,6.0,1,1,92
202400026980,2024-11-13,Morning,4,1,3.0,1,1,91
202400026981,2024-06-25,Evening,4,1,3.0,1,1,93
202400026982,2024-11-12,Morning,4,8,3.0,3,1,92
202400026983,2024-06-24,Evening,3,1,7.0,1,1,93
202400026984,2024-06-24,Afternoon,3,1,3.0,1,1,95
202400026985,2024-11-12,Evening,4,1,5.0,3,1,95
202400026986,2024-06-24,Afternoon,4,1,2.0,1,1,93
202400026987,2024-11-12,Morning,4,1,3.0,1,1,93
202400026988,2024-06-25,Evening,4,1,3.0,1,1,94
202400026989,2024-11-13,Night,4,1,5.0,3,1,77
202400026990,2024-06-25,Evening,4,1,5.0,1,1,94
202400026992,2024-06-25,Evening,4,1,4.0,1,1,94
202400026994,2024-06-25,Afternoon,4,1,4.0,1,1,77
202400026996,2024-09-06,Afternoon,3,1,7.0,1,1,74