Num_Acc,date,time_of_day,max_severity,weather,collision_type,lighting,urban_area,department
202400026997,2024-06-25,Morning,4,1,6.0,1,1,77
202400026998,2024-01-20,Afternoon,3,1,6.0,1,1,82
202400026999,2024-08-10,Evening,4,1,3.0,2,2,74
202400027000,2024-06-17,Morning,4,1,6.0,1,2,44
202400027001,2024-08-18,Afternoon,3,2,7.0,1,1,74
202400027002,2024-06-17,Evening,4,1,3.0,2,2,44
202400027003,2024-09-01,Afternoon,4,1,6.0,1,2,74
202400027004,2024-06-24,Morning,4,1,3.0,1,2,87
202400027005,2024-08-30,Morning,2,1,3.0,1,2,74
202400027006,2024-03-09,Evening,3,4,6.0,5,2,65
202400027007,2024-08-27,Night,2,1,3.0,5,2,74
202400027009,2024-08-31,Evening,4,1,6.0,4,2,74
202400027011,2024-09-02,Afternoon,3,1,1.0,1,2,74
202400027013,2024-08-27,Night,4,1,7.0,3,1,74
202400027014,2024-08-21,Afternoon,4,1,5.0,1,2,74
202400027015,2024-08-31,Morning,3,1,3.0,1,2,74
202400027016,2024-08-26,Afternoon,3,1,6.0,1,1,74
202400027017,2024-07-14,Afternoon,3,1,7.0,1,1,74
202400027018,2024-06-28,Night,4,1,2.0,3,1,74
202400027019,2024-11-12,Afternoon,4,8,1.0,1,2,92
202400027020,2024-11-07,Evening,4,1,6.0,5,2,93
202400027021,2024-05-19,Afternoon,4,1,1.0,1,2,62
202400027022,2024-06-08,Night,2,1,6.0,3,1,32
202400027023,2024-08-29,Afternoon,3,2,6.0,2,1,24
202400027028,2024-11-12,Afternoon,4,1,6.0,1,2,69
202400027035,2024-11-12,Afternoon,4,1,2.0,1,2,2A
202400027036,2024-11-12,Morning,4,1,3.0,1,1,2A
202400027037,2024-11-11,Evening,4,1,6.0,5,2,2A
202400027038,2024-11-12,Night,4,1,3.0,5,2,95
202400027039,2024-11-12,Afternoon,4,1,2.0,1,2,95
202400027040,2024-11-12,Afternoon,3,8,3.0,1,2,95
202400027041,2024-11-12,Afternoon,4,1,3.0,1,2,91
202400027042,2024-11-12,Morning,4,1,3.0,1,2,91
202400027043,2024-11-08,Morning,3,1,1.0,1,2,85
202400027044,2024-11-06,Evening,4,1,3.0,5,2,85
202400027045,2024-11-04,Morning,3,9,3.0,2,1,83
202400027046,2024-11-06,Afternoon,2,1,6.0,1,2,77
202400027047,2024-11-12,Afternoon,2,1,6.0,1,2,76
202400027048,2024-11-11,Evening,4,1,3.0,5,2,71
202400027049,2024-03-06,Morning,4,1,6.0,1,2,66
202400027050,2024-11-11,Afternoon,4,8,3.0,2,2,71
202400027051,2024-03-06,Evening,4,1,3.0,1,1,65
202400027052,2024-11-11,Morning,3,8,7.0,5,2,70
202400027053,2024-03-06,Afternoon,4,1,3.0,1,2,61
202400027054,2024-11-12,Afternoon,4,1,3.0,1,1,69
202400027055,2024-03-05,Afternoon,4,8,6.0,1,2,59
202400027056,2024-11-12,Evening,4,1,3.0,5,2,67
202400027057,2024-11-12,Morning,4,1,2.0,1,1,64
202400027058,2024-03-02,Evening,4,3,3.0,5,2,59
202400027059,2024-11-12,Evening,4,2,3.0,3,2,64
202400027060,2024-03-04,Afternoon,4,1,6.0,1,2,57
202400027061,2024-11-11,Morning,4,8,7.0,1,2,64
202400027062,2024-03-03,Afternoon,3,1,6.0,1,2,56
202400027063,2024-11-12,Afternoon,4,2,3.0,1,2,63
202400027064,2024-11-06,Morning,4,1,3.0,1,2,62
202400027065,2024-03-05,Afternoon,4,1,2.0,1,2,49
202400027066,2024-11-12,Evening,4,1,4.0,3,2,60
202400027067,2024-03-06,Morning,4,8,3.0,1,2,45
202400027068,2024-11-12,Afternoon,3,1,6.0,1,2,59
202400027069,2024-11-12,Afternoon,4,1,6.0,1,2,59
202400027070,2024-03-06,Morning,3,1,3.0,1,2,44
202400027071,2024-11-12,Morning,4,1,3.0,2,2,59
202400027072,2024-03-06,Evening,4,1,6.0,2,2,38
202400027073,2024-11-11,Morning,3,5,1.0,5,2,57
202400027074,2024-11-11,Evening,4,2,1.0,5,1,54
202400027075,2024-03-06,Evening,4,1,3.0,5,2,37
202400027076,2024-10-31,Afternoon,4,1,3.0,1,1,54
202400027077,2024-03-06,Morning,4,1,3.0,1,2,37
202400027078,2024-11-11,Afternoon,4,1,6.0,1,2,51
202400027079,2024-03-06,Night,3,1,6.0,5,2,36
202400027080,2024-11-11,Afternoon,4,2,7.0,1,2,51
202400027081,2024-11-11,Afternoon,4,1,5.0,1,1,45
202400027082,2024-03-06,Morning,4,1,4.0,1,2,34
202400027083,2024-11-12,Afternoon,4,2,1.0,1,2,44
202400027084,2024-11-12,Afternoon,4,8,2.0,1,2,43
202400027085,2024-03-06,Evening,4,1,3.0,5,2,33
202400027086,2024-03-06,Afternoon,3,1,3.0,5,2,33
202400027087,2024-03-06,Afternoon,4,1,3.0,1,2,33
202400027088,2024-03-06,Evening,3,1,1.0,5,2,30
202400027089,2024-03-05,Afternoon,4,1,2.0,1,1,29
202400027090,2024-03-05,Afternoon,4,1,2.0,1,2,29
202400027091,2024-03-06,Afternoon,4,1,6.0,1,2,27
202400027092,2024-03-06,Morning,4,1,6.0,1,2,21
202400027093,2024-03-05,Afternoon,3,1,3.0,1,2,13
202400027094,2024-03-06,Morning,4,1,6.0,1,2,13
202400027095,2024-07-29,Evening,4,1,6.0,1,2,91
202400027096,2024-03-05,Afternoon,4,1,2.0,1,1,11
202400027097,2024-07-17,Afternoon,4,1,2.0,1,2,76
202400027098,2024-03-05,Evening,4,1,7.0,5,2,10
202400027099,2024-03-06,Night,4,1,6.0,5,2,06
202400027100,2024-03-06,Afternoon,4,1,7.0,1,2,75
202400027101,2024-10-11,Evening,4,1,1.0,5,2,32
202400027102,2024-03-06,Night,4,2,5.0,5,2,75
202400027103,2024-03-05,Evening,4,8,3.0,5,2,75
202400027104,2024-08-07,Afternoon,4,1,4.0,1,2,32
202400027105,2024-03-04,Evening,4,1,4.0,5,2,75
202400027106,2024-08-06,Afternoon,3,1,7.0,1,1,32
202400027107,2024-09-19,Morning,4,1,3.0,1,2,32
202400027108,2024-03-06,Morning,4,1,6.0,1,2,75
202400027109,2024-09-16,Afternoon,4,1,3.0,1,1,32
202400027110,2024-03-06,Night,4,2,6.0,3,2,75
202400027111,2024-03-05,Morning,3,1,6.0,1,2,75
202400027112,2024-09-03,Morning,4,2,1.0,1,2,32
202400027113,2024-03-05,Morning,4,8,6.0,1,2,75
202400027114,2024-03-06,Morning,4,8,3.0,1,2,75
202400027115,2024-08-20,Morning,4,1,3.0,1,1,32
202400027116,2024-03-06,Morning,4,1,3.0,1,2,75
202400027117,2024-03-06,Morning,4,1,3.0,1,2,75
202400027118,2024-08-16,Night,4,1,3.0,5,2,32
202400027119,2024-03-06,Evening,4,1,6.0,5,2,75
202400027120,2024-08-15,Evening,4,1,6.0,1,1,32
202400027121,2024-03-06,Afternoon,4,1,6.0,1,2,75
202400027122,2024-08-11,Evening,4,1,3.0,5,2,32
202400027123,2024-03-06,Night,4,2,3.0,3,2,75
202400027124,2024-05-02,Afternoon,4,1,3.0,1,2,32
202400027125,2024-03-06,Morning,4,1,3.0,1,2,75
202400027126,2024-03-05,Morning,4,2,3.0,1,2,94
202400027127,2024-08-30,Afternoon,4,2,3.0,1,2,27
202400027128,2024-03-05,Evening,4,2,6.0,3,2,94
202400027129,2024-08-12,Afternoon,3,1,3.0,1,2,27
202400027130,2024-03-05,Morning,4,8,3.0,1,2,94
202400027131,2024-06-12,Morning,4,1,6.0,1,2,75
202400027133,2024-03-06,Afternoon,4,1,3.0,1,2,93
202400027136,2024-03-06,Afternoon,4,1,3.0,1,2,93
202400027139,2024-03-05,Evening,4,2,3.0,5,2,93
202400027141,2024-03-05,Night,3,2,6.0,5,2,93
202400027143,2024-12-18,Morning,4,1,6.0,1,2,69
202400027144,2024-03-06,Night,4,2,3.0,5,2,93
202400027145,2024-12-18,Morning,4,8,6.0,1,2,69
202400027146,2024-03-04,Morning,3,1,3.0,1,2,93
202400027147,2024-12-17,Morning,3,1,3.0,5,2,69
202400027148,2024-03-06,Evening,4,1,6.0,1,2,92
202400027150,2024-03-05,Morning,4,2,3.0,1,2,92
202400027152,2024-03-06,Night,4,1,3.0,5,2,92
202400027155,2024-03-05,Evening,4,2,3.0,5,2,92
202400027157,2024-12-17,Afternoon,4,1,3.0,1,2,2B
202400027158,2024-03-05,Afternoon,4,1,2.0,1,2,92
202400027159,2024-03-05,Afternoon,3,2,6.0,1,2,92
202400027160,2024-12-17,Afternoon,4,1,4.0,1,2,2B
202400027161,2024-12-16,Afternoon,4,1,1.0,1,2,2B
202400027162,2024-03-06,Evening,4,8,3.0,5,2,92
202400027165,2024-03-06,Afternoon,3,1,6.0,1,2,26
202400027167,2024-12-18,Morning,2,1,6.0,1,1,2A
202400027169,2024-12-17,Afternoon,4,1,2.0,1,2,95
202400027170,2024-12-17,Morning,4,8,6.0,2,2,95
202400027172,2024-03-06,Evening,4,1,7.0,3,1,57
202400027173,2024-12-17,Morning,2,1,6.0,1,2,95
202400027174,2024-12-18,Afternoon,4,8,2.0,5,2,91
202400027175,2024-03-07,Afternoon,4,7,3.0,1,2,51
202400027176,2024-12-17,Afternoon,4,8,3.0,1,2,91
202400027177,2024-12-17,Morning,4,8,6.0,1,2,91
202400027178,2024-03-07,Evening,3,1,1.0,4,2,79
202400027179,2024-12-16,Evening,4,1,3.0,5,2,91
202400027180,2024-03-06,Evening,3,1,6.0,5,2,31
202400027181,2024-12-16,Evening,4,2,6.0,5,2,91
202400027182,2024-03-06,Morning,4,1,1.0,1,1,32
202400027183,2024-12-17,Morning,4,2,7.0,5,2,87
202400027184,2024-03-07,Morning,3,1,6.0,2,2,12
202400027185,2024-12-15,Evening,3,1,3.0,5,2,87
202400027186,2024-03-06,Afternoon,3,1,3.0,1,1,47
202400027187,2024-12-18,Morning,4,1,3.0,1,2,85
202400027188,2024-12-17,Evening,3,1,6.0,3,2,84
202400027189,2024-03-07,Morning,4,1,3.0,2,1,47
202400027190,2024-03-07,Afternoon,2,1,6.0,1,1,02
202400027191,2024-12-17,Afternoon,4,1,4.0,1,2,84
202400027192,2024-03-02,Afternoon,4,1,7.0,1,1,58
202400027193,2024-12-18,Afternoon,4,1,3.0,1,2,83
202400027194,2024-03-05,Afternoon,4,3,3.0,1,1,14
202400027195,2024-12-16,Morning,3,1,6.0,1,2,83
202400027196,2024-03-06,Afternoon,4,7,7.0,1,1,50
202400027197,2024-03-06,Night,2,1,6.0,3,1,64
202400027198,2024-03-07,Evening,3,1,6.0,3,1,16
202400027199,2024-12-16,Evening,4,1,1.0,5,2,83
202400027200,2024-03-07,Morning,4,1,7.0,1,1,07
202400027201,2024-12-17,Afternoon,4,1,6.0,2,2,81
202400027202,2024-03-07,Afternoon,3,1,6.0,1,2,85
202400027203,2024-12-16,Evening,4,1,3.0,5,2,80
202400027204,2024-03-07,Morning,4,1,1.0,1,2,27
202400027205,2024-12-17,Morning,3,1,3.0,2,2,80
202400027206,2024-03-06,Afternoon,3,1,2.0,1,1,37
202400027207,2024-12-18,Afternoon,4,1,3.0,1,2,78
202400027208,2024-03-07,Morning,4,7,3.0,1,2,78
202400027209,2024-12-12,Afternoon,4,1,3.0,5,2,78
202400027210,2024-03-06,Morning,3,8,2.0,1,1,62
202400027211,2024-12-18,Afternoon,4,1,2.0,5,2,78
202400027212,2024-11-27,Evening,4,1,3.0,3,2,78
202400027214,2024-03-07,Afternoon,4,1,3.0,1,1,78
202400027215,2024-03-07,Morning,3,1,3.0,1,2,66
202400027216,2024-12-17,Evening,4,1,6.0,5,2,77
202400027217,2024-03-07,Morning,4,1,1.0,1,2,13
202400027218,2024-12-16,Afternoon,4,1,7.0,5,2,77
202400027219,2024-03-07,Afternoon,3,1,1.0,1,1,64
202400027220,2024-12-18,Morning,4,8,2.0,1,1,77
202400027221,2024-03-07,Evening,4,1,7.0,1,1,64
202400027222,2024-12-17,Morning,4,2,3.0,5,2,77
202400027223,2024-02-15,Afternoon,3,8,6.0,1,2,33
202400027224,2024-03-07,Afternoon,3,1,2.0,1,1,80
202400027225,2024-12-13,Night,4,8,7.0,3,1,77
202400027226,2024-03-07,Afternoon,3,1,7.0,2,1,62
202400027227,2024-12-16,Evening,3,1,6.0,5,2,76
202400027228,2024-03-06,Evening,3,1,1.0,2,1,59
202400027229,2024-12-18,Morning,4,1,3.0,5,2,73
202400027230,2024-03-06,Afternoon,4,1,3.0,1,1,83
202400027231,2024-12-16,Afternoon,4,7,6.0,1,2,73
202400027232,2024-03-05,Morning,4,2,4.0,1,1,33
202400027233,2024-03-06,Morning,4,1,2.0,1,1,78
202400027234,2024-12-17,Night,4,1,6.0,5,2,72
202400027235,2024-03-06,Morning,4,1,4.0,2,1,78
202400027236,2024-12-17,Evening,3,1,1.0,4,1,71
202400027237,2024-03-05,Afternoon,4,1,3.0,1,1,78
202400027238,2024-03-05,Night,4,2,6.0,3,1,78
202400027239,2024-12-17,Evening,4,1,2.0,5,2,69
202400027240,2024-12-18,Morning,4,1,1.0,1,2,69
202400027241,2024-03-05,Evening,4,2,4.0,3,1,92
202400027242,2024-03-05,Afternoon,4,1,7.0,1,1,92
202400027243,2024-12-17,Morning,4,5,3.0,1,2,69
202400027244,2024-03-05,Morning,4,1,2.0,1,1,78
202400027245,2024-12-16,Night,4,1,7.0,5,2,67
202400027246,2024-03-05,Morning,4,1,3.0,1,1,92
202400027247,2024-03-05,Night,4,2,7.0,3,1,93
202400027248,2024-12-18,Evening,4,1,3.0,4,2,66
202400027249,2024-12-18,Afternoon,4,1,6.0,1,2,66
202400027250,2024-03-06,Evening,4,1,3.0,2,1,94
202400027251,2024-12-16,Evening,3,1,2.0,5,1,66
202400027252,2024-12-16,Afternoon,3,1,6.0,1,2,66
202400027253,2024-12-16,Afternoon,3,1,6.0,1,1,66
202400027254,2024-03-06,Afternoon,4,1,4.0,1,1,93
202400027255,2024-01-23,Morning,4,2,6.0,1,2,93
202400027256,2024-12-18,Afternoon,4,7,3.0,1,2,64
202400027257,2024-02-04,Afternoon,4,8,3.0,1,2,44
202400027258,2024-12-18,Morning,3,1,6.0,1,1,64
202400027259,2024-01-03,Afternoon,4,1,6.0,2,2,74
202400027260,2024-12-18,Morning,4,7,6.0,1,2,64
202400027261,2024-01-02,Evening,2,2,6.0,5,2,74
202400027262,2024-12-17,Morning,3,1,6.0,1,2,64
202400027263,2024-12-16,Afternoon,4,1,6.0,1,2,64
202400027264,2024-01-01,Afternoon,4,1,3.0,1,1,74
202400027265,2024-12-17,Afternoon,3,1,6.0,1,2,64
202400027266,2024-02-03,Evening,4,1,6.0,5,2,44
202400027267,2024-12-16,Evening,4,1,6.0,5,2,64
202400027268,2024-02-02,Afternoon,4,8,3.0,1,2,44
202400027269,2024-12-16,Afternoon,3,1,6.0,1,2,62
202400027271,2024-12-17,Morning,4,1,6.0,1,2,62
202400027272,2024-12-17,Night,4,2,6.0,3,1,61
202400027274,2024-12-17,Afternoon,4,1,6.0,5,2,59
202400027277,2024-12-16,Afternoon,3,2,6.0,5,2,59
202400027278,2024-03-05,Morning,4,1,6.0,1,2,69
202400027279,2024-12-16,Afternoon,3,1,6.0,1,2,59
202400027281,2024-12-18,Night,4,1,3.0,4,2,58
202400027283,2024-12-17,Night,4,1,6.0,3,2,56
202400027284,2024-03-04,Morning,4,1,4.0,1,2,91
202400027285,2024-12-17,Evening,4,1,4.0,5,2,51
202400027286,2024-03-04,Morning,4,1,2.0,1,2,91
202400027287,2024-12-17,Morning,3,1,7.0,1,2,51
202400027288,2024-03-05,Evening,4,1,2.0,5,2,91
202400027289,2024-12-16,Night,4,2,3.0,4,2,51
202400027290,2024-03-05,Afternoon,4,1,3.0,1,2,91
202400027291,2024-12-16,Afternoon,4,2,1.0,5,2,51
202400027292,2024-03-05,Morning,4,1,6.0,1,2,91
202400027293,2024-03-04,Morning,4,1,7.0,1,1,87
202400027294,2024-12-14,Afternoon,4,2,3.0,1,2,51
202400027295,2024-03-05,Afternoon,3,1,6.0,1,2,86
202400027296,2024-12-18,Afternoon,4,1,6.0,1,2,49
202400027297,2024-03-04,Morning,4,7,3.0,1,2,86
202400027298,2024-12-16,Evening,4,1,3.0,5,2,49
202400027299,2024-03-03,Afternoon,3,1,3.0,1,2,86
202400027300,2024-12-17,Morning,3,1,1.0,1,2,47
202400027301,2024-03-05,Morning,4,1,3.0,1,2,85
202400027302,2024-12-18,Afternoon,4,1,3.0,1,2,45
202400027303,2024-12-17,Afternoon,4,1,3.0,1,2,45
202400027304,2024-03-04,Afternoon,4,1,3.0,1,2,84
202400027305,2024-12-17,Morning,2,1,1.0,1,2,45
202400027306,2024-03-05,Afternoon,3,1,3.0,1,2,83
202400027307,2024-12-14,Night,3,1,1.0,5,2,44
202400027308,2024-02-17,Afternoon,4,1,5.0,1,1,83
202400027310,2024-12-16,Afternoon,4,1,6.0,5,2,44
202400027312,2024-03-05,Afternoon,4,2,3.0,1,2,80
202400027313,2024-12-17,Morning,4,1,7.0,1,2,43
202400027314,2024-03-02,Evening,4,2,1.0,3,1,78
202400027315,2024-12-17,Evening,4,1,1.0,5,1,42
202400027317,2024-01-19,Evening,4,1,6.0,3,2,78
202400027319,2024-12-18,Evening,3,8,3.0,5,2,37
202400027320,2024-03-04,Night,4,1,6.0,5,1,77
202400027321,2024-12-18,Afternoon,4,1,6.0,1,2,37
202400027322,2024-04-12,Night,4,1,3.0,5,2,69
202400027323,2024-03-05,Morning,4,1,2.0,1,2,77
202400027324,2024-04-12,Afternoon,4,1,2.0,1,1,69
202400027325,2024-12-17,Morning,4,8,2.0,1,1,35
202400027326,2024-03-04,Afternoon,3,1,7.0,1,1,77
202400027327,2024-04-12,Afternoon,4,1,6.0,1,2,69
202400027328,2024-03-05,Afternoon,4,1,3.0,1,2,74
202400027329,2024-12-17,Evening,4,1,3.0,5,2,33
202400027330,2024-03-05,Evening,4,2,3.0,5,2,74
202400027332,2024-12-17,Morning,4,8,6.0,5,2,33
202400027333,2024-03-05,Evening,4,2,6.0,5,2,74
202400027334,2024-04-12,Evening,4,1,6.0,5,2,2A
202400027335,2024-12-17,Morning,3,1,1.0,3,2,33
202400027336,2024-03-04,Afternoon,4,8,3.0,1,2,72
202400027337,2024-04-12,Afternoon,3,1,3.0,1,2,2A
202400027338,2024-12-18,Evening,4,1,3.0,5,2,31
202400027339,2024-04-12,Morning,2,1,6.0,1,2,91
202400027340,2024-03-03,Afternoon,4,2,3.0,1,2,69
202400027341,2024-04-12,Afternoon,4,1,3.0,1,2,91
202400027342,2024-12-18,Afternoon,4,1,3.0,1,2,31
202400027343,2024-03-04,Afternoon,4,8,6.0,1,2,68
202400027344,2024-12-10,Afternoon,2,1,7.0,1,2,30
202400027345,2024-03-04,Afternoon,4,8,6.0,1,2,67
202400027346,2024-04-12,Night,4,1,1.0,5,1,91
202400027347,2024-12-16,Evening,4,1,2.0,5,2,30
202400027348,2024-03-05,Afternoon,2,1,6.0,1,2,66
202400027349,2024-01-22,Evening,3,1,3.0,5,2,83
202400027350,2024-03-05,Morning,4,1,3.0,1,2,66
202400027351,2024-04-12,Afternoon,4,1,4.0,1,2,91
202400027352,2024-12-16,Morning,4,1,3.0,2,2,30
202400027353,2024-01-23,Evening,3,1,6.0,5,2,78
202400027354,2024-02-18,Afternoon,2,1,6.0,1,1,66
202400027355,2024-12-11,Afternoon,2,1,6.0,5,2,29
202400027356,2024-04-10,Evening,4,1,3.0,1,2,91
202400027357,2024-03-05,Evening,3,2,6.0,1,1,65
202400027358,2024-01-22,Afternoon,4,2,6.0,1,2,77
202400027359,2024-04-12,Afternoon,3,1,6.0,1,1,87
202400027360,2024-12-17,Morning,4,1,4.0,1,2,29
202400027361,2024-03-05,Morning,4,2,6.0,2,2,64
202400027362,2024-01-23,Afternoon,4,1,6.0,2,2,76
202400027363,2024-04-12,Night,4,1,3.0,5,2,84
202400027364,2024-03-05,Morning,4,2,6.0,1,2,63
202400027365,2024-12-16,Evening,4,1,2.0,3,1,29
202400027366,2024-01-23,Morning,4,1,6.0,1,2,76
202400027367,2024-04-11,Night,4,1,3.0,5,2,83
202400027368,2024-02-24,Evening,4,2,3.0,5,2,62
202400027369,2024-12-17,Night,4,1,6.0,5,2,27
202400027370,2024-03-19,Afternoon,3,1,7.0,1,2,80
202400027371,2024-03-05,Morning,4,1,2.0,2,2,61
202400027372,2024-12-17,Morning,4,1,3.0,2,2,27
202400027373,2024-04-11,Evening,3,1,6.0,1,1,77
202400027374,2024-03-04,Night,4,2,6.0,5,2,60
202400027375,2024-12-18,Afternoon,4,1,7.0,5,2,27
202400027376,2024-04-09,Evening,4,9,1.0,1,2,77
202400027377,2024-01-22,Afternoon,4,1,4.0,1,2,76
202400027378,2024-03-05,Afternoon,3,1,3.0,1,2,56
202400027379,2024-12-18,Morning,4,1,6.0,2,2,27
202400027380,2024-12-18,Morning,4,1,6.0,2,2,27
202400027381,2024-04-12,Night,4,1,3.0,5,2,77
202400027382,2024-03-05,Morning,4,1,6.0,1,2,56
202400027383,2024-01-23,Afternoon,4,1,3.0,1,2,64
202400027384,2024-04-12,Morning,4,1,6.0,1,2,77
202400027385,2024-03-05,Afternoon,4,1,3.0,1,1,54
202400027386,2024-12-17,Afternoon,3,1,3.0,1,2,27
202400027387,2024-01-23,Evening,3,1,3.0,5,2,64
202400027388,2024-12-17,Morning,4,1,6.0,1,2,27
202400027389,2024-04-12,Morning,4,1,6.0,1,2,77
202400027390,2024-03-05,Night,4,1,3.0,5,2,51
202400027391,2024-01-23,Evening,3,2,3.0,5,2,61
202400027392,2024-04-12,Evening,4,1,2.0,1,2,76
202400027393,2024-03-05,Morning,4,1,2.0,1,2,51
202400027394,2024-12-18,Evening,3,1,1.0,5,2,26
202400027395,2024-04-12,Afternoon,4,1,6.0,1,2,76
202400027396,2024-01-23,Morning,4,1,6.0,5,2,59
202400027397,2024-12-17,Afternoon,4,1,3.0,1,1,26
202400027398,2024-03-04,Afternoon,3,3,3.0,2,1,47
202400027399,2024-01-23,Morning,4,1,3.0,1,2,59
202400027400,2024-04-12,Evening,4,1,3.0,2,2,74
202400027401,2024-12-18,Night,4,1,3.0,5,2,25
202400027402,2024-03-05,Evening,4,1,2.0,1,2,47
202400027403,2024-01-23,Morning,4,1,6.0,1,2,59
202400027404,2024-04-12,Afternoon,4,1,3.0,1,2,73
202400027405,2024-03-05,Afternoon,4,1,3.0,1,2,47
202400027406,2024-12-13,Afternoon,4,1,2.0,2,2,22
202400027407,2024-01-22,Morning,3,3,6.0,5,2,57
202400027408,2024-03-05,Night,2,8,6.0,3,1,35
202400027409,2024-12-18,Afternoon,4,1,3.0,1,2,16
202400027410,2024-04-12,Evening,4,1,3.0,1,2,69
202400027411,2024-01-20,Night,4,1,7.0,5,2,56
202400027412,2024-03-05,Afternoon,3,1,6.0,1,2,34
202400027413,2024-12-18,Evening,4,2,6.0,5,2,14
202400027414,2024-04-12,Afternoon,4,1,1.0,1,2,69
202400027415,2024-12-16,Night,4,1,7.0,3,2,13
202400027416,2024-03-05,Night,4,2,3.0,5,2,33
202400027417,2024-01-22,Morning,4,2,2.0,2,2,54
202400027418,2024-04-11,Afternoon,4,1,2.0,1,2,69
202400027419,2024-12-17,Night,4,1,3.0,3,1,13
202400027420,2024-03-04,Afternoon,4,2,7.0,1,2,32
202400027421,2024-01-22,Morning,4,2,5.0,2,2,54
202400027422,2024-04-11,Afternoon,4,1,3.0,1,2,69
202400027423,2024-03-05,Afternoon,3,1,6.0,1,2,31
202400027424,2024-12-18,Afternoon,4,1,2.0,1,2,13
202400027425,2024-01-23,Evening,4,1,6.0,5,2,51
202400027426,2024-03-05,Morning,4,1,2.0,1,1,29
202400027427,2024-12-18,Afternoon,4,1,3.0,1,2,13
202400027428,2024-04-11,Afternoon,4,1,3.0,1,2,69
202400027429,2024-03-04,Morning,4,3,6.0,1,2,29
202400027430,2024-12-17,Afternoon,4,8,3.0,1,2,13
202400027431,2024-01-22,Afternoon,4,2,1.0,1,2,51
202400027432,2024-04-11,Morning,4,1,2.0,1,2,69
202400027433,2024-12-16,Afternoon,3,1,1.0,1,2,13
202400027434,2024-04-12,Afternoon,4,1,7.0,1,2,69
202400027435,2024-03-05,Morning,4,1,4.0,1,1,26
202400027436,2024-01-23,Night,3,8,6.0,4,2,48
202400027437,2024-04-13,Night,3,1,6.0,5,2,66
202400027438,2024-03-05,Afternoon,4,2,3.0,1,2,25
202400027439,2024-01-23,Afternoon,4,1,3.0,1,2,37
202400027440,2024-12-16,Night,2,1,7.0,5,2,13
202400027441,2024-03-05,Morning,4,8,2.0,1,2,25
202400027442,2024-01-23,Morning,4,1,6.0,5,2,37
202400027443,2024-04-12,Morning,2,1,6.0,1,2,66
202400027444,2024-12-17,Evening,4,1,6.0,5,2,13
202400027445,2024-03-05,Evening,4,1,4.0,5,2,25
202400027446,2024-01-23,Evening,4,2,3.0,5,2,35
202400027447,2024-04-11,Evening,4,1,3.0,1,2,64
202400027448,2024-12-18,Night,4,1,3.0,5,2,13
202400027449,2024-01-23,Evening,4,8,6.0,5,2,35
202400027450,2024-03-05,Afternoon,4,1,3.0,1,2,25
202400027451,2024-04-07,Night,3,1,6.0,5,2,64
202400027452,2024-12-18,Morning,3,1,6.0,1,2,11
202400027453,2024-01-23,Morning,4,8,6.0,2,2,35
202400027454,2024-04-12,Afternoon,3,1,6.0,1,2,63
202400027455,2024-01-23,Afternoon,3,1,4.0,1,2,34
202400027456,2024-03-05,Afternoon,4,1,3.0,1,2,22
202400027457,2024-12-18,Morning,4,1,6.0,5,2,10
202400027458,2024-01-19,Afternoon,4,1,6.0,2,2,33
202400027459,2024-03-04,Afternoon,4,2,3.0,1,2,17
202400027460,2024-04-12,Evening,4,1,3.0,1,2,63
202400027461,2024-12-16,Morning,3,2,6.0,5,2,10
202400027462,2024-01-23,Morning,4,1,6.0,1,2,33
202400027463,2024-03-05,Morning,4,1,2.0,1,2,17
202400027464,2024-04-12,Morning,4,1,3.0,1,2,63
202400027465,2024-01-19,Morning,4,1,1.0,5,2,33
202400027466,2024-12-17,Afternoon,4,1,6.0,2,2,06
202400027467,2024-03-05,Evening,4,1,3.0,5,2,13
202400027468,2024-01-23,Morning,4,1,2.0,1,2,30
202400027469,2024-04-12,Evening,3,1,1.0,1,2,62
202400027470,2024-12-17,Afternoon,4,1,6.0,5,2,03
202400027471,2024-04-12,Evening,3,1,6.0,1,2,62
202400027472,2024-03-05,Afternoon,4,1,2.0,1,2,13
202400027473,2024-01-23,Morning,4,1,6.0,1,2,28
202400027474,2024-12-15,Night,3,1,6.0,5,2,02
202400027475,2024-04-09,Afternoon,4,1,6.0,1,2,59
202400027476,2024-01-23,Evening,4,1,3.0,5,2,27
202400027477,2024-03-04,Evening,4,1,7.0,5,2,10
202400027478,2024-12-17,Afternoon,4,1,2.0,1,1,01
202400027479,2024-04-12,Afternoon,4,1,3.0,1,2,59
202400027480,2024-12-17,Afternoon,2,8,6.0,1,2,75
202400027481,2024-03-04,Morning,3,1,3.0,2,2,10
202400027482,2024-01-17,Morning,4,2,6.0,5,2,19
202400027483,2024-04-12,Afternoon,4,1,3.0,1,2,58
202400027484,2024-12-18,Morning,4,1,2.0,2,2,75
202400027485,2024-01-22,Afternoon,4,8,3.0,2,2,17
202400027486,2024-03-06,Night,4,1,1.0,5,2,06
202400027487,2024-04-12,Night,4,1,1.0,5,2,51
202400027488,2024-12-18,Evening,4,1,6.0,5,2,75
202400027489,2024-03-05,Afternoon,4,1,7.0,1,2,75