Num_Acc,date,time_of_day,max_severity,weather,collision_type,lighting,urban_area,department
202400027490,2024-01-23,Afternoon,4,2,3.0,1,1,17
202400027491,2024-04-12,Night,4,1,7.0,5,2,49
202400027492,2024-12-17,Evening,4,1,3.0,5,2,75
202400027493,2024-03-04,Afternoon,4,1,2.0,1,2,75
202400027494,2024-01-18,Afternoon,3,1,6.0,1,2,17
202400027495,2024-12-17,Afternoon,4,8,6.0,1,2,94
202400027496,2024-03-04,Morning,4,1,6.0,1,2,75
202400027497,2024-04-11,Afternoon,4,1,5.0,1,2,43
202400027498,2024-01-23,Afternoon,3,2,3.0,1,1,17
202400027499,2024-12-17,Morning,4,2,6.0,2,2,94
202400027500,2024-12-18,Afternoon,4,2,6.0,3,2,94
202400027501,2024-01-22,Evening,4,1,3.0,5,2,13
202400027502,2024-03-04,Afternoon,2,1,3.0,1,2,75
202400027503,2024-04-12,Evening,4,1,3.0,5,2,38
202400027504,2024-12-18,Morning,4,1,3.0,1,2,94
202400027505,2024-01-23,Morning,2,1,7.0,1,2,13
202400027506,2024-04-12,Evening,4,1,7.0,5,2,37
202400027507,2024-03-05,Afternoon,4,1,2.0,1,2,75
202400027508,2024-01-22,Evening,3,2,1.0,5,1,13
202400027509,2024-12-17,Afternoon,4,1,6.0,1,2,94
202400027510,2024-04-12,Evening,4,1,3.0,1,2,37
202400027511,2024-03-05,Morning,4,1,3.0,1,2,75
202400027512,2024-01-23,Evening,4,1,6.0,5,2,11
202400027513,2024-04-12,Afternoon,4,1,3.0,1,2,37
202400027514,2024-03-05,Afternoon,4,1,6.0,1,2,75
202400027515,2024-01-23,Morning,3,1,1.0,1,2,11
202400027516,2024-12-18,Evening,4,8,3.0,5,2,93
202400027517,2024-01-21,Afternoon,4,1,6.0,1,1,11
202400027518,2024-03-04,Afternoon,4,1,7.0,1,2,75
202400027519,2024-12-18,Afternoon,4,1,6.0,5,2,93
202400027520,2024-04-13,Night,4,1,1.0,5,2,35
202400027521,2024-01-22,Morning,4,1,2.0,1,2,10
202400027522,2024-04-12,Morning,4,1,3.0,1,2,33
202400027523,2024-03-05,Afternoon,3,8,2.0,1,2,75
202400027524,2024-12-18,Afternoon,4,1,3.0,1,2,93
202400027525,2024-01-23,Afternoon,4,1,1.0,1,2,06
202400027526,2024-04-12,Night,4,1,6.0,5,2,33
202400027527,2024-12-18,Afternoon,4,1,3.0,1,2,93
202400027528,2024-03-05,Evening,4,2,6.0,5,2,75
202400027529,2024-12-18,Evening,4,8,1.0,5,2,93
202400027530,2024-01-22,Afternoon,4,2,3.0,5,2,01
202400027531,2024-03-05,Morning,4,1,6.0,1,2,75
202400027532,2024-04-11,Afternoon,4,1,3.0,1,2,33
202400027533,2024-12-18,Evening,4,1,3.0,5,2,93
202400027534,2024-01-23,Morning,4,1,2.0,1,2,75
202400027535,2024-04-12,Night,4,1,7.0,5,2,33
202400027536,2024-03-05,Evening,3,2,6.0,5,2,94
202400027537,2024-12-18,Morning,4,8,6.0,1,2,93
202400027538,2024-01-23,Afternoon,4,1,6.0,1,2,75
202400027539,2024-04-12,Evening,2,1,7.0,1,2,33
202400027540,2024-03-05,Morning,4,8,3.0,1,2,94
202400027541,2024-12-18,Afternoon,4,1,3.0,1,2,92
202400027542,2024-01-23,Evening,4,1,3.0,5,2,75
202400027543,2024-04-11,Evening,4,1,4.0,1,2,27
202400027544,2024-12-18,Evening,4,1,3.0,3,2,92
202400027545,2024-03-04,Afternoon,4,1,3.0,1,2,94
202400027546,2024-01-23,Morning,4,1,7.0,2,2,75
202400027547,2024-12-18,Morning,4,1,7.0,1,2,92
202400027548,2024-04-12,Morning,4,1,2.0,1,2,19
202400027549,2024-12-18,Evening,4,1,6.0,5,2,92
202400027550,2024-04-11,Evening,4,1,7.0,2,2,19
202400027551,2024-01-22,Afternoon,4,1,3.0,1,2,75
202400027552,2024-12-18,Night,4,8,6.0,5,2,92
202400027553,2024-12-18,Evening,3,1,3.0,5,2,92
202400027554,2024-01-23,Afternoon,4,1,3.0,1,2,75
202400027555,2024-12-18,Afternoon,4,1,2.0,1,2,92
202400027556,2024-01-23,Evening,4,2,7.0,5,2,75
202400027557,2024-04-11,Afternoon,4,1,3.0,1,1,15
202400027558,2024-01-23,Morning,3,2,3.0,1,2,75
202400027559,2024-12-18,Evening,4,2,3.0,5,2,92
202400027560,2024-04-11,Afternoon,4,1,2.0,1,2,15
202400027561,2024-12-18,Evening,4,1,3.0,5,2,92
202400027562,2024-01-23,Evening,4,1,6.0,5,2,94
202400027563,2024-12-18,Night,3,2,6.0,4,2,37
202400027564,2024-04-12,Night,3,1,6.0,5,2,13
202400027565,2024-01-23,Afternoon,4,2,3.0,1,2,94
202400027566,2024-12-18,Afternoon,3,1,6.0,2,2,38
202400027567,2024-01-22,Afternoon,4,1,3.0,1,2,94
202400027568,2024-04-12,Evening,4,1,1.0,1,1,13
202400027569,2024-01-23,Morning,4,1,6.0,1,2,93
202400027570,2024-12-19,Afternoon,3,3,1.0,1,1,52
202400027571,2024-01-23,Morning,4,1,6.0,5,2,93
202400027572,2024-04-12,Morning,4,1,3.0,2,2,13
202400027573,2024-01-23,Evening,4,1,3.0,5,2,93
202400027574,2024-12-19,Morning,4,1,3.0,1,1,26
202400027575,2024-04-11,Evening,4,1,3.0,5,2,13
202400027576,2024-01-22,Evening,2,1,2.0,5,2,93
202400027577,2024-12-12,Night,4,1,3.0,5,2,01
202400027578,2024-01-23,Morning,4,1,6.0,1,2,93
202400027579,2024-01-23,Night,4,1,6.0,5,2,93
202400027580,2024-04-12,Afternoon,4,1,4.0,1,1,13
202400027581,2024-01-23,Morning,4,1,6.0,1,2,93
202400027582,2024-04-11,Night,4,6,3.0,5,2,13
202400027583,2024-01-23,Night,4,1,3.0,5,2,93
202400027584,2024-04-12,Afternoon,4,1,3.0,1,2,10
202400027585,2024-04-12,Morning,4,1,2.0,1,2,06
202400027586,2024-04-12,Afternoon,4,1,2.0,1,2,75
202400027587,2024-01-22,Morning,4,2,5.0,1,2,93
202400027588,2024-04-12,Morning,4,1,7.0,2,2,75
202400027589,2024-01-23,Morning,4,2,3.0,1,2,92
202400027590,2024-04-12,Morning,4,1,3.0,1,2,75
202400027591,2024-01-23,Afternoon,3,1,2.0,1,2,92
202400027592,2024-01-23,Morning,4,1,6.0,1,2,92
202400027593,2024-04-09,Night,4,1,5.0,5,2,75
202400027594,2024-01-23,Morning,3,1,3.0,1,2,92
202400027595,2024-04-07,Night,3,1,6.0,5,2,75
202400027596,2024-01-23,Morning,4,8,2.0,1,2,92
202400027597,2024-01-22,Afternoon,4,1,6.0,1,2,92
202400027598,2024-04-12,Afternoon,4,1,6.0,1,2,75
202400027599,2024-01-23,Morning,3,2,3.0,1,1,92
202400027600,2024-04-12,Morning,4,1,6.0,1,2,75
202400027601,2024-01-23,Evening,3,1,6.0,3,1,95
202400027602,2024-04-12,Afternoon,4,1,6.0,1,2,75
202400027603,2024-04-12,Evening,4,1,2.0,1,2,75
202400027604,2024-01-23,Evening,4,1,4.0,3,1,26
202400027605,2024-04-12,Evening,4,1,2.0,1,2,75
202400027606,2024-01-24,Morning,2,1,7.0,1,1,86
202400027607,2024-04-12,Afternoon,4,1,6.0,1,2,75
202400027608,2024-01-23,Morning,4,8,3.0,5,2,58
202400027609,2024-01-22,Afternoon,4,8,3.0,2,1,85
202400027610,2024-04-12,Afternoon,4,1,3.0,1,2,75
202400027611,2024-01-23,Morning,4,1,7.0,1,2,47
202400027612,2024-01-24,Morning,3,8,3.0,3,1,59
202400027613,2024-04-12,Afternoon,4,1,6.0,1,2,75
202400027614,2024-01-24,Afternoon,3,1,3.0,1,1,56
202400027615,2024-01-24,Morning,4,1,2.0,1,2,65
202400027616,2024-04-12,Afternoon,4,1,6.0,1,2,75
202400027617,2024-04-12,Morning,4,1,6.0,1,2,75
202400027618,2024-01-23,Morning,4,1,3.0,1,2,65
202400027619,2024-04-12,Evening,4,1,6.0,5,2,75
202400027620,2024-04-12,Afternoon,4,1,6.0,1,2,75
202400027621,2024-01-23,Morning,2,8,4.0,1,1,33
202400027622,2024-04-12,Afternoon,4,1,7.0,1,2,75
202400027623,2024-01-23,Evening,4,1,6.0,5,2,63
202400027624,2024-01-23,Evening,4,1,3.0,2,2,42
202400027625,2024-04-12,Afternoon,4,7,3.0,1,2,94
202400027626,2024-04-12,Afternoon,4,7,3.0,1,2,94
202400027627,2024-01-23,Afternoon,4,1,1.0,1,1,42
202400027628,2024-04-11,Afternoon,4,1,6.0,1,2,94
202400027629,2024-01-24,Morning,3,2,1.0,2,2,41
202400027630,2024-04-08,Afternoon,4,1,6.0,1,2,94
202400027631,2024-01-23,Afternoon,3,2,6.0,1,1,29
202400027632,2024-04-12,Evening,4,1,6.0,1,2,94
202400027633,2024-01-23,Afternoon,3,1,6.0,1,1,01
202400027634,2024-04-12,Evening,4,1,3.0,1,2,94
202400027635,2024-01-24,Afternoon,2,1,2.0,1,1,26
202400027636,2024-04-12,Evening,4,1,3.0,5,2,94
202400027637,2024-01-23,Night,4,1,3.0,5,2,58
202400027638,2024-04-11,Night,4,1,3.0,5,2,94
202400027639,2024-01-21,Afternoon,4,2,6.0,1,1,72
202400027640,2024-04-11,Morning,4,1,2.0,2,2,94
202400027641,2024-04-12,Morning,4,1,6.0,1,2,93
202400027642,2024-01-24,Evening,4,1,2.0,3,1,14
202400027643,2024-01-24,Afternoon,2,1,7.0,1,1,64
202400027644,2024-04-12,Morning,4,1,3.0,1,2,93
202400027645,2024-01-23,Evening,3,2,7.0,5,2,16
202400027646,2024-04-12,Morning,4,1,6.0,1,2,93
202400027647,2024-01-23,Evening,4,1,6.0,3,1,04
202400027648,2024-04-12,Night,3,1,3.0,5,2,93
202400027649,2024-01-24,Evening,2,8,6.0,3,1,85
202400027650,2024-04-12,Morning,4,1,2.0,4,2,93
202400027651,2024-01-24,Afternoon,3,1,3.0,1,1,87
202400027652,2024-04-12,Afternoon,4,1,3.0,1,2,92
202400027653,2024-04-12,Morning,4,1,6.0,2,2,92
202400027654,2024-01-23,Morning,3,1,2.0,1,1,30
202400027655,2024-05-20,Afternoon,4,1,3.0,1,2,51
202400027656,2024-04-11,Night,4,1,3.0,5,2,92
202400027657,2024-01-23,Morning,4,1,2.0,1,1,68
202400027658,2024-09-02,Morning,4,1,2.0,1,1,93
202400027659,2024-04-12,Afternoon,4,1,4.0,1,2,92
202400027661,2024-05-21,Afternoon,4,1,3.0,1,2,44
202400027662,2024-01-16,Evening,4,1,4.0,3,1,91
202400027663,2024-04-08,Afternoon,4,1,3.0,1,2,92
202400027664,2024-01-24,Afternoon,3,1,6.0,1,1,40
202400027665,2024-04-12,Night,4,1,6.0,5,2,92
202400027666,2024-08-15,Afternoon,4,1,3.0,1,2,44
202400027667,2024-01-23,Evening,4,1,3.0,3,1,51
202400027668,2024-04-12,Afternoon,4,1,3.0,1,2,60
202400027669,2024-08-15,Afternoon,4,1,6.0,1,2,44
202400027670,2024-01-24,Afternoon,4,1,2.0,1,1,73
202400027671,2024-04-04,Afternoon,4,1,3.0,1,2,51
202400027672,2024-08-14,Afternoon,4,1,7.0,1,2,44
202400027673,2024-05-22,Night,4,1,3.0,5,2,44
202400027675,2024-04-12,Morning,3,7,6.0,1,2,42
202400027676,2024-08-14,Afternoon,4,1,6.0,1,2,44
202400027677,2024-04-20,Morning,2,1,6.0,1,2,39
202400027678,2024-04-12,Night,4,1,2.0,3,1,77
202400027679,2024-01-22,Morning,4,2,3.0,1,1,37
202400027680,2024-05-21,Morning,4,1,3.0,2,2,38
202400027681,2024-04-13,Afternoon,2,1,3.0,1,2,83
202400027682,2024-04-12,Morning,3,1,5.0,1,1,42
202400027683,2024-01-19,Morning,3,1,3.0,2,1,2B
202400027684,2024-04-12,Evening,2,1,7.0,3,2,83
202400027685,2024-08-11,Afternoon,4,1,3.0,1,2,44
202400027686,2024-05-20,Morning,4,1,3.0,1,2,37
202400027687,2024-01-23,Evening,4,1,6.0,2,1,66
202400027688,2024-04-12,Evening,2,1,3.0,3,1,35
202400027689,2024-08-10,Afternoon,4,1,7.0,1,2,44
202400027690,2024-05-21,Afternoon,3,1,6.0,1,2,35
202400027691,2024-01-21,Afternoon,3,1,3.0,1,1,83
202400027692,2024-08-09,Night,4,1,7.0,5,2,44
202400027693,2024-05-21,Afternoon,4,2,6.0,1,2,35
202400027694,2024-04-12,Evening,4,1,1.0,1,2,62
202400027695,2024-08-07,Morning,4,1,3.0,1,2,44
202400027696,2024-04-13,Evening,3,1,7.0,2,1,56
202400027697,2024-05-21,Morning,4,8,3.0,1,2,35
202400027698,2024-01-20,Evening,4,8,6.0,3,1,69
202400027699,2024-04-13,Night,4,1,1.0,3,1,76
202400027700,2024-04-13,Night,3,1,6.0,3,1,2B
202400027701,2024-05-20,Night,2,1,7.0,5,2,34
202400027702,2024-06-22,Morning,4,1,5.0,1,2,84
202400027703,2024-01-23,Afternoon,3,1,3.0,1,2,35
202400027704,2024-05-21,Morning,4,1,6.0,1,2,33
202400027705,2024-04-13,Morning,3,1,7.0,1,2,32
202400027706,2024-06-22,Night,4,1,3.0,5,2,84
202400027707,2024-01-22,Night,4,1,2.0,3,1,69
202400027708,2024-04-13,Evening,3,1,3.0,1,1,71
202400027709,2024-05-21,Morning,4,1,3.0,1,2,33
202400027710,2024-06-21,Afternoon,4,1,1.0,1,2,84
202400027711,2024-04-12,Evening,4,1,6.0,1,1,89
202400027712,2024-05-21,Morning,4,1,7.0,1,2,29
202400027713,2024-01-23,Afternoon,4,1,5.0,1,1,92
202400027714,2024-04-13,Afternoon,3,1,7.0,1,1,89
202400027715,2024-05-21,Morning,4,1,6.0,1,2,29
202400027716,2024-08-07,Evening,4,1,3.0,1,2,44
202400027717,2024-01-23,Morning,4,1,3.0,1,1,92
202400027718,2024-04-12,Night,4,1,6.0,3,1,63
202400027719,2024-05-20,Morning,4,1,6.0,1,2,27
202400027720,2024-01-23,Morning,4,8,4.0,1,1,78
202400027721,2024-08-06,Morning,4,1,3.0,2,2,44
202400027722,2024-05-21,Evening,4,1,3.0,1,2,25
202400027723,2024-04-12,Morning,3,1,3.0,1,2,76
202400027724,2024-01-23,Morning,4,1,3.0,1,1,92
202400027725,2024-05-21,Morning,4,1,1.0,1,1,13
202400027726,2024-08-03,Afternoon,4,1,6.0,1,2,44
202400027727,2024-04-12,Night,2,1,7.0,3,1,12
202400027728,2024-01-22,Afternoon,4,1,2.0,1,1,93
202400027729,2024-05-28,Afternoon,4,1,6.0,1,2,42
202400027730,2024-05-21,Afternoon,3,1,1.0,1,2,13
202400027731,2024-01-23,Evening,4,2,2.0,3,1,93
202400027732,2024-04-13,Afternoon,3,1,6.0,1,1,86
202400027733,2024-05-21,Afternoon,3,1,3.0,1,2,13
202400027734,2024-05-25,Night,4,1,3.0,5,2,42
202400027735,2024-01-23,Afternoon,4,8,3.0,1,1,94
202400027736,2024-05-20,Evening,4,1,3.0,1,2,13
202400027737,2024-08-03,Morning,4,1,2.0,1,2,44
202400027738,2024-01-23,Morning,4,8,3.0,1,1,94
202400027739,2024-04-12,Evening,4,1,1.0,1,1,86
202400027740,2024-05-21,Afternoon,3,1,2.0,1,2,13
202400027741,2024-07-30,Morning,4,1,3.0,2,2,44
202400027743,2024-05-21,Morning,4,7,3.0,1,2,13
202400027744,2024-04-12,Afternoon,4,1,3.0,1,2,22
202400027745,2024-07-30,Night,4,1,3.0,5,2,44
202400027746,2024-04-12,Afternoon,3,1,1.0,1,1,39
202400027748,2024-07-27,Afternoon,4,1,2.0,1,2,44
202400027749,2024-05-21,Afternoon,4,1,6.0,1,2,06
202400027751,2024-04-12,Night,3,1,3.0,3,1,25
202400027752,2024-05-21,Morning,4,1,3.0,1,2,06
202400027754,2024-09-01,Morning,4,1,5.0,1,1,94
202400027756,2024-05-21,Evening,3,8,7.0,1,1,01
202400027757,2024-04-13,Afternoon,4,1,1.0,1,2,44
202400027758,2024-04-11,Evening,4,1,5.0,1,1,67
202400027761,2024-04-12,Afternoon,3,1,3.0,1,2,29
202400027762,2024-01-22,Evening,4,1,3.0,2,2,69
202400027763,2024-05-21,Morning,4,1,2.0,1,2,75
202400027764,2024-04-12,Evening,3,1,7.0,1,1,29
202400027767,2024-04-13,Morning,2,1,2.0,1,1,31
202400027770,2024-05-21,Morning,4,1,4.0,1,2,75
202400027771,2024-02-17,Evening,3,1,7.0,3,2,38
202400027774,2024-04-13,Morning,4,1,6.0,1,1,38
202400027775,2024-05-21,Night,4,1,2.0,2,2,75
202400027777,2024-01-22,Night,4,1,3.0,5,2,95
202400027778,2024-05-21,Afternoon,4,2,6.0,1,2,75
202400027779,2024-04-13,Morning,4,1,1.0,1,1,02
202400027780,2024-01-22,Afternoon,4,7,6.0,1,2,91
202400027782,2024-05-21,Afternoon,4,1,6.0,5,2,75
202400027783,2024-04-13,Morning,3,1,6.0,1,2,03
202400027784,2024-01-22,Morning,4,1,6.0,1,2,91
202400027785,2024-05-21,Afternoon,4,1,6.0,1,2,75
202400027786,2024-01-21,Afternoon,4,8,7.0,1,1,91
202400027787,2024-05-21,Morning,4,8,2.0,1,2,75
202400027788,2024-04-13,Morning,4,7,3.0,1,1,15
202400027789,2024-09-02,Morning,4,1,2.0,1,2,91
202400027790,2024-01-17,Afternoon,3,1,6.0,1,2,85
202400027791,2024-05-21,Morning,4,1,1.0,1,2,75
202400027792,2024-01-22,Morning,3,2,3.0,1,2,85
202400027793,2024-08-31,Morning,4,1,3.0,1,2,87
202400027794,2024-04-13,Afternoon,3,7,2.0,1,1,26
202400027795,2024-05-21,Afternoon,4,1,6.0,1,2,75
202400027796,2024-01-22,Afternoon,3,2,6.0,1,2,84
202400027797,2024-08-22,Evening,4,1,3.0,5,2,87
202400027798,2024-05-20,Afternoon,3,1,3.0,1,2,75
202400027799,2024-01-21,Morning,4,1,1.0,1,2,84
202400027800,2024-09-02,Afternoon,4,1,6.0,1,2,84
202400027801,2024-07-26,Evening,4,2,1.0,2,2,51
202400027802,2024-04-13,Afternoon,3,1,3.0,1,2,54
202400027803,2024-05-21,Afternoon,4,1,3.0,1,2,75
202400027804,2024-01-20,Afternoon,4,1,4.0,1,1,30
202400027805,2024-09-02,Morning,3,1,6.0,1,2,84
202400027806,2024-07-24,Night,4,1,1.0,5,2,50
202400027807,2024-04-12,Evening,3,1,3.0,2,2,45
202400027808,2024-05-21,Morning,4,1,6.0,1,2,75
202400027809,2024-09-01,Afternoon,4,1,2.0,1,2,84
202400027810,2024-01-18,Evening,3,1,3.0,5,2,83
202400027811,2024-04-12,Morning,3,1,6.0,1,1,16
202400027812,2024-09-02,Afternoon,4,1,6.0,1,2,83
202400027813,2024-07-24,Afternoon,4,1,3.0,1,2,50
202400027814,2024-01-22,Morning,4,1,6.0,1,2,83
202400027815,2024-04-13,Afternoon,2,1,6.0,1,1,16
202400027816,2024-05-21,Afternoon,4,1,3.0,1,2,75
202400027817,2024-09-02,Morning,4,1,3.0,1,1,82
202400027818,2024-05-21,Morning,4,1,2.0,1,2,75
202400027819,2024-07-26,Morning,4,1,1.0,1,2,47
202400027820,2024-04-12,Afternoon,4,1,3.0,1,1,07
202400027821,2024-09-01,Night,4,1,3.0,5,2,78
202400027822,2024-07-25,Night,3,1,6.0,2,2,44
202400027823,2024-05-21,Evening,4,1,6.0,1,2,75
202400027824,2024-04-12,Afternoon,3,1,2.0,1,1,07
202400027825,2024-09-02,Morning,4,7,3.0,1,2,77
202400027826,2024-05-21,Afternoon,3,1,3.0,1,2,75
202400027827,2024-07-23,Afternoon,4,1,5.0,1,2,40
202400027828,2024-01-22,Afternoon,3,1,1.0,1,2,77
202400027829,2024-05-21,Night,4,3,2.0,5,2,75
202400027830,2024-07-26,Morning,3,1,6.0,1,2,38
202400027831,2024-01-21,Morning,4,2,6.0,1,2,76
202400027832,2024-09-01,Afternoon,3,1,1.0,1,1,77
202400027833,2024-04-12,Afternoon,3,7,3.0,1,1,21
202400027834,2024-05-21,Morning,4,1,4.0,1,2,75
202400027835,2024-07-27,Night,4,1,2.0,5,2,33
202400027836,2024-01-22,Morning,4,1,7.0,1,2,76
202400027837,2024-08-07,Night,4,1,3.0,5,2,76
202400027838,2024-04-12,Morning,3,1,3.0,1,1,40
202400027839,2024-05-21,Night,4,3,3.0,5,2,75
202400027840,2024-07-26,Afternoon,4,1,3.0,1,1,32
202400027841,2024-01-22,Morning,4,2,3.0,5,2,76
202400027842,2024-08-29,Afternoon,3,1,7.0,1,2,76
202400027843,2024-05-21,Afternoon,4,1,7.0,1,2,94
202400027844,2024-07-26,Afternoon,4,1,7.0,1,2,31
202400027845,2024-04-12,Afternoon,3,1,3.0,1,1,04
202400027846,2024-01-20,Evening,4,1,3.0,5,2,76
202400027847,2024-08-30,Evening,4,1,3.0,1,2,76
202400027848,2024-05-20,Morning,4,1,6.0,1,2,94
202400027849,2024-07-26,Morning,3,1,6.0,1,1,29
202400027850,2024-04-12,Afternoon,3,1,3.0,1,1,30
202400027851,2024-01-19,Evening,4,1,7.0,5,2,76
202400027852,2024-05-21,Afternoon,4,1,3.0,1,2,94
202400027853,2024-04-13,Morning,3,1,6.0,2,1,48
202400027854,2024-09-02,Evening,4,1,7.0,5,2,74
202400027855,2024-01-19,Morning,4,1,6.0,1,2,76
202400027856,2024-07-26,Morning,4,1,5.0,1,1,27
202400027857,2024-09-02,Morning,4,1,6.0,1,2,72
202400027858,2024-04-12,Afternoon,3,1,3.0,1,1,13
202400027859,2024-01-22,Evening,4,1,6.0,5,2,74
202400027860,2024-09-01,Morning,2,1,6.0,1,2,72
202400027861,2024-07-26,Evening,4,1,2.0,2,1,26
202400027862,2024-05-13,Afternoon,4,1,4.0,1,2,94
202400027863,2024-04-13,Afternoon,3,1,6.0,1,1,01
202400027864,2024-05-21,Morning,4,1,6.0,1,2,93
202400027865,2024-07-26,Afternoon,4,1,1.0,1,1,17
202400027866,2024-01-21,Afternoon,4,1,3.0,1,2,72
202400027867,2024-09-02,Morning,4,1,5.0,1,2,69
202400027868,2024-04-10,Afternoon,2,1,1.0,1,1,91
202400027869,2024-08-30,Evening,3,1,6.0,2,2,67
202400027870,2024-05-21,Evening,4,2,3.0,1,2,93
202400027871,2024-04-12,Afternoon,3,1,7.0,1,1,49
202400027872,2024-01-21,Afternoon,4,8,2.0,1,2,72
202400027873,2024-07-23,Evening,4,1,2.0,1,2,14
202400027874,2024-09-02,Night,4,1,7.0,5,2,67
202400027875,2024-05-21,Afternoon,4,1,3.0,1,2,93
202400027876,2024-01-22,Evening,3,2,6.0,3,2,69
202400027878,2024-07-22,Evening,3,1,2.0,1,1,14
202400027879,2024-05-21,Afternoon,4,1,7.0,1,1,93
202400027880,2024-09-01,Morning,4,8,1.0,2,1,66
202400027881,2024-04-06,Afternoon,4,1,6.0,1,1,37
202400027882,2024-01-22,Evening,4,3,3.0,5,2,69
202400027883,2024-05-21,Morning,4,1,2.0,1,2,93
202400027884,2024-07-26,Night,4,1,3.0,5,1,13
202400027885,2024-09-01,Evening,4,1,6.0,1,2,64
202400027886,2024-04-13,Afternoon,4,1,1.0,1,2,45
202400027887,2024-05-21,Afternoon,4,2,6.0,1,2,93
202400027888,2024-01-22,Afternoon,3,2,6.0,1,2,69
202400027889,2024-07-27,Night,4,1,2.0,5,2,13
202400027890,2024-09-02,Afternoon,3,1,3.0,1,2,64
202400027891,2024-01-22,Evening,3,2,6.0,5,2,69
202400027892,2024-04-12,Afternoon,3,7,6.0,1,1,77
202400027893,2024-05-21,Morning,4,1,6.0,1,2,93
202400027894,2024-07-26,Night,4,1,3.0,5,2,13
202400027895,2024-04-09,Evening,3,1,7.0,5,2,2A
202400027896,2024-09-01,Morning,4,1,3.0,1,1,63
202400027897,2024-01-21,Afternoon,4,1,3.0,1,2,67
202400027898,2024-07-23,Morning,3,1,1.0,1,2,13
202400027899,2024-05-21,Afternoon,4,8,1.0,1,2,93
202400027900,2024-09-02,Evening,4,1,3.0,1,2,63
202400027901,2024-04-13,Morning,3,1,1.0,1,2,66
202400027902,2024-01-22,Morning,4,8,2.0,1,2,63
202400027903,2024-07-26,Evening,4,1,3.0,1,2,13
202400027904,2024-04-30,Night,4,1,3.0,5,2,92
202400027905,2024-09-02,Morning,4,1,6.0,1,2,61
202400027906,2024-05-21,Evening,4,1,7.0,1,2,92
202400027907,2024-01-22,Morning,4,2,5.0,2,2,62
202400027908,2024-04-13,Afternoon,3,1,3.0,1,1,30
202400027909,2024-07-26,Morning,4,1,5.0,1,2,11
202400027910,2024-09-02,Evening,3,1,1.0,5,2,59
202400027911,2024-04-12,Afternoon,3,1,7.0,1,1,34
202400027912,2024-01-22,Evening,4,2,3.0,3,1,60
202400027913,2024-05-21,Afternoon,4,1,4.0,1,1,34
202400027914,2024-07-25,Evening,4,1,3.0,1,1,11
202400027915,2024-09-02,Evening,4,1,6.0,1,2,59
202400027916,2024-01-22,Afternoon,4,1,6.0,1,2,59
202400027917,2024-04-12,Afternoon,3,1,6.0,1,2,83
202400027918,2024-05-20,Afternoon,3,3,7.0,1,1,2A
202400027919,2024-01-19,Morning,4,4,7.0,1,1,59
202400027920,2024-07-25,Morning,4,1,2.0,1,1,11
202400027921,2024-09-02,Morning,4,1,3.0,1,2,59
202400027922,2024-01-22,Morning,4,4,2.0,1,1,54
202400027923,2024-04-13,Afternoon,3,1,1.0,1,1,58
202400027924,2024-05-22,Afternoon,4,1,1.0,1,2,30
202400027925,2024-07-23,Morning,4,2,3.0,1,2,10
202400027926,2024-09-02,Morning,4,1,6.0,1,2,51
202400027927,2024-01-22,Evening,3,1,1.0,5,2,53
202400027928,2024-04-13,Afternoon,3,1,7.0,1,1,63
202400027929,2024-07-26,Morning,4,1,6.0,1,1,06
202400027930,2024-08-31,Morning,3,3,7.0,1,2,49
202400027931,2024-01-22,Morning,4,1,7.0,1,2,51
202400027932,2024-05-22,Afternoon,2,1,3.0,1,2,83
202400027933,2024-04-07,Morning,4,1,7.0,1,2,38
202400027934,2024-01-20,Night,3,1,7.0,3,2,49
202400027935,2024-09-01,Night,4,1,3.0,5,2,49
202400027936,2024-07-26,Afternoon,4,1,3.0,1,2,06
202400027937,2024-05-21,Afternoon,4,3,6.0,1,1,56
202400027938,2024-04-12,Morning,3,1,7.0,1,1,38
202400027939,2024-01-19,Afternoon,4,1,7.0,1,2,49
202400027940,2024-07-26,Morning,4,1,6.0,1,2,06
202400027941,2024-01-13,Afternoon,3,1,2.0,2,2,42
202400027942,2024-09-02,Night,4,1,3.0,5,2,42
202400027943,2024-05-21,Afternoon,3,2,3.0,1,1,79
202400027944,2024-07-26,Morning,3,1,3.0,1,2,06
202400027945,2024-04-13,Morning,4,1,3.0,1,2,69
202400027946,2024-01-22,Morning,4,3,2.0,1,2,37
202400027947,2024-08-31,Afternoon,4,1,6.0,1,2,39
202400027948,2024-07-23,Afternoon,3,1,6.0,1,2,05
202400027949,2024-01-22,Afternoon,4,1,6.0,1,2,35
202400027950,2024-04-13,Night,4,1,2.0,3,1,81
202400027951,2024-01-22,Evening,4,1,6.0,5,2,34
202400027952,2024-05-22,Afternoon,3,1,1.0,1,1,32
202400027953,2024-07-25,Afternoon,4,1,4.0,1,2,75
202400027954,2024-04-13,Afternoon,3,1,6.0,1,1,16
202400027955,2024-09-02,Afternoon,4,1,2.0,1,2,37
202400027956,2024-01-22,Evening,4,9,2.0,5,2,33
202400027957,2024-05-21,Morning,2,1,7.0,1,1,42
202400027958,2024-07-26,Night,4,1,3.0,5,2,75