Num_Acc,date,time_of_day,max_severity,weather,collision_type,lighting,urban_area,department
202400027959,2024-04-10,Afternoon,4,2,7.0,1,1,56
202400027960,2024-09-01,Afternoon,4,1,7.0,1,2,37
202400027961,2024-07-25,Night,4,1,6.0,5,2,75
202400027962,2024-05-21,Afternoon,4,2,1.0,1,1,46
202400027963,2024-09-02,Evening,4,1,6.0,2,1,36
202400027964,2024-07-25,Afternoon,3,1,2.0,1,2,75
202400027965,2024-01-22,Morning,3,1,4.0,1,1,31
202400027966,2024-04-10,Evening,4,1,5.0,1,1,13
202400027967,2024-05-21,Evening,3,1,1.0,1,1,41
202400027968,2024-09-02,Afternoon,4,1,5.0,1,2,35
202400027969,2024-01-22,Morning,4,1,2.0,5,2,29
202400027970,2024-04-12,Evening,4,1,2.0,1,1,33
202400027971,2024-05-19,Morning,4,1,2.0,1,1,34
202400027972,2024-09-02,Afternoon,4,1,6.0,1,2,27
202400027973,2024-07-26,Evening,3,2,3.0,2,2,75
202400027974,2024-01-22,Night,4,2,1.0,4,2,27
202400027975,2024-04-12,Afternoon,3,1,3.0,1,1,33
202400027976,2024-05-19,Afternoon,4,1,1.0,1,1,25
202400027977,2024-07-26,Morning,2,2,6.0,2,2,75
202400027978,2024-04-12,Morning,4,1,6.0,3,1,91
202400027979,2024-09-01,Afternoon,4,2,3.0,1,2,19
202400027980,2024-05-22,Afternoon,2,1,1.0,1,2,35
202400027981,2024-07-26,Night,4,3,2.0,5,2,75
202400027982,2024-04-12,Afternoon,4,1,3.0,1,1,92
202400027983,2024-05-21,Evening,4,1,6.0,1,1,29
202400027984,2024-08-31,Evening,4,1,1.0,5,2,19
202400027985,2024-04-12,Afternoon,4,1,3.0,1,1,78
202400027986,2024-07-25,Afternoon,3,1,4.0,1,2,75
202400027987,2024-01-12,Afternoon,3,1,1.0,1,2,13
202400027988,2024-04-12,Morning,4,1,7.0,2,1,78
202400027989,2024-05-22,Evening,4,7,1.0,1,1,02
202400027990,2024-09-02,Evening,4,1,2.0,2,2,13
202400027991,2024-07-24,Evening,3,1,6.0,2,2,75
202400027992,2024-01-22,Evening,4,1,1.0,2,2,13
202400027993,2024-05-21,Afternoon,3,3,7.0,1,1,03
202400027994,2024-01-22,Evening,2,1,2.0,5,2,13
202400027995,2024-09-02,Afternoon,4,1,3.0,1,2,13
202400027996,2024-07-26,Afternoon,4,1,3.0,1,2,75
202400027997,2024-05-21,Afternoon,2,1,1.0,1,1,70
202400027998,2024-04-11,Afternoon,4,1,5.0,1,1,78
202400027999,2024-09-02,Morning,4,1,3.0,1,2,13
202400028000,2024-05-21,Evening,3,1,1.0,1,2,58
202400028001,2024-07-26,Morning,4,1,6.0,1,2,75
202400028002,2024-01-22,Afternoon,4,1,5.0,1,2,13
202400028003,2024-04-12,Afternoon,4,1,5.0,1,1,93
202400028004,2024-09-02,Morning,4,1,3.0,1,2,13
202400028005,2024-05-22,Night,4,1,6.0,5,2,06
202400028006,2024-01-21,Morning,3,1,6.0,1,2,13
202400028007,2024-07-25,Night,4,1,2.0,5,2,75
202400028008,2024-04-12,Night,4,1,2.0,5,1,93
202400028009,2024-08-29,Afternoon,4,1,1.0,1,1,13
202400028010,2024-05-16,Afternoon,4,1,3.0,1,1,14
202400028011,2024-01-21,Night,4,1,3.0,5,2,13
202400028012,2024-07-26,Morning,4,2,3.0,1,2,75
202400028013,2024-04-12,Afternoon,3,1,3.0,1,1,94
202400028014,2024-09-02,Afternoon,4,1,2.0,1,2,12
202400028015,2024-05-17,Afternoon,4,1,2.0,1,1,14
202400028016,2024-07-26,Evening,4,2,3.0,1,2,75
202400028017,2024-09-02,Afternoon,4,1,2.0,1,2,75
202400028018,2024-01-18,Afternoon,4,8,3.0,1,1,13
202400028020,2024-05-17,Evening,4,1,7.0,1,1,14
202400028021,2024-07-26,Evening,3,1,6.0,1,2,75
202400028022,2024-09-02,Afternoon,4,1,6.0,1,2,75
202400028023,2024-05-21,Evening,4,1,6.0,1,2,07
202400028024,2024-01-22,Evening,3,1,3.0,5,2,06
202400028025,2024-09-01,Afternoon,4,1,6.0,1,2,75
202400028027,2024-07-26,Afternoon,4,1,6.0,1,2,75
202400028028,2024-01-22,Afternoon,4,1,6.0,1,2,06
202400028029,2024-05-21,Morning,4,1,1.0,1,1,24
202400028031,2024-09-02,Morning,4,1,2.0,1,2,75
202400028032,2024-01-22,Morning,4,1,7.0,5,2,06
202400028033,2024-07-26,Afternoon,3,8,5.0,1,2,94
202400028034,2024-05-11,Morning,3,1,3.0,1,1,37
202400028036,2024-09-02,Morning,4,1,6.0,1,2,75
202400028037,2024-01-21,Afternoon,4,1,5.0,1,2,06
202400028038,2024-07-26,Morning,4,2,2.0,1,2,94
202400028039,2024-05-21,Morning,4,1,2.0,1,1,06
202400028041,2024-09-01,Night,4,1,6.0,5,2,75
202400028042,2024-05-22,Afternoon,4,1,7.0,1,1,27
202400028043,2024-07-26,Afternoon,4,2,6.0,1,2,94
202400028044,2024-01-08,Afternoon,4,1,2.0,1,1,02
202400028046,2024-09-02,Afternoon,4,1,3.0,1,2,75
202400028047,2024-05-17,Afternoon,4,1,6.0,1,2,77
202400028049,2024-07-26,Afternoon,4,1,6.0,1,2,93
202400028050,2024-01-21,Afternoon,4,1,6.0,1,2,75
202400028051,2024-09-02,Night,4,1,2.0,5,2,75
202400028052,2024-05-21,Evening,4,1,3.0,1,2,30
202400028053,2024-07-26,Morning,4,2,2.0,1,2,93
202400028054,2024-01-22,Afternoon,4,1,2.0,1,2,75
202400028055,2024-07-26,Afternoon,4,2,3.0,1,2,93
202400028056,2024-05-21,Night,2,8,3.0,3,1,71
202400028057,2024-09-02,Afternoon,4,1,3.0,1,2,75
202400028058,2024-01-22,Afternoon,4,1,7.0,5,2,75
202400028059,2024-07-26,Morning,4,2,7.0,1,2,92
202400028060,2024-05-21,Afternoon,4,1,6.0,1,2,42
202400028061,2024-09-02,Afternoon,4,1,3.0,1,2,94
202400028062,2024-05-21,Afternoon,4,2,7.0,1,1,14
202400028063,2024-01-22,Afternoon,4,1,3.0,1,2,75
202400028064,2024-07-26,Evening,4,3,7.0,1,2,92
202400028065,2024-05-22,Afternoon,4,1,6.0,1,2,22
202400028066,2024-09-02,Night,4,1,3.0,5,2,94
202400028067,2024-01-22,Afternoon,4,8,6.0,1,2,75
202400028068,2024-07-26,Afternoon,4,1,3.0,1,2,92
202400028069,2024-09-02,Afternoon,4,1,6.0,1,2,94
202400028070,2024-04-15,Evening,4,1,2.0,1,1,60
202400028071,2024-07-22,Night,4,1,3.0,5,1,92
202400028072,2024-05-21,Morning,4,1,2.0,1,1,13
202400028073,2024-09-02,Afternoon,4,1,1.0,1,2,94
202400028074,2024-07-26,Evening,4,2,3.0,1,2,92
202400028075,2024-09-02,Afternoon,4,1,2.0,1,2,93
202400028076,2024-04-27,Afternoon,4,1,5.0,1,1,69
202400028077,2024-07-26,Evening,4,2,7.0,2,2,92
202400028078,2024-09-02,Morning,3,1,6.0,1,2,93
202400028079,2024-07-26,Night,4,1,2.0,5,2,92
202400028080,2024-05-17,Evening,4,2,2.0,3,1,59
202400028081,2024-07-12,Morning,4,1,7.0,1,1,78
202400028082,2024-09-02,Morning,4,1,3.0,1,2,93
202400028083,2024-05-21,Afternoon,4,1,3.0,1,1,92
202400028084,2024-07-27,Afternoon,4,2,3.0,1,1,37
202400028085,2024-09-02,Afternoon,4,1,1.0,1,2,93
202400028086,2024-05-21,Evening,4,1,3.0,1,1,91
202400028087,2024-07-26,Afternoon,3,1,6.0,1,1,39
202400028088,2024-05-21,Morning,4,2,2.0,1,1,94
202400028089,2024-09-01,Afternoon,4,1,1.0,1,2,93
202400028090,2024-07-27,Afternoon,2,1,6.0,1,1,11
202400028092,2024-09-02,Morning,4,1,7.0,1,2,92
202400028093,2024-05-19,Evening,4,1,2.0,1,1,92
202400028095,2024-05-21,Afternoon,4,1,2.0,1,1,93
202400028096,2024-09-02,Afternoon,4,1,3.0,1,2,92
202400028097,2024-05-21,Morning,4,1,7.0,1,1,93
202400028098,2024-07-26,Evening,4,8,1.0,1,1,08
202400028099,2024-09-02,Afternoon,4,1,6.0,1,2,92
202400028100,2024-09-02,Morning,2,1,6.0,2,2,92
202400028101,2024-05-21,Morning,4,1,2.0,1,1,92
202400028102,2024-07-26,Afternoon,4,1,6.0,1,1,87
202400028103,2024-05-21,Morning,4,8,7.0,1,1,93
202400028104,2024-09-02,Afternoon,4,1,3.0,1,2,92
202400028105,2024-05-21,Morning,4,8,2.0,1,1,93
202400028106,2024-07-26,Afternoon,4,1,1.0,1,2,24
202400028107,2024-09-02,Evening,3,1,3.0,1,2,92
202400028108,2024-07-26,Evening,3,1,7.0,2,1,24
202400028109,2024-05-20,Afternoon,4,2,5.0,1,1,95
202400028110,2024-09-02,Evening,4,1,6.0,3,2,71
202400028111,2024-07-27,Morning,4,8,2.0,2,1,17
202400028112,2024-02-05,Afternoon,3,5,2.0,1,1,50
202400028113,2024-07-27,Afternoon,3,1,6.0,1,1,85
202400028115,2024-02-02,Morning,4,5,1.0,2,1,50
202400028116,2024-07-26,Night,3,1,6.0,3,1,50
202400028117,2024-09-01,Evening,3,2,6.0,1,2,11
202400028118,2024-02-27,Afternoon,4,1,3.0,1,2,59
202400028119,2024-07-26,Night,4,1,1.0,2,1,57
202400028120,2024-09-01,Afternoon,4,2,7.0,1,1,63
202400028121,2024-09-01,Afternoon,3,1,7.0,1,1,47
202400028122,2024-07-25,Morning,3,1,1.0,1,1,89
202400028123,2024-07-26,Afternoon,3,1,6.0,1,1,19
202400028124,2024-01-27,Evening,3,1,3.0,2,1,50
202400028125,2024-08-28,Afternoon,4,1,3.0,1,2,17
202400028126,2024-07-26,Evening,4,1,6.0,1,1,56
202400028127,2024-09-02,Morning,3,1,7.0,1,1,18
202400028129,2024-07-27,Afternoon,4,1,1.0,1,1,79
202400028131,2024-09-02,Evening,4,1,6.0,1,2,31
202400028132,2024-07-25,Night,3,1,6.0,3,1,81
202400028134,2024-09-02,Afternoon,2,1,3.0,1,2,69
202400028135,2024-07-26,Afternoon,4,1,2.0,1,1,89
202400028136,2024-05-20,Night,3,2,2.0,5,2,69
202400028137,2024-09-02,Evening,4,1,3.0,1,2,51
202400028138,2024-07-26,Evening,4,1,1.0,1,1,63
202400028139,2024-08-31,Evening,4,1,7.0,1,2,19
202400028140,2024-05-20,Afternoon,4,1,6.0,1,2,69
202400028141,2024-07-26,Night,4,1,7.0,4,1,68
202400028142,2024-09-02,Morning,4,1,6.0,1,1,19
202400028143,2024-05-20,Evening,4,2,3.0,1,1,2B
202400028144,2024-07-23,Morning,3,7,3.0,1,1,29
202400028145,2024-05-20,Night,3,1,3.0,5,2,95
202400028146,2024-09-02,Evening,4,1,2.0,1,2,76
202400028147,2024-08-14,Afternoon,2,1,7.0,1,1,2B
202400028148,2024-05-16,Evening,4,1,2.0,1,2,91
202400028149,2024-08-29,Afternoon,4,1,6.0,1,2,33
202400028150,2024-07-27,Morning,3,3,1.0,1,1,02
202400028151,2024-09-03,Morning,3,8,6.0,1,2,32
202400028152,2024-09-02,Afternoon,3,1,7.0,1,1,11
202400028153,2024-05-20,Evening,3,3,1.0,1,2,78
202400028154,2024-07-27,Evening,3,1,2.0,1,1,09
202400028155,2024-05-19,Night,4,5,7.0,2,1,77
202400028156,2024-09-02,Afternoon,3,1,3.0,1,1,63
202400028157,2024-07-27,Night,4,1,6.0,3,2,09
202400028158,2024-07-27,Night,3,2,7.0,3,1,45
202400028159,2024-09-03,Evening,3,2,1.0,1,2,63
202400028160,2024-05-20,Morning,4,1,6.0,1,2,77
202400028161,2024-09-02,Afternoon,4,1,6.0,1,1,76
202400028162,2024-07-26,Evening,4,7,2.0,1,1,64
202400028163,2024-09-02,Afternoon,3,2,6.0,1,2,61
202400028164,2024-05-20,Evening,4,1,2.0,1,2,72
202400028165,2024-07-27,Afternoon,4,1,5.0,1,1,07
202400028166,2024-09-01,Night,4,3,6.0,3,1,49
202400028167,2024-05-20,Night,4,1,3.0,5,2,59
202400028168,2024-09-03,Morning,3,1,3.0,2,1,49
202400028169,2024-07-27,Morning,4,1,3.0,1,1,07
202400028170,2024-07-10,Evening,4,1,6.0,1,2,40
202400028171,2024-05-20,Evening,4,1,3.0,1,2,59
202400028172,2024-09-03,Afternoon,4,1,5.0,1,1,01
202400028173,2024-09-02,Evening,3,2,7.0,1,1,29
202400028174,2024-07-27,Afternoon,4,1,1.0,1,2,88
202400028175,2024-05-11,Night,4,2,6.0,5,2,46
202400028176,2024-09-03,Morning,3,1,1.0,1,1,29
202400028177,2024-07-27,Night,4,3,1.0,5,1,78
202400028178,2024-05-20,Afternoon,4,1,6.0,1,2,35
202400028179,2024-08-21,Afternoon,4,1,3.0,1,1,31
202400028180,2024-07-27,Afternoon,3,2,2.0,1,1,67
202400028181,2024-05-21,Night,4,3,2.0,3,2,33
202400028182,2024-09-02,Evening,3,1,3.0,1,1,31
202400028183,2024-05-08,Night,4,1,6.0,5,2,29
202400028184,2024-09-02,Morning,4,1,3.0,1,1,03
202400028185,2024-07-26,Morning,3,1,6.0,1,2,66
202400028186,2024-05-16,Afternoon,4,1,2.0,1,2,14
202400028187,2024-09-02,Afternoon,3,1,3.0,1,2,15
202400028189,2024-09-02,Afternoon,3,1,3.0,1,1,06
202400028190,2024-05-20,Afternoon,4,1,3.0,1,2,13
202400028191,2024-07-26,Evening,4,1,2.0,1,1,30
202400028192,2024-09-03,Morning,3,1,3.0,1,2,64
202400028193,2024-05-20,Afternoon,4,1,2.0,1,2,06
202400028195,2024-09-02,Evening,3,1,3.0,1,1,18
202400028197,2024-05-20,Afternoon,4,1,1.0,1,2,06
202400028198,2024-09-02,Night,3,1,7.0,3,1,18
202400028199,2024-05-19,Night,4,1,6.0,5,2,05
202400028200,2024-09-02,Night,3,1,6.0,3,1,53
202400028201,2024-05-20,Evening,4,2,3.0,1,1,01
202400028203,2024-09-02,Evening,4,1,3.0,2,1,24
202400028204,2024-05-20,Afternoon,3,1,7.0,1,2,01
202400028205,2024-09-03,Afternoon,3,1,2.0,1,1,27
202400028206,2024-07-26,Evening,3,1,7.0,2,2,21
202400028207,2024-05-17,Afternoon,4,1,2.0,1,2,75
202400028208,2024-07-27,Night,2,2,6.0,4,1,45
202400028209,2024-05-20,Evening,4,8,6.0,1,2,75
202400028210,2024-09-03,Afternoon,4,1,6.0,1,1,27
202400028211,2024-07-26,Morning,3,2,6.0,1,1,91
202400028212,2024-05-20,Afternoon,4,8,7.0,1,2,75
202400028213,2024-07-27,Afternoon,4,1,7.0,1,1,66
202400028214,2024-09-02,Evening,3,1,2.0,2,1,30
202400028215,2024-05-20,Evening,4,2,6.0,1,2,94
202400028216,2024-07-27,Afternoon,3,1,1.0,1,1,83
202400028217,2024-05-20,Afternoon,4,1,6.0,1,2,93
202400028218,2024-07-26,Evening,4,1,7.0,1,1,06
202400028219,2024-05-20,Morning,3,1,3.0,2,2,93
202400028220,2024-07-26,Morning,3,1,2.0,1,1,68
202400028221,2024-09-02,Afternoon,3,1,1.0,1,1,48
202400028222,2024-07-27,Afternoon,3,1,7.0,1,1,73
202400028223,2024-09-03,Morning,4,1,6.0,1,1,72
202400028224,2024-05-20,Evening,4,2,3.0,1,2,93
202400028225,2024-08-31,Night,3,1,6.0,3,2,64
202400028226,2024-07-20,Night,2,1,7.0,3,1,73
202400028227,2024-05-20,Morning,4,1,3.0,1,2,93
202400028228,2024-07-27,Evening,4,2,6.0,1,2,42
202400028229,2024-09-02,Afternoon,4,1,4.0,1,1,03
202400028230,2024-05-20,Afternoon,4,1,2.0,1,2,93
202400028231,2024-07-27,Afternoon,4,1,6.0,1,2,42
202400028232,2024-05-20,Afternoon,4,1,6.0,1,2,92
202400028234,2024-05-20,Afternoon,3,1,6.0,1,2,92
202400028235,2024-08-13,Evening,2,1,6.0,5,1,57
202400028236,2024-07-26,Evening,3,7,4.0,1,2,38
202400028237,2024-05-20,Night,4,1,5.0,5,2,91
202400028238,2024-07-27,Morning,4,1,3.0,1,2,38
202400028239,2024-09-02,Night,4,1,2.0,3,1,34
202400028240,2024-05-21,Morning,4,2,3.0,1,1,86
202400028241,2024-07-27,Evening,4,1,7.0,1,2,01
202400028242,2024-05-21,Morning,2,1,7.0,1,1,84
202400028243,2024-09-02,Morning,4,1,2.0,5,1,73
202400028244,2024-05-20,Afternoon,2,1,7.0,1,2,68
202400028245,2024-09-02,Night,3,1,6.0,3,1,28
202400028246,2024-07-27,Afternoon,4,1,1.0,1,1,69
202400028249,2024-07-27,Afternoon,3,1,7.0,1,1,81
202400028250,2024-05-20,Night,4,1,6.0,4,2,23
202400028251,2024-07-27,Morning,4,1,6.0,1,1,09
202400028252,2024-09-02,Afternoon,4,1,1.0,1,1,77
202400028253,2024-07-26,Morning,3,1,6.0,1,1,31
202400028254,2024-05-20,Evening,4,2,2.0,2,1,52
202400028255,2024-09-03,Afternoon,3,1,3.0,1,2,2A
202400028256,2024-05-20,Afternoon,4,1,3.0,1,1,54
202400028257,2024-09-02,Afternoon,4,1,3.0,1,2,66
202400028258,2024-07-26,Morning,2,1,1.0,2,1,33
202400028259,2024-05-19,Afternoon,4,1,6.0,1,1,14
202400028260,2024-08-27,Evening,3,1,6.0,5,2,06
202400028261,2024-07-26,Evening,3,1,6.0,3,1,33
202400028262,2024-05-20,Morning,3,1,2.0,1,1,41
202400028263,2024-09-02,Afternoon,4,1,2.0,1,2,25
202400028264,2024-09-01,Evening,4,1,1.0,1,2,88
202400028265,2024-05-20,Afternoon,3,1,1.0,1,1,62
202400028266,2024-07-26,Evening,3,2,3.0,1,2,27
202400028267,2024-09-03,Morning,3,1,3.0,1,2,01
202400028268,2024-05-20,Evening,4,3,2.0,2,1,95
202400028269,2024-05-21,Afternoon,4,1,2.0,1,2,51
202400028270,2024-09-03,Afternoon,3,1,6.0,1,2,46
202400028271,2024-07-26,Afternoon,4,1,2.0,1,1,83
202400028272,2024-05-20,Evening,4,2,6.0,2,1,56
202400028273,2024-08-24,Night,3,1,7.0,3,1,46
202400028274,2024-07-22,Afternoon,4,1,2.0,1,1,42
202400028275,2024-05-20,Night,4,2,6.0,3,1,56
202400028276,2024-07-26,Evening,4,2,7.0,2,1,92
202400028277,2024-09-01,Night,4,1,2.0,3,1,13
202400028278,2024-05-21,Afternoon,3,1,3.0,1,1,2B
202400028279,2024-07-26,Evening,4,8,7.0,1,1,92
202400028280,2024-09-02,Night,2,1,6.0,3,1,69
202400028281,2024-07-26,Morning,4,2,6.0,1,1,92
202400028282,2024-05-21,Morning,4,1,3.0,1,2,71
202400028283,2024-09-02,Afternoon,4,1,3.0,1,1,33
202400028284,2024-07-26,Evening,4,2,6.0,1,1,95
202400028285,2024-05-21,Morning,3,1,6.0,1,2,61
202400028286,2024-07-26,Evening,4,3,6.0,2,1,94
202400028287,2024-08-31,Morning,4,8,3.0,1,1,95
202400028288,2024-05-20,Evening,4,2,2.0,1,1,49
202400028289,2024-07-26,Afternoon,4,1,6.0,1,1,77
202400028290,2024-08-31,Morning,4,1,5.0,1,1,93
202400028291,2024-05-20,Evening,4,8,1.0,1,2,42
202400028293,2024-05-20,Morning,3,1,7.0,1,2,34
202400028294,2024-09-02,Morning,4,1,2.0,1,1,94
202400028295,2024-05-20,Afternoon,4,2,7.0,1,2,35
202400028296,2024-09-02,Morning,4,1,2.0,3,1,93
202400028298,2024-05-20,Evening,3,9,6.0,1,2,35
202400028299,2024-04-13,Morning,3,1,6.0,2,2,84
202400028300,2024-07-25,Evening,4,1,3.0,1,2,69
202400028301,2024-05-20,Afternoon,4,1,7.0,1,1,54
202400028302,2024-04-01,Afternoon,4,1,3.0,1,1,84
202400028303,2024-07-25,Afternoon,4,1,3.0,1,2,69
202400028304,2024-05-21,Morning,4,1,7.0,1,2,14
202400028305,2024-02-18,Night,3,1,6.0,5,2,84
202400028307,2024-05-19,Afternoon,4,1,3.0,1,1,36
202400028308,2024-01-24,Afternoon,3,1,2.0,1,2,84
202400028309,2024-07-25,Evening,4,1,3.0,1,2,69
202400028310,2024-05-20,Evening,2,3,3.0,1,2,07
202400028311,2024-07-25,Morning,3,1,1.0,1,2,69
202400028312,2024-05-21,Evening,2,1,2.0,1,1,53
202400028315,2024-05-18,Night,3,1,6.0,5,1,37
202400028316,2024-09-01,Evening,4,1,3.0,1,2,69
202400028317,2024-05-20,Evening,4,1,6.0,2,1,80
202400028319,2024-09-01,Evening,4,1,3.0,1,2,95
202400028320,2024-05-05,Night,3,8,6.0,2,1,88
202400028321,2024-07-25,Evening,3,1,1.0,5,2,2A
202400028322,2024-05-21,Afternoon,4,1,2.0,1,1,13
202400028323,2024-07-25,Afternoon,2,1,6.0,1,2,95
202400028324,2024-05-20,Evening,4,1,1.0,1,1,91
202400028325,2024-09-01,Afternoon,4,1,3.0,1,2,91
202400028326,2024-07-25,Evening,3,1,3.0,1,2,91
202400028327,2024-05-21,Morning,4,8,7.0,1,1,53
202400028328,2024-09-01,Afternoon,4,1,6.0,1,1,91
202400028329,2024-07-25,Morning,4,1,3.0,1,2,91
202400028330,2024-05-21,Morning,3,1,1.0,5,1,06
202400028332,2024-08-31,Afternoon,3,1,3.0,1,2,91
202400028333,2024-07-24,Morning,3,1,6.0,1,2,89
202400028334,2024-07-24,Evening,4,1,7.0,1,2,87
202400028335,2024-09-01,Afternoon,4,1,6.0,1,2,91
202400028336,2024-05-21,Morning,3,1,6.0,1,2,91
202400028337,2024-09-01,Afternoon,4,1,7.0,1,2,30
202400028338,2024-07-24,Afternoon,4,1,6.0,1,2,87
202400028339,2024-07-25,Evening,3,1,6.0,1,2,85
202400028340,2024-05-21,Afternoon,4,1,5.0,1,1,11
202400028341,2024-09-01,Night,3,1,3.0,5,1,78
202400028342,2024-09-01,Evening,4,1,6.0,5,2,67
202400028343,2024-07-25,Afternoon,4,1,3.0,1,2,85
202400028344,2024-05-19,Morning,3,1,1.0,1,2,83
202400028345,2024-05-20,Afternoon,3,1,7.0,1,1,52
202400028346,2024-09-01,Evening,4,1,6.0,5,2,67
202400028347,2024-05-18,Evening,4,1,2.0,1,2,57
202400028348,2024-07-24,Afternoon,4,1,3.0,1,2,84
202400028349,2024-05-20,Afternoon,3,1,2.0,1,2,57
202400028350,2024-09-01,Afternoon,3,1,3.0,1,1,67
202400028351,2024-07-24,Morning,4,1,2.0,1,2,84
202400028352,2024-05-20,Afternoon,4,1,1.0,1,1,57
202400028353,2024-07-25,Evening,4,1,3.0,1,2,83
202400028354,2024-05-20,Afternoon,3,1,3.0,1,2,73
202400028355,2024-08-30,Afternoon,4,1,4.0,1,2,65
202400028356,2024-07-25,Evening,4,1,3.0,1,2,77
202400028357,2024-05-20,Afternoon,4,1,7.0,1,1,26
202400028358,2024-09-01,Afternoon,4,1,2.0,1,2,64
202400028359,2024-07-25,Afternoon,4,1,3.0,1,2,77
202400028360,2024-05-12,Morning,3,2,3.0,1,1,17
202400028361,2024-09-01,Night,3,1,3.0,5,2,62
202400028362,2024-07-25,Night,4,2,3.0,3,2,76
202400028363,2024-09-01,Morning,4,1,3.0,1,2,62
202400028364,2024-05-13,Evening,3,2,6.0,1,2,64
202400028365,2024-07-24,Afternoon,4,1,7.0,1,2,76
202400028366,2024-08-31,Morning,4,1,3.0,1,2,62
202400028367,2024-05-18,Afternoon,3,1,3.0,1,1,29
202400028368,2024-07-23,Night,4,2,7.0,5,2,76
202400028369,2024-08-31,Afternoon,2,3,1.0,1,2,62
202400028370,2024-08-31,Morning,4,8,3.0,1,2,56
202400028371,2024-05-21,Afternoon,4,1,3.0,1,1,76
202400028372,2024-07-24,Afternoon,4,1,3.0,1,2,72
202400028373,2024-08-31,Night,4,1,3.0,5,2,50
202400028374,2024-04-20,Afternoon,3,2,7.0,3,1,80
202400028375,2024-07-25,Afternoon,4,1,7.0,1,2,71
202400028376,2024-09-01,Morning,4,1,6.0,1,1,49
202400028377,2024-05-20,Evening,4,1,6.0,1,1,62
202400028378,2024-07-25,Afternoon,3,1,6.0,1,2,69
202400028379,2024-09-01,Evening,4,1,3.0,5,2,45
202400028380,2024-07-24,Morning,4,1,4.0,1,2,69
202400028381,2024-09-01,Night,3,3,6.0,5,2,44
202400028382,2024-07-25,Night,4,1,3.0,5,2,68
202400028383,2024-07-25,Morning,4,1,3.0,1,2,67
202400028384,2024-09-01,Morning,4,1,3.0,1,2,34
202400028385,2024-07-24,Afternoon,3,1,3.0,1,2,67
202400028386,2024-07-24,Morning,4,1,5.0,1,1,67
202400028387,2024-07-24,Afternoon,3,1,2.0,1,2,65
202400028388,2024-07-24,Afternoon,4,1,6.0,1,2,64
202400028389,2024-07-25,Evening,4,1,3.0,1,2,64
202400028390,2024-07-25,Morning,4,1,2.0,1,2,64
202400028391,2024-07-24,Night,4,1,1.0,5,2,64
202400028392,2024-07-25,Morning,4,1,3.0,1,2,63
202400028393,2024-07-25,Evening,4,2,3.0,2,2,59
202400028394,2024-07-24,Evening,4,1,1.0,1,2,59
202400028395,2024-07-24,Afternoon,4,1,6.0,1,2,59
202400028396,2024-07-25,Afternoon,4,1,2.0,1,2,58
202400028397,2024-07-25,Afternoon,4,1,3.0,1,2,56
202400028398,2024-07-25,Night,4,1,7.0,4,2,56
202400028399,2024-07-25,Morning,4,1,3.0,1,2,54
202400028400,2024-07-24,Evening,4,1,1.0,1,2,54
202400028401,2024-07-25,Night,4,1,6.0,3,1,54
202400028402,2024-07-22,Morning,4,1,6.0,1,2,52
202400028403,2024-07-25,Evening,3,2,3.0,1,2,50
202400028404,2024-07-25,Morning,4,1,7.0,1,2,48
202400028405,2024-07-25,Morning,4,1,6.0,1,2,45
202400028406,2024-07-24,Afternoon,4,1,2.0,1,2,44
202400028407,2024-10-07,Morning,4,8,6.0,1,2,94
202400028408,2024-07-25,Morning,4,1,3.0,1,2,42
202400028409,2024-10-07,Morning,4,8,2.0,2,2,93
202400028410,2024-07-24,Afternoon,4,1,3.0,1,2,38
202400028411,2024-10-06,Afternoon,4,2,5.0,1,2,93
202400028412,2024-07-24,Afternoon,4,1,6.0,1,2,36
202400028413,2024-10-07,Night,3,2,3.0,5,1,93
202400028414,2024-07-25,Morning,4,1,6.0,1,2,35
202400028415,2024-10-07,Afternoon,4,2,1.0,1,2,93
202400028416,2024-10-07,Morning,4,1,6.0,1,2,93
202400028417,2024-07-25,Night,4,5,6.0,3,1,35
202400028418,2024-10-07,Afternoon,4,8,7.0,1,2,92
202400028419,2024-07-25,Afternoon,4,1,6.0,1,2,34
202400028420,2024-10-07,Morning,4,7,6.0,1,2,92
202400028421,2024-10-07,Evening,4,2,3.0,5,2,92
202400028422,2024-07-25,Afternoon,4,1,3.0,1,2,33
202400028423,2024-10-05,Evening,3,1,1.0,5,2,92
202400028424,2024-10-07,Morning,4,1,3.0,1,2,92
202400028425,2024-07-25,Morning,4,1,4.0,1,2,33
202400028426,2024-10-07,Morning,4,8,3.0,1,2,92
202400028427,2024-10-07,Evening,4,2,3.0,5,2,92
202400028428,2024-07-25,Afternoon,4,1,3.0,1,2,33
202400028429,2024-10-07,Morning,4,1,1.0,1,2,59
202400028430,2024-10-07,Evening,4,3,1.0,3,1,63
202400028431,2024-10-05,Afternoon,4,1,4.0,1,1,21
202400028432,2024-07-25,Morning,3,1,3.0,1,2,31
202400028433,2024-10-07,Afternoon,3,1,2.0,1,2,81
202400028434,2024-10-07,Afternoon,3,3,6.0,1,1,34
202400028435,2024-07-24,Afternoon,3,7,2.0,1,2,31
202400028436,2024-10-07,Afternoon,3,1,3.0,1,1,80