Num_Acc,date,time_of_day,max_severity,weather,collision_type,lighting,urban_area,department
202400028437,2024-08-13,Night,4,1,6.0,3,1,61
202400028438,2024-10-05,Afternoon,3,1,3.0,1,1,22
202400028439,2024-10-08,Morning,4,1,1.0,1,1,44
202400028440,2024-10-07,Morning,4,1,3.0,1,2,01
202400028441,2024-10-03,Afternoon,3,1,2.0,1,2,14
202400028442,2024-10-08,Morning,3,1,6.0,2,2,45
202400028443,2024-10-07,Afternoon,4,1,1.0,1,1,43
202400028444,2024-10-06,Night,3,2,7.0,3,1,53
202400028445,2024-10-07,Evening,2,1,6.0,5,2,40
202400028446,2024-10-06,Afternoon,3,1,6.0,1,2,85
202400028447,2024-10-04,Evening,4,1,3.0,2,1,01
202400028448,2024-10-03,Afternoon,3,1,1.0,1,1,83
202400028449,2024-10-07,Afternoon,4,2,6.0,1,1,48
202400028450,2024-10-07,Morning,3,1,1.0,1,1,13
202400028451,2024-10-07,Afternoon,3,2,3.0,1,2,21
202400028452,2024-10-07,Evening,4,2,5.0,5,2,57
202400028453,2024-10-07,Evening,4,1,1.0,1,1,01
202400028454,2024-10-07,Afternoon,3,8,1.0,1,2,69
202400028455,2024-10-08,Morning,3,5,2.0,3,1,81
202400028456,2024-10-08,Morning,4,1,7.0,1,2,33
202400028457,2024-10-04,Morning,4,2,2.0,3,1,44
202400028458,2024-09-19,Afternoon,4,1,6.0,1,1,29
202400028459,2024-09-24,Afternoon,4,1,2.0,1,1,83
202400028460,2024-10-06,Night,4,2,5.0,3,1,33
202400028461,2024-09-20,Afternoon,4,1,2.0,1,1,59
202400028462,2024-10-06,Night,2,1,6.0,3,1,62
202400028463,2024-10-04,Evening,3,1,6.0,3,1,59
202400028464,2024-10-06,Afternoon,4,2,5.0,1,1,78
202400028465,2024-10-06,Afternoon,4,1,2.0,1,1,92
202400028466,2024-10-06,Afternoon,4,2,7.0,1,1,78
202400028467,2024-10-06,Night,4,2,7.0,3,1,78
202400028468,2024-10-04,Evening,4,1,3.0,1,1,92
202400028469,2024-10-07,Night,4,2,6.0,3,1,93
202400028470,2024-10-06,Afternoon,4,2,2.0,1,1,92
202400028471,2024-10-06,Afternoon,4,1,6.0,1,1,95
202400028472,2024-10-06,Afternoon,4,2,6.0,1,1,95
202400028473,2024-10-06,Night,4,1,2.0,3,1,93
202400028474,2024-10-05,Night,4,1,2.0,3,1,93
202400028475,2024-10-07,Morning,4,1,2.0,3,1,77
202400028476,2024-10-06,Night,4,2,6.0,3,1,94
202400028477,2024-10-06,Night,4,2,6.0,3,1,94
202400028478,2024-05-16,Afternoon,4,1,3.0,1,2,93
202400028479,2024-05-03,Evening,4,1,2.0,1,2,93
202400028480,2024-04-24,Night,4,1,3.0,5,2,93
202400028484,2024-09-30,Afternoon,4,1,3.0,1,2,69
202400028485,2024-10-06,Night,4,1,6.0,5,2,69
202400028489,2024-10-05,Evening,3,1,6.0,1,2,95
202400028490,2024-10-06,Morning,4,2,4.0,1,2,95
202400028491,2024-10-06,Afternoon,4,2,6.0,1,2,91
202400028492,2024-10-06,Afternoon,4,2,3.0,1,2,91
202400028493,2024-10-05,Evening,4,1,3.0,2,2,90
202400028494,2024-10-06,Morning,4,1,1.0,1,2,84
202400028495,2024-10-06,Afternoon,4,1,3.0,1,2,79
202400028496,2024-10-05,Morning,4,1,1.0,1,2,78
202400028497,2024-10-06,Night,2,1,6.0,5,2,77
202400028498,2024-10-05,Afternoon,4,1,1.0,1,2,73
202400028499,2024-10-06,Evening,4,1,1.0,5,2,69
202400028500,2024-10-06,Morning,4,2,3.0,2,2,64
202400028501,2024-10-05,Evening,4,1,3.0,1,2,64
202400028502,2024-10-06,Morning,4,1,6.0,5,2,59
202400028503,2024-10-05,Evening,4,1,3.0,1,2,59
202400028504,2024-10-06,Night,4,1,6.0,5,2,57
202400028505,2024-10-06,Afternoon,4,2,5.0,1,1,56
202400028506,2024-10-05,Afternoon,3,1,6.0,1,2,51
202400028507,2024-10-06,Evening,4,8,1.0,5,2,45
202400028508,2024-10-06,Morning,4,2,2.0,1,2,45
202400028509,2024-10-06,Evening,4,2,6.0,3,2,38
202400028510,2024-10-06,Evening,4,8,6.0,3,2,37
202400028511,2024-10-06,Morning,4,2,6.0,1,2,37
202400028512,2024-10-06,Afternoon,4,1,3.0,1,2,35
202400028513,2024-10-06,Morning,4,2,2.0,1,2,35
202400028514,2024-10-06,Evening,4,1,3.0,1,2,34
202400028515,2024-10-06,Night,4,8,6.0,3,1,33
202400028516,2024-10-06,Afternoon,4,1,3.0,1,2,33
202400028517,2024-10-06,Evening,4,2,7.0,2,2,27
202400028518,2024-10-04,Afternoon,4,1,2.0,1,2,22
202400028519,2024-10-05,Afternoon,4,1,3.0,1,2,13
202400028520,2024-10-05,Evening,3,1,1.0,4,1,13
202400028521,2024-09-30,Afternoon,4,1,7.0,1,2,04
202400028522,2024-10-06,Evening,4,1,3.0,5,2,75
202400028523,2024-10-06,Morning,4,2,6.0,1,2,75
202400028524,2024-10-06,Evening,4,2,3.0,5,2,75
202400028525,2024-10-06,Afternoon,3,2,6.0,1,2,75
202400028526,2024-10-06,Morning,4,2,6.0,1,2,75
202400028527,2024-10-06,Morning,4,2,6.0,1,2,75
202400028528,2024-10-05,Evening,4,1,3.0,5,2,75
202400028529,2024-10-06,Evening,4,2,6.0,5,2,75
202400028530,2024-10-06,Morning,4,2,6.0,1,2,75
202400028531,2024-10-05,Afternoon,4,1,3.0,1,2,75
202400028532,2024-10-05,Afternoon,4,1,6.0,1,2,75
202400028533,2024-10-06,Evening,4,2,3.0,5,2,75
202400028534,2024-10-06,Night,4,1,6.0,5,2,75
202400028535,2024-10-06,Night,4,1,6.0,5,2,75
202400028536,2024-10-06,Afternoon,4,2,6.0,1,2,75
202400028537,2024-10-05,Evening,3,1,6.0,5,2,75
202400028538,2024-10-06,Night,4,1,3.0,5,2,94
202400028539,2024-10-07,Night,4,2,7.0,5,2,94
202400028540,2024-10-05,Evening,4,1,2.0,1,2,93
202400028541,2024-10-05,Night,3,1,7.0,5,2,93
202400028542,2024-10-05,Evening,4,1,6.0,5,2,93
202400028543,2024-10-06,Afternoon,4,2,3.0,1,2,92
202400028544,2024-10-06,Afternoon,4,2,3.0,1,2,92
202400028545,2024-10-06,Afternoon,4,2,3.0,1,2,92
202400028546,2024-10-05,Morning,4,1,6.0,1,2,92
202400028547,2024-10-06,Morning,4,2,6.0,1,1,92
202400028548,2024-10-06,Evening,4,1,2.0,2,2,92
202400028549,2024-10-06,Evening,4,2,4.0,5,2,92
202400028550,2024-10-05,Afternoon,3,1,6.0,1,2,37
202400028551,2024-10-07,Morning,4,2,3.0,1,1,72
202400028552,2024-10-06,Afternoon,3,1,6.0,1,2,12
202400028553,2024-10-07,Morning,3,2,6.0,1,1,54
202400028554,2024-10-07,Afternoon,2,2,7.0,1,1,26
202400028555,2024-10-05,Morning,3,1,3.0,1,1,17
202400028556,2024-10-05,Evening,3,1,7.0,3,2,45
202400028557,2024-10-06,Afternoon,4,1,6.0,1,2,31
202400028558,2024-10-05,Morning,4,1,6.0,1,2,31
202400028559,2024-10-06,Morning,3,1,1.0,1,1,81
202400028561,2024-10-06,Night,2,2,2.0,3,1,28
202400028562,2024-10-07,Morning,3,5,3.0,2,2,01
202400028563,2024-10-05,Evening,4,1,1.0,3,1,2B
202400028564,2024-09-27,Afternoon,3,2,3.0,1,2,62
202400028565,2024-10-05,Morning,3,1,6.0,2,1,66
202400028566,2024-10-07,Morning,3,2,6.0,1,1,83
202400028567,2024-10-07,Morning,4,2,7.0,1,1,56
202400028568,2024-10-07,Night,2,8,6.0,5,2,80
202400028569,2024-10-04,Evening,4,1,3.0,5,2,80
202400028570,2024-10-06,Evening,4,1,3.0,5,2,82
202400028571,2024-10-06,Evening,4,1,1.0,1,1,65
202400028572,2024-10-06,Morning,3,1,4.0,1,1,63
202400028573,2024-10-05,Evening,4,7,1.0,2,1,27
202400028574,2024-10-07,Morning,3,1,6.0,2,1,63
202400028575,2024-10-06,Afternoon,4,1,7.0,1,2,61
202400028576,2024-10-06,Afternoon,3,1,1.0,1,1,49
202400028577,2024-10-07,Afternoon,4,2,6.0,1,1,49
202400028578,2024-10-06,Evening,3,1,6.0,3,1,12
202400028579,2024-10-07,Afternoon,4,1,3.0,1,1,39
202400028580,2024-10-06,Night,3,8,6.0,3,1,39
202400028581,2024-10-06,Afternoon,4,2,5.0,1,1,44
202400028582,2024-10-06,Evening,4,1,7.0,1,1,29
202400028583,2024-10-05,Evening,2,7,2.0,1,1,02
202400028584,2024-10-07,Afternoon,4,1,3.0,1,1,01
202400028585,2024-10-07,Morning,3,8,6.0,1,1,26
202400028586,2024-10-07,Morning,2,1,7.0,1,1,26
202400028587,2024-10-06,Afternoon,3,2,7.0,1,2,58
202400028588,2024-10-06,Night,3,1,1.0,5,1,06
202400028589,2024-10-06,Night,3,1,7.0,3,1,64
202400028590,2024-10-01,Morning,3,3,7.0,1,1,18
202400028591,2024-10-06,Afternoon,3,8,6.0,1,1,18
202400028592,2024-10-04,Afternoon,3,1,3.0,1,1,36
202400028593,2024-10-06,Evening,4,2,7.0,5,2,36
202400028594,2024-10-07,Afternoon,2,2,7.0,1,1,07
202400028595,2024-10-06,Morning,2,1,7.0,1,1,21
202400028596,2024-10-03,Afternoon,3,1,6.0,1,1,04
202400028597,2024-10-06,Afternoon,4,2,2.0,1,1,28
202400028598,2024-10-06,Night,3,2,1.0,3,1,37
202400028599,2024-10-06,Night,2,2,6.0,3,1,37
202400028600,2024-10-06,Night,3,1,7.0,3,1,52
202400028601,2024-10-06,Afternoon,4,2,3.0,1,1,95
202400028603,2024-10-07,Night,4,1,1.0,3,2,51
202400028604,2024-10-06,Afternoon,3,2,6.0,1,1,45
202400028605,2024-10-07,Afternoon,4,3,5.0,1,1,45
202400028606,2024-10-05,Morning,2,1,6.0,2,1,69
202400028611,2024-10-06,Evening,4,8,5.0,3,1,28
202400028612,2024-10-07,Morning,3,1,6.0,1,2,78
202400028613,2024-10-05,Evening,4,1,2.0,1,1,2B
202400028614,2024-10-06,Evening,3,2,7.0,5,2,34
202400028615,2024-10-07,Night,3,1,7.0,3,1,06
202400028618,2024-06-24,Afternoon,4,1,6.0,1,2,2A
202400028619,2024-06-24,Afternoon,4,1,2.0,1,2,95
202400028620,2024-06-24,Afternoon,4,7,6.0,1,2,95
202400028621,2024-06-24,Morning,4,1,6.0,1,2,95
202400028622,2024-06-24,Morning,4,1,3.0,1,2,91
202400028623,2024-06-24,Morning,4,1,6.0,1,2,91
202400028624,2024-06-23,Afternoon,4,1,2.0,1,2,90
202400028625,2024-06-24,Morning,4,1,7.0,1,2,87
202400028626,2024-06-24,Night,2,1,7.0,5,2,86
202400028627,2024-06-24,Morning,4,1,3.0,1,2,84
202400028628,2024-06-24,Morning,4,8,3.0,1,2,83
202400028629,2024-06-24,Morning,4,1,7.0,1,2,81
202400028630,2024-06-23,Afternoon,4,1,6.0,1,1,80
202400028631,2024-06-23,Night,4,1,7.0,2,2,80
202400028632,2024-06-24,Night,3,1,3.0,5,2,78
202400028633,2024-06-24,Evening,4,7,2.0,1,1,78
202400028634,2024-06-24,Morning,4,1,2.0,1,2,78
202400028635,2024-06-24,Morning,4,1,6.0,1,2,78
202400028636,2024-06-22,Morning,4,1,3.0,1,2,77
202400028637,2024-06-23,Afternoon,4,1,1.0,1,2,77
202400028638,2024-06-21,Evening,4,1,3.0,1,2,76
202400028639,2024-06-21,Evening,4,1,3.0,1,2,76
202400028640,2024-06-22,Evening,4,8,3.0,1,2,67
202400028641,2024-06-24,Afternoon,4,1,2.0,1,2,64
202400028642,2024-06-27,Afternoon,4,1,6.0,1,2,62
202400028643,2024-06-24,Evening,4,1,6.0,1,2,59
202400028644,2024-06-23,Morning,4,1,6.0,1,2,51
202400028645,2024-06-21,Evening,3,1,3.0,1,2,50
202400028646,2024-06-22,Night,4,1,3.0,3,2,49
202400028647,2024-06-24,Morning,3,1,6.0,1,2,43
202400028648,2024-06-24,Night,4,1,7.0,5,2,41
202400028649,2024-06-23,Morning,3,1,6.0,1,2,41
202400028650,2024-06-24,Evening,4,1,3.0,1,2,37
202400028651,2024-06-24,Morning,4,1,3.0,1,2,35
202400028652,2024-06-23,Night,3,1,7.0,3,2,34
202400028653,2024-06-24,Morning,4,1,6.0,1,2,25
202400028654,2024-06-24,Afternoon,4,1,2.0,1,2,25
202400028655,2024-06-20,Afternoon,3,1,7.0,1,2,22
202400028656,2024-06-24,Afternoon,4,1,3.0,1,2,13
202400028657,2024-06-24,Afternoon,3,1,6.0,1,2,13
202400028658,2024-06-24,Morning,4,1,3.0,1,2,13
202400028659,2024-06-24,Afternoon,3,1,1.0,1,1,12
202400028660,2024-06-24,Morning,3,1,6.0,1,2,11
202400028661,2024-06-24,Morning,4,1,3.0,1,2,11
202400028662,2024-06-24,Afternoon,3,1,3.0,1,2,07
202400028663,2024-06-23,Afternoon,4,1,6.0,1,2,06
202400028664,2024-06-23,Morning,4,1,3.0,1,2,06
202400028665,2024-06-23,Night,4,1,2.0,5,2,75
202400028666,2024-06-22,Night,3,1,6.0,5,2,75
202400028667,2024-06-24,Morning,4,1,3.0,1,2,75
202400028668,2024-06-23,Evening,4,1,3.0,1,2,75
202400028669,2024-06-23,Evening,4,1,3.0,1,2,75
202400028670,2024-06-24,Afternoon,4,1,3.0,1,2,75
202400028671,2024-06-24,Morning,4,1,3.0,1,2,75
202400028672,2024-06-24,Afternoon,4,1,6.0,1,2,75
202400028673,2024-06-24,Morning,4,1,6.0,1,2,75
202400028674,2024-06-23,Evening,4,1,2.0,1,2,75
202400028675,2024-06-24,Evening,4,1,6.0,1,2,75
202400028676,2024-06-24,Evening,4,1,3.0,1,2,75
202400028677,2024-06-23,Evening,4,1,3.0,2,2,94
202400028678,2024-06-23,Night,4,1,3.0,5,2,94
202400028679,2024-06-22,Evening,4,1,2.0,1,2,94
202400028680,2024-06-24,Afternoon,4,7,6.0,1,2,95
202400028681,2024-06-24,Afternoon,4,1,1.0,1,2,93
202400028682,2024-06-23,Night,4,1,1.0,5,2,93
202400028683,2024-06-24,Morning,4,1,3.0,1,2,93
202400028684,2024-06-23,Morning,4,1,6.0,1,2,93
202400028685,2024-11-12,Afternoon,4,2,3.0,1,2,42
202400028686,2024-11-12,Morning,3,2,6.0,1,2,42
202400028687,2024-06-23,Afternoon,4,1,2.0,1,2,93
202400028688,2024-11-12,Morning,4,1,7.0,5,2,37
202400028689,2024-06-24,Morning,4,1,6.0,1,2,93
202400028690,2024-11-12,Night,4,1,6.0,3,1,35
202400028691,2024-06-24,Afternoon,4,1,3.0,1,2,93
202400028692,2024-11-12,Afternoon,4,1,3.0,1,2,35
202400028693,2024-06-23,Afternoon,4,1,3.0,1,2,92
202400028694,2024-11-12,Morning,4,1,3.0,1,1,35
202400028695,2024-06-23,Evening,4,7,7.0,1,2,92
202400028696,2024-11-12,Morning,4,1,2.0,2,1,35
202400028697,2024-06-18,Afternoon,4,1,3.0,1,2,92
202400028698,2024-06-24,Afternoon,3,1,7.0,1,2,92
202400028699,2024-11-12,Morning,4,1,3.0,1,2,35
202400028700,2024-11-12,Evening,4,2,3.0,5,2,34
202400028701,2024-06-24,Afternoon,4,1,3.0,1,2,92
202400028702,2024-11-12,Afternoon,3,1,3.0,1,2,34
202400028703,2024-11-12,Evening,4,1,6.0,5,2,33
202400028704,2024-06-24,Morning,4,1,6.0,1,2,92
202400028705,2024-11-12,Night,3,1,6.0,5,2,33
202400028706,2024-06-24,Afternoon,3,1,7.0,1,2,37
202400028707,2024-11-12,Morning,4,1,6.0,1,2,32
202400028708,2024-06-21,Morning,3,8,3.0,1,1,63
202400028709,2024-11-12,Evening,4,2,4.0,5,2,29
202400028710,2024-06-22,Night,3,1,7.0,3,2,08
202400028711,2024-11-12,Morning,4,1,6.0,1,2,29
202400028712,2024-06-18,Afternoon,4,1,3.0,1,1,01
202400028713,2024-11-12,Morning,4,1,6.0,3,2,29
202400028714,2024-06-24,Afternoon,3,1,3.0,1,1,95
202400028715,2024-11-12,Morning,4,2,2.0,1,1,26
202400028716,2024-06-25,Morning,3,1,3.0,1,1,22
202400028717,2024-11-12,Evening,4,2,6.0,5,2,26
202400028718,2024-11-12,Evening,4,2,6.0,5,2,22
202400028719,2024-06-24,Evening,3,1,3.0,1,2,42
202400028720,2024-06-22,Night,4,1,2.0,2,1,88
202400028722,2024-11-12,Afternoon,4,1,2.0,1,1,22
202400028723,2024-06-23,Morning,3,1,7.0,1,1,54
202400028725,2024-11-07,Afternoon,3,8,3.0,2,2,14
202400028726,2024-11-12,Morning,4,8,3.0,1,1,13
202400028727,2024-06-22,Morning,4,3,3.0,1,1,71
202400028728,2024-06-21,Evening,3,1,7.0,1,1,56
202400028729,2024-11-12,Evening,4,1,2.0,5,2,13
202400028730,2024-06-24,Afternoon,2,1,3.0,1,1,56
202400028731,2024-11-12,Afternoon,4,2,3.0,1,2,13
202400028732,2024-11-12,Evening,4,2,1.0,5,2,13
202400028733,2024-06-25,Morning,3,1,1.0,1,1,56
202400028734,2024-11-12,Afternoon,4,2,7.0,1,2,13
202400028735,2024-06-24,Afternoon,4,1,3.0,1,2,76
202400028736,2024-11-11,Evening,4,1,3.0,5,2,11
202400028737,2024-06-25,Morning,4,1,4.0,1,1,80
202400028738,2024-11-11,Afternoon,4,1,6.0,5,2,06
202400028739,2024-06-24,Afternoon,4,1,6.0,1,1,11
202400028740,2024-11-12,Evening,4,1,3.0,4,1,06
202400028741,2024-06-25,Afternoon,3,1,3.0,1,1,71
202400028742,2024-06-25,Morning,3,1,6.0,1,1,61
202400028743,2024-11-11,Evening,4,1,4.0,5,2,75
202400028744,2024-06-25,Morning,2,1,1.0,1,1,61
202400028745,2024-11-11,Evening,3,1,7.0,5,2,75
202400028746,2024-06-24,Morning,3,1,6.0,1,2,42
202400028747,2024-11-10,Night,3,1,7.0,5,2,75
202400028748,2024-06-25,Afternoon,4,1,3.0,1,1,68
202400028749,2024-11-12,Night,4,1,3.0,5,2,75
202400028750,2024-06-25,Afternoon,2,7,3.0,1,1,22
202400028751,2024-11-12,Afternoon,4,1,2.0,2,2,75
202400028752,2024-06-25,Morning,3,1,6.0,1,1,39
202400028753,2024-11-11,Evening,4,1,3.0,5,2,75
202400028754,2024-11-12,Afternoon,4,1,7.0,1,2,75
202400028755,2024-06-20,Night,3,1,3.0,5,2,29
202400028756,2024-06-25,Morning,3,1,7.0,1,2,06
202400028757,2024-11-12,Afternoon,4,1,3.0,1,2,75
202400028758,2024-06-20,Morning,4,1,2.0,1,1,45
202400028759,2024-11-12,Afternoon,4,8,6.0,1,2,75
202400028760,2024-06-25,Afternoon,4,1,6.0,1,2,64
202400028761,2024-11-12,Morning,4,8,3.0,1,2,75
202400028762,2024-06-24,Afternoon,3,1,7.0,1,2,18
202400028763,2024-11-12,Evening,4,1,6.0,5,2,75
202400028764,2024-06-24,Evening,3,1,2.0,1,1,07
202400028765,2024-11-12,Evening,4,1,3.0,5,2,75
202400028766,2024-06-24,Afternoon,3,1,1.0,1,1,21
202400028767,2024-11-12,Evening,4,1,7.0,5,2,75
202400028768,2024-06-24,Afternoon,4,1,1.0,1,2,40
202400028769,2024-06-24,Afternoon,4,1,1.0,1,1,24
202400028770,2024-11-12,Morning,4,8,3.0,1,2,75
202400028771,2024-11-12,Morning,4,2,6.0,5,2,94
202400028772,2024-06-25,Afternoon,4,1,1.0,1,1,48
202400028773,2024-11-12,Afternoon,4,1,3.0,1,2,94
202400028774,2024-06-25,Afternoon,4,1,3.0,1,1,48
202400028775,2024-11-12,Morning,4,1,6.0,1,2,94
202400028776,2024-11-12,Night,3,2,2.0,3,1,94
202400028777,2024-11-11,Morning,4,8,6.0,1,2,93
202400028778,2024-06-24,Afternoon,4,1,5.0,1,1,31
202400028779,2024-11-12,Afternoon,3,1,3.0,1,2,93
202400028780,2024-06-25,Afternoon,4,1,2.0,1,1,14
202400028781,2024-06-25,Afternoon,4,1,6.0,1,1,55
202400028782,2024-11-12,Afternoon,4,1,1.0,1,2,93
202400028783,2024-06-24,Night,3,1,6.0,5,1,62
202400028784,2024-11-12,Morning,4,2,3.0,1,2,93
202400028785,2024-06-25,Morning,4,1,6.0,1,1,77
202400028786,2024-06-24,Evening,3,1,6.0,1,1,91
202400028787,2024-11-12,Morning,4,2,4.0,1,2,93
202400028788,2024-06-25,Morning,3,1,3.0,1,1,2A
202400028789,2024-11-11,Evening,4,1,3.0,5,2,93
202400028790,2024-11-12,Afternoon,4,8,3.0,1,2,92
202400028791,2024-06-24,Afternoon,4,1,1.0,1,1,11
202400028792,2024-11-12,Morning,4,2,6.0,1,2,92
202400028793,2024-06-25,Morning,4,1,3.0,1,1,11
202400028794,2024-11-11,Afternoon,4,1,4.0,1,2,92
202400028795,2024-06-24,Afternoon,4,1,3.0,1,1,34
202400028796,2024-11-12,Morning,4,8,6.0,1,2,92
202400028797,2024-11-12,Afternoon,4,1,3.0,5,2,92
202400028798,2024-06-23,Afternoon,3,1,3.0,1,1,83
202400028799,2024-11-12,Morning,4,2,7.0,1,2,92
202400028800,2024-06-24,Afternoon,3,1,3.0,1,2,83
202400028801,2024-11-11,Evening,4,1,6.0,5,2,92
202400028802,2024-06-15,Afternoon,4,1,1.0,1,1,83
202400028803,2024-11-12,Morning,4,8,3.0,1,2,92
202400028804,2024-06-25,Afternoon,3,1,1.0,1,1,05
202400028805,2024-11-12,Afternoon,3,8,6.0,1,2,92
202400028806,2024-11-09,Evening,3,1,1.0,3,1,08
202400028807,2024-06-23,Evening,3,1,1.0,2,2,13
202400028808,2024-11-11,Afternoon,3,2,7.0,1,1,09
202400028809,2024-06-25,Night,4,1,7.0,3,1,81
202400028810,2024-11-13,Afternoon,4,1,1.0,1,2,06
202400028811,2024-06-24,Evening,4,1,1.0,1,2,31
202400028812,2024-11-13,Afternoon,4,1,7.0,1,1,62
202400028813,2024-11-12,Afternoon,4,1,6.0,1,1,21
202400028814,2024-06-24,Evening,3,1,3.0,1,1,33
202400028815,2024-11-12,Morning,2,1,6.0,1,1,44
202400028816,2024-06-21,Evening,3,1,6.0,1,1,22
202400028817,2024-11-12,Evening,4,3,5.0,3,1,34
202400028818,2024-11-13,Night,3,1,6.0,4,2,41
202400028819,2024-06-20,Evening,4,1,3.0,1,1,35
202400028820,2024-06-24,Morning,3,1,3.0,1,1,33
202400028821,2024-11-13,Morning,4,1,3.0,2,1,50
202400028822,2024-11-12,Evening,3,1,3.0,5,2,62
202400028823,2024-06-22,Night,2,1,6.0,3,1,59
202400028824,2024-06-22,Afternoon,4,1,6.0,1,1,59
202400028825,2024-11-12,Evening,2,2,6.0,5,2,56
202400028826,2024-06-24,Afternoon,4,1,2.0,1,1,91
202400028827,2024-06-24,Morning,4,1,4.0,1,1,91
202400028828,2024-11-09,Evening,4,1,1.0,3,1,82
202400028829,2024-10-12,Morning,4,1,3.0,1,2,65
202400028830,2024-06-24,Morning,4,1,4.0,1,1,94
202400028831,2024-11-12,Evening,2,8,6.0,3,2,32
202400028832,2024-06-24,Afternoon,4,1,2.0,1,1,93
202400028833,2024-11-12,Afternoon,4,1,7.0,1,2,61
202400028834,2024-11-13,Morning,3,1,3.0,2,2,42
202400028835,2024-06-24,Evening,4,1,4.0,1,1,94
202400028836,2024-11-09,Evening,4,1,1.0,3,1,41
202400028837,2024-06-24,Afternoon,4,1,3.0,1,1,77
202400028838,2024-11-12,Evening,3,1,1.0,3,1,39
202400028839,2024-06-24,Afternoon,4,1,2.0,1,1,93
202400028840,2024-06-24,Night,4,1,6.0,3,1,94
202400028841,2024-11-12,Evening,3,2,6.0,5,2,25
202400028842,2024-11-13,Morning,4,1,3.0,2,1,44
202400028843,2024-06-24,Night,4,1,2.0,3,1,94
202400028844,2024-11-03,Night,3,8,6.0,3,1,29
202400028845,2024-11-13,Morning,2,1,1.0,1,1,02
202400028846,2024-06-23,Night,4,1,2.0,3,1,94
202400028847,2024-11-11,Evening,4,1,6.0,5,2,70
202400028848,2024-06-12,Evening,4,1,7.0,1,2,44
202400028849,2024-11-13,Morning,3,8,2.0,1,2,26
202400028850,2024-11-13,Afternoon,4,1,7.0,1,2,58
202400028851,2024-04-20,Morning,4,1,6.0,2,2,44
202400028852,2024-11-12,Afternoon,4,1,6.0,1,2,06
202400028853,2024-02-04,Afternoon,4,1,6.0,1,2,44
202400028854,2024-11-12,Afternoon,4,1,6.0,1,2,14
202400028855,2024-01-30,Afternoon,4,1,1.0,1,1,04
202400028856,2024-11-13,Afternoon,4,1,1.0,2,1,14
202400028858,2024-03-19,Morning,3,1,7.0,1,2,14
202400028859,2024-11-10,Evening,4,1,3.0,5,2,14
202400028860,2024-11-11,Evening,4,1,7.0,5,2,50
202400028861,2024-03-18,Evening,4,1,7.0,1,2,14
202400028862,2024-02-14,Evening,4,2,1.0,3,1,14
202400028863,2024-11-12,Afternoon,3,1,3.0,1,1,10
202400028864,2024-11-12,Afternoon,4,2,7.0,1,2,16
202400028865,2024-01-15,Morning,4,1,6.0,1,1,32
202400028866,2024-11-12,Afternoon,3,2,7.0,1,1,07
202400028867,2024-11-05,Afternoon,3,1,7.0,2,1,04
202400028868,2024-11-12,Night,3,1,1.0,5,2,48
202400028870,2024-11-11,Afternoon,4,1,3.0,1,1,13
202400028871,2024-06-23,Evening,4,1,3.0,5,2,69
202400028872,2024-11-12,Afternoon,3,1,7.0,1,1,69
202400028876,2024-11-12,Evening,4,1,6.0,5,2,77
202400028877,2024-06-23,Evening,3,1,6.0,1,2,69
202400028878,2024-11-08,Morning,4,2,3.0,3,1,78
202400028879,2024-06-23,Night,4,1,3.0,5,1,69
202400028880,2024-11-12,Afternoon,4,1,6.0,1,2,13
202400028882,2024-11-11,Evening,3,1,6.0,5,2,31
202400028883,2024-06-23,Morning,4,1,6.0,1,2,91
202400028884,2024-06-23,Evening,4,1,6.0,1,2,91
202400028885,2024-11-12,Morning,2,1,3.0,1,2,17
202400028886,2024-11-12,Morning,3,1,6.0,1,2,72
202400028887,2024-06-22,Evening,3,1,6.0,1,2,84
202400028888,2024-11-12,Morning,4,2,3.0,2,1,27
202400028889,2024-06-22,Morning,4,1,3.0,1,2,83
202400028890,2024-11-13,Evening,4,1,3.0,3,2,59
202400028891,2024-06-23,Morning,3,1,3.0,1,2,83
202400028892,2024-06-23,Afternoon,4,1,6.0,1,2,78
202400028893,2024-11-12,Evening,3,1,3.0,5,2,59
202400028894,2024-11-12,Afternoon,4,2,3.0,1,1,13
202400028895,2024-06-23,Evening,4,1,3.0,1,2,78
202400028896,2024-11-12,Afternoon,4,2,7.0,1,1,13
202400028897,2024-06-23,Night,4,1,6.0,3,1,77
202400028898,2024-05-12,Morning,4,1,6.0,1,1,73
202400028899,2024-11-12,Morning,4,1,3.0,1,1,33
202400028900,2024-06-17,Evening,4,1,1.0,1,2,73
202400028901,2024-11-12,Afternoon,4,8,4.0,1,1,78
202400028902,2024-11-10,Evening,4,1,3.0,3,1,78
202400028903,2024-06-23,Night,4,1,1.0,5,2,71
202400028904,2024-11-12,Night,4,1,6.0,3,1,92
202400028905,2024-06-23,Evening,4,1,3.0,5,2,69
202400028906,2024-11-11,Afternoon,4,1,4.0,2,1,95
202400028907,2024-06-23,Afternoon,4,1,6.0,1,2,63
202400028908,2024-09-06,Morning,4,1,3.0,1,2,74
202400028909,2024-08-21,Evening,3,1,6.0,4,1,74
202400028910,2024-06-18,Night,4,8,3.0,2,2,62
202400028911,2024-08-05,Morning,3,1,2.0,1,1,74