Num_Acc,date,time_of_day,max_severity,weather,collision_type,lighting,urban_area,department
202400028912,2024-06-23,Morning,4,1,3.0,1,2,60
202400028913,2024-08-02,Evening,3,8,6.0,5,2,74
202400028914,2024-06-23,Morning,4,1,2.0,1,2,59
202400028915,2024-06-17,Evening,3,1,7.0,3,1,74
202400028916,2024-06-23,Evening,4,7,6.0,1,2,54
202400028917,2024-07-15,Afternoon,4,1,3.0,1,1,19
202400028918,2024-06-23,Night,3,1,6.0,3,1,50
202400028920,2024-06-23,Afternoon,4,1,3.0,1,2,49
202400028921,2024-11-11,Afternoon,4,1,1.0,2,2,69
202400028922,2024-06-23,Afternoon,4,1,6.0,1,2,45
202400028923,2024-11-11,Afternoon,3,1,1.0,1,2,69
202400028924,2024-06-23,Morning,4,1,6.0,1,2,45
202400028925,2024-11-11,Afternoon,3,1,3.0,1,2,69
202400028926,2024-06-22,Afternoon,2,1,6.0,1,2,44
202400028927,2024-11-11,Night,3,1,3.0,5,2,69
202400028928,2024-06-21,Afternoon,4,1,6.0,1,1,42
202400028930,2024-06-23,Morning,4,1,7.0,1,1,37
202400028931,2024-11-11,Evening,4,1,5.0,5,2,91
202400028932,2024-06-23,Afternoon,4,1,1.0,1,2,31
202400028933,2024-11-11,Morning,4,1,6.0,2,2,91
202400028934,2024-06-23,Morning,4,2,6.0,2,1,29
202400028935,2024-11-11,Evening,4,1,2.0,3,1,84
202400028936,2024-06-22,Evening,4,1,2.0,1,1,29
202400028937,2024-11-10,Evening,4,1,3.0,5,2,78
202400028938,2024-06-22,Night,4,2,3.0,3,1,27
202400028939,2024-11-11,Afternoon,4,1,6.0,2,2,77
202400028940,2024-06-21,Night,4,1,1.0,5,2,27
202400028941,2024-11-11,Afternoon,4,2,1.0,1,2,77
202400028942,2024-06-22,Evening,4,1,3.0,1,2,17
202400028943,2024-11-11,Evening,4,1,3.0,5,2,76
202400028944,2024-06-23,Afternoon,4,1,1.0,1,1,13
202400028945,2024-11-11,Night,4,1,3.0,3,2,72
202400028946,2024-06-23,Afternoon,4,1,3.0,1,2,13
202400028947,2024-11-11,Evening,4,1,6.0,5,2,71
202400028948,2024-06-23,Morning,4,1,2.0,1,2,13
202400028949,2024-11-11,Evening,4,9,6.0,5,2,69
202400028950,2024-11-11,Morning,4,8,6.0,1,2,67
202400028951,2024-11-11,Evening,4,1,6.0,5,2,47
202400028952,2024-10-09,Afternoon,3,1,6.0,1,1,42
202400028953,2024-11-11,Afternoon,4,1,7.0,1,2,37
202400028954,2024-11-11,Afternoon,3,1,6.0,1,2,33
202400028955,2024-11-11,Night,4,1,3.0,5,2,32
202400028956,2024-11-11,Night,4,1,7.0,5,2,29
202400028957,2024-11-11,Evening,4,1,3.0,5,2,29
202400028958,2024-11-11,Afternoon,4,1,3.0,1,2,29
202400028959,2024-11-11,Evening,4,2,3.0,3,2,25
202400028960,2024-11-11,Morning,4,1,6.0,3,1,22
202400028961,2024-11-11,Evening,4,1,3.0,5,2,13
202400028962,2024-11-11,Evening,4,1,3.0,5,2,13
202400028963,2024-11-11,Night,4,1,3.0,5,2,13
202400028964,2024-11-11,Night,4,1,2.0,4,2,75
202400028965,2024-11-11,Afternoon,4,1,3.0,1,2,75
202400028966,2024-11-11,Afternoon,3,1,6.0,1,2,75
202400028967,2024-11-11,Morning,4,1,2.0,5,2,75
202400028968,2024-11-11,Morning,4,1,3.0,1,2,75
202400028969,2024-11-11,Evening,4,1,3.0,5,2,75
202400028970,2024-11-10,Evening,3,1,6.0,3,2,75
202400028971,2024-11-11,Afternoon,4,1,3.0,5,2,75
202400028972,2024-11-11,Evening,4,1,3.0,5,2,75
202400028973,2024-11-11,Afternoon,4,1,3.0,1,2,94
202400028974,2024-11-11,Evening,4,1,6.0,5,2,94
202400028975,2024-11-11,Evening,4,1,3.0,5,2,94
202400028976,2024-11-11,Afternoon,4,1,3.0,1,2,93
202400028977,2024-11-10,Evening,4,1,1.0,5,2,93
202400028978,2024-11-11,Morning,4,1,6.0,3,2,93
202400028979,2024-11-11,Morning,3,1,6.0,3,2,93
202400028980,2024-11-11,Evening,4,1,2.0,5,2,93
202400028981,2024-11-10,Afternoon,4,1,7.0,1,1,34
202400028982,2024-11-11,Evening,3,1,3.0,5,1,71
202400028983,2024-11-12,Morning,2,1,5.0,3,1,47
202400028984,2024-09-18,Afternoon,4,1,3.0,1,1,39
202400028985,2024-11-10,Night,4,1,6.0,3,1,24
202400028986,2024-11-11,Afternoon,3,1,6.0,1,1,01
202400028987,2024-11-10,Evening,4,1,6.0,3,1,86
202400028988,2024-11-11,Afternoon,4,1,1.0,5,1,01
202400028989,2024-11-11,Afternoon,3,1,1.0,1,2,33
202400028990,2024-11-10,Afternoon,3,1,3.0,5,1,57
202400028991,2024-11-11,Evening,4,1,4.0,3,1,28
202400028992,2024-11-08,Evening,4,1,6.0,3,1,28
202400028993,2024-11-11,Afternoon,4,1,5.0,1,1,01
202400028994,2024-11-12,Evening,4,2,7.0,3,2,30
202400028995,2024-11-11,Afternoon,4,1,6.0,5,2,41
202400028996,2024-11-11,Afternoon,3,1,6.0,1,1,62
202400028997,2024-11-12,Afternoon,4,1,3.0,1,1,51
202400028998,2024-11-10,Afternoon,4,1,3.0,1,1,19
202400028999,2024-12-18,Afternoon,3,1,3.0,1,1,06
202400029000,2024-12-17,Morning,4,1,6.0,1,1,2A
202400029001,2024-11-10,Morning,3,1,3.0,1,2,79
202400029002,2024-12-02,Night,3,1,6.0,3,1,11
202400029003,2024-12-19,Afternoon,3,3,6.0,1,1,71
202400029004,2024-11-11,Evening,4,1,2.0,5,2,2B
202400029005,2024-12-19,Morning,2,1,6.0,1,1,84
202400029006,2024-11-12,Evening,3,1,3.0,2,2,82
202400029007,2024-12-19,Morning,3,2,7.0,3,1,58
202400029008,2024-12-18,Afternoon,3,1,6.0,1,2,64
202400029009,2024-10-27,Afternoon,3,1,6.0,1,1,63
202400029010,2024-12-19,Morning,4,3,6.0,1,2,16
202400029011,2024-10-12,Evening,4,1,3.0,3,1,86
202400029012,2024-12-13,Morning,4,2,2.0,2,1,04
202400029013,2024-12-19,Afternoon,3,1,6.0,1,1,85
202400029014,2024-12-17,Morning,4,1,6.0,1,1,72
202400029016,2024-12-18,Night,3,1,2.0,3,1,63
202400029017,2024-12-19,Afternoon,4,1,2.0,1,1,72
202400029018,2024-12-11,Evening,4,1,2.0,3,1,33
202400029019,2024-12-18,Morning,3,8,6.0,1,1,14
202400029020,2024-12-18,Evening,2,2,1.0,3,1,77
202400029021,2024-12-03,Afternoon,2,1,3.0,5,2,78
202400029022,2024-12-19,Night,4,2,6.0,3,1,66
202400029023,2024-12-18,Afternoon,3,1,6.0,1,1,34
202400029024,2024-12-18,Evening,4,1,6.0,4,2,83
202400029025,2024-12-19,Morning,4,1,6.0,1,2,13
202400029026,2024-11-30,Morning,4,1,3.0,1,2,63
202400029027,2024-12-19,Morning,3,3,1.0,1,1,38
202400029028,2024-12-18,Morning,4,1,1.0,5,2,26
202400029029,2024-12-16,Afternoon,3,1,6.0,1,2,07
202400029030,2024-12-18,Morning,4,5,2.0,1,1,01
202400029031,2024-12-18,Afternoon,3,2,6.0,2,2,49
202400029032,2024-12-19,Morning,3,2,3.0,1,1,56
202400029033,2024-12-19,Night,3,3,6.0,3,1,80
202400029034,2024-12-19,Morning,4,1,2.0,1,1,80
202400029035,2024-12-19,Afternoon,4,2,1.0,3,2,59
202400029036,2024-12-19,Afternoon,3,2,7.0,3,1,59
202400029037,2024-12-15,Afternoon,4,1,2.0,1,1,13
202400029038,2024-12-15,Night,4,1,2.0,3,1,13
202400029039,2024-12-17,Evening,3,8,7.0,3,1,57
202400029040,2024-03-05,Night,4,2,2.0,5,2,94
202400029041,2024-11-29,Morning,4,5,5.0,2,1,54
202400029042,2024-03-05,Morning,4,1,3.0,1,2,94
202400029043,2024-12-18,Morning,4,1,4.0,1,1,33
202400029044,2024-12-18,Afternoon,4,1,5.0,3,1,91
202400029045,2024-03-05,Morning,4,8,3.0,1,2,93
202400029046,2024-12-18,Afternoon,4,1,3.0,1,1,91
202400029047,2024-12-18,Morning,4,1,2.0,1,1,91
202400029048,2024-03-04,Afternoon,4,1,6.0,1,2,93
202400029049,2024-12-18,Night,4,1,6.0,4,1,91
202400029050,2024-12-18,Morning,4,1,3.0,5,1,78
202400029051,2024-03-03,Evening,4,1,6.0,5,2,93
202400029052,2024-12-17,Afternoon,3,1,6.0,2,1,78
202400029053,2024-03-04,Afternoon,4,1,3.0,1,2,93
202400029054,2024-12-17,Morning,4,8,3.0,1,1,92
202400029055,2024-12-18,Evening,4,1,2.0,5,1,94
202400029056,2024-03-04,Morning,4,1,6.0,1,2,92
202400029057,2024-12-18,Afternoon,4,8,3.0,1,1,94
202400029058,2024-11-24,Night,2,6,6.0,3,1,64
202400029059,2024-03-05,Afternoon,4,1,3.0,1,2,92
202400029060,2024-08-17,Afternoon,4,1,5.0,1,2,27
202400029061,2024-03-05,Afternoon,3,8,3.0,1,2,35
202400029062,2024-10-15,Afternoon,4,1,1.0,1,2,74
202400029063,2024-01-29,Afternoon,4,1,1.0,1,1,35
202400029064,2024-09-30,Afternoon,3,1,7.0,1,2,91
202400029065,2024-03-05,Morning,4,1,7.0,1,1,51
202400029066,2024-09-18,Evening,4,1,1.0,1,2,76
202400029067,2024-09-13,Night,3,1,6.0,5,2,76
202400029068,2024-09-10,Afternoon,4,1,6.0,1,2,76
202400029069,2024-03-05,Afternoon,2,2,1.0,1,1,28
202400029070,2024-09-06,Night,4,1,1.0,4,2,76
202400029071,2024-08-29,Night,3,1,6.0,5,2,76
202400029072,2024-03-05,Afternoon,4,9,2.0,1,1,19
202400029073,2024-08-27,Morning,2,1,6.0,1,2,76
202400029074,2024-03-06,Morning,4,1,3.0,1,1,30
202400029075,2024-08-08,Night,2,1,1.0,5,2,76
202400029076,2024-03-06,Afternoon,3,1,1.0,1,2,62
202400029077,2024-03-05,Afternoon,4,1,7.0,1,2,56
202400029078,2024-08-28,Afternoon,4,1,1.0,1,1,13
202400029079,2024-03-05,Evening,4,1,7.0,3,1,80
202400029080,2024-08-01,Night,4,1,2.0,3,1,13
202400029081,2024-03-06,Morning,3,8,3.0,1,2,71
202400029082,2024-07-10,Afternoon,3,7,2.0,1,1,13
202400029083,2024-03-05,Morning,3,3,1.0,1,2,71
202400029084,2024-03-06,Morning,3,1,6.0,1,2,61
202400029086,2024-03-05,Afternoon,2,2,6.0,1,1,01
202400029087,2024-12-16,Evening,4,1,3.0,5,2,69
202400029088,2024-02-06,Evening,3,1,3.0,5,2,58
202400029090,2024-03-06,Night,3,9,6.0,3,1,54
202400029091,2024-12-16,Morning,3,1,3.0,2,2,69
202400029092,2024-03-06,Afternoon,4,1,6.0,1,2,72
202400029094,2024-03-05,Morning,4,1,1.0,1,1,72
202400029096,2024-03-06,Night,2,1,6.0,3,1,60
202400029098,2024-03-05,Evening,3,2,7.0,3,1,45
202400029099,2024-12-16,Afternoon,4,1,3.0,1,1,2A
202400029100,2024-03-04,Morning,4,7,2.0,1,1,18
202400029101,2024-12-16,Morning,4,1,6.0,1,2,2A
202400029102,2024-03-06,Afternoon,2,8,6.0,1,1,10
202400029103,2024-12-16,Evening,4,2,2.0,5,2,95
202400029104,2024-02-25,Night,4,1,6.0,3,1,36
202400029105,2024-03-06,Morning,3,1,6.0,1,2,07
202400029106,2024-03-05,Afternoon,3,1,2.0,1,2,85
202400029107,2024-12-16,Afternoon,4,2,3.0,1,2,91
202400029108,2024-12-15,Evening,4,2,3.0,5,2,91
202400029109,2024-03-05,Morning,4,2,3.0,1,1,27
202400029110,2024-12-16,Afternoon,3,8,6.0,1,2,91
202400029111,2024-03-05,Evening,3,1,2.0,3,1,24
202400029112,2024-12-15,Afternoon,4,1,2.0,1,2,90
202400029114,2024-12-14,Afternoon,3,8,3.0,1,2,89
202400029115,2024-02-17,Afternoon,4,1,4.0,1,1,06
202400029116,2024-12-13,Afternoon,4,2,6.0,1,2,87
202400029117,2024-03-06,Night,4,1,1.0,3,1,42
202400029118,2024-12-13,Evening,4,2,3.0,5,2,87
202400029119,2024-03-05,Evening,4,4,5.0,1,1,82
202400029120,2024-12-13,Afternoon,4,1,3.0,1,2,87
202400029121,2024-03-06,Morning,4,1,5.0,1,1,53
202400029122,2024-12-16,Evening,4,1,5.0,3,1,84
202400029123,2024-03-06,Night,4,2,6.0,3,1,68
202400029124,2024-12-16,Afternoon,4,1,3.0,1,2,84
202400029125,2024-12-16,Morning,4,1,3.0,1,2,84
202400029126,2024-12-16,Afternoon,3,1,6.0,1,2,83
202400029127,2024-03-03,Afternoon,4,4,4.0,1,1,64
202400029128,2024-12-14,Afternoon,3,1,1.0,1,2,83
202400029129,2024-03-06,Night,2,1,2.0,3,1,60
202400029131,2024-12-14,Afternoon,4,1,1.0,1,2,83
202400029132,2024-12-13,Afternoon,3,1,6.0,1,2,83
202400029135,2024-12-12,Afternoon,3,1,3.0,1,2,83
202400029137,2024-03-05,Afternoon,3,1,7.0,1,1,2B
202400029138,2024-12-16,Night,4,1,3.0,5,2,79
202400029139,2024-03-04,Evening,4,1,6.0,3,2,34
202400029140,2024-12-16,Morning,4,2,6.0,2,2,77
202400029141,2024-12-16,Afternoon,4,1,6.0,1,2,76
202400029142,2024-03-06,Morning,4,2,4.0,1,1,89
202400029143,2024-12-16,Morning,4,1,7.0,2,2,74
202400029144,2024-03-05,Evening,3,1,1.0,5,2,68
202400029145,2024-12-16,Afternoon,4,1,2.0,1,2,73
202400029146,2024-03-06,Morning,3,1,2.0,1,2,42
202400029147,2024-12-16,Afternoon,4,1,4.0,1,2,73
202400029148,2024-03-05,Afternoon,4,4,6.0,1,1,26
202400029149,2024-12-16,Night,4,8,7.0,3,1,72
202400029150,2024-03-06,Afternoon,3,1,7.0,1,1,49
202400029151,2024-03-01,Morning,4,3,5.0,1,1,56
202400029152,2024-12-14,Afternoon,4,2,5.0,1,1,70
202400029153,2024-03-05,Morning,4,1,6.0,1,2,29
202400029154,2024-12-16,Afternoon,4,1,6.0,1,2,64
202400029155,2024-12-16,Morning,4,1,2.0,1,1,64
202400029156,2024-03-06,Afternoon,3,1,6.0,1,1,27
202400029157,2024-12-16,Morning,4,1,2.0,2,2,64
202400029158,2024-03-06,Afternoon,4,1,2.0,1,1,60
202400029159,2024-12-16,Morning,4,1,3.0,1,2,64
202400029160,2024-03-05,Afternoon,4,1,3.0,1,1,13
202400029161,2024-12-16,Morning,4,1,3.0,5,2,64
202400029162,2024-12-16,Morning,4,1,6.0,5,2,60
202400029163,2024-03-04,Evening,4,1,2.0,3,1,13
202400029164,2024-12-12,Afternoon,3,1,3.0,5,2,59
202400029165,2024-03-05,Afternoon,4,1,4.0,1,1,13
202400029166,2024-12-16,Morning,4,2,6.0,1,2,59
202400029167,2024-12-13,Afternoon,3,1,6.0,1,2,57
202400029168,2024-03-04,Morning,4,1,2.0,1,1,13
202400029169,2024-12-16,Morning,4,1,3.0,1,1,56
202400029170,2024-03-05,Night,4,1,6.0,3,1,13
202400029171,2024-12-14,Night,4,1,6.0,4,2,56
202400029172,2024-03-04,Afternoon,2,1,2.0,1,1,13
202400029173,2024-12-15,Afternoon,4,1,3.0,1,2,56
202400029174,2024-12-15,Evening,4,1,6.0,5,2,54
202400029175,2024-03-05,Afternoon,4,2,3.0,1,1,91
202400029176,2024-12-16,Afternoon,4,2,6.0,5,2,54
202400029177,2024-03-05,Night,4,2,2.0,3,1,94
202400029178,2024-12-16,Afternoon,2,8,6.0,1,2,54
202400029179,2024-03-05,Morning,4,8,5.0,1,1,93
202400029180,2024-12-15,Night,4,1,3.0,5,2,51
202400029181,2024-02-01,Afternoon,4,1,7.0,1,2,44
202400029182,2024-12-14,Afternoon,4,2,1.0,3,1,51
202400029183,2024-12-14,Afternoon,4,8,6.0,1,2,51
202400029184,2024-01-31,Evening,4,8,4.0,3,1,44
202400029185,2024-12-16,Afternoon,4,8,3.0,1,2,45
202400029186,2024-12-16,Morning,4,1,6.0,1,2,45
202400029187,2024-12-16,Night,4,1,3.0,5,2,44
202400029188,2024-01-30,Afternoon,4,8,3.0,1,2,44
202400029189,2024-12-07,Night,4,1,6.0,5,2,43
202400029190,2024-12-16,Night,4,5,1.0,5,2,41
202400029191,2024-01-31,Morning,4,8,4.0,1,2,44
202400029192,2024-12-16,Morning,4,2,6.0,1,2,37
202400029193,2024-12-15,Evening,4,8,6.0,5,2,36
202400029194,2024-01-30,Morning,4,1,3.0,2,2,44
202400029195,2024-12-16,Evening,4,1,6.0,5,2,34
202400029196,2024-12-16,Afternoon,3,1,6.0,1,2,34
202400029197,2024-01-30,Morning,4,8,3.0,1,2,44
202400029198,2024-12-16,Evening,3,1,3.0,5,2,33
202400029199,2024-01-30,Morning,4,8,3.0,1,2,44
202400029200,2024-01-29,Morning,4,8,6.0,1,2,44
202400029201,2024-01-24,Afternoon,4,8,2.0,1,2,44
202400029202,2024-12-16,Afternoon,4,1,3.0,1,2,33
202400029203,2024-01-24,Morning,4,8,6.0,1,2,44
202400029204,2024-01-21,Night,4,8,3.0,5,2,44
202400029205,2024-12-16,Morning,4,1,3.0,1,2,33
202400029206,2024-01-19,Afternoon,4,8,2.0,5,2,44
202400029207,2024-12-16,Afternoon,3,1,7.0,1,2,32
202400029208,2024-01-19,Morning,4,8,6.0,2,2,44
202400029210,2024-12-16,Evening,4,1,3.0,3,2,22
202400029213,2024-12-16,Afternoon,4,1,1.0,1,2,19
202400029214,2024-03-01,Night,4,1,3.0,2,2,69
202400029215,2024-12-16,Morning,4,1,3.0,1,2,19
202400029216,2024-03-04,Morning,4,1,3.0,1,2,69
202400029218,2024-12-16,Afternoon,4,1,3.0,1,2,13
202400029220,2024-12-16,Morning,4,1,1.0,1,2,13
202400029222,2024-12-16,Afternoon,3,1,3.0,1,2,13
202400029223,2024-12-16,Evening,4,2,6.0,5,2,10
202400029225,2024-12-16,Morning,4,1,1.0,1,1,07
202400029227,2024-03-04,Afternoon,4,1,6.0,1,2,95
202400029228,2024-12-16,Morning,4,1,6.0,1,2,07
202400029229,2024-12-16,Morning,3,7,6.0,1,2,06
202400029230,2024-03-03,Evening,4,1,3.0,5,2,95
202400029231,2024-12-15,Morning,3,1,3.0,1,2,06
202400029232,2024-03-04,Morning,4,1,3.0,1,2,95
202400029233,2024-12-16,Morning,4,8,2.0,1,2,75
202400029234,2024-03-04,Morning,4,1,6.0,1,2,95
202400029235,2024-03-04,Afternoon,4,1,6.0,1,2,95
202400029236,2024-12-17,Morning,4,1,3.0,1,2,75
202400029237,2024-03-04,Morning,4,1,3.0,1,2,95
202400029238,2024-12-17,Evening,4,1,3.0,5,2,75
202400029239,2024-02-29,Morning,3,2,2.0,1,2,91
202400029240,2024-12-17,Evening,4,1,6.0,5,2,75
202400029241,2024-03-04,Morning,4,1,3.0,1,2,91
202400029242,2024-03-03,Night,4,2,3.0,5,2,91
202400029243,2024-12-16,Afternoon,4,1,1.0,1,2,75
202400029244,2024-03-04,Afternoon,4,1,6.0,1,2,91
202400029245,2024-12-17,Afternoon,4,1,6.0,5,2,75
202400029246,2024-03-04,Night,3,1,7.0,5,2,85
202400029247,2024-12-17,Afternoon,4,2,6.0,1,2,75
202400029248,2024-03-03,Afternoon,4,3,6.0,1,2,84
202400029249,2024-12-16,Afternoon,4,1,7.0,1,2,75
202400029250,2024-03-04,Afternoon,3,1,3.0,1,1,83
202400029251,2024-12-17,Evening,4,1,3.0,5,2,75
202400029252,2024-03-04,Morning,4,1,2.0,1,2,82
202400029253,2024-12-17,Evening,4,1,2.0,5,2,75
202400029254,2024-03-04,Morning,4,1,3.0,1,2,78
202400029255,2024-12-17,Afternoon,4,1,3.0,1,2,75
202400029256,2024-03-04,Night,4,1,1.0,3,1,78
202400029257,2024-12-17,Morning,4,8,6.0,1,2,75
202400029258,2024-12-17,Evening,4,1,1.0,5,2,75
202400029259,2024-03-04,Morning,4,1,3.0,2,2,77
202400029260,2024-03-01,Morning,4,2,6.0,1,1,76
202400029261,2024-12-17,Evening,4,1,1.0,5,2,94
202400029262,2024-03-03,Afternoon,4,1,7.0,1,2,71
202400029263,2024-12-17,Afternoon,4,8,6.0,1,2,94
202400029264,2024-03-02,Night,4,2,6.0,3,2,71
202400029265,2024-12-17,Morning,4,8,3.0,1,2,94
202400029266,2024-03-04,Evening,4,1,3.0,5,2,71
202400029267,2024-12-17,Morning,4,1,3.0,2,2,93
202400029268,2024-02-25,Afternoon,4,1,1.0,1,2,71
202400029269,2024-12-17,Afternoon,4,1,6.0,5,2,93
202400029270,2024-03-03,Morning,4,1,4.0,5,2,69
202400029271,2024-12-17,Morning,4,8,3.0,1,2,93
202400029272,2024-03-03,Evening,4,2,3.0,5,2,69
202400029273,2024-12-17,Afternoon,4,1,6.0,1,2,93
202400029274,2024-03-03,Evening,4,2,1.0,5,2,69
202400029275,2024-12-17,Morning,4,2,6.0,2,2,93
202400029276,2024-03-03,Evening,4,3,3.0,5,2,69
202400029277,2024-12-17,Afternoon,4,1,1.0,5,2,93
202400029278,2024-03-03,Afternoon,4,3,3.0,1,2,69
202400029279,2024-12-17,Afternoon,4,1,6.0,2,2,93
202400029280,2024-03-04,Morning,4,1,2.0,5,2,64
202400029281,2024-12-17,Morning,4,1,3.0,1,2,92
202400029282,2024-03-04,Evening,4,1,6.0,1,2,59
202400029283,2024-12-17,Afternoon,4,1,6.0,1,2,92
202400029284,2024-12-17,Afternoon,3,1,5.0,5,2,92
202400029285,2024-03-04,Morning,4,1,6.0,1,2,59
202400029286,2024-12-17,Evening,4,1,3.0,5,2,92
202400029287,2024-03-04,Morning,3,1,6.0,1,2,59
202400029288,2024-12-16,Night,3,1,6.0,5,2,92
202400029289,2024-03-04,Afternoon,4,8,6.0,1,2,54
202400029290,2024-12-17,Morning,4,1,6.0,1,2,92
202400029291,2024-03-04,Afternoon,4,8,1.0,1,2,54
202400029292,2024-12-16,Evening,3,2,3.0,3,2,92
202400029293,2024-03-04,Morning,4,1,2.0,2,2,54
202400029294,2024-12-17,Morning,4,1,6.0,1,2,92
202400029295,2024-03-04,Evening,4,1,7.0,5,2,51
202400029296,2024-12-18,Morning,3,1,3.0,2,1,60
202400029297,2024-02-25,Evening,4,8,3.0,3,1,42
202400029298,2024-12-12,Morning,3,1,3.0,1,1,35
202400029299,2024-03-04,Morning,4,1,7.0,2,1,42
202400029300,2024-12-17,Afternoon,2,1,7.0,1,1,16
202400029301,2024-02-29,Afternoon,4,1,6.0,1,2,42
202400029302,2024-12-17,Afternoon,3,1,6.0,1,2,06
202400029303,2024-03-03,Morning,4,1,7.0,1,2,37
202400029304,2024-12-18,Night,4,1,6.0,3,2,31
202400029305,2024-03-04,Morning,3,1,3.0,5,2,34
202400029306,2024-12-12,Night,4,1,1.0,3,1,59
202400029307,2024-03-04,Evening,4,2,3.0,5,2,33
202400029308,2024-12-17,Afternoon,3,1,1.0,2,2,60
202400029309,2024-03-04,Afternoon,4,2,3.0,1,2,33
202400029310,2024-07-10,Afternoon,4,1,1.0,1,2,56
202400029311,2024-03-04,Morning,4,1,2.0,1,2,31
202400029312,2024-12-07,Afternoon,4,2,1.0,1,1,76
202400029313,2024-12-18,Morning,3,1,3.0,2,1,2B
202400029314,2024-03-04,Evening,4,1,6.0,2,2,28
202400029315,2024-03-04,Evening,4,2,6.0,3,1,27
202400029316,2024-12-18,Morning,2,1,1.0,2,1,33
202400029317,2024-12-18,Afternoon,4,1,1.0,5,2,89
202400029318,2024-03-04,Morning,4,1,3.0,1,2,27
202400029319,2024-12-17,Night,2,1,1.0,3,1,89
202400029320,2024-03-04,Afternoon,4,1,3.0,1,2,27
202400029321,2024-12-18,Morning,3,1,1.0,1,1,63
202400029322,2024-03-04,Morning,4,1,2.0,1,2,26
202400029324,2024-12-18,Morning,4,2,1.0,2,1,61
202400029326,2024-12-18,Afternoon,3,1,1.0,3,1,42
202400029327,2024-04-11,Morning,4,1,6.0,1,2,69
202400029328,2024-12-18,Morning,2,5,6.0,1,1,34
202400029329,2024-03-04,Evening,4,1,2.0,5,2,13
202400029330,2024-12-18,Afternoon,2,1,1.0,1,1,29
202400029331,2024-04-11,Morning,4,1,2.0,1,2,69
202400029332,2024-02-24,Afternoon,3,1,3.0,1,2,13
202400029333,2024-12-10,Night,3,2,7.0,3,1,02
202400029334,2024-12-17,Morning,3,1,7.0,1,1,15
202400029335,2024-04-11,Morning,4,1,3.0,1,2,69
202400029336,2024-03-04,Afternoon,4,1,3.0,1,2,13
202400029337,2024-12-17,Evening,3,1,6.0,5,2,43
202400029339,2024-04-11,Afternoon,4,1,3.0,1,2,2A
202400029340,2024-03-04,Morning,4,1,3.0,1,2,13
202400029341,2024-04-10,Morning,4,1,6.0,1,2,95
202400029342,2024-02-20,Afternoon,4,1,3.0,1,1,04
202400029343,2024-04-11,Evening,3,1,6.0,1,2,91
202400029344,2024-02-29,Afternoon,4,1,5.0,1,2,02
202400029345,2024-04-11,Morning,4,1,3.0,1,1,91
202400029346,2024-03-03,Evening,4,1,3.0,4,2,75
202400029347,2024-03-03,Morning,4,1,7.0,2,2,75
202400029348,2024-04-11,Morning,4,1,2.0,2,2,91
202400029349,2024-03-02,Night,4,2,4.0,5,2,75
202400029350,2024-04-10,Morning,3,7,1.0,1,1,89
202400029351,2024-03-04,Morning,4,1,3.0,1,2,75
202400029352,2024-04-10,Morning,3,1,1.0,1,2,89
202400029353,2024-03-04,Evening,4,1,6.0,1,2,75
202400029354,2024-04-11,Morning,4,1,3.0,1,2,88
202400029355,2024-03-04,Morning,4,7,6.0,1,2,75
202400029356,2024-03-04,Evening,4,1,2.0,5,2,75
202400029357,2024-04-11,Morning,4,1,3.0,1,2,87
202400029358,2024-03-04,Afternoon,4,1,3.0,1,2,75
202400029359,2024-04-09,Afternoon,4,3,6.0,1,2,87
202400029360,2024-04-09,Afternoon,3,3,2.0,1,2,87
202400029361,2024-03-04,Afternoon,4,1,3.0,1,2,75
202400029362,2024-04-11,Morning,4,1,2.0,1,2,84
202400029363,2024-03-03,Night,4,1,3.0,5,2,75
202400029364,2024-04-11,Morning,4,1,1.0,1,1,84
202400029365,2024-03-04,Afternoon,4,1,3.0,1,2,75
202400029366,2024-04-11,Afternoon,4,1,5.0,1,2,83
202400029367,2024-03-04,Morning,4,1,6.0,1,2,75
202400029368,2024-03-04,Morning,4,1,2.0,1,2,94
202400029369,2024-04-11,Morning,4,1,3.0,1,2,83
202400029370,2024-03-04,Night,3,1,3.0,3,2,94
202400029371,2024-04-10,Evening,4,1,3.0,1,2,80
202400029372,2024-03-04,Morning,4,1,3.0,1,2,94
202400029373,2024-03-03,Afternoon,4,1,3.0,1,2,94
202400029374,2024-04-11,Afternoon,3,1,6.0,1,2,78
202400029375,2024-03-03,Afternoon,4,1,5.0,1,2,94
202400029376,2024-04-10,Evening,4,1,1.0,1,2,77
202400029377,2024-03-04,Afternoon,4,1,6.0,1,2,94
202400029378,2024-04-11,Morning,4,1,7.0,1,2,77
202400029379,2024-03-03,Evening,4,1,2.0,5,2,94
202400029380,2024-03-04,Morning,2,1,6.0,1,2,94
202400029381,2024-04-10,Morning,4,1,6.0,1,1,77
202400029382,2024-03-04,Morning,4,1,3.0,1,2,93
202400029383,2024-04-11,Morning,4,1,6.0,1,2,77
202400029384,2024-03-04,Afternoon,4,1,3.0,1,2,93
202400029385,2024-04-11,Night,4,1,7.0,3,1,77
202400029386,2024-03-04,Morning,4,1,3.0,1,2,93