Num_Acc,date,time_of_day,max_severity,weather,collision_type,lighting,urban_area,department
202400029387,2024-04-11,Evening,4,1,6.0,1,2,76
202400029388,2024-03-04,Afternoon,2,1,6.0,1,2,93
202400029389,2024-03-03,Afternoon,4,8,3.0,1,2,93
202400029390,2024-04-11,Evening,3,1,3.0,1,2,74
202400029391,2024-03-03,Evening,4,1,3.0,5,2,93
202400029392,2024-04-11,Evening,4,1,3.0,2,2,74
202400029393,2024-04-11,Morning,4,2,3.0,1,2,72
202400029394,2024-03-03,Morning,4,8,3.0,2,2,92
202400029395,2024-04-10,Afternoon,4,1,3.0,1,2,72
202400029396,2024-03-04,Afternoon,4,1,6.0,1,2,92
202400029397,2024-04-11,Afternoon,3,1,6.0,1,1,71
202400029398,2024-03-04,Afternoon,3,1,3.0,1,2,92
202400029399,2024-04-10,Afternoon,4,1,6.0,1,2,69
202400029400,2024-03-04,Morning,4,1,1.0,1,2,92
202400029401,2024-04-11,Afternoon,4,1,3.0,1,2,67
202400029402,2024-03-04,Morning,4,1,2.0,1,2,92
202400029403,2024-04-10,Afternoon,4,1,6.0,1,2,67
202400029404,2024-03-04,Morning,4,7,6.0,1,2,92
202400029405,2024-04-10,Morning,3,2,3.0,1,2,66
202400029406,2024-03-04,Morning,4,1,1.0,1,2,92
202400029407,2024-03-02,Night,4,8,3.0,5,2,92
202400029408,2024-04-11,Afternoon,4,1,2.0,1,2,64
202400029409,2024-03-04,Morning,4,1,3.0,1,2,92
202400029410,2024-04-10,Morning,4,1,7.0,1,2,64
202400029411,2024-03-04,Afternoon,3,3,3.0,1,2,24
202400029412,2024-04-11,Afternoon,4,1,2.0,1,2,63
202400029413,2024-02-09,Morning,3,2,7.0,3,1,17
202400029414,2024-03-05,Morning,3,1,1.0,1,1,06
202400029415,2024-04-11,Afternoon,4,1,3.0,1,2,63
202400029416,2024-03-04,Morning,4,4,1.0,1,1,06
202400029417,2024-04-11,Afternoon,4,1,4.0,1,2,63
202400029418,2024-03-04,Evening,3,2,2.0,3,1,41
202400029419,2024-03-04,Night,4,2,7.0,3,1,56
202400029420,2024-04-10,Morning,4,1,6.0,2,1,62
202400029421,2024-03-05,Afternoon,3,1,5.0,1,1,11
202400029422,2024-03-05,Afternoon,3,1,1.0,1,2,71
202400029423,2024-03-05,Night,2,2,6.0,3,1,49
202400029424,2024-04-11,Evening,4,5,1.0,1,1,62
202400029425,2024-03-04,Afternoon,3,1,3.0,1,1,39
202400029426,2024-03-05,Night,2,2,2.0,3,1,25
202400029427,2024-04-11,Night,4,1,3.0,5,2,59
202400029428,2024-03-04,Evening,4,2,1.0,1,1,85
202400029429,2024-03-04,Morning,3,1,6.0,1,1,70
202400029430,2024-03-04,Evening,4,2,7.0,4,2,14
202400029431,2024-04-11,Morning,3,2,1.0,2,2,59
202400029432,2024-03-04,Night,4,1,6.0,5,2,09
202400029433,2024-03-04,Night,3,1,6.0,3,1,38
202400029434,2024-03-05,Night,4,1,2.0,1,2,06
202400029435,2024-04-11,Morning,4,1,3.0,1,2,56
202400029436,2024-04-11,Evening,4,1,3.0,1,2,54
202400029437,2024-04-11,Afternoon,3,1,6.0,1,2,54
202400029438,2024-04-10,Afternoon,4,1,2.0,1,2,54
202400029439,2024-04-11,Afternoon,4,1,7.0,1,2,51
202400029440,2024-04-11,Morning,4,8,3.0,1,2,51
202400029441,2024-01-22,Evening,4,1,3.0,5,2,75
202400029442,2024-04-10,Afternoon,4,1,6.0,1,2,51
202400029443,2024-01-21,Afternoon,4,1,7.0,5,2,75
202400029444,2024-04-10,Morning,4,1,7.0,1,2,50
202400029445,2024-01-22,Morning,4,2,4.0,1,2,94
202400029446,2024-04-11,Evening,4,1,3.0,1,2,47
202400029447,2024-01-21,Night,4,9,7.0,5,2,94
202400029448,2024-04-10,Afternoon,4,1,6.0,1,2,47
202400029449,2024-01-22,Afternoon,4,1,3.0,1,2,94
202400029450,2024-01-21,Night,4,1,6.0,5,2,94
202400029451,2024-04-11,Evening,4,1,3.0,1,2,43
202400029452,2024-01-19,Night,4,8,6.0,5,2,94
202400029453,2024-04-11,Evening,4,1,6.0,1,2,37
202400029454,2024-01-22,Afternoon,4,1,3.0,1,2,93
202400029455,2024-04-11,Afternoon,4,1,2.0,1,2,37
202400029456,2024-01-22,Evening,4,1,6.0,5,2,93
202400029457,2024-04-10,Afternoon,4,1,2.0,1,2,37
202400029458,2024-01-22,Afternoon,4,1,6.0,1,2,93
202400029459,2024-04-10,Afternoon,4,1,6.0,1,2,37
202400029460,2024-01-22,Afternoon,4,2,3.0,1,2,93
202400029461,2024-01-22,Afternoon,4,2,3.0,1,2,93
202400029462,2024-04-11,Afternoon,4,1,3.0,1,2,35
202400029463,2024-01-22,Evening,4,1,6.0,5,2,93
202400029464,2024-04-11,Night,4,1,7.0,5,2,34
202400029465,2024-01-22,Evening,4,1,3.0,5,2,93
202400029466,2024-04-09,Afternoon,4,1,3.0,1,2,34
202400029467,2024-01-22,Morning,3,8,3.0,2,2,92
202400029468,2024-01-22,Morning,4,2,5.0,1,2,92
202400029469,2024-04-10,Afternoon,4,2,2.0,1,2,29
202400029470,2024-01-22,Afternoon,4,1,2.0,1,2,92
202400029471,2024-01-22,Morning,4,2,3.0,1,2,92
202400029472,2024-01-22,Evening,4,1,6.0,5,2,92
202400029473,2024-04-11,Afternoon,4,1,3.0,2,2,25
202400029474,2024-01-22,Afternoon,4,1,3.0,1,2,92
202400029475,2024-04-11,Afternoon,4,1,3.0,1,2,25
202400029476,2024-01-22,Evening,4,8,4.0,5,2,92
202400029477,2024-04-10,Afternoon,4,1,3.0,1,2,24
202400029478,2024-01-22,Morning,4,1,6.0,5,2,92
202400029479,2024-04-11,Evening,4,9,1.0,1,2,19
202400029480,2024-01-21,Evening,4,1,5.0,5,1,92
202400029481,2024-04-11,Evening,4,1,6.0,3,1,15
202400029482,2024-01-22,Evening,4,1,3.0,5,2,92
202400029483,2024-01-22,Afternoon,3,1,6.0,1,2,35
202400029484,2024-04-10,Morning,4,1,5.0,1,2,15
202400029485,2024-01-22,Morning,4,8,7.0,3,1,47
202400029486,2024-04-11,Night,4,1,2.0,5,2,13
202400029487,2024-04-10,Morning,3,7,1.0,1,2,13
202400029488,2024-01-22,Evening,4,2,4.0,3,1,68
202400029489,2024-01-18,Evening,3,4,1.0,3,1,01
202400029490,2024-04-11,Afternoon,4,1,3.0,1,2,13
202400029491,2024-01-21,Morning,2,1,7.0,1,2,06
202400029492,2024-04-10,Evening,4,1,3.0,1,2,10
202400029493,2024-01-23,Morning,4,1,6.0,3,1,60
202400029494,2024-01-23,Morning,4,1,5.0,2,1,51
202400029495,2024-04-10,Evening,3,1,3.0,1,2,10
202400029496,2024-01-22,Morning,3,2,6.0,1,2,79
202400029497,2024-04-11,Morning,4,1,3.0,2,2,06
202400029498,2024-01-18,Afternoon,4,7,2.0,1,1,2A
202400029499,2024-04-11,Evening,3,1,3.0,1,2,01
202400029500,2024-01-22,Afternoon,3,1,2.0,1,2,80
202400029501,2024-04-10,Afternoon,4,1,2.0,1,2,75
202400029502,2024-01-21,Afternoon,4,1,3.0,1,1,65
202400029503,2024-01-15,Afternoon,3,3,6.0,1,2,32
202400029504,2024-04-09,Evening,4,1,4.0,2,2,75
202400029505,2024-01-19,Morning,3,1,6.0,1,1,32
202400029506,2024-04-11,Night,4,1,3.0,5,2,75
202400029507,2024-01-22,Afternoon,4,1,3.0,1,2,61
202400029508,2024-01-22,Afternoon,4,1,1.0,1,1,34
202400029509,2024-04-10,Evening,4,1,6.0,1,2,75
202400029510,2024-04-10,Afternoon,4,1,6.0,1,2,75
202400029511,2024-01-23,Night,2,1,5.0,3,1,39
202400029512,2024-04-11,Afternoon,4,8,6.0,1,2,75
202400029513,2024-01-23,Afternoon,4,1,1.0,1,1,66
202400029514,2024-04-11,Morning,4,1,3.0,1,2,75
202400029515,2024-01-20,Morning,4,9,6.0,1,1,72
202400029516,2024-04-10,Afternoon,4,1,3.0,1,2,75
202400029517,2024-01-23,Afternoon,4,1,6.0,1,2,06
202400029518,2024-04-11,Morning,4,1,6.0,1,2,75
202400029519,2024-01-23,Morning,4,1,1.0,1,1,64
202400029520,2024-04-11,Night,4,1,3.0,5,2,75
202400029521,2024-01-21,Morning,4,1,6.0,1,2,27
202400029522,2024-04-10,Night,3,1,6.0,5,2,75
202400029523,2024-01-22,Morning,2,1,3.0,1,2,30
202400029524,2024-04-11,Afternoon,4,1,1.0,1,2,75
202400029525,2024-01-22,Afternoon,3,2,6.0,1,1,71
202400029526,2024-04-11,Night,3,1,2.0,5,2,75
202400029529,2024-04-11,Morning,4,1,6.0,1,2,75
202400029530,2024-01-22,Morning,4,2,6.0,5,2,78
202400029531,2024-01-22,Afternoon,3,2,6.0,1,2,68
202400029532,2024-01-22,Evening,3,2,6.0,5,2,01
202400029533,2024-04-11,Afternoon,4,1,3.0,1,2,75
202400029534,2024-01-22,Afternoon,3,2,3.0,2,1,69
202400029535,2024-01-23,Evening,4,2,2.0,5,2,69
202400029536,2024-04-11,Night,4,1,6.0,5,2,75
202400029537,2024-01-23,Morning,2,1,6.0,3,2,17
202400029538,2024-01-21,Morning,3,1,2.0,3,1,86
202400029539,2024-01-16,Morning,4,1,7.0,1,2,29
202400029540,2024-04-10,Night,4,1,3.0,5,2,75
202400029541,2024-01-23,Night,4,1,2.0,3,1,60
202400029542,2024-04-09,Evening,4,1,3.0,5,2,75
202400029543,2024-04-10,Afternoon,4,1,3.0,1,2,75
202400029544,2024-01-22,Afternoon,4,1,5.0,3,1,62
202400029545,2024-04-09,Morning,4,8,3.0,1,2,94
202400029546,2024-01-20,Evening,4,4,1.0,3,1,59
202400029547,2024-05-21,Afternoon,3,1,1.0,1,2,59
202400029548,2024-04-11,Afternoon,4,1,1.0,1,2,94
202400029549,2024-01-17,Evening,4,1,3.0,3,2,13
202400029550,2024-05-19,Evening,4,1,3.0,1,1,69
202400029551,2024-01-03,Afternoon,3,1,6.0,1,1,67
202400029552,2024-05-19,Morning,3,1,6.0,2,1,54
202400029553,2024-04-11,Evening,4,1,3.0,1,2,94
202400029554,2024-05-16,Afternoon,4,1,2.0,1,1,67
202400029555,2024-01-22,Afternoon,4,2,4.0,1,1,91
202400029556,2024-04-10,Evening,4,1,3.0,1,2,94
202400029557,2024-05-20,Morning,4,1,4.0,1,1,33
202400029558,2024-01-22,Morning,4,3,4.0,1,1,78
202400029559,2024-04-10,Afternoon,4,1,2.0,1,2,94
202400029560,2024-01-21,Afternoon,4,1,6.0,1,1,78
202400029561,2024-05-20,Evening,4,2,5.0,1,1,94
202400029562,2024-04-10,Afternoon,4,1,2.0,1,2,93
202400029563,2024-05-18,Night,4,1,2.0,3,1,77
202400029564,2024-04-10,Evening,4,1,7.0,1,2,93
202400029565,2024-01-21,Morning,4,9,5.0,3,1,78
202400029566,2024-03-03,Afternoon,3,1,6.0,1,2,80
202400029567,2024-01-24,Afternoon,4,1,6.0,1,2,04
202400029568,2024-04-10,Evening,3,1,6.0,5,2,93
202400029569,2024-01-22,Morning,4,2,2.0,1,1,95
202400029570,2024-02-05,Afternoon,3,1,3.0,1,2,88
202400029571,2024-04-10,Afternoon,4,7,6.0,1,2,77
202400029572,2024-01-22,Night,3,6,6.0,3,1,95
202400029575,2024-04-10,Morning,4,1,2.0,1,2,93
202400029577,2024-01-21,Night,4,8,3.0,5,2,69
202400029579,2024-04-10,Evening,4,1,3.0,5,2,92
202400029581,2024-05-19,Afternoon,4,1,2.0,1,2,69
202400029582,2024-04-11,Night,4,1,2.0,5,2,92
202400029583,2024-01-21,Afternoon,4,1,3.0,1,2,91
202400029584,2024-05-19,Evening,4,1,1.0,1,2,69
202400029585,2024-01-21,Evening,3,1,3.0,3,2,84
202400029586,2024-04-11,Afternoon,4,1,3.0,1,2,92
202400029588,2024-01-16,Evening,3,1,6.0,5,2,83
202400029589,2024-04-11,Evening,4,1,6.0,5,2,92
202400029591,2024-01-21,Afternoon,4,1,1.0,1,2,81
202400029592,2024-05-19,Evening,4,1,7.0,1,1,2A
202400029593,2024-04-11,Morning,4,1,3.0,1,2,92
202400029594,2024-05-19,Morning,4,1,3.0,1,2,2A
202400029595,2024-01-20,Afternoon,4,1,3.0,1,2,81
202400029596,2024-04-11,Afternoon,4,1,6.0,1,2,92
202400029597,2024-05-19,Night,4,1,6.0,5,2,2A
202400029598,2024-01-21,Afternoon,4,1,2.0,1,2,74
202400029599,2024-04-10,Afternoon,4,1,3.0,1,2,75
202400029600,2024-01-19,Afternoon,3,8,3.0,1,2,69
202400029601,2024-05-19,Morning,4,1,3.0,1,2,91
202400029602,2024-01-21,Evening,4,1,1.0,5,2,63
202400029603,2024-05-14,Evening,3,1,3.0,1,2,88
202400029604,2024-01-21,Night,4,1,2.0,3,1,45
202400029605,2024-04-12,Afternoon,4,1,1.0,1,1,39
202400029606,2024-01-20,Afternoon,4,1,3.0,1,2,38
202400029607,2024-05-19,Evening,4,1,1.0,1,2,84
202400029608,2024-04-12,Afternoon,2,1,3.0,1,2,40
202400029609,2024-05-19,Afternoon,3,1,3.0,1,2,83
202400029610,2024-01-21,Night,4,1,3.0,5,2,37
202400029611,2024-04-12,Morning,4,1,3.0,1,2,17
202400029612,2024-01-20,Afternoon,3,1,7.0,1,2,34
202400029613,2024-05-19,Afternoon,3,8,3.0,1,2,78
202400029614,2024-01-21,Evening,3,1,6.0,5,2,32
202400029615,2024-04-12,Afternoon,4,1,2.0,1,1,71
202400029616,2024-05-19,Afternoon,4,1,2.0,1,1,77
202400029617,2024-01-21,Night,2,1,6.0,3,2,25
202400029618,2024-04-12,Morning,3,1,7.0,1,1,68
202400029619,2024-01-21,Evening,4,2,6.0,1,2,22
202400029620,2024-04-12,Night,3,1,6.0,4,1,57
202400029621,2024-01-20,Afternoon,4,1,6.0,1,2,22
202400029622,2024-04-11,Evening,4,1,3.0,1,2,01
202400029623,2024-05-19,Afternoon,4,1,6.0,1,1,77
202400029624,2024-01-19,Afternoon,4,4,6.0,1,1,22
202400029625,2024-01-21,Afternoon,3,1,3.0,1,2,13
202400029626,2024-04-12,Morning,4,1,7.0,1,1,51
202400029627,2024-05-18,Afternoon,4,1,3.0,1,2,76
202400029628,2024-01-21,Afternoon,4,1,2.0,1,2,13
202400029629,2024-05-19,Night,4,5,7.0,3,1,71
202400029630,2024-04-11,Afternoon,4,1,1.0,1,1,38
202400029631,2024-04-10,Afternoon,3,1,2.0,1,2,72
202400029632,2024-01-20,Afternoon,4,1,3.0,1,2,13
202400029633,2024-05-18,Afternoon,4,1,3.0,1,2,71
202400029634,2024-04-10,Morning,3,1,6.0,1,2,72
202400029635,2024-01-21,Night,4,1,2.0,3,1,13
202400029636,2024-05-20,Night,4,1,6.0,5,2,69
202400029637,2024-05-19,Night,4,1,2.0,4,2,69
202400029638,2024-01-21,Afternoon,4,1,2.0,5,2,75
202400029639,2024-04-11,Evening,4,1,1.0,1,1,76
202400029640,2024-09-01,Night,4,2,6.0,5,2,33
202400029641,2024-05-18,Afternoon,3,3,1.0,1,2,69
202400029642,2024-01-21,Night,4,2,2.0,5,2,75
202400029643,2024-04-12,Afternoon,4,1,5.0,1,1,76
202400029644,2024-09-01,Afternoon,4,8,3.0,1,2,33
202400029645,2024-05-18,Morning,4,1,6.0,1,2,68
202400029646,2024-01-20,Afternoon,4,1,2.0,5,2,75
202400029647,2024-04-10,Morning,4,2,7.0,1,1,2A
202400029648,2024-05-19,Evening,4,2,7.0,2,2,64
202400029649,2024-08-31,Afternoon,4,1,3.0,1,2,33
202400029650,2024-04-12,Afternoon,2,1,2.0,1,2,71
202400029651,2024-01-19,Afternoon,4,4,3.0,1,2,75
202400029652,2024-05-19,Afternoon,3,1,3.0,1,2,63
202400029653,2024-04-12,Night,3,1,6.0,3,1,71
202400029654,2024-05-18,Afternoon,4,1,6.0,1,2,62
202400029655,2024-09-01,Afternoon,4,1,7.0,1,2,33
202400029656,2024-05-19,Night,4,1,6.0,5,2,59
202400029657,2024-04-12,Evening,3,1,1.0,1,1,63
202400029658,2024-01-19,Afternoon,4,1,3.0,1,2,75
202400029659,2024-04-12,Afternoon,3,1,7.0,1,1,49
202400029660,2024-05-19,Evening,4,1,3.0,1,2,59
202400029661,2024-01-21,Afternoon,4,1,7.0,1,2,75
202400029662,2024-04-12,Evening,2,1,6.0,1,1,12
202400029663,2024-05-19,Evening,4,1,3.0,2,2,59
202400029664,2024-04-12,Morning,3,8,6.0,2,1,44
202400029665,2024-01-20,Night,4,1,7.0,5,2,75
202400029666,2024-04-12,Afternoon,4,1,3.0,1,2,38
202400029667,2024-05-19,Afternoon,4,1,1.0,1,2,59
202400029668,2024-01-21,Afternoon,4,1,1.0,1,2,75
202400029669,2024-09-01,Afternoon,4,1,3.0,1,2,31
202400029670,2024-05-19,Afternoon,3,7,7.0,1,2,59
202400029671,2024-04-12,Afternoon,4,1,1.0,1,2,02
202400029672,2024-01-21,Afternoon,4,1,3.0,1,2,75
202400029673,2024-05-19,Afternoon,3,1,1.0,1,2,59
202400029674,2024-01-21,Afternoon,4,1,6.0,1,2,75
202400029675,2024-04-11,Afternoon,4,1,3.0,1,1,72
202400029676,2024-05-17,Afternoon,4,1,6.0,1,2,59
202400029677,2024-05-19,Afternoon,4,1,7.0,1,2,56
202400029678,2024-09-01,Night,4,1,2.0,3,1,18
202400029679,2024-04-12,Evening,3,1,1.0,1,2,14
202400029680,2024-01-21,Morning,4,1,3.0,5,2,75
202400029681,2024-01-21,Evening,4,1,6.0,5,2,75
202400029682,2024-04-12,Morning,3,1,3.0,1,2,73
202400029683,2024-05-19,Afternoon,4,1,3.0,1,2,54
202400029684,2024-01-21,Morning,4,1,6.0,5,2,75
202400029685,2024-04-11,Evening,2,1,2.0,5,2,10
202400029686,2024-01-20,Night,4,1,1.0,5,2,75
202400029687,2024-05-19,Afternoon,4,2,2.0,1,2,31
202400029688,2024-09-01,Afternoon,4,1,3.0,1,2,14
202400029689,2024-05-19,Morning,4,1,6.0,1,2,31
202400029690,2024-04-11,Night,4,1,7.0,5,2,85
202400029691,2024-01-21,Evening,4,8,1.0,5,2,94
202400029692,2024-09-01,Night,3,1,7.0,3,2,14
202400029693,2024-05-18,Morning,4,1,2.0,1,1,22
202400029694,2024-04-12,Afternoon,2,1,3.0,1,1,28
202400029695,2024-01-21,Night,4,1,3.0,5,2,94
202400029696,2024-04-12,Afternoon,3,1,3.0,1,1,48
202400029697,2024-05-17,Morning,4,2,3.0,1,2,17
202400029698,2024-09-01,Morning,3,1,2.0,4,2,13
202400029699,2024-01-21,Evening,4,8,2.0,5,2,94
202400029700,2024-04-11,Afternoon,4,1,1.0,1,2,88
202400029701,2024-09-01,Afternoon,2,1,1.0,1,2,13
202400029702,2024-04-11,Morning,3,1,1.0,1,1,44
202400029703,2024-04-11,Afternoon,3,1,6.0,1,1,63
202400029704,2024-08-31,Morning,2,1,1.0,1,2,12
202400029705,2024-05-19,Night,4,1,3.0,5,2,13
202400029706,2024-01-20,Afternoon,4,1,3.0,1,2,94
202400029707,2024-04-11,Evening,4,1,1.0,1,1,69
202400029708,2024-05-19,Morning,4,1,3.0,1,2,13
202400029709,2024-01-21,Evening,4,1,3.0,5,2,93
202400029710,2024-04-12,Morning,4,1,2.0,1,1,91
202400029711,2024-08-31,Afternoon,4,1,2.0,1,2,09
202400029712,2024-05-18,Afternoon,4,1,2.0,1,1,13
202400029713,2024-01-20,Night,4,1,3.0,5,2,92
202400029714,2024-09-01,Night,4,1,3.0,5,2,06
202400029715,2024-05-20,Night,4,1,3.0,5,2,06
202400029717,2024-05-18,Morning,4,1,7.0,1,2,04
202400029718,2024-09-01,Morning,3,1,1.0,1,2,03
202400029719,2024-01-21,Evening,4,1,6.0,5,2,92
202400029720,2024-04-11,Morning,3,1,3.0,1,1,13
202400029721,2024-05-17,Morning,4,7,3.0,1,2,03
202400029722,2024-04-11,Afternoon,3,1,6.0,1,1,52
202400029723,2024-05-19,Night,4,1,6.0,3,2,03
202400029724,2024-09-01,Afternoon,4,1,2.0,1,2,75
202400029725,2024-01-21,Evening,4,1,2.0,5,2,92
202400029726,2024-04-11,Afternoon,2,1,3.0,1,1,88
202400029727,2024-05-19,Afternoon,2,1,6.0,1,2,01
202400029728,2024-05-19,Evening,4,1,3.0,1,2,75
202400029729,2024-09-01,Morning,4,1,6.0,5,2,75
202400029730,2024-04-12,Afternoon,3,7,7.0,1,1,63
202400029731,2024-05-19,Night,4,1,2.0,4,2,75
202400029732,2024-01-18,Evening,3,2,6.0,5,2,01
202400029733,2024-04-12,Afternoon,4,1,6.0,1,1,42
202400029734,2024-05-18,Evening,4,2,3.0,1,2,75
202400029735,2024-04-12,Evening,4,1,6.0,1,1,42
202400029736,2024-01-21,Afternoon,3,1,2.0,1,1,43
202400029737,2024-04-12,Afternoon,3,1,1.0,1,1,69
202400029738,2024-01-20,Afternoon,3,7,3.0,1,2,33
202400029739,2024-08-30,Afternoon,4,2,4.0,1,2,75
202400029740,2024-05-19,Afternoon,3,1,3.0,1,2,75
202400029741,2024-04-11,Afternoon,3,1,1.0,1,2,64
202400029742,2024-01-21,Afternoon,3,1,3.0,1,1,31
202400029743,2024-05-18,Afternoon,4,1,3.0,1,2,75
202400029744,2024-09-01,Afternoon,4,1,6.0,1,2,75
202400029745,2024-04-12,Night,4,1,2.0,3,1,33
202400029746,2024-01-22,Morning,2,2,1.0,2,1,44
202400029747,2024-05-19,Night,4,1,6.0,5,2,75
202400029748,2024-04-10,Afternoon,3,1,1.0,1,2,14
202400029750,2024-04-11,Evening,4,1,7.0,1,1,60
202400029751,2024-09-01,Afternoon,4,1,2.0,1,2,75
202400029752,2024-05-18,Afternoon,4,1,6.0,1,2,75
202400029753,2024-01-21,Night,4,9,6.0,3,1,61
202400029754,2024-04-05,Morning,4,1,6.0,1,2,59
202400029755,2024-05-18,Night,4,1,6.0,5,2,75
202400029756,2024-09-01,Afternoon,4,1,3.0,1,2,75
202400029757,2024-04-11,Evening,4,1,2.0,1,2,13
202400029758,2024-05-19,Afternoon,4,1,6.0,1,2,75
202400029759,2024-01-22,Morning,4,1,3.0,1,2,56
202400029760,2024-04-10,Evening,4,1,2.0,1,2,13
202400029761,2024-01-21,Afternoon,3,1,7.0,1,1,76
202400029762,2024-08-31,Afternoon,4,1,3.0,1,2,75
202400029763,2024-05-19,Night,4,1,6.0,3,2,75
202400029764,2024-04-11,Morning,4,1,2.0,1,1,13
202400029765,2024-01-22,Morning,3,2,6.0,3,1,89
202400029766,2024-05-19,Afternoon,4,1,3.0,1,2,75
202400029767,2024-01-22,Night,4,1,7.0,3,1,46
202400029768,2024-04-10,Afternoon,4,1,4.0,1,1,13
202400029769,2024-09-01,Night,4,1,3.0,5,2,75
202400029770,2024-01-21,Night,4,1,6.0,3,1,86
202400029771,2024-04-10,Evening,4,7,7.0,1,1,67
202400029772,2024-05-19,Night,4,1,3.0,5,2,75
202400029773,2024-08-31,Night,4,2,6.0,5,2,75
202400029774,2024-05-18,Night,4,1,3.0,5,2,75
202400029775,2024-04-10,Morning,4,1,4.0,1,1,67
202400029776,2024-01-21,Afternoon,4,1,7.0,2,1,38
202400029777,2024-05-19,Night,4,1,3.0,2,2,94
202400029778,2024-01-22,Night,4,1,6.0,5,2,03
202400029779,2024-04-10,Morning,4,1,2.0,1,1,67
202400029780,2024-09-01,Afternoon,4,1,3.0,1,2,75
202400029781,2024-01-22,Morning,2,2,6.0,1,2,15
202400029782,2024-04-11,Evening,4,1,7.0,1,1,77
202400029783,2024-05-19,Night,4,1,3.0,5,2,94
202400029784,2024-01-19,Morning,2,1,6.0,1,2,01
202400029785,2024-04-11,Night,4,1,2.0,3,1,91
202400029786,2024-05-19,Afternoon,4,1,2.0,1,2,94
202400029787,2024-08-31,Night,4,8,3.0,5,2,75
202400029788,2024-01-17,Morning,3,2,6.0,1,2,72
202400029789,2024-04-11,Afternoon,4,1,2.0,1,1,92
202400029790,2024-05-19,Afternoon,4,1,6.0,1,2,94
202400029791,2024-01-22,Morning,3,1,6.0,1,1,43
202400029792,2024-04-11,Evening,4,1,6.0,1,1,94
202400029793,2024-05-19,Afternoon,4,1,6.0,1,2,94
202400029794,2024-01-21,Evening,3,1,1.0,3,1,10
202400029795,2024-04-11,Evening,4,1,2.0,1,1,94
202400029796,2024-09-01,Night,4,1,3.0,5,2,75
202400029797,2024-01-22,Evening,4,1,7.0,5,2,07
202400029798,2024-05-19,Evening,4,1,1.0,1,2,93
202400029799,2024-04-11,Afternoon,4,1,4.0,1,1,94
202400029800,2024-09-01,Morning,4,1,6.0,1,2,94
202400029801,2024-01-22,Morning,2,1,6.0,3,2,40
202400029802,2024-01-22,Morning,2,3,6.0,5,1,85
202400029803,2024-04-10,Afternoon,4,1,3.0,1,1,94
202400029804,2024-05-19,Afternoon,4,1,3.0,1,2,93
202400029805,2024-09-01,Morning,4,1,3.0,1,2,94
202400029806,2024-01-21,Afternoon,4,1,7.0,1,1,17
202400029807,2024-04-10,Morning,4,1,2.0,1,1,77
202400029808,2024-05-19,Evening,4,1,3.0,1,2,93
202400029809,2024-08-31,Night,4,2,2.0,5,2,93
202400029812,2024-05-19,Afternoon,3,1,1.0,1,2,93
202400029813,2024-09-01,Morning,4,1,6.0,1,2,93
202400029814,2024-05-19,Morning,4,1,6.0,1,2,93
202400029815,2024-01-18,Afternoon,3,1,6.0,1,2,31
202400029817,2024-08-31,Evening,4,2,6.0,5,2,93
202400029818,2024-07-25,Night,4,1,6.0,5,2,25
202400029819,2024-05-19,Afternoon,4,1,1.0,1,2,93
202400029820,2024-01-19,Night,2,1,3.0,5,2,35
202400029822,2024-08-31,Afternoon,4,1,3.0,1,2,93
202400029823,2024-05-18,Evening,4,1,1.0,1,2,92
202400029824,2024-07-24,Evening,4,1,4.0,1,1,17
202400029825,2024-01-22,Morning,3,1,1.0,1,2,13
202400029827,2024-05-18,Night,4,1,1.0,5,2,92
202400029828,2024-09-01,Afternoon,4,1,1.0,1,2,93
202400029829,2024-07-24,Morning,4,1,3.0,1,1,15
202400029830,2024-01-22,Night,4,2,2.0,4,1,27
202400029831,2024-05-18,Afternoon,4,1,6.0,1,2,92
202400029832,2024-04-10,Afternoon,4,1,6.0,1,2,69
202400029833,2024-07-25,Afternoon,4,1,2.0,1,1,13
202400029834,2024-01-21,Night,4,1,2.0,3,1,13
202400029835,2024-05-18,Night,4,1,3.0,5,2,92
202400029836,2024-04-10,Morning,4,1,2.0,1,2,69
202400029837,2024-09-01,Afternoon,4,1,4.0,1,1,92
202400029838,2024-01-21,Night,4,1,6.0,3,1,51
202400029839,2024-05-17,Evening,3,1,6.0,1,1,24
202400029840,2024-07-25,Morning,3,1,1.0,1,2,13
202400029843,2024-05-20,Morning,3,2,7.0,1,2,49
202400029844,2024-09-01,Morning,4,1,6.0,1,2,92
202400029846,2024-07-25,Evening,4,1,3.0,1,2,13
202400029847,2024-04-10,Night,4,8,1.0,5,1,2A
202400029848,2024-05-20,Night,4,2,1.0,3,1,01
202400029849,2024-09-02,Night,3,2,6.0,3,1,35
202400029851,2024-05-20,Night,4,1,1.0,3,1,52
202400029852,2024-04-10,Morning,4,1,2.0,1,1,95
202400029853,2024-07-25,Evening,3,1,2.0,2,2,13
202400029854,2024-01-19,Evening,3,1,3.0,2,2,34
202400029855,2024-09-01,Afternoon,3,1,3.0,1,1,39
202400029856,2024-04-10,Morning,3,7,6.0,1,2,91
202400029857,2024-07-25,Evening,4,1,1.0,1,2,13
202400029858,2024-05-19,Afternoon,4,1,3.0,1,1,22