Num_Acc,date,time_of_day,max_severity,weather,collision_type,lighting,urban_area,department
202400029859,2024-01-19,Afternoon,4,1,4.0,1,2,84
202400029861,2024-07-25,Morning,4,1,1.0,1,2,13
202400029862,2024-01-22,Morning,3,6,6.0,4,2,71
202400029863,2024-04-10,Evening,4,1,3.0,1,2,91
202400029864,2024-08-31,Afternoon,4,1,3.0,1,1,81
202400029865,2024-07-25,Night,4,1,7.0,4,2,13
202400029866,2024-01-21,Morning,4,1,1.0,1,1,71
202400029867,2024-04-09,Afternoon,3,2,7.0,1,2,87
202400029868,2024-05-19,Evening,3,2,6.0,1,1,46
202400029869,2024-07-25,Afternoon,4,1,3.0,1,2,13
202400029870,2024-05-19,Evening,3,3,6.0,3,1,64
202400029871,2024-01-22,Morning,4,1,7.0,2,1,55
202400029872,2024-05-20,Afternoon,3,1,7.0,1,1,38
202400029873,2024-09-01,Night,4,1,2.0,5,2,06
202400029874,2024-04-10,Night,4,1,1.0,5,2,83
202400029875,2024-05-20,Evening,3,1,6.0,5,2,83
202400029876,2024-01-22,Afternoon,3,1,6.0,2,2,54
202400029877,2024-07-24,Afternoon,4,1,2.0,1,2,13
202400029878,2024-04-08,Evening,3,1,6.0,1,1,83
202400029879,2024-01-20,Night,4,9,2.0,3,1,13
202400029880,2024-05-20,Morning,4,2,3.0,1,1,12
202400029881,2024-04-09,Morning,4,2,3.0,1,2,83
202400029882,2024-08-30,Afternoon,3,1,3.0,1,1,42
202400029883,2024-07-25,Morning,3,1,2.0,1,1,13
202400029884,2024-05-19,Evening,3,1,1.0,1,1,22
202400029885,2024-09-02,Night,3,1,6.0,3,1,31
202400029886,2024-05-20,Morning,4,1,7.0,2,1,62
202400029887,2024-04-09,Evening,4,1,3.0,1,2,80
202400029888,2024-01-20,Evening,4,1,2.0,3,1,13
202400029889,2024-05-20,Afternoon,4,1,7.0,1,1,59
202400029890,2024-09-02,Morning,4,1,1.0,1,1,14
202400029891,2024-04-10,Afternoon,4,1,3.0,1,2,78
202400029892,2024-05-19,Afternoon,4,2,7.0,1,1,19
202400029893,2024-01-21,Night,4,1,2.0,5,1,69
202400029894,2024-07-25,Afternoon,4,1,2.0,1,2,06
202400029895,2024-05-19,Afternoon,3,1,7.0,1,1,59
202400029896,2024-01-21,Afternoon,4,1,2.0,3,1,94
202400029897,2024-07-25,Morning,4,1,3.0,1,2,06
202400029898,2024-09-02,Morning,4,1,3.0,1,1,71
202400029899,2024-05-18,Evening,4,1,5.0,2,2,2B
202400029900,2024-01-21,Morning,4,1,6.0,1,1,91
202400029901,2024-07-24,Evening,4,1,6.0,2,2,04
202400029902,2024-05-19,Evening,2,1,6.0,1,1,82
202400029903,2024-04-09,Afternoon,4,1,4.0,1,2,76
202400029904,2024-09-01,Night,3,1,7.0,3,1,71
202400029905,2024-01-20,Night,4,1,3.0,4,1,78
202400029906,2024-05-20,Morning,4,1,6.0,1,1,65
202400029907,2024-04-09,Afternoon,3,2,7.0,1,2,76
202400029908,2024-07-24,Afternoon,4,1,3.0,1,2,03
202400029909,2024-01-21,Evening,4,2,3.0,3,1,93
202400029910,2024-05-13,Morning,3,1,3.0,1,2,33
202400029911,2024-07-19,Afternoon,3,1,6.0,1,2,02
202400029912,2024-01-21,Morning,4,2,6.0,3,1,95
202400029913,2024-05-19,Night,3,1,6.0,3,1,89
202400029914,2024-07-24,Afternoon,4,1,6.0,1,2,01
202400029915,2024-01-20,Afternoon,4,1,2.0,1,1,93
202400029916,2024-05-20,Afternoon,2,2,7.0,1,2,49
202400029917,2024-08-30,Evening,4,2,7.0,3,1,44
202400029918,2024-01-21,Afternoon,3,2,3.0,1,1,95
202400029919,2024-07-25,Evening,4,1,2.0,1,2,75
202400029920,2024-09-01,Evening,2,1,6.0,2,2,71
202400029921,2024-01-21,Night,4,1,6.0,5,1,95
202400029922,2024-05-17,Evening,3,1,5.0,1,1,49
202400029923,2024-08-29,Morning,2,1,7.0,1,1,62
202400029924,2024-07-25,Morning,4,1,3.0,1,2,75
202400029925,2024-05-10,Evening,4,1,3.0,1,1,41
202400029926,2024-01-20,Evening,4,1,7.0,3,1,95
202400029927,2024-07-25,Morning,4,1,3.0,1,2,75
202400029928,2024-05-20,Afternoon,4,8,1.0,1,1,86
202400029929,2024-08-31,Afternoon,4,1,1.0,1,1,2A
202400029930,2024-05-19,Evening,2,1,7.0,1,2,22
202400029931,2024-01-20,Afternoon,4,1,4.0,1,1,93
202400029932,2024-07-24,Evening,4,1,3.0,1,2,75
202400029933,2024-09-01,Night,4,1,6.0,3,1,80
202400029934,2024-05-18,Night,3,1,7.0,3,1,25
202400029935,2024-01-19,Evening,4,1,5.0,3,1,93
202400029936,2024-05-19,Afternoon,3,1,7.0,1,2,25
202400029937,2024-07-24,Morning,4,1,5.0,1,2,75
202400029938,2024-09-02,Afternoon,4,1,1.0,1,2,82
202400029939,2024-01-21,Afternoon,4,1,4.0,1,1,75
202400029940,2024-05-19,Afternoon,4,1,1.0,1,2,25
202400029941,2024-07-25,Evening,4,1,3.0,1,2,75
202400029942,2024-01-20,Night,4,1,2.0,3,1,93
202400029943,2024-08-31,Evening,3,1,7.0,1,1,32
202400029944,2024-05-19,Morning,3,1,6.0,2,2,25
202400029945,2024-07-24,Morning,4,1,2.0,1,2,75
202400029947,2024-05-18,Night,3,1,1.0,3,1,35
202400029949,2024-07-25,Morning,4,1,6.0,1,2,75
202400029950,2024-09-02,Afternoon,2,7,1.0,1,1,63
202400029951,2024-05-19,Night,3,1,6.0,2,1,29
202400029953,2024-07-24,Morning,4,1,3.0,1,2,75
202400029954,2024-05-20,Morning,2,1,6.0,2,1,31
202400029955,2024-01-19,Afternoon,4,1,6.0,2,2,69
202400029956,2024-09-01,Night,4,1,6.0,3,2,42
202400029957,2024-05-20,Night,3,1,2.0,3,1,38
202400029958,2024-07-24,Morning,4,1,1.0,1,2,94
202400029959,2024-01-20,Afternoon,4,1,3.0,1,2,69
202400029960,2024-05-19,Night,3,1,6.0,3,1,38
202400029962,2024-07-25,Evening,4,1,1.0,1,2,94
202400029963,2024-04-25,Night,3,1,1.0,3,1,02
202400029964,2024-08-29,Morning,3,1,3.0,1,1,34
202400029965,2024-07-25,Afternoon,4,1,6.0,1,2,93
202400029966,2024-05-19,Night,4,1,1.0,3,1,05
202400029967,2024-05-20,Night,4,1,7.0,3,1,50
202400029968,2024-01-19,Night,4,1,2.0,5,1,91
202400029969,2024-09-01,Afternoon,4,1,7.0,1,1,25
202400029970,2024-01-20,Night,4,1,6.0,5,2,91
202400029971,2024-07-25,Night,4,1,3.0,5,2,93
202400029972,2024-05-19,Evening,4,1,7.0,1,1,18
202400029973,2024-08-31,Evening,4,1,3.0,1,1,44
202400029974,2024-07-25,Morning,4,1,1.0,1,2,93
202400029975,2024-01-20,Night,4,1,2.0,5,2,91
202400029976,2024-05-20,Evening,4,2,3.0,1,1,07
202400029977,2024-07-25,Afternoon,4,1,6.0,1,2,93
202400029978,2024-09-01,Morning,2,1,7.0,1,1,29
202400029979,2024-01-20,Afternoon,3,7,6.0,1,2,85
202400029980,2024-05-20,Evening,4,3,7.0,1,1,07
202400029981,2024-01-20,Evening,4,1,6.0,5,1,83
202400029982,2024-07-25,Morning,4,1,2.0,1,2,93
202400029983,2024-05-20,Afternoon,3,3,7.0,1,1,53
202400029984,2024-01-20,Morning,4,9,7.0,1,2,81
202400029985,2024-09-01,Morning,3,1,2.0,1,1,38
202400029986,2024-01-20,Morning,4,4,6.0,1,2,78
202400029987,2024-07-25,Afternoon,4,1,3.0,1,2,93
202400029988,2024-05-19,Afternoon,3,1,1.0,1,1,30
202400029989,2024-01-20,Evening,3,1,1.0,5,2,76
202400029990,2024-07-24,Evening,3,1,3.0,1,2,92
202400029991,2024-09-02,Evening,3,1,7.0,1,1,84
202400029992,2024-07-24,Evening,4,1,7.0,1,2,92
202400029993,2024-09-01,Afternoon,4,1,6.0,1,1,85
202400029994,2024-01-19,Afternoon,4,1,5.0,1,2,74
202400029995,2024-07-25,Morning,4,1,3.0,1,2,92
202400029996,2024-09-01,Afternoon,3,1,6.0,1,2,70
202400029997,2024-01-20,Night,4,1,6.0,5,2,72
202400029998,2024-07-24,Afternoon,4,1,2.0,1,2,92
202400029999,2024-05-20,Morning,3,1,6.0,1,2,31
202400030000,2024-08-31,Morning,3,1,3.0,1,2,58
202400030001,2024-01-19,Afternoon,3,1,6.0,1,2,72
202400030002,2024-07-25,Afternoon,4,1,2.0,1,1,34
202400030003,2024-08-31,Afternoon,4,1,7.0,1,1,54
202400030004,2024-01-20,Evening,4,1,3.0,5,2,69
202400030005,2024-05-08,Morning,4,1,2.0,1,1,69
202400030006,2024-01-20,Night,4,1,6.0,5,2,69
202400030007,2024-07-24,Evening,4,1,3.0,2,2,35
202400030008,2024-09-01,Afternoon,3,1,7.0,1,1,54
202400030010,2024-01-20,Night,4,9,6.0,4,2,63
202400030012,2024-07-22,Afternoon,3,1,3.0,1,1,26
202400030013,2024-01-20,Night,4,5,1.0,5,2,59
202400030014,2024-08-30,Evening,4,1,3.0,2,1,72
202400030015,2024-05-19,Evening,4,1,7.0,1,1,77
202400030016,2024-01-09,Evening,4,8,6.0,3,2,57
202400030017,2024-07-24,Evening,4,1,1.0,1,2,40
202400030018,2024-09-02,Morning,4,1,1.0,1,1,14
202400030020,2024-01-20,Evening,4,1,3.0,2,2,54
202400030021,2024-05-19,Evening,4,1,5.0,3,1,2B
202400030022,2024-09-01,Afternoon,4,3,1.0,1,1,05
202400030023,2024-01-20,Morning,4,1,3.0,1,2,45
202400030024,2024-07-26,Night,3,8,6.0,3,1,64
202400030025,2024-05-20,Afternoon,4,1,1.0,1,1,83
202400030026,2024-01-20,Morning,4,7,6.0,1,2,44
202400030027,2024-05-20,Night,4,1,6.0,3,2,83
202400030028,2024-08-31,Afternoon,3,1,7.0,1,2,50
202400030029,2024-07-10,Afternoon,3,1,3.0,1,1,34
202400030030,2024-05-19,Morning,3,1,3.0,1,2,13
202400030031,2024-07-26,Afternoon,2,1,3.0,1,1,83
202400030032,2024-09-01,Evening,4,3,1.0,2,1,73
202400030033,2024-05-18,Night,4,1,1.0,3,1,13
202400030034,2024-07-26,Afternoon,3,1,7.0,1,2,51
202400030035,2024-07-21,Night,4,2,6.0,3,1,56
202400030036,2024-09-02,Afternoon,3,8,1.0,1,1,53
202400030037,2024-05-19,Afternoon,4,1,3.0,1,2,13
202400030038,2024-07-25,Morning,3,1,7.0,1,1,65
202400030039,2024-05-19,Evening,3,1,1.0,3,1,71
202400030040,2024-09-02,Morning,3,1,1.0,1,1,53
202400030041,2024-07-25,Afternoon,4,1,1.0,1,1,32
202400030042,2024-07-25,Night,2,1,7.0,5,1,55
202400030043,2024-05-20,Night,3,5,2.0,3,1,08
202400030044,2024-08-29,Morning,4,1,2.0,1,1,85
202400030045,2024-07-26,Morning,4,7,6.0,1,2,42
202400030046,2024-05-20,Afternoon,4,2,3.0,1,1,88
202400030047,2024-07-25,Afternoon,3,1,3.0,1,1,47
202400030048,2024-09-01,Evening,4,1,6.0,2,2,27
202400030049,2024-07-21,Morning,4,2,1.0,1,1,34
202400030050,2024-05-20,Afternoon,4,1,3.0,1,2,26
202400030051,2024-09-01,Night,4,1,1.0,3,1,87
202400030052,2024-05-12,Evening,4,1,6.0,2,2,01
202400030053,2024-07-25,Afternoon,4,1,3.0,1,1,44
202400030054,2024-05-02,Morning,3,2,3.0,1,1,81
202400030055,2024-09-02,Morning,2,7,3.0,1,1,13
202400030056,2024-07-25,Evening,4,1,3.0,1,1,38
202400030057,2024-07-25,Morning,4,1,6.0,1,1,03
202400030058,2024-05-19,Evening,4,1,3.0,1,1,50
202400030059,2024-07-26,Morning,3,1,7.0,1,1,15
202400030061,2024-07-24,Morning,4,1,1.0,1,1,26
202400030062,2024-05-20,Morning,4,1,7.0,1,1,80
202400030063,2024-07-26,Afternoon,4,1,7.0,1,1,58
202400030064,2024-08-31,Afternoon,3,1,7.0,1,1,51
202400030065,2024-05-15,Evening,4,1,1.0,3,1,13
202400030066,2024-07-23,Night,4,2,6.0,3,1,14
202400030067,2024-04-08,Night,4,1,7.0,3,1,13
202400030069,2024-07-25,Morning,3,1,2.0,1,1,14
202400030070,2024-05-19,Afternoon,4,1,2.0,1,1,13
202400030071,2024-07-18,Evening,3,1,6.0,1,1,45
202400030072,2024-09-02,Afternoon,3,1,1.0,1,1,77
202400030073,2024-05-18,Evening,3,1,2.0,1,1,83
202400030074,2024-07-23,Night,4,1,6.0,3,1,73
202400030075,2024-02-25,Evening,4,1,6.0,3,1,66
202400030076,2024-07-26,Morning,3,1,5.0,1,2,40
202400030078,2024-07-25,Evening,3,1,6.0,3,1,04
202400030079,2024-09-02,Morning,2,1,1.0,1,1,13
202400030081,2024-09-01,Morning,4,1,6.0,1,2,70
202400030082,2024-07-25,Afternoon,4,1,3.0,1,1,85
202400030084,2024-07-25,Evening,2,1,6.0,2,1,37
202400030085,2024-09-01,Morning,3,1,7.0,2,2,67
202400030087,2024-07-25,Afternoon,3,1,6.0,1,1,08
202400030088,2024-05-18,Evening,4,1,3.0,1,2,69
202400030089,2024-07-24,Afternoon,3,1,2.0,1,1,01
202400030090,2024-09-01,Evening,3,1,1.0,1,1,88
202400030091,2024-05-17,Evening,4,1,1.0,1,2,2B
202400030092,2024-07-24,Afternoon,4,1,2.0,1,1,06
202400030093,2024-08-31,Afternoon,3,1,2.0,1,1,57
202400030094,2024-07-25,Afternoon,3,1,6.0,1,1,45
202400030096,2024-07-26,Evening,4,2,1.0,1,1,77
202400030097,2024-08-25,Morning,4,5,1.0,2,1,73
202400030098,2024-05-18,Night,4,1,5.0,3,1,95
202400030099,2024-07-25,Afternoon,3,1,5.0,1,1,95
202400030100,2024-05-18,Afternoon,4,1,6.0,1,1,91
202400030101,2024-09-02,Afternoon,3,1,3.0,1,1,38
202400030102,2024-07-25,Evening,3,2,6.0,3,1,95
202400030103,2024-07-25,Evening,3,1,7.0,1,1,34
202400030104,2024-05-18,Afternoon,4,1,7.0,1,1,83
202400030105,2024-09-02,Morning,4,1,3.0,1,1,69
202400030106,2024-08-23,Afternoon,4,1,7.0,1,1,33
202400030107,2024-07-26,Evening,4,1,3.0,1,1,83
202400030108,2024-05-18,Afternoon,4,1,2.0,1,2,77
202400030109,2024-07-26,Morning,4,1,6.0,1,1,05
202400030110,2024-09-02,Morning,4,1,3.0,1,2,33
202400030111,2024-05-18,Night,4,1,6.0,5,2,77
202400030112,2024-07-26,Morning,2,7,3.0,1,1,13
202400030113,2024-05-18,Night,4,2,6.0,5,2,72
202400030114,2024-09-02,Afternoon,4,1,2.0,1,1,35
202400030115,2024-07-25,Afternoon,4,1,2.0,1,1,13
202400030116,2024-05-18,Night,2,1,6.0,5,2,72
202400030117,2024-09-02,Morning,4,1,6.0,1,2,60
202400030118,2024-07-25,Evening,3,1,6.0,1,1,21
202400030119,2024-05-18,Afternoon,4,1,7.0,1,2,69
202400030120,2024-07-25,Night,3,1,7.0,3,1,52
202400030121,2024-08-31,Evening,4,1,1.0,1,1,59
202400030122,2024-05-18,Night,4,1,3.0,5,2,69
202400030123,2024-08-30,Evening,4,2,6.0,1,2,59
202400030124,2024-07-26,Afternoon,3,1,3.0,1,2,73
202400030125,2024-05-18,Afternoon,4,2,2.0,1,1,66
202400030126,2024-08-31,Afternoon,4,1,2.0,1,1,13
202400030127,2024-04-25,Evening,4,1,1.0,1,2,64
202400030128,2024-07-23,Afternoon,4,1,1.0,1,1,85
202400030129,2024-08-30,Afternoon,4,1,2.0,1,1,13
202400030130,2024-05-18,Evening,4,2,3.0,1,1,64
202400030131,2024-07-24,Evening,4,1,3.0,1,2,29
202400030132,2024-09-01,Night,4,1,2.0,5,2,69
202400030133,2024-09-01,Morning,4,1,1.0,2,1,69
202400030134,2024-05-18,Morning,4,2,3.0,1,2,63
202400030135,2024-07-26,Morning,3,1,1.0,2,1,22
202400030136,2024-07-26,Night,4,3,6.0,5,1,60
202400030137,2024-09-01,Morning,4,1,4.0,3,1,91
202400030138,2024-05-18,Afternoon,4,1,1.0,1,2,59
202400030139,2024-05-18,Night,4,2,7.0,3,2,59
202400030140,2024-09-01,Morning,4,1,2.0,2,1,91
202400030141,2024-07-26,Morning,4,1,2.0,1,1,80
202400030142,2024-08-31,Evening,3,1,2.0,1,1,92
202400030143,2024-05-18,Afternoon,4,1,3.0,1,2,59
202400030144,2024-09-01,Night,4,1,6.0,3,1,93
202400030145,2024-07-26,Afternoon,3,8,7.0,1,1,59
202400030146,2024-08-31,Evening,4,1,2.0,1,1,93
202400030147,2024-05-18,Morning,3,1,3.0,1,2,56
202400030148,2024-07-25,Morning,4,1,2.0,1,1,13
202400030149,2024-05-18,Afternoon,4,1,2.0,1,2,56
202400030150,2024-07-24,Evening,4,1,2.0,1,1,13
202400030151,2024-08-31,Evening,4,1,4.0,1,1,93
202400030152,2024-07-24,Afternoon,4,1,7.0,1,1,13
202400030153,2024-05-17,Afternoon,4,1,3.0,1,2,54
202400030154,2024-08-31,Afternoon,4,1,4.0,1,1,93
202400030155,2024-05-18,Evening,4,1,2.0,2,2,51
202400030156,2024-07-25,Afternoon,4,1,2.0,1,1,33
202400030157,2024-07-24,Night,4,1,7.0,2,1,33
202400030158,2024-09-01,Morning,4,1,4.0,1,1,77
202400030159,2024-05-18,Afternoon,4,1,6.0,1,2,49
202400030160,2024-07-25,Afternoon,4,1,3.0,1,1,91
202400030161,2024-09-01,Night,4,1,3.0,3,1,77
202400030162,2024-07-25,Afternoon,4,1,2.0,1,1,91
202400030163,2024-05-17,Afternoon,4,1,5.0,1,2,47
202400030164,2024-08-30,Afternoon,4,1,4.0,1,1,77
202400030165,2024-07-25,Night,4,1,2.0,3,1,91
202400030166,2024-07-24,Night,4,1,2.0,3,1,91
202400030167,2024-08-30,Night,4,1,6.0,3,1,77
202400030168,2024-05-19,Night,3,1,3.0,5,2,44
202400030169,2024-07-25,Evening,3,1,7.0,2,1,95
202400030170,2024-04-08,Afternoon,4,1,6.0,1,2,62
202400030171,2024-05-18,Afternoon,4,2,6.0,1,2,41
202400030172,2024-05-10,Morning,4,1,1.0,1,1,52
202400030173,2024-07-25,Afternoon,4,1,4.0,2,1,93
202400030174,2024-05-18,Morning,4,1,2.0,1,2,37
202400030175,2024-08-30,Afternoon,4,2,3.0,1,2,92
202400030176,2024-07-24,Afternoon,4,1,2.0,1,1,93
202400030177,2024-05-17,Afternoon,4,3,6.0,1,2,37
202400030178,2024-04-23,Afternoon,3,1,7.0,1,2,74
202400030179,2024-07-25,Afternoon,4,1,2.0,1,1,94
202400030180,2024-05-18,Evening,4,1,3.0,2,2,31
202400030181,2024-07-24,Evening,4,1,7.0,1,1,94
202400030183,2024-05-18,Night,3,2,7.0,5,1,31
202400030184,2024-07-17,Morning,4,8,3.0,1,2,44
202400030186,2024-07-16,Afternoon,4,8,4.0,1,2,44
202400030187,2024-05-18,Night,4,2,4.0,3,2,31
202400030189,2024-07-12,Night,4,8,7.0,5,2,44
202400030198,2024-07-24,Morning,4,1,3.0,1,2,69
202400030201,2024-07-24,Evening,4,1,3.0,1,2,69
202400030206,2024-08-31,Evening,4,8,1.0,1,1,95
202400030207,2024-07-20,Afternoon,4,1,3.0,1,2,89
202400030208,2024-07-24,Morning,4,1,2.0,1,2,87
202400030209,2024-08-31,Night,4,1,2.0,5,2,91
202400030210,2024-07-23,Morning,4,1,6.0,1,2,87
202400030211,2024-07-23,Morning,4,1,3.0,1,2,84
202400030212,2024-08-30,Afternoon,4,2,4.0,1,1,91
202400030213,2024-07-23,Afternoon,4,1,2.0,1,2,83
202400030214,2024-08-30,Evening,3,2,1.0,5,1,91
202400030215,2024-07-24,Evening,4,1,3.0,1,2,78
202400030216,2024-09-01,Night,4,1,6.0,5,1,84
202400030217,2024-07-25,Night,4,1,3.0,5,2,78
202400030218,2024-08-31,Afternoon,4,1,2.0,1,2,83
202400030219,2024-07-24,Night,3,1,1.0,3,1,77
202400030220,2024-08-31,Night,4,1,6.0,5,2,83
202400030221,2024-07-23,Morning,4,1,6.0,1,2,72
202400030222,2024-08-30,Afternoon,4,1,3.0,1,2,83
202400030223,2024-08-30,Afternoon,4,1,6.0,1,2,81
202400030224,2024-07-24,Afternoon,4,1,1.0,1,2,69
202400030225,2024-07-23,Evening,4,1,3.0,1,2,69
202400030226,2024-08-31,Evening,4,1,1.0,3,1,77
202400030227,2024-08-31,Night,3,1,3.0,3,1,76
202400030228,2024-07-24,Afternoon,4,1,3.0,1,2,68
202400030229,2024-08-31,Evening,4,1,6.0,1,2,72
202400030230,2024-07-23,Evening,3,8,7.0,1,2,67
202400030231,2024-07-24,Evening,4,1,6.0,1,2,64
202400030232,2024-08-31,Evening,4,1,3.0,1,2,72
202400030233,2024-07-24,Morning,2,1,6.0,1,2,60
202400030234,2024-07-23,Afternoon,4,1,3.0,1,2,56
202400030235,2024-08-30,Afternoon,4,1,3.0,1,1,69
202400030236,2024-07-23,Afternoon,4,1,3.0,1,2,56
202400030237,2024-08-31,Night,4,1,7.0,5,2,67
202400030238,2024-08-31,Afternoon,3,1,7.0,1,2,64
202400030239,2024-07-24,Morning,4,1,3.0,1,2,51
202400030240,2024-07-23,Afternoon,4,1,3.0,1,2,51
202400030241,2024-08-31,Night,4,1,3.0,5,2,59
202400030242,2024-07-24,Morning,4,1,3.0,1,1,51
202400030243,2024-09-01,Night,4,1,2.0,5,2,59
202400030244,2024-07-23,Evening,4,1,6.0,1,1,49
202400030245,2024-08-30,Afternoon,4,1,1.0,1,2,58
202400030246,2024-07-24,Evening,3,1,6.0,1,2,45
202400030247,2024-08-31,Afternoon,4,1,6.0,1,2,57
202400030248,2024-07-24,Morning,3,1,4.0,1,1,45
202400030249,2024-08-31,Afternoon,4,1,3.0,1,2,54
202400030250,2024-07-19,Evening,4,1,3.0,1,2,42
202400030251,2024-08-31,Night,4,1,3.0,2,2,49
202400030252,2024-07-23,Afternoon,3,1,3.0,1,2,40
202400030253,2024-08-31,Morning,4,3,1.0,1,2,49
202400030254,2024-07-24,Morning,4,1,3.0,2,2,35
202400030255,2024-08-22,Morning,4,1,6.0,1,2,45
202400030256,2024-07-23,Evening,3,1,6.0,1,1,35
202400030257,2024-08-31,Afternoon,4,1,6.0,1,2,44
202400030258,2024-07-24,Afternoon,4,1,3.0,1,2,34
202400030259,2024-08-31,Afternoon,3,1,7.0,1,2,41
202400030260,2024-08-30,Afternoon,4,1,7.0,1,2,37
202400030261,2024-07-24,Evening,4,1,3.0,1,2,33
202400030262,2024-08-31,Morning,4,2,6.0,1,1,35
202400030263,2024-07-24,Afternoon,4,1,7.0,1,2,33
202400030264,2024-08-30,Afternoon,3,3,3.0,1,2,35
202400030265,2024-07-23,Night,4,1,6.0,5,2,33
202400030266,2024-07-24,Morning,4,1,6.0,1,2,31
202400030267,2024-08-30,Afternoon,4,1,2.0,1,2,34
202400030268,2024-08-22,Afternoon,4,1,6.0,1,2,34
202400030269,2024-07-23,Afternoon,4,1,6.0,1,2,29
202400030270,2024-08-31,Morning,4,1,3.0,1,2,34
202400030271,2024-07-23,Evening,4,1,3.0,1,2,29
202400030272,2024-08-31,Morning,3,1,7.0,1,2,30
202400030273,2024-08-31,Morning,4,1,7.0,1,2,29
202400030274,2024-07-24,Night,4,1,2.0,3,1,17
202400030275,2024-08-30,Afternoon,4,1,4.0,1,2,15
202400030276,2024-06-14,Evening,3,2,6.0,1,2,16
202400030277,2024-08-31,Afternoon,3,7,3.0,1,1,14
202400030278,2024-07-24,Afternoon,4,1,3.0,1,2,13
202400030279,2024-08-31,Afternoon,4,1,3.0,1,2,13
202400030280,2024-08-31,Morning,4,1,3.0,1,2,13
202400030281,2024-07-24,Morning,4,1,3.0,1,1,13
202400030282,2024-07-24,Afternoon,4,7,1.0,1,1,13
202400030283,2024-08-30,Afternoon,4,1,2.0,1,1,13
202400030284,2024-07-23,Morning,4,8,6.0,1,2,10
202400030285,2024-08-31,Night,4,1,6.0,3,2,06
202400030286,2024-02-17,Evening,4,1,3.0,3,1,07
202400030287,2024-08-31,Evening,4,1,3.0,1,2,06
202400030288,2024-07-24,Afternoon,4,1,3.0,1,2,75
202400030289,2024-08-31,Evening,4,1,4.0,2,2,75
202400030290,2024-07-22,Evening,4,1,3.0,1,2,75
202400030291,2024-08-31,Morning,4,1,3.0,1,2,75
202400030292,2024-07-24,Afternoon,4,1,3.0,1,2,75
202400030293,2024-07-23,Evening,3,1,6.0,1,2,75
202400030294,2024-08-31,Night,4,1,3.0,5,2,75
202400030295,2024-07-24,Night,4,1,7.0,5,2,75
202400030296,2024-08-31,Morning,4,1,1.0,1,2,75
202400030297,2024-07-24,Afternoon,4,1,6.0,1,2,75
202400030298,2024-08-31,Night,4,1,6.0,5,2,75
202400030299,2024-07-24,Afternoon,4,1,6.0,1,2,75
202400030300,2024-08-31,Afternoon,4,1,6.0,1,2,75
202400030301,2024-07-24,Afternoon,4,1,1.0,1,2,75
202400030302,2024-08-31,Afternoon,3,1,6.0,1,2,75
202400030303,2024-07-24,Morning,4,1,2.0,1,2,75
202400030304,2024-08-31,Night,4,1,3.0,5,2,75
202400030305,2024-07-23,Evening,4,1,2.0,1,2,75
202400030306,2024-08-30,Evening,4,2,1.0,2,2,75
202400030307,2024-07-23,Afternoon,3,1,3.0,1,2,75
202400030308,2024-08-31,Afternoon,4,1,6.0,1,2,94
202400030309,2024-07-24,Afternoon,4,1,6.0,1,2,75
202400030310,2024-07-24,Morning,4,1,3.0,1,2,75
202400030311,2024-08-31,Morning,4,1,3.0,1,2,94
202400030312,2024-07-23,Night,4,1,3.0,5,2,75
202400030313,2024-08-31,Morning,4,1,3.0,1,2,94
202400030314,2024-07-24,Morning,4,1,3.0,1,2,75
202400030315,2024-08-31,Morning,4,1,3.0,1,2,94
202400030316,2024-07-24,Night,4,1,7.0,5,2,94
202400030317,2024-08-31,Afternoon,4,1,5.0,1,2,93
202400030318,2024-07-23,Evening,4,1,3.0,1,2,94
202400030319,2024-08-30,Morning,4,1,6.0,5,2,93
202400030320,2024-07-23,Morning,3,2,2.0,1,2,94
202400030321,2024-08-30,Morning,4,2,6.0,1,2,93
202400030322,2024-07-24,Evening,4,1,3.0,1,2,94
202400030323,2024-08-30,Evening,4,8,3.0,1,2,92
202400030324,2024-07-23,Afternoon,4,1,6.0,1,2,94
202400030325,2024-08-31,Afternoon,3,7,2.0,1,1,08
202400030326,2024-07-24,Evening,4,1,1.0,1,2,93
202400030327,2024-08-31,Morning,4,1,3.0,1,1,62
202400030328,2024-07-23,Evening,3,1,3.0,1,2,93
202400030329,2024-08-31,Evening,2,1,6.0,1,1,09
202400030330,2024-07-24,Morning,4,1,6.0,1,2,92
202400030331,2024-09-01,Night,4,1,7.0,3,1,05
202400030332,2024-07-24,Night,4,1,7.0,2,2,92
202400030333,2024-08-30,Afternoon,4,1,7.0,1,2,05
202400030334,2024-07-19,Morning,4,1,6.0,1,2,92
202400030335,2024-07-24,Afternoon,4,1,2.0,1,2,92
202400030336,2024-08-22,Afternoon,4,1,2.0,1,1,21
202400030337,2024-07-24,Morning,4,1,3.0,1,2,92
202400030338,2024-08-28,Morning,4,1,6.0,1,1,37
202400030339,2024-07-23,Afternoon,4,1,6.0,1,2,92
202400030340,2024-08-31,Night,4,1,6.0,3,1,56
202400030341,2024-08-30,Night,3,1,7.0,3,1,56
202400030342,2024-09-01,Morning,4,1,6.0,2,2,80
202400030343,2024-07-24,Morning,4,1,4.0,1,2,92