Num_Acc,date,time_of_day,max_severity,weather,collision_type,lighting,urban_area,department
202400030344,2024-08-31,Afternoon,4,1,1.0,1,1,65
202400030345,2024-07-23,Evening,4,1,2.0,1,2,92
202400030346,2024-08-31,Afternoon,3,1,6.0,1,2,33
202400030347,2024-07-22,Afternoon,4,1,6.0,1,2,92
202400030348,2024-08-31,Afternoon,3,1,3.0,1,1,71
202400030349,2024-10-02,Afternoon,3,1,6.0,1,2,04
202400030350,2024-07-25,Afternoon,4,1,1.0,1,1,78
202400030351,2024-09-01,Morning,4,1,3.0,1,2,71
202400030352,2024-09-24,Evening,4,1,6.0,1,2,68
202400030353,2024-09-01,Morning,2,1,7.0,1,1,89
202400030355,2024-10-06,Afternoon,2,1,2.0,1,1,68
202400030356,2024-07-23,Morning,3,5,6.0,1,1,49
202400030357,2024-07-24,Afternoon,4,1,3.0,1,2,01
202400030358,2024-10-06,Evening,4,1,1.0,1,1,67
202400030359,2024-10-06,Afternoon,4,8,6.0,1,1,73
202400030360,2024-07-24,Evening,4,1,6.0,5,2,67
202400030361,2024-10-07,Afternoon,4,1,6.0,1,1,73
202400030362,2024-10-06,Evening,2,1,7.0,1,1,38
202400030363,2024-10-07,Morning,4,8,5.0,1,1,69
202400030364,2024-10-06,Morning,4,2,6.0,2,1,86
202400030365,2024-08-28,Afternoon,4,1,5.0,1,2,33
202400030366,2024-10-07,Morning,4,1,3.0,1,1,85
202400030367,2024-10-05,Afternoon,3,7,6.0,1,2,44
202400030368,2024-10-05,Afternoon,4,1,3.0,1,2,14
202400030369,2024-10-07,Afternoon,2,1,1.0,1,1,14
202400030370,2024-10-06,Night,2,1,6.0,3,1,22
202400030371,2024-10-06,Afternoon,3,1,3.0,1,1,76
202400030372,2024-10-06,Afternoon,4,1,3.0,1,1,76
202400030373,2024-10-07,Night,3,1,7.0,3,2,60
202400030374,2024-10-03,Evening,4,1,6.0,5,2,62
202400030375,2024-10-04,Evening,3,1,3.0,1,1,62
202400030376,2024-09-23,Morning,4,2,1.0,1,2,62
202400030377,2024-10-06,Morning,4,2,6.0,1,1,13
202400030378,2024-10-05,Evening,2,1,6.0,3,1,13
202400030379,2024-10-05,Night,4,1,4.0,3,1,13
202400030380,2024-10-05,Morning,4,1,2.0,1,1,69
202400030381,2024-10-06,Afternoon,4,2,6.0,1,1,91
202400030382,2024-10-06,Morning,4,2,6.0,1,1,91
202400030383,2024-10-06,Night,4,1,2.0,5,1,94
202400030384,2024-10-05,Afternoon,4,1,5.0,1,1,91
202400030385,2024-10-05,Morning,4,1,6.0,1,1,91
202400030386,2024-10-06,Morning,4,2,2.0,1,1,78
202400030387,2024-10-06,Evening,4,2,4.0,3,1,94
202400030388,2024-10-06,Evening,4,2,6.0,1,1,77
202400030389,2024-05-20,Morning,4,1,1.0,1,1,88
202400030390,2024-06-15,Afternoon,3,1,7.0,1,2,62
202400030391,2024-06-22,Night,3,1,7.0,3,1,43
202400030392,2024-06-22,Morning,4,8,5.0,1,1,43
202400030393,2024-06-24,Afternoon,4,1,1.0,1,1,74
202400030394,2024-08-05,Afternoon,4,1,4.0,1,2,74
202400030395,2024-07-20,Morning,3,1,6.0,1,2,74
202400030396,2024-07-10,Evening,3,1,1.0,1,2,74
202400030397,2024-08-02,Afternoon,4,1,2.0,1,2,74
202400030398,2024-07-29,Afternoon,4,1,3.0,1,2,74
202400030399,2024-07-22,Night,4,1,1.0,3,2,74
202400030400,2024-08-04,Night,4,1,3.0,5,2,74
202400030401,2024-07-17,Evening,3,1,7.0,1,2,74
202400030402,2024-07-14,Morning,3,1,3.0,1,1,74
202400030403,2024-07-14,Afternoon,3,1,3.0,1,2,74
202400030404,2024-07-14,Morning,3,1,6.0,2,1,74
202400030405,2024-07-12,Afternoon,4,1,6.0,1,2,74
202400030406,2024-07-22,Morning,4,1,6.0,1,2,74
202400030407,2024-07-13,Night,3,1,1.0,3,2,74
202400030408,2024-07-12,Afternoon,3,1,5.0,1,1,74
202400030409,2024-07-11,Afternoon,4,1,3.0,1,2,74
202400030410,2024-07-02,Afternoon,4,1,2.0,1,1,74
202400030411,2024-07-07,Night,3,1,1.0,5,1,74
202400030412,2024-07-08,Morning,2,1,7.0,2,1,74
202400030413,2024-06-28,Morning,3,1,3.0,1,1,74
202400030414,2024-06-25,Afternoon,3,1,2.0,1,2,74
202400030415,2024-07-06,Morning,3,3,6.0,1,1,74
202400030416,2024-06-28,Afternoon,3,1,1.0,1,1,74
202400030417,2024-06-24,Afternoon,3,1,7.0,1,1,74
202400030418,2024-06-20,Morning,3,2,2.0,1,2,74
202400030419,2024-06-19,Morning,4,1,2.0,1,1,74
202400030423,2024-10-05,Evening,4,1,3.0,5,2,69
202400030426,2024-10-05,Night,4,1,1.0,3,2,2A
202400030427,2024-10-05,Afternoon,4,7,6.0,1,2,91
202400030428,2024-10-05,Afternoon,4,1,3.0,1,2,91
202400030429,2024-10-05,Afternoon,4,1,3.0,1,2,30
202400030430,2024-10-05,Afternoon,4,1,3.0,1,2,83
202400030431,2024-10-05,Afternoon,4,1,2.0,1,2,78
202400030432,2024-10-04,Night,4,1,3.0,5,2,78
202400030433,2024-10-05,Evening,4,1,6.0,1,2,77
202400030434,2024-10-04,Afternoon,4,1,6.0,1,2,73
202400030435,2024-10-05,Afternoon,4,1,1.0,1,2,72
202400030436,2024-10-04,Night,2,1,6.0,5,2,71
202400030437,2024-10-05,Night,4,1,3.0,5,2,67
202400030438,2024-10-04,Afternoon,4,1,2.0,1,2,64
202400030439,2024-10-05,Afternoon,4,1,2.0,1,2,63
202400030440,2024-10-05,Afternoon,4,1,4.0,1,2,63
202400030441,2024-10-04,Evening,4,1,6.0,1,2,59
202400030442,2024-10-04,Morning,4,1,6.0,1,2,59
202400030443,2024-10-05,Evening,4,1,6.0,1,2,59
202400030444,2024-10-05,Afternoon,4,1,1.0,1,2,56
202400030445,2024-10-05,Evening,4,1,3.0,5,2,51
202400030446,2024-10-05,Afternoon,4,1,2.0,1,2,49
202400030447,2024-10-05,Afternoon,4,1,2.0,1,2,49
202400030448,2024-10-05,Night,3,1,1.0,5,2,44
202400030449,2024-10-05,Morning,3,1,6.0,1,2,37
202400030450,2024-10-05,Night,4,1,3.0,5,2,37
202400030451,2024-10-04,Afternoon,3,1,3.0,1,2,34
202400030452,2024-10-05,Evening,3,1,1.0,5,2,33
202400030453,2024-10-05,Afternoon,4,1,5.0,1,2,33
202400030454,2024-10-05,Night,4,1,6.0,5,2,33
202400030455,2024-10-04,Night,4,1,2.0,5,1,31
202400030456,2024-10-05,Night,4,1,6.0,5,1,31
202400030457,2024-10-05,Afternoon,4,1,2.0,1,2,25
202400030458,2024-10-05,Night,4,3,3.0,5,2,17
202400030459,2024-10-04,Afternoon,4,1,3.0,1,2,15
202400030460,2024-10-05,Afternoon,4,1,3.0,1,2,13
202400030461,2024-10-05,Morning,4,1,3.0,1,2,06
202400030462,2024-10-05,Morning,4,1,1.0,1,1,06
202400030463,2024-10-05,Evening,4,1,3.0,5,2,01
202400030464,2024-10-04,Afternoon,4,1,2.0,1,2,01
202400030465,2024-10-05,Evening,4,1,2.0,1,2,75
202400030466,2024-10-05,Morning,4,1,6.0,5,2,75
202400030467,2024-10-05,Morning,3,1,6.0,1,2,75
202400030468,2024-10-05,Afternoon,4,1,6.0,1,2,75
202400030469,2024-10-04,Afternoon,4,1,2.0,1,2,75
202400030470,2024-10-05,Night,4,1,7.0,5,2,75
202400030471,2024-10-05,Night,4,1,3.0,5,2,75
202400030472,2024-10-05,Evening,4,1,7.0,1,2,94
202400030473,2024-10-05,Afternoon,4,1,6.0,1,2,94
202400030474,2024-10-05,Morning,4,2,1.0,5,2,94
202400030475,2024-10-05,Evening,4,1,2.0,1,2,94
202400030476,2024-10-05,Afternoon,4,1,6.0,1,2,94
202400030477,2024-10-04,Evening,3,1,6.0,1,2,94
202400030478,2024-10-05,Evening,4,1,2.0,1,2,93
202400030479,2024-10-05,Evening,4,1,3.0,5,2,93
202400030480,2024-10-05,Afternoon,4,1,3.0,1,2,93
202400030481,2024-10-04,Morning,4,1,1.0,1,2,93
202400030482,2024-10-05,Afternoon,3,1,3.0,1,2,93
202400030483,2024-10-05,Morning,4,1,1.0,1,2,93
202400030484,2024-10-04,Evening,4,1,3.0,2,2,93
202400030485,2024-10-05,Afternoon,4,1,6.0,1,2,93
202400030486,2024-10-05,Night,4,1,6.0,5,2,92
202400030487,2024-10-05,Night,4,1,3.0,5,2,92
202400030488,2024-10-06,Morning,4,2,3.0,1,1,38
202400030489,2024-10-04,Morning,3,1,4.0,1,1,17
202400030490,2024-10-02,Night,3,2,1.0,3,1,22
202400030491,2024-10-04,Morning,3,1,6.0,1,2,06
202400030493,2024-10-04,Afternoon,3,1,7.0,1,1,34
202400030494,2024-10-05,Night,4,1,6.0,3,1,87
202400030495,2024-10-05,Afternoon,4,1,2.0,1,2,62
202400030496,2024-10-05,Afternoon,4,1,3.0,1,1,62
202400030497,2024-10-04,Morning,3,1,7.0,1,1,89
202400030498,2024-10-03,Afternoon,3,1,7.0,1,2,51
202400030499,2024-10-05,Evening,3,1,3.0,5,2,2A
202400030500,2024-10-05,Afternoon,4,1,6.0,1,1,69
202400030501,2024-10-06,Night,4,1,7.0,4,2,71
202400030502,2024-10-05,Evening,3,1,1.0,2,2,63
202400030503,2024-10-05,Afternoon,3,7,1.0,2,1,63
202400030504,2024-10-04,Morning,3,1,3.0,1,2,49
202400030505,2024-10-01,Evening,3,2,3.0,1,2,41
202400030506,2024-10-05,Afternoon,3,1,6.0,1,1,39
202400030507,2024-10-06,Night,4,1,7.0,3,1,39
202400030508,2024-10-05,Afternoon,2,1,7.0,1,1,25
202400030509,2024-10-04,Evening,4,1,1.0,3,1,35
202400030510,2024-07-13,Morning,4,1,3.0,1,2,29
202400030511,2024-10-04,Afternoon,4,1,3.0,1,1,29
202400030512,2024-10-05,Afternoon,3,1,6.0,1,2,31
202400030513,2024-10-06,Morning,3,2,6.0,2,2,31
202400030514,2024-10-06,Night,3,2,6.0,3,1,31
202400030515,2024-10-05,Night,2,1,6.0,3,1,02
202400030516,2024-10-05,Morning,3,1,7.0,1,1,02
202400030517,2024-10-05,Afternoon,3,1,1.0,1,1,03
202400030518,2024-10-05,Afternoon,4,7,3.0,1,2,03
202400030519,2024-10-04,Evening,4,7,1.0,1,1,72
202400030520,2024-10-05,Morning,3,1,2.0,1,1,05
202400030521,2024-10-04,Night,4,1,6.0,3,1,83
202400030522,2024-10-05,Afternoon,3,1,3.0,1,1,60
202400030523,2024-10-05,Morning,4,1,1.0,1,1,64
202400030524,2024-10-05,Afternoon,4,1,1.0,1,1,73
202400030525,2024-10-04,Afternoon,3,1,2.0,1,2,16
202400030526,2024-10-05,Evening,3,2,6.0,3,1,16
202400030527,2024-10-05,Morning,4,1,7.0,1,1,07
202400030528,2024-10-06,Morning,2,1,6.0,3,1,40
202400030529,2024-10-05,Evening,3,2,7.0,2,2,85
202400030530,2024-10-04,Afternoon,3,7,7.0,1,1,27
202400030531,2024-09-27,Afternoon,3,2,3.0,1,1,17
202400030532,2024-10-05,Afternoon,4,1,1.0,1,1,23
202400030533,2024-10-05,Evening,3,1,6.0,5,2,37
202400030534,2024-10-04,Afternoon,3,1,7.0,1,2,30
202400030535,2024-10-05,Night,4,1,6.0,3,1,48
202400030536,2024-10-05,Afternoon,4,1,6.0,1,1,31
202400030538,2024-10-04,Afternoon,4,2,7.0,1,1,06
202400030539,2024-10-06,Morning,3,1,6.0,1,1,57
202400030543,2024-10-04,Evening,3,1,7.0,2,1,33
202400030544,2024-10-05,Afternoon,4,1,5.0,1,1,91
202400030545,2024-10-05,Afternoon,3,1,5.0,1,1,91
202400030546,2024-10-05,Evening,3,1,1.0,1,2,2A
202400030547,2024-10-04,Afternoon,3,1,3.0,1,2,66
202400030548,2024-10-05,Afternoon,3,1,3.0,1,1,34
202400030549,2024-06-23,Morning,3,1,3.0,1,2,13
202400030550,2024-06-23,Night,4,1,1.0,5,2,13
202400030551,2024-06-23,Afternoon,3,1,6.0,1,2,12
202400030552,2024-06-23,Evening,3,2,3.0,1,2,06
202400030553,2024-06-23,Night,3,1,3.0,5,2,06
202400030554,2024-06-22,Night,4,1,3.0,5,2,06
202400030555,2024-06-21,Afternoon,4,2,2.0,1,2,75
202400030556,2024-06-23,Evening,4,1,6.0,1,2,75
202400030557,2024-06-23,Afternoon,4,1,6.0,1,2,75
202400030558,2024-06-22,Afternoon,4,1,6.0,1,2,75
202400030559,2024-06-23,Afternoon,3,1,3.0,1,2,94
202400030560,2024-06-23,Morning,3,1,2.0,2,2,94
202400030561,2024-06-23,Evening,4,7,3.0,1,2,93
202400030562,2024-06-23,Afternoon,4,1,2.0,1,2,93
202400030563,2024-06-23,Evening,4,1,3.0,1,2,93
202400030564,2024-06-23,Morning,4,1,6.0,1,2,92
202400030565,2024-06-23,Afternoon,4,1,3.0,1,2,92
202400030566,2024-06-23,Night,2,1,7.0,2,2,92
202400030567,2024-06-21,Afternoon,3,2,3.0,1,2,33
202400030568,2024-06-23,Morning,3,1,7.0,1,1,15
202400030569,2024-06-23,Afternoon,3,1,7.0,1,1,65
202400030570,2024-06-23,Afternoon,3,1,6.0,1,1,14
202400030571,2024-06-23,Night,4,1,3.0,3,1,52
202400030572,2024-06-24,Afternoon,3,1,3.0,1,1,40
202400030573,2024-06-23,Night,3,1,6.0,2,1,40
202400030575,2024-06-23,Night,3,1,1.0,5,2,59
202400030576,2024-06-23,Evening,3,1,7.0,1,1,19
202400030577,2024-06-19,Evening,3,2,4.0,1,1,56
202400030578,2024-06-23,Night,3,1,1.0,3,1,56
202400030579,2024-06-22,Afternoon,3,1,1.0,1,1,2A
202400030580,2024-06-23,Evening,2,1,6.0,1,1,2B
202400030581,2024-06-22,Afternoon,3,2,6.0,1,2,80
202400030582,2024-06-23,Evening,2,1,7.0,3,1,32
202400030583,2024-06-23,Morning,4,1,3.0,1,2,89
202400030584,2024-06-24,Afternoon,4,1,7.0,1,1,63
202400030585,2024-06-22,Evening,4,1,6.0,1,2,55
202400030586,2024-06-23,Night,4,1,7.0,3,1,39
202400030587,2024-06-18,Afternoon,3,1,2.0,1,1,31
202400030588,2024-06-23,Afternoon,4,1,7.0,1,1,03
202400030589,2024-06-23,Afternoon,4,8,6.0,1,1,15
202400030590,2024-06-23,Night,4,2,7.0,3,1,01
202400030591,2024-06-24,Night,3,1,6.0,3,2,58
202400030592,2024-06-24,Morning,2,1,1.0,1,1,58
202400030593,2024-06-23,Afternoon,3,1,7.0,1,2,83
202400030594,2024-06-22,Afternoon,3,1,6.0,1,1,83
202400030595,2024-06-23,Afternoon,3,1,6.0,1,1,09
202400030596,2024-06-23,Evening,4,1,3.0,2,1,73
202400030597,2024-06-23,Morning,4,1,2.0,1,1,10
202400030598,2024-06-24,Afternoon,3,1,6.0,1,1,16
202400030599,2024-06-24,Afternoon,4,1,3.0,1,1,53
202400030600,2024-06-20,Evening,3,1,3.0,1,1,21
202400030601,2024-06-24,Night,4,1,7.0,3,1,30
202400030602,2024-06-24,Afternoon,2,1,6.0,1,2,88
202400030603,2024-06-18,Afternoon,4,1,3.0,1,1,68
202400030604,2024-06-24,Night,4,1,7.0,3,1,06
202400030605,2024-06-23,Evening,3,1,2.0,1,1,51
202400030606,2024-06-24,Night,4,1,7.0,3,1,28
202400030607,2024-11-11,Afternoon,3,2,2.0,1,2,22
202400030608,2024-11-11,Night,3,1,6.0,3,1,35
202400030609,2024-06-23,Night,4,1,4.0,3,1,45
202400030610,2024-11-10,Morning,4,1,7.0,1,1,29
202400030611,2024-06-24,Night,4,1,6.0,2,1,83
202400030612,2024-11-12,Afternoon,3,1,3.0,1,1,29
202400030614,2024-11-10,Afternoon,3,1,6.0,1,2,84
202400030616,2024-11-11,Afternoon,3,8,2.0,1,1,01
202400030618,2024-11-10,Evening,4,8,6.0,5,2,90
202400030620,2024-11-12,Morning,3,8,1.0,2,1,60
202400030621,2024-06-23,Afternoon,3,1,2.0,1,1,28
202400030622,2024-11-10,Afternoon,3,1,7.0,1,1,18
202400030623,2024-11-11,Afternoon,3,1,6.0,1,2,16
202400030624,2024-06-23,Evening,4,1,1.0,5,2,77
202400030625,2024-11-11,Morning,3,1,3.0,1,1,27
202400030626,2024-06-08,Morning,4,1,3.0,1,2,77
202400030627,2024-11-11,Afternoon,3,1,7.0,1,1,87
202400030628,2024-06-08,Evening,3,1,7.0,1,1,77
202400030629,2024-11-10,Evening,4,1,6.0,3,1,08
202400030630,2024-06-23,Evening,4,1,3.0,1,2,95
202400030632,2024-06-23,Evening,4,1,2.0,1,1,2B
202400030633,2024-11-12,Morning,3,1,6.0,2,1,01
202400030634,2024-06-24,Morning,4,1,2.0,1,1,13
202400030635,2024-11-12,Morning,4,1,1.0,3,1,37
202400030636,2024-06-22,Night,2,1,6.0,3,1,13
202400030637,2024-06-21,Afternoon,4,1,2.0,1,2,26
202400030638,2024-11-12,Night,4,1,6.0,3,1,53
202400030639,2024-06-04,Morning,3,1,2.0,1,2,44
202400030640,2024-11-11,Morning,3,1,2.0,1,1,51
202400030641,2024-06-24,Afternoon,4,7,2.0,1,2,60
202400030642,2024-11-06,Afternoon,4,5,3.0,3,2,68
202400030643,2024-06-18,Afternoon,4,1,2.0,1,1,13
202400030644,2024-06-21,Evening,3,1,3.0,1,1,13
202400030645,2024-11-10,Evening,4,1,5.0,3,1,69
202400030646,2024-06-23,Morning,4,1,6.0,1,1,69
202400030648,2024-06-23,Night,4,1,3.0,3,1,69
202400030650,2024-06-23,Night,4,8,6.0,3,1,69
202400030651,2024-11-10,Morning,4,1,6.0,1,2,2B
202400030652,2024-06-23,Afternoon,4,1,2.0,1,1,91
202400030653,2024-06-22,Evening,4,1,6.0,1,1,91
202400030654,2024-11-11,Morning,3,1,7.0,1,1,06
202400030655,2024-06-23,Afternoon,4,1,2.0,1,1,78
202400030656,2024-11-11,Afternoon,3,1,3.0,1,2,13
202400030657,2024-11-12,Morning,4,2,2.0,1,1,13
202400030658,2024-06-22,Afternoon,4,1,4.0,1,1,92
202400030659,2024-11-08,Afternoon,4,1,6.0,1,1,63
202400030660,2024-06-23,Afternoon,4,1,4.0,1,1,93
202400030661,2024-11-11,Night,2,5,1.0,3,1,38
202400030662,2024-06-23,Morning,4,1,2.0,1,1,93
202400030663,2024-06-23,Night,4,1,6.0,2,1,95
202400030664,2024-06-23,Night,4,1,7.0,2,1,75
202400030665,2024-11-11,Afternoon,4,8,1.0,1,1,38
202400030666,2024-06-22,Night,4,1,3.0,3,1,95
202400030667,2024-11-11,Afternoon,3,1,3.0,3,1,69
202400030668,2024-06-21,Afternoon,4,2,7.0,1,1,92
202400030669,2024-11-12,Morning,3,2,7.0,1,1,79
202400030670,2024-06-22,Afternoon,4,1,2.0,1,1,93
202400030671,2024-11-11,Afternoon,3,1,6.0,1,1,16
202400030672,2024-06-21,Evening,4,1,6.0,2,1,94
202400030673,2024-11-11,Afternoon,4,1,1.0,1,1,72
202400030674,2024-06-21,Afternoon,4,1,2.0,1,1,94
202400030675,2024-11-10,Evening,4,1,4.0,3,1,56
202400030677,2024-11-10,Afternoon,3,1,2.0,5,2,35
202400030679,2024-11-10,Afternoon,4,1,3.0,2,2,80
202400030681,2024-11-07,Evening,4,1,3.0,5,2,13
202400030684,2024-11-11,Afternoon,4,1,4.0,1,1,92
202400030685,2024-06-22,Afternoon,4,1,3.0,1,2,2B
202400030686,2024-06-22,Afternoon,3,1,6.0,1,2,95
202400030687,2024-11-11,Afternoon,4,1,6.0,1,1,91
202400030688,2024-06-22,Night,4,2,1.0,3,2,95
202400030689,2024-11-11,Morning,4,1,7.0,1,1,91
202400030690,2024-06-22,Evening,4,1,6.0,1,2,95
202400030691,2024-06-21,Evening,4,1,6.0,1,2,91
202400030692,2024-11-11,Night,4,1,2.0,3,1,77
202400030693,2024-10-30,Afternoon,4,1,7.0,1,2,44
202400030694,2024-06-22,Night,4,1,3.0,1,2,88
202400030695,2024-10-30,Afternoon,4,1,7.0,1,2,44
202400030696,2024-08-21,Night,4,1,2.0,3,1,84
202400030697,2024-06-22,Evening,4,1,3.0,1,1,84
202400030698,2024-07-28,Night,4,1,1.0,5,2,84
202400030699,2024-07-25,Afternoon,3,1,7.0,1,2,84
202400030700,2024-06-22,Night,4,1,1.0,4,2,84
202400030701,2024-07-11,Night,2,1,7.0,5,2,84
202400030702,2024-06-22,Evening,4,1,1.0,1,2,84
202400030703,2024-06-24,Evening,3,1,1.0,2,1,84
202400030704,2024-06-22,Afternoon,3,1,3.0,1,2,83
202400030705,2024-06-22,Night,4,1,2.0,2,2,81
202400030706,2024-07-03,Morning,4,1,6.0,1,1,14
202400030707,2024-06-22,Evening,4,1,6.0,1,2,80
202400030708,2024-11-10,Morning,3,1,2.0,1,2,2B
202400030709,2024-06-22,Night,4,8,6.0,3,2,78
202400030710,2024-06-22,Evening,3,1,6.0,1,2,77
202400030712,2024-06-22,Night,4,1,6.0,5,2,77
202400030713,2024-06-21,Afternoon,4,1,3.0,1,2,76
202400030715,2024-11-10,Morning,4,1,6.0,2,2,2A
202400030716,2024-06-21,Afternoon,4,1,2.0,1,1,76
202400030717,2024-11-10,Night,4,5,7.0,3,1,90
202400030718,2024-06-21,Night,4,2,2.0,5,2,73
202400030719,2024-06-21,Evening,3,2,6.0,1,1,73
202400030720,2024-11-10,Afternoon,4,1,3.0,1,2,80
202400030721,2024-11-10,Evening,4,1,2.0,5,2,77
202400030722,2024-06-22,Evening,4,8,3.0,2,2,69
202400030723,2024-06-21,Evening,4,1,2.0,1,1,66
202400030724,2024-11-10,Evening,4,1,6.0,5,2,77
202400030725,2024-06-22,Night,4,1,3.0,4,2,61
202400030726,2024-06-21,Afternoon,3,9,1.0,1,2,59
202400030727,2024-11-09,Evening,4,1,2.0,1,2,77
202400030728,2024-06-22,Afternoon,4,1,1.0,1,2,56
202400030729,2024-11-10,Night,4,2,2.0,3,1,76
202400030730,2024-06-22,Afternoon,4,2,3.0,1,2,54
202400030731,2024-06-22,Evening,4,8,7.0,2,2,51
202400030732,2024-06-22,Evening,4,1,2.0,1,2,51
202400030733,2024-11-10,Afternoon,4,1,3.0,1,2,74
202400030734,2024-11-10,Evening,4,1,3.0,5,2,73
202400030735,2024-06-21,Afternoon,4,1,4.0,1,2,51
202400030736,2024-06-22,Morning,4,1,7.0,1,2,49
202400030737,2024-11-10,Night,3,8,3.0,5,2,68
202400030738,2024-06-22,Night,4,1,6.0,5,2,42
202400030739,2024-11-10,Morning,4,1,1.0,1,2,64
202400030740,2024-06-22,Night,4,2,7.0,2,1,41
202400030741,2024-11-10,Night,4,1,6.0,5,2,64
202400030742,2024-06-22,Evening,4,8,3.0,1,2,38
202400030743,2024-06-22,Evening,4,1,6.0,1,2,38
202400030744,2024-11-10,Night,4,1,3.0,5,2,59
202400030745,2024-11-04,Afternoon,4,1,6.0,5,2,54
202400030746,2024-06-22,Afternoon,4,1,6.0,1,2,37
202400030747,2024-06-21,Afternoon,4,1,2.0,1,2,37
202400030748,2024-06-22,Night,4,1,1.0,3,1,34
202400030749,2024-11-09,Afternoon,4,1,4.0,1,2,50
202400030750,2024-06-21,Afternoon,3,1,3.0,1,2,31
202400030751,2024-06-22,Night,4,1,6.0,3,2,29
202400030752,2024-11-08,Evening,4,1,3.0,3,1,47
202400030753,2024-06-22,Afternoon,4,1,3.0,1,2,28
202400030754,2024-06-23,Night,4,1,6.0,5,2,22
202400030755,2024-11-10,Morning,4,8,3.0,1,2,42
202400030756,2024-06-21,Afternoon,4,1,3.0,1,2,21
202400030757,2024-06-22,Evening,4,1,6.0,5,2,19
202400030758,2024-06-22,Afternoon,4,2,3.0,1,2,19
202400030759,2024-11-10,Evening,4,1,4.0,5,2,38
202400030760,2024-06-21,Evening,4,1,6.0,1,2,19
202400030761,2024-11-10,Evening,4,1,2.0,5,2,38
202400030762,2024-06-22,Afternoon,4,1,3.0,1,2,14
202400030763,2024-06-22,Night,4,2,6.0,5,2,13
202400030764,2024-11-10,Morning,2,1,1.0,5,2,37
202400030765,2024-06-22,Night,4,1,5.0,5,2,13
202400030766,2024-06-22,Night,4,1,1.0,2,2,13
202400030767,2024-11-10,Night,3,1,6.0,5,2,35
202400030768,2024-06-18,Afternoon,3,1,5.0,1,2,13
202400030769,2024-11-09,Night,4,1,6.0,3,1,35
202400030770,2024-06-23,Night,4,1,7.0,5,2,10
202400030771,2024-06-22,Evening,3,1,7.0,1,2,10
202400030772,2024-06-21,Evening,3,1,3.0,1,2,07
202400030773,2024-11-11,Night,4,1,3.0,5,2,34
202400030774,2024-06-21,Morning,4,2,2.0,1,2,75
202400030775,2024-06-21,Morning,3,2,6.0,1,2,75
202400030776,2024-11-08,Afternoon,3,1,6.0,1,2,34
202400030777,2024-06-22,Night,4,1,3.0,5,2,75
202400030778,2024-06-22,Night,4,2,1.0,5,2,75
202400030779,2024-06-22,Afternoon,4,1,3.0,1,2,75
202400030780,2024-11-10,Afternoon,4,1,3.0,1,2,29
202400030781,2024-06-22,Evening,3,1,6.0,1,2,75
202400030782,2024-11-09,Afternoon,4,1,1.0,1,2,29
202400030783,2024-11-10,Night,4,1,6.0,5,2,25
202400030784,2024-06-22,Afternoon,4,1,3.0,1,2,75
202400030785,2024-11-10,Morning,4,1,6.0,1,2,17
202400030786,2024-06-22,Evening,3,1,2.0,1,2,75
202400030787,2024-06-22,Evening,4,1,3.0,1,2,75
202400030788,2024-11-10,Night,3,5,6.0,5,2,15
202400030789,2024-06-22,Morning,3,1,7.0,1,2,75
202400030790,2024-06-22,Night,4,1,3.0,5,2,75
202400030791,2024-11-10,Evening,4,1,7.0,3,1,13
202400030792,2024-06-22,Night,4,2,2.0,5,2,75
202400030793,2024-06-22,Afternoon,4,1,1.0,1,2,94
202400030794,2024-06-21,Evening,4,1,2.0,1,2,94
202400030795,2024-11-09,Afternoon,4,1,3.0,5,2,13
202400030796,2024-06-21,Night,2,2,6.0,5,2,94
202400030797,2024-06-22,Night,4,2,1.0,5,2,77
202400030798,2024-11-10,Morning,4,1,6.0,1,2,10
202400030799,2024-06-22,Evening,4,1,6.0,1,2,93
202400030800,2024-06-22,Night,4,1,7.0,5,2,93
202400030801,2024-06-22,Night,4,2,1.0,4,2,93
202400030802,2024-06-22,Evening,4,1,3.0,1,2,93
202400030803,2024-11-10,Afternoon,3,1,3.0,1,2,08
202400030804,2024-06-22,Night,3,2,6.0,5,2,92
202400030805,2024-06-22,Night,3,1,3.0,5,2,92
202400030806,2024-06-22,Night,4,2,6.0,4,1,92
202400030807,2024-06-21,Night,4,1,3.0,5,2,92
202400030808,2024-06-22,Morning,4,2,6.0,1,2,92
202400030809,2024-06-22,Afternoon,4,3,6.0,1,2,92
202400030810,2024-06-22,Night,3,2,3.0,5,2,92
202400030811,2024-11-10,Afternoon,4,1,2.0,1,2,75
202400030812,2024-06-22,Night,3,1,6.0,5,2,54
202400030813,2024-06-15,Night,3,1,6.0,3,1,35
202400030814,2024-11-10,Afternoon,4,1,3.0,1,2,75
202400030815,2024-06-23,Night,2,1,6.0,3,1,2A
202400030816,2024-11-08,Afternoon,4,1,6.0,1,2,75
202400030817,2024-06-22,Morning,4,1,1.0,1,2,06
202400030818,2024-06-23,Evening,2,1,6.0,1,2,95
202400030819,2024-11-10,Afternoon,4,1,3.0,1,2,75
202400030820,2024-06-21,Morning,3,3,1.0,1,1,36
202400030821,2024-06-23,Afternoon,3,1,6.0,1,2,63
202400030822,2024-11-10,Afternoon,4,1,3.0,1,2,75