Num_Acc,date,time_of_day,max_severity,weather,collision_type,lighting,urban_area,department
202400030824,2024-06-22,Night,3,2,6.0,3,1,58
202400030825,2024-11-10,Afternoon,3,1,6.0,1,2,75
202400030826,2024-06-13,Afternoon,4,1,4.0,1,1,06
202400030827,2024-11-09,Night,4,1,6.0,5,2,75
202400030828,2024-11-10,Night,4,1,2.0,5,2,75
202400030830,2024-06-23,Night,4,8,6.0,3,1,68
202400030831,2024-11-09,Night,4,1,3.0,5,2,75
202400030832,2024-06-22,Afternoon,3,1,2.0,1,1,37
202400030833,2024-11-10,Night,4,1,3.0,5,2,94
202400030834,2024-06-22,Morning,4,1,6.0,1,1,35
202400030835,2024-06-23,Night,4,1,2.0,3,1,56
202400030836,2024-11-10,Afternoon,4,1,3.0,1,2,94
202400030837,2024-06-23,Morning,3,1,3.0,1,1,77
202400030838,2024-11-09,Afternoon,4,8,1.0,1,2,94
202400030839,2024-06-22,Night,3,3,7.0,3,1,79
202400030840,2024-11-10,Evening,4,1,6.0,5,2,93
202400030841,2024-06-23,Afternoon,4,8,7.0,1,1,2B
202400030842,2024-11-10,Afternoon,4,1,5.0,5,2,93
202400030843,2024-12-18,Morning,4,1,3.0,2,1,34
202400030844,2024-11-10,Night,4,5,3.0,3,2,93
202400030845,2024-12-06,Afternoon,4,7,1.0,1,1,77
202400030846,2024-11-10,Afternoon,4,1,3.0,2,2,93
202400030847,2024-12-03,Night,4,1,3.0,2,1,78
202400030848,2024-11-10,Night,3,2,6.0,5,2,93
202400030849,2024-12-18,Morning,2,1,3.0,1,1,2B
202400030850,2024-12-12,Afternoon,4,1,7.0,2,2,30
202400030851,2024-11-10,Night,4,5,3.0,5,2,93
202400030852,2024-12-16,Afternoon,4,7,3.0,1,2,13
202400030853,2024-11-10,Evening,4,1,2.0,5,2,92
202400030854,2024-12-18,Night,3,1,6.0,3,1,89
202400030855,2024-11-10,Afternoon,4,2,2.0,1,2,92
202400030856,2024-12-18,Morning,4,1,6.0,1,2,55
202400030858,2024-12-11,Afternoon,4,2,4.0,3,1,63
202400030860,2024-11-06,Evening,3,1,6.0,3,1,34
202400030861,2024-11-05,Morning,3,1,6.0,1,2,63
202400030862,2024-11-10,Afternoon,3,1,3.0,5,2,30
202400030863,2024-12-17,Afternoon,4,5,6.0,3,1,69
202400030864,2024-11-08,Afternoon,3,1,6.0,1,2,06
202400030865,2024-12-18,Afternoon,4,1,6.0,2,2,09
202400030866,2024-11-10,Morning,4,5,1.0,2,2,45
202400030867,2024-12-17,Morning,3,1,6.0,1,2,17
202400030868,2024-11-11,Night,4,2,6.0,3,1,27
202400030869,2024-12-17,Morning,3,9,6.0,3,1,64
202400030870,2024-12-18,Morning,3,1,6.0,5,2,29
202400030871,2024-12-18,Afternoon,3,8,1.0,1,1,76
202400030872,2024-12-16,Afternoon,4,1,7.0,1,1,13
202400030873,2024-12-16,Afternoon,4,1,6.0,1,1,13
202400030874,2024-12-16,Night,4,1,2.0,3,1,13
202400030875,2024-11-07,Afternoon,4,1,3.0,1,2,30
202400030877,2024-12-17,Morning,4,1,5.0,1,1,83
202400030878,2024-10-21,Morning,4,1,2.0,1,1,04
202400030879,2024-12-16,Evening,4,1,2.0,3,2,83
202400030880,2024-11-10,Afternoon,3,1,7.0,3,1,06
202400030881,2024-11-04,Evening,3,1,7.0,5,2,01
202400030882,2024-12-16,Morning,4,1,4.0,1,1,33
202400030883,2024-12-14,Evening,2,1,6.0,3,1,62
202400030884,2024-11-10,Night,3,1,6.0,3,1,14
202400030885,2024-11-13,Morning,4,1,3.0,2,1,59
202400030886,2024-11-08,Morning,3,1,6.0,1,2,56
202400030887,2024-11-11,Night,3,1,3.0,3,1,59
202400030888,2024-12-17,Morning,4,2,5.0,2,1,91
202400030889,2024-11-08,Morning,4,1,2.0,1,1,13
202400030890,2024-12-17,Night,4,2,2.0,3,1,91
202400030891,2024-11-10,Night,4,1,2.0,3,1,13
202400030892,2024-12-16,Morning,4,8,2.0,1,1,92
202400030893,2024-11-10,Night,3,1,3.0,3,1,13
202400030894,2024-12-17,Evening,4,1,2.0,3,1,95
202400030895,2024-11-10,Night,4,1,6.0,3,1,13
202400030896,2024-12-17,Evening,4,1,2.0,3,1,95
202400030897,2024-12-17,Morning,4,1,2.0,1,1,93
202400030898,2024-12-16,Afternoon,4,1,3.0,3,1,93
202400030899,2024-11-09,Evening,4,1,2.0,2,2,13
202400030900,2024-12-16,Night,4,1,6.0,3,1,95
202400030901,2024-11-08,Evening,3,2,2.0,3,1,13
202400030902,2024-12-15,Evening,4,2,2.0,3,1,93
202400030903,2024-11-09,Evening,4,1,5.0,3,1,69
202400030904,2024-12-17,Afternoon,4,1,3.0,1,1,94
202400030905,2024-11-09,Night,4,1,6.0,3,1,42
202400030906,2024-12-16,Evening,4,2,3.0,3,1,93
202400030907,2024-12-16,Morning,4,2,1.0,1,1,77
202400030908,2024-11-09,Night,4,1,4.0,3,1,42
202400030909,2024-12-16,Morning,4,2,6.0,2,1,77
202400030910,2024-11-10,Morning,4,1,2.0,2,1,92
202400030912,2024-11-09,Afternoon,4,1,2.0,1,1,92
202400030914,2024-11-10,Morning,4,1,6.0,1,1,95
202400030916,2024-11-09,Morning,4,1,6.0,3,1,95
202400030920,2024-12-16,Night,4,2,6.0,5,2,75
202400030922,2024-12-16,Afternoon,4,1,3.0,4,2,75
202400030924,2024-12-16,Morning,4,2,3.0,1,2,75
202400030925,2024-12-16,Evening,3,1,3.0,5,2,75
202400030927,2024-12-16,Morning,4,2,6.0,5,2,75
202400030929,2024-12-16,Morning,4,2,2.0,2,2,75
202400030930,2024-11-08,Evening,3,1,1.0,5,2,69
202400030931,2024-12-16,Afternoon,3,8,3.0,1,2,75
202400030932,2024-12-16,Morning,4,2,3.0,1,2,75
202400030933,2024-11-09,Night,4,1,3.0,5,2,69
202400030934,2024-12-16,Afternoon,4,1,3.0,1,2,75
202400030936,2024-12-14,Evening,4,2,2.0,5,2,94
202400030937,2024-11-09,Afternoon,4,3,3.0,1,2,2B
202400030938,2024-12-16,Morning,4,2,1.0,1,2,94
202400030939,2024-11-09,Morning,4,2,1.0,4,2,91
202400030940,2024-12-15,Evening,4,2,1.0,5,2,94
202400030941,2024-11-09,Morning,4,1,6.0,1,2,84
202400030942,2024-12-15,Evening,4,2,3.0,5,2,94
202400030943,2024-11-08,Afternoon,4,1,3.0,2,2,81
202400030944,2024-12-16,Night,4,2,3.0,5,2,94
202400030945,2024-11-09,Evening,4,1,6.0,5,2,78
202400030946,2024-12-15,Night,4,2,1.0,5,2,93
202400030947,2024-11-09,Afternoon,4,1,2.0,1,2,77
202400030948,2024-12-15,Morning,4,1,6.0,5,2,93
202400030949,2024-12-16,Morning,4,2,6.0,1,2,93
202400030950,2024-11-08,Afternoon,4,1,4.0,5,2,73
202400030951,2024-12-16,Night,4,2,6.0,5,2,93
202400030952,2024-12-16,Evening,4,1,3.0,3,2,92
202400030953,2024-11-08,Morning,4,2,3.0,5,2,72
202400030954,2024-12-15,Night,4,2,1.0,5,2,92
202400030955,2024-11-08,Afternoon,3,1,6.0,2,2,69
202400030956,2024-11-09,Night,2,1,6.0,5,2,67
202400030957,2024-12-16,Evening,3,1,3.0,3,1,31
202400030958,2024-11-09,Evening,3,2,6.0,5,2,65
202400030959,2024-12-17,Night,3,2,1.0,5,2,59
202400030960,2024-11-09,Evening,3,2,6.0,4,2,64
202400030961,2024-12-09,Afternoon,3,1,6.0,2,1,35
202400030962,2024-11-09,Morning,4,2,3.0,1,2,64
202400030963,2024-12-14,Morning,4,1,3.0,1,1,83
202400030964,2024-11-09,Morning,4,1,6.0,1,2,63
202400030965,2024-11-09,Morning,3,2,6.0,2,2,59
202400030966,2024-12-16,Afternoon,3,1,6.0,1,1,14
202400030967,2024-11-09,Evening,4,2,4.0,4,2,59
202400030968,2024-12-16,Afternoon,4,2,2.0,2,1,22
202400030969,2024-11-09,Morning,4,1,3.0,1,2,58
202400030970,2024-12-16,Night,4,2,6.0,3,1,51
202400030971,2024-11-09,Evening,4,1,6.0,5,2,49
202400030972,2024-11-09,Evening,4,2,3.0,5,2,47
202400030973,2024-12-16,Afternoon,4,1,3.0,2,2,61
202400030974,2024-11-09,Morning,4,7,6.0,1,2,45
202400030975,2024-12-16,Evening,3,1,1.0,3,1,34
202400030976,2024-11-09,Morning,4,5,3.0,3,2,45
202400030977,2024-11-09,Evening,4,1,6.0,5,2,45
202400030978,2024-12-17,Morning,3,1,1.0,3,1,44
202400030979,2024-11-09,Evening,4,2,6.0,5,2,34
202400030980,2024-12-15,Afternoon,3,1,6.0,1,1,70
202400030981,2024-11-09,Evening,4,1,3.0,5,2,33
202400030982,2024-12-16,Afternoon,4,1,5.0,2,1,14
202400030983,2024-11-09,Evening,3,1,3.0,5,2,33
202400030984,2024-10-14,Morning,4,2,1.0,3,1,10
202400030985,2024-11-08,Afternoon,4,1,6.0,1,2,33
202400030986,2024-12-16,Evening,4,2,6.0,3,1,10
202400030987,2024-11-08,Afternoon,4,1,1.0,1,2,33
202400030988,2024-12-16,Evening,4,9,7.0,3,1,07
202400030989,2024-11-08,Afternoon,4,1,5.0,1,2,33
202400030990,2024-12-17,Afternoon,3,1,1.0,2,1,30
202400030991,2024-11-13,Afternoon,4,1,7.0,1,2,29
202400030992,2024-12-13,Morning,3,8,7.0,2,1,67
202400030993,2024-11-09,Afternoon,4,1,3.0,1,2,27
202400030994,2024-12-16,Morning,4,1,4.0,1,1,67
202400030995,2024-12-16,Afternoon,3,1,1.0,3,1,44
202400030996,2024-11-05,Afternoon,3,1,6.0,1,1,22
202400030997,2024-12-14,Afternoon,3,8,6.0,1,1,73
202400030998,2024-11-08,Afternoon,3,1,2.0,1,2,17
202400030999,2024-12-16,Afternoon,4,1,2.0,1,1,27
202400031000,2024-12-17,Morning,3,1,6.0,2,1,27
202400031001,2024-11-09,Morning,4,1,3.0,1,2,17
202400031003,2024-12-16,Morning,3,1,6.0,3,1,41
202400031004,2024-11-09,Evening,4,2,5.0,5,2,13
202400031005,2024-11-09,Night,4,2,6.0,3,1,06
202400031006,2024-11-05,Afternoon,3,1,6.0,1,2,06
202400031007,2024-12-11,Morning,4,1,3.0,1,1,77
202400031008,2024-11-09,Evening,4,1,3.0,2,2,03
202400031009,2024-12-16,Afternoon,3,8,3.0,1,1,77
202400031010,2024-11-08,Afternoon,4,1,3.0,1,2,01
202400031011,2024-12-16,Afternoon,4,2,3.0,3,1,78
202400031012,2024-11-08,Afternoon,4,1,6.0,1,2,75
202400031013,2024-12-15,Morning,4,7,4.0,2,2,06
202400031014,2024-12-16,Afternoon,4,2,1.0,1,1,10
202400031015,2024-12-17,Morning,4,5,1.0,3,1,67
202400031016,2024-11-25,Evening,4,3,6.0,5,2,57
202400031017,2024-11-08,Afternoon,4,1,6.0,1,2,75
202400031018,2024-12-17,Morning,3,5,3.0,1,1,69
202400031019,2024-11-08,Afternoon,4,8,3.0,1,2,75
202400031020,2024-12-16,Afternoon,3,7,7.0,1,2,17
202400031021,2024-12-16,Afternoon,4,1,6.0,1,2,33
202400031022,2024-11-09,Night,4,1,2.0,5,2,75
202400031023,2024-12-16,Afternoon,3,1,6.0,1,2,33
202400031024,2024-11-09,Evening,4,1,3.0,5,2,75
202400031025,2024-12-16,Morning,4,2,6.0,1,1,14
202400031026,2024-11-08,Evening,4,1,2.0,5,2,75
202400031027,2024-12-17,Night,2,1,7.0,3,1,22
202400031028,2024-11-08,Evening,4,1,3.0,5,2,75
202400031029,2024-12-17,Morning,3,1,5.0,3,1,76
202400031030,2024-11-08,Evening,3,1,6.0,5,2,75
202400031031,2024-12-15,Evening,4,2,2.0,3,1,60
202400031032,2024-11-09,Evening,4,1,3.0,5,2,75
202400031033,2024-12-16,Afternoon,4,2,2.0,3,1,60
202400031034,2024-11-09,Night,4,1,1.0,5,2,94
202400031035,2024-11-09,Night,3,1,1.0,5,2,94
202400031036,2024-11-09,Afternoon,4,1,6.0,1,2,94
202400031037,2024-11-09,Morning,4,1,3.0,1,2,94
202400031038,2024-11-09,Afternoon,4,1,6.0,2,2,94
202400031039,2024-10-17,Morning,4,3,2.0,2,1,69
202400031040,2024-12-16,Morning,4,1,3.0,5,1,33
202400031041,2024-12-16,Morning,4,8,2.0,1,1,91
202400031042,2024-12-16,Night,4,2,2.0,3,1,78
202400031043,2024-12-15,Afternoon,4,2,2.0,1,1,92
202400031044,2024-12-15,Night,4,1,6.0,4,1,78
202400031045,2024-12-14,Evening,4,2,2.0,3,1,78
202400031046,2024-11-18,Evening,4,2,6.0,3,1,92
202400031047,2024-12-14,Afternoon,4,1,4.0,1,1,95
202400031048,2024-12-16,Afternoon,4,2,4.0,1,1,94
202400031049,2024-12-16,Night,4,2,6.0,3,1,77
202400031050,2024-09-27,Afternoon,3,1,3.0,1,2,24
202400031051,2024-05-16,Afternoon,4,8,6.0,1,2,93
202400031052,2024-05-11,Morning,4,1,2.0,1,2,93
202400031053,2024-05-09,Evening,4,1,6.0,1,2,93
202400031054,2024-09-27,Morning,4,1,3.0,1,2,43
202400031055,2024-09-19,Evening,4,2,6.0,1,2,43
202400031056,2024-09-05,Evening,4,1,3.0,1,2,43
202400031057,2024-09-11,Evening,4,8,5.0,2,2,14
202400031058,2024-07-13,Morning,3,1,6.0,1,2,25
202400031063,2024-12-15,Afternoon,3,1,3.0,1,1,2B
202400031065,2024-12-14,Afternoon,4,8,2.0,1,2,2A
202400031066,2024-12-15,Night,4,1,4.0,5,1,95
202400031067,2024-12-14,Afternoon,4,1,6.0,1,2,95
202400031068,2024-12-15,Afternoon,4,1,3.0,1,1,91
202400031069,2024-12-15,Afternoon,4,1,3.0,1,2,91
202400031070,2024-12-15,Night,4,1,6.0,5,2,91
202400031071,2024-12-14,Evening,3,1,3.0,5,2,89
202400031072,2024-12-15,Evening,4,8,3.0,5,2,88
202400031073,2024-12-15,Night,4,1,6.0,5,2,86
202400031074,2024-12-14,Afternoon,4,1,6.0,5,2,77
202400031075,2024-12-14,Morning,4,2,3.0,1,2,74
202400031076,2024-12-15,Afternoon,4,1,6.0,2,2,67
202400031077,2024-12-14,Morning,4,8,1.0,1,2,65
202400031078,2024-12-15,Afternoon,3,1,6.0,2,2,64
202400031079,2024-12-15,Afternoon,4,1,3.0,1,2,64
202400031080,2024-11-26,Evening,4,1,3.0,5,2,62
202400031081,2024-12-15,Afternoon,4,1,3.0,1,2,59
202400031082,2024-12-14,Afternoon,3,1,2.0,1,2,59
202400031083,2024-12-14,Night,4,1,3.0,5,2,59
202400031084,2024-12-14,Evening,4,8,3.0,4,2,54
202400031085,2024-12-14,Afternoon,4,2,7.0,5,2,54
202400031086,2024-12-13,Afternoon,4,8,3.0,1,2,50
202400031087,2024-12-14,Night,2,8,7.0,3,1,47
202400031088,2024-12-15,Evening,4,1,3.0,5,2,42
202400031089,2024-12-15,Afternoon,4,2,3.0,2,2,37
202400031090,2024-12-15,Morning,4,1,3.0,1,2,33
202400031091,2024-12-15,Morning,4,1,7.0,3,1,29
202400031092,2024-12-15,Night,4,2,7.0,3,1,29
202400031093,2024-12-14,Evening,3,1,1.0,4,1,29
202400031094,2024-12-16,Night,3,1,6.0,3,1,26
202400031095,2024-12-13,Afternoon,4,1,6.0,1,2,26
202400031096,2024-12-10,Afternoon,4,2,3.0,3,2,22
202400031097,2024-12-15,Afternoon,3,1,7.0,1,2,13
202400031098,2024-12-15,Evening,4,1,3.0,5,2,06
202400031099,2024-11-01,Afternoon,4,1,3.0,1,2,05
202400031100,2024-12-14,Afternoon,4,2,3.0,5,2,01
202400031101,2024-12-15,Morning,4,1,2.0,1,2,75
202400031102,2024-12-15,Night,4,1,2.0,5,2,75
202400031103,2024-12-14,Afternoon,4,1,3.0,5,2,75
202400031104,2024-12-14,Afternoon,4,1,2.0,2,2,75
202400031105,2024-12-13,Morning,3,1,4.0,1,2,75
202400031106,2024-03-05,Morning,4,1,3.0,1,2,38
202400031107,2024-12-15,Afternoon,4,8,7.0,1,2,75
202400031108,2024-12-15,Night,4,2,3.0,5,2,75
202400031109,2024-03-04,Morning,3,1,5.0,1,1,60
202400031111,2024-12-15,Morning,4,1,6.0,2,2,75
202400031113,2024-12-15,Night,4,2,2.0,5,2,75
202400031114,2024-02-29,Morning,3,2,1.0,1,1,77
202400031115,2024-12-15,Afternoon,4,1,3.0,1,2,75
202400031116,2024-03-01,Afternoon,4,1,3.0,1,2,95
202400031117,2024-12-15,Morning,4,1,6.0,1,2,75
202400031118,2024-03-05,Evening,3,1,1.0,1,1,83
202400031119,2024-12-15,Afternoon,4,1,6.0,5,2,75
202400031120,2024-12-08,Night,4,1,6.0,5,2,75
202400031121,2024-03-05,Afternoon,3,1,3.0,1,1,83
202400031122,2024-12-14,Evening,4,1,2.0,5,2,94
202400031123,2024-03-05,Morning,4,1,3.0,1,1,13
202400031124,2024-03-05,Evening,4,1,1.0,5,2,89
202400031125,2024-12-14,Afternoon,4,2,5.0,5,2,94
202400031126,2024-12-15,Afternoon,4,1,1.0,1,2,94
202400031127,2024-03-04,Afternoon,4,1,4.0,1,2,69
202400031128,2024-03-04,Morning,3,7,6.0,1,1,86
202400031129,2024-12-15,Afternoon,4,2,2.0,5,2,93
202400031130,2024-03-05,Morning,3,2,6.0,1,2,64
202400031131,2024-12-15,Morning,4,1,2.0,1,2,93
202400031132,2024-12-13,Evening,3,8,6.0,5,2,92
202400031133,2024-03-05,Afternoon,3,1,3.0,1,2,22
202400031134,2024-12-15,Afternoon,4,1,1.0,1,2,92
202400031135,2024-12-15,Evening,4,2,2.0,5,2,92
202400031136,2024-03-04,Morning,4,1,6.0,1,1,83
202400031137,2024-12-09,Morning,3,1,6.0,5,2,33
202400031138,2024-12-10,Afternoon,3,1,1.0,3,1,33
202400031139,2024-03-03,Evening,4,1,2.0,3,1,78
202400031140,2024-12-14,Afternoon,3,8,6.0,1,2,41
202400031141,2024-03-03,Evening,4,1,2.0,3,1,78
202400031142,2024-12-13,Afternoon,3,2,6.0,1,1,31
202400031143,2024-12-16,Morning,4,1,2.0,1,1,05
202400031144,2024-03-02,Evening,4,2,4.0,3,1,78
202400031145,2024-12-13,Evening,4,3,1.0,3,1,01
202400031146,2024-12-15,Night,3,1,6.0,5,2,83
202400031147,2024-12-14,Evening,3,1,1.0,5,2,83
202400031148,2024-03-04,Morning,4,1,5.0,3,1,93
202400031149,2024-12-15,Evening,3,2,6.0,5,2,57
202400031150,2024-03-03,Night,4,1,6.0,5,1,93
202400031151,2024-12-08,Morning,4,1,3.0,1,1,80
202400031152,2024-03-04,Evening,4,1,2.0,3,1,77
202400031153,2024-12-16,Night,4,1,7.0,3,1,65
202400031154,2024-02-23,Morning,2,1,7.0,1,2,47
202400031155,2024-12-14,Morning,4,2,6.0,1,1,69
202400031156,2024-12-15,Afternoon,3,3,1.0,1,2,11
202400031157,2024-01-17,Morning,4,1,3.0,1,2,44
202400031158,2024-01-12,Afternoon,4,8,6.0,1,2,44
202400031159,2024-01-12,Morning,4,8,6.0,1,2,44
202400031160,2024-01-11,Afternoon,4,8,3.0,1,2,44
202400031161,2024-01-03,Afternoon,4,8,7.0,1,1,44
202400031165,2024-03-03,Evening,4,2,6.0,3,2,69
202400031167,2024-03-03,Morning,4,2,1.0,1,2,95
202400031168,2024-03-03,Morning,4,1,5.0,1,2,91
202400031169,2024-03-02,Afternoon,3,1,6.0,1,2,83
202400031170,2024-03-03,Morning,4,2,1.0,2,1,77
202400031171,2024-03-03,Evening,4,3,3.0,5,2,64
202400031172,2024-03-03,Morning,3,2,3.0,5,2,63
202400031173,2024-03-03,Night,4,2,3.0,5,2,62
202400031174,2024-03-02,Afternoon,4,3,7.0,1,2,45
202400031175,2024-03-03,Afternoon,4,8,6.0,1,2,45
202400031176,2024-03-03,Afternoon,4,4,3.0,1,2,42
202400031177,2024-03-03,Afternoon,4,1,2.0,1,1,35
202400031178,2024-03-03,Evening,4,1,3.0,1,2,31
202400031179,2024-03-03,Evening,3,1,7.0,5,2,29
202400031180,2024-03-03,Night,4,1,7.0,3,1,28
202400031181,2024-03-03,Afternoon,4,1,3.0,1,2,14
202400031182,2024-03-03,Night,3,2,6.0,5,2,13
202400031183,2024-03-03,Evening,4,2,3.0,5,2,13
202400031184,2024-03-03,Evening,4,1,3.0,4,2,75
202400031185,2024-03-02,Evening,4,2,2.0,3,2,75
202400031186,2024-03-02,Afternoon,4,2,3.0,1,2,75
202400031187,2024-03-02,Afternoon,4,2,4.0,2,2,75
202400031188,2024-03-01,Afternoon,4,1,2.0,5,2,75
202400031189,2024-03-03,Afternoon,4,1,6.0,1,2,75
202400031190,2024-03-03,Morning,4,2,3.0,5,2,75
202400031191,2024-03-03,Afternoon,4,1,4.0,1,2,75
202400031192,2024-03-03,Morning,4,8,3.0,1,2,75
202400031193,2024-03-02,Night,4,1,7.0,5,2,75
202400031194,2024-03-03,Morning,4,1,6.0,1,2,75
202400031195,2024-03-03,Night,4,2,2.0,5,2,94
202400031196,2024-03-03,Evening,4,1,6.0,5,2,94
202400031197,2024-03-03,Morning,4,2,2.0,5,2,94
202400031198,2024-03-03,Night,4,2,6.0,5,2,94
202400031199,2024-03-02,Night,4,2,3.0,5,2,93
202400031200,2024-03-03,Night,3,1,1.0,3,1,60
202400031202,2024-03-03,Night,4,1,6.0,3,1,76
202400031204,2024-03-02,Morning,3,1,6.0,3,1,56
202400031205,2024-03-04,Afternoon,3,2,1.0,1,1,79
202400031206,2024-03-02,Afternoon,4,1,3.0,1,1,82
202400031207,2024-03-03,Evening,3,1,6.0,4,1,82
202400031208,2024-03-03,Evening,3,1,3.0,3,1,32
202400031209,2024-03-04,Morning,4,1,1.0,1,2,71
202400031210,2024-03-03,Morning,3,2,7.0,1,1,63
202400031211,2024-03-03,Morning,4,1,6.0,3,1,68
202400031212,2024-03-04,Morning,3,1,1.0,1,1,70
202400031213,2024-03-04,Night,4,1,7.0,3,1,54
202400031214,2024-02-17,Morning,4,1,1.0,1,1,14
202400031215,2024-03-02,Evening,3,1,3.0,2,1,14
202400031216,2024-03-04,Afternoon,4,1,3.0,1,2,60
202400031217,2024-03-02,Afternoon,4,3,2.0,1,1,45
202400031218,2024-03-02,Night,3,1,7.0,3,1,43
202400031219,2024-03-03,Afternoon,3,1,7.0,1,1,21
202400031220,2024-02-26,Afternoon,4,2,3.0,1,1,87
202400031221,2024-03-04,Afternoon,4,1,1.0,1,1,08
202400031222,2024-04-09,Afternoon,4,1,3.0,1,2,76
202400031224,2024-03-04,Night,4,3,2.0,3,1,64
202400031225,2024-04-10,Afternoon,4,1,2.0,1,2,73
202400031226,2024-02-21,Morning,3,1,2.0,1,1,67
202400031227,2024-04-10,Afternoon,4,1,6.0,1,2,71
202400031228,2024-04-10,Evening,4,1,6.0,1,2,69
202400031229,2024-03-03,Afternoon,4,3,6.0,1,1,06
202400031231,2024-04-10,Evening,4,1,6.0,1,2,69
202400031233,2024-04-10,Afternoon,4,1,3.0,1,2,69
202400031235,2024-04-10,Morning,4,6,6.0,1,2,66
202400031236,2024-04-09,Afternoon,4,1,3.0,1,1,66
202400031237,2024-03-02,Evening,4,3,3.0,3,1,77
202400031238,2024-04-08,Morning,3,1,3.0,1,2,65
202400031239,2024-02-22,Night,2,4,6.0,3,1,73
202400031240,2024-04-10,Afternoon,4,1,6.0,1,2,63
202400031241,2024-02-27,Morning,3,1,3.0,1,2,26
202400031242,2024-04-10,Afternoon,3,1,3.0,1,1,62
202400031243,2024-03-03,Evening,3,2,3.0,4,2,64
202400031244,2024-04-10,Afternoon,3,7,1.0,1,2,59
202400031245,2024-03-04,Afternoon,3,1,6.0,1,2,60
202400031246,2024-04-10,Evening,3,1,6.0,1,2,59
202400031247,2024-03-03,Evening,4,1,2.0,5,1,13
202400031248,2024-04-10,Afternoon,4,1,6.0,1,1,59
202400031249,2024-03-01,Morning,4,1,4.0,1,1,83
202400031250,2024-03-02,Night,4,1,3.0,3,1,69
202400031251,2024-04-09,Evening,4,1,3.0,1,2,58
202400031252,2024-04-10,Afternoon,4,1,6.0,1,2,57
202400031253,2024-03-02,Night,4,1,5.0,3,1,42
202400031254,2024-03-03,Morning,4,2,3.0,4,1,94
202400031255,2024-04-09,Afternoon,4,1,2.0,1,2,54
202400031256,2024-03-03,Night,4,2,6.0,3,1,91
202400031257,2024-04-09,Afternoon,4,1,6.0,1,2,54
202400031258,2024-03-02,Evening,4,3,2.0,3,1,92
202400031259,2024-03-03,Afternoon,4,1,2.0,1,1,95
202400031260,2024-04-09,Afternoon,4,1,2.0,1,2,54
202400031261,2024-04-09,Afternoon,4,1,3.0,1,2,54
202400031262,2024-02-21,Afternoon,4,2,4.0,1,1,93
202400031263,2024-04-09,Afternoon,3,1,6.0,1,2,54
202400031264,2024-02-02,Evening,4,2,3.0,3,1,92
202400031265,2024-04-10,Morning,4,1,2.0,1,2,50
202400031266,2024-03-02,Evening,3,2,3.0,3,1,93
202400031267,2024-04-10,Morning,4,1,3.0,2,2,49
202400031268,2024-03-02,Evening,4,2,1.0,3,1,95
202400031269,2024-04-09,Afternoon,4,1,3.0,1,2,49
202400031270,2024-03-02,Afternoon,4,3,7.0,1,1,93
202400031271,2024-04-09,Night,3,1,2.0,3,1,44
202400031272,2024-03-03,Evening,4,1,6.0,3,1,77
202400031273,2024-04-10,Evening,3,1,6.0,1,2,42
202400031274,2024-03-03,Afternoon,4,1,2.0,1,1,77
202400031275,2024-04-09,Evening,4,1,3.0,1,2,41
202400031276,2024-03-03,Afternoon,4,2,5.0,1,1,94
202400031277,2024-04-09,Morning,4,3,6.0,2,2,38
202400031278,2024-03-02,Afternoon,4,3,2.0,1,1,94
202400031279,2024-03-01,Evening,4,3,2.0,3,1,77
202400031280,2024-04-10,Evening,4,1,3.0,2,2,37
202400031281,2024-03-02,Evening,4,3,3.0,5,2,92
202400031282,2024-02-28,Morning,4,1,3.0,1,2,87
202400031283,2024-04-10,Morning,4,1,3.0,1,2,37
202400031285,2024-04-10,Morning,4,7,6.0,2,1,37
202400031287,2024-03-02,Night,3,1,6.0,5,1,69
202400031288,2024-04-09,Afternoon,4,1,3.0,1,2,37
202400031290,2024-04-10,Morning,4,1,6.0,1,2,35
202400031291,2024-03-02,Morning,4,3,2.0,1,2,91
202400031292,2024-02-26,Afternoon,4,1,3.0,1,2,84
202400031293,2024-04-10,Night,3,1,6.0,3,2,33
202400031294,2024-03-02,Afternoon,4,1,3.0,1,1,30
202400031295,2024-04-10,Night,4,1,6.0,5,2,31
202400031296,2024-03-01,Afternoon,3,1,6.0,1,1,83
202400031297,2024-03-02,Afternoon,4,2,3.0,1,2,78
202400031298,2024-04-09,Afternoon,3,2,3.0,1,2,31
202400031299,2024-03-02,Night,4,1,3.0,5,2,74
202400031300,2024-04-10,Morning,4,2,6.0,1,2,29
202400031301,2024-03-02,Afternoon,4,1,2.0,1,2,71
202400031302,2024-04-09,Evening,4,1,6.0,1,2,29
202400031303,2024-01-20,Afternoon,4,1,6.0,1,2,35
202400031304,2024-03-01,Night,4,8,3.0,3,2,65
202400031305,2024-04-09,Morning,4,1,3.0,1,2,29
202400031306,2024-01-20,Afternoon,4,1,3.0,1,2,34
202400031307,2024-03-02,Afternoon,4,2,6.0,1,2,64
202400031308,2024-01-19,Afternoon,4,1,2.0,1,2,34
202400031309,2024-04-09,Afternoon,4,1,5.0,1,1,28
202400031310,2024-01-20,Afternoon,4,1,2.0,1,2,31
202400031311,2024-04-10,Evening,4,1,3.0,5,2,28
202400031312,2024-03-02,Afternoon,4,1,3.0,1,2,63