Num_Acc,date,time_of_day,max_severity,weather,collision_type,lighting,urban_area,department
202400031313,2024-03-02,Night,4,1,7.0,3,2,63
202400031314,2024-01-20,Afternoon,3,1,3.0,1,2,28
202400031315,2024-03-01,Morning,4,1,7.0,2,1,62
202400031316,2024-04-10,Morning,4,1,3.0,1,2,27
202400031317,2024-03-01,Afternoon,4,1,6.0,1,2,61
202400031318,2024-04-10,Morning,3,1,6.0,1,2,26
202400031319,2024-03-02,Afternoon,3,3,6.0,1,2,59
202400031320,2024-01-20,Evening,4,1,3.0,5,2,14
202400031321,2024-02-12,Morning,4,1,3.0,1,2,59
202400031322,2024-04-10,Morning,4,1,6.0,1,2,25
202400031323,2024-03-01,Night,3,2,6.0,5,2,59
202400031324,2024-01-19,Afternoon,4,9,3.0,1,2,14
202400031325,2024-01-20,Night,4,1,6.0,5,2,13
202400031326,2024-01-20,Morning,4,1,6.0,1,2,11
202400031327,2024-01-20,Night,4,1,6.0,5,2,75
202400031328,2024-03-02,Morning,3,7,6.0,1,1,56
202400031329,2024-01-19,Morning,4,1,6.0,1,2,75
202400031330,2024-04-10,Morning,4,1,3.0,1,1,25
202400031331,2024-03-02,Evening,3,2,1.0,5,2,54
202400031332,2024-01-19,Night,4,1,6.0,5,2,75
202400031333,2024-03-02,Afternoon,4,1,2.0,1,2,51
202400031334,2024-01-20,Afternoon,4,1,6.0,5,2,75
202400031335,2024-04-10,Morning,4,1,3.0,1,2,25
202400031336,2024-03-03,Night,4,1,6.0,5,2,44
202400031337,2024-01-20,Afternoon,4,1,6.0,1,2,75
202400031338,2024-03-03,Night,4,1,1.0,3,1,44
202400031339,2024-04-10,Morning,4,1,3.0,1,2,25
202400031340,2024-03-02,Afternoon,4,8,1.0,1,2,38
202400031341,2024-01-20,Night,4,1,2.0,5,2,75
202400031342,2024-04-10,Afternoon,3,1,6.0,1,2,24
202400031343,2024-04-10,Morning,4,8,6.0,1,1,22
202400031344,2024-01-20,Afternoon,4,1,7.0,1,2,75
202400031345,2024-03-02,Afternoon,4,3,4.0,1,2,37
202400031346,2024-03-28,Morning,4,1,3.0,1,2,19
202400031347,2024-03-01,Afternoon,4,1,6.0,1,2,37
202400031348,2024-01-19,Morning,4,1,6.0,1,2,75
202400031349,2024-04-10,Morning,4,1,2.0,1,2,13
202400031350,2024-01-20,Evening,4,1,6.0,5,2,75
202400031351,2024-03-02,Afternoon,4,1,3.0,1,1,35
202400031352,2024-04-10,Afternoon,4,1,3.0,1,2,13
202400031353,2024-01-20,Night,4,1,2.0,5,2,75
202400031354,2024-04-10,Morning,4,2,7.0,2,1,11
202400031355,2024-03-02,Afternoon,4,1,4.0,1,1,35
202400031356,2024-04-09,Afternoon,4,2,6.0,1,1,11
202400031357,2024-03-02,Night,2,1,7.0,5,2,31
202400031358,2024-01-20,Night,4,2,3.0,5,2,94
202400031359,2024-03-02,Evening,4,1,1.0,2,2,26
202400031360,2024-04-09,Morning,4,8,1.0,1,2,11
202400031361,2024-01-20,Afternoon,3,1,3.0,1,2,94
202400031362,2024-04-09,Evening,3,1,6.0,1,2,10
202400031363,2024-05-18,Night,4,1,6.0,3,1,29
202400031364,2024-03-03,Night,4,1,3.0,5,2,25
202400031365,2024-05-18,Morning,4,1,6.0,1,2,29
202400031366,2024-01-20,Evening,4,8,2.0,5,2,94
202400031367,2024-04-10,Afternoon,4,1,1.0,1,2,06
202400031368,2024-03-02,Afternoon,3,1,3.0,1,2,25
202400031369,2024-05-18,Morning,3,1,6.0,1,2,29
202400031370,2024-01-20,Afternoon,4,1,2.0,1,2,94
202400031371,2024-04-10,Evening,4,2,2.0,1,1,06
202400031372,2024-05-17,Afternoon,4,1,6.0,1,2,27
202400031373,2024-01-19,Evening,4,8,3.0,5,2,94
202400031374,2024-03-02,Morning,4,1,4.0,1,2,22
202400031375,2024-05-18,Afternoon,4,1,1.0,1,2,22
202400031376,2024-04-10,Morning,4,1,3.0,1,2,06
202400031377,2024-01-20,Morning,4,1,1.0,5,2,93
202400031378,2024-03-02,Afternoon,4,2,2.0,1,2,18
202400031379,2024-05-17,Afternoon,4,1,2.0,1,1,22
202400031380,2024-03-13,Morning,3,1,6.0,1,1,05
202400031381,2024-05-18,Night,3,1,1.0,5,2,14
202400031382,2024-01-20,Evening,4,1,6.0,5,2,93
202400031383,2024-05-17,Night,4,3,3.0,3,2,11
202400031384,2024-04-10,Evening,4,1,3.0,2,2,75
202400031385,2024-01-20,Evening,4,9,3.0,5,2,93
202400031386,2024-03-03,Night,3,3,3.0,5,2,13
202400031387,2024-04-10,Morning,4,1,6.0,1,2,75
202400031388,2024-05-19,Night,4,1,6.0,5,2,10
202400031389,2024-01-20,Evening,4,9,6.0,5,2,93
202400031390,2024-03-02,Night,3,2,1.0,5,2,13
202400031391,2024-01-20,Afternoon,4,1,6.0,1,2,93
202400031392,2024-04-10,Morning,4,1,6.0,1,2,75
202400031393,2024-03-02,Morning,4,1,2.0,1,2,13
202400031394,2024-01-20,Afternoon,4,1,2.0,1,2,92
202400031395,2024-05-18,Morning,4,1,4.0,1,1,09
202400031396,2024-04-10,Morning,4,1,6.0,1,2,75
202400031397,2024-03-02,Night,3,1,1.0,5,2,13
202400031398,2024-01-20,Evening,4,1,6.0,5,2,92
202400031399,2024-04-10,Afternoon,4,1,7.0,1,2,75
202400031400,2024-05-18,Afternoon,4,1,2.0,1,2,06
202400031401,2024-02-18,Morning,4,1,2.0,1,2,13
202400031402,2024-01-20,Afternoon,4,7,3.0,1,1,01
202400031403,2024-05-17,Afternoon,4,1,2.0,1,2,06
202400031404,2024-04-10,Evening,4,1,4.0,1,2,75
202400031405,2024-03-02,Evening,4,2,1.0,3,1,13
202400031406,2024-05-18,Night,4,1,6.0,5,2,05
202400031407,2024-01-20,Night,4,4,6.0,5,2,62
202400031408,2024-03-02,Morning,3,1,2.0,1,2,13
202400031409,2024-04-10,Afternoon,4,1,6.0,1,2,75
202400031410,2024-05-17,Afternoon,4,1,3.0,1,2,01
202400031411,2024-01-21,Morning,4,1,6.0,1,1,77
202400031412,2024-03-01,Afternoon,4,1,3.0,1,2,11
202400031413,2024-05-18,Evening,4,1,3.0,1,2,75
202400031414,2024-04-10,Afternoon,4,1,2.0,1,2,75
202400031416,2024-03-02,Evening,4,2,2.0,5,2,06
202400031417,2024-05-18,Morning,4,1,5.0,1,2,75
202400031418,2024-04-09,Evening,4,2,3.0,1,2,94
202400031419,2024-01-21,Night,3,8,6.0,3,1,63
202400031420,2024-02-22,Morning,4,2,2.0,1,2,05
202400031421,2024-04-08,Evening,4,1,6.0,1,2,94
202400031422,2024-01-20,Afternoon,3,1,6.0,2,1,86
202400031423,2024-05-17,Evening,4,1,5.0,1,2,75
202400031424,2024-03-02,Afternoon,4,2,6.0,1,2,05
202400031425,2024-01-20,Afternoon,3,1,7.0,1,2,85
202400031426,2024-04-10,Morning,4,1,2.0,1,2,93
202400031427,2024-01-20,Evening,3,1,7.0,3,1,30
202400031428,2024-05-17,Afternoon,3,1,4.0,1,2,75
202400031429,2024-04-10,Night,4,1,6.0,5,2,93
202400031430,2024-03-01,Afternoon,4,1,2.0,1,2,75
202400031431,2024-05-18,Night,4,1,2.0,4,2,75
202400031432,2024-01-21,Afternoon,3,1,3.0,1,1,30
202400031433,2024-03-01,Afternoon,3,8,6.0,2,2,75
202400031434,2024-04-10,Afternoon,4,1,6.0,1,2,93
202400031435,2024-05-18,Night,4,1,3.0,5,2,75
202400031436,2024-01-19,Evening,3,4,1.0,3,1,62
202400031437,2024-01-21,Night,3,4,6.0,3,1,61
202400031438,2024-05-18,Morning,4,1,6.0,1,2,75
202400031439,2024-04-10,Afternoon,4,1,3.0,1,2,93
202400031440,2024-03-02,Afternoon,4,2,3.0,1,2,75
202400031441,2024-01-20,Evening,3,1,1.0,3,1,56
202400031442,2024-04-10,Afternoon,4,1,6.0,1,2,93
202400031443,2024-01-20,Morning,3,7,6.0,1,2,11
202400031444,2024-05-18,Night,4,1,3.0,5,2,75
202400031445,2024-03-02,Afternoon,4,3,6.0,2,2,75
202400031446,2024-05-18,Night,4,1,6.0,5,2,75
202400031447,2024-03-02,Evening,4,2,1.0,5,2,75
202400031448,2024-04-10,Evening,3,1,3.0,5,2,93
202400031449,2024-05-18,Afternoon,4,1,6.0,1,2,75
202400031450,2024-03-02,Night,4,1,2.0,5,2,75
202400031451,2024-04-10,Afternoon,4,1,3.0,1,2,93
202400031452,2024-01-20,Afternoon,3,1,3.0,1,1,71
202400031453,2024-05-18,Morning,4,1,3.0,1,2,75
202400031454,2024-03-01,Evening,4,2,6.0,5,2,75
202400031455,2024-04-10,Morning,4,1,2.0,1,2,92
202400031456,2024-01-20,Afternoon,3,1,1.0,1,1,63
202400031457,2024-03-02,Afternoon,4,3,7.0,1,2,75
202400031458,2024-05-18,Night,4,1,2.0,5,2,75
202400031459,2024-04-10,Morning,4,1,6.0,1,2,92
202400031460,2024-01-20,Evening,3,1,3.0,5,2,49
202400031461,2024-05-18,Evening,4,1,1.0,1,2,75
202400031462,2024-03-01,Afternoon,4,8,5.0,1,2,75
202400031463,2024-01-21,Night,4,1,7.0,3,1,12
202400031464,2024-05-18,Morning,4,1,6.0,1,2,75
202400031465,2024-04-10,Evening,3,1,2.0,1,2,92
202400031466,2024-01-21,Evening,4,1,6.0,2,1,47
202400031467,2024-02-29,Evening,4,2,2.0,5,2,75
202400031468,2024-05-17,Evening,4,1,2.0,1,2,75
202400031469,2024-04-09,Afternoon,4,2,3.0,1,2,92
202400031470,2024-01-21,Afternoon,3,2,7.0,1,1,44
202400031471,2024-01-20,Morning,3,8,6.0,2,1,03
202400031472,2024-03-02,Evening,4,2,3.0,5,2,75
202400031473,2024-05-17,Night,4,1,3.0,5,2,75
202400031474,2024-04-09,Afternoon,4,1,4.0,1,2,92
202400031475,2024-01-19,Afternoon,3,1,2.0,3,1,70
202400031476,2024-05-18,Morning,4,1,6.0,1,2,75
202400031477,2024-03-02,Afternoon,4,2,5.0,1,2,75
202400031479,2024-05-18,Morning,4,1,6.0,1,2,94
202400031480,2024-01-20,Night,4,1,6.0,3,1,70
202400031481,2024-04-10,Afternoon,4,1,7.0,1,2,64
202400031482,2024-03-01,Night,4,2,5.0,5,2,94
202400031483,2024-01-20,Afternoon,4,7,3.0,1,1,72
202400031484,2024-05-18,Morning,4,1,1.0,1,2,93
202400031485,2024-03-02,Night,3,2,6.0,5,2,94
202400031486,2024-01-21,Night,3,9,6.0,3,1,14
202400031487,2024-04-10,Evening,4,1,5.0,2,1,38
202400031488,2024-05-18,Night,4,1,3.0,5,2,93
202400031489,2024-03-02,Evening,4,2,3.0,5,2,94
202400031490,2024-04-11,Afternoon,3,1,6.0,1,1,56
202400031491,2024-05-18,Afternoon,4,1,6.0,1,2,93
202400031492,2024-01-16,Morning,3,1,1.0,2,1,05
202400031493,2024-04-11,Morning,4,1,6.0,1,2,74
202400031494,2024-01-20,Afternoon,3,1,3.0,1,1,64
202400031495,2024-03-02,Evening,4,2,1.0,5,2,94
202400031496,2024-05-17,Night,3,1,3.0,5,2,93
202400031497,2024-04-10,Evening,4,1,7.0,1,1,77
202400031498,2024-01-21,Afternoon,4,1,6.0,1,1,07
202400031499,2024-05-17,Night,4,1,6.0,5,2,92
202400031500,2024-03-02,Morning,4,2,2.0,2,2,94
202400031501,2024-05-18,Afternoon,4,1,2.0,1,2,92
202400031502,2024-01-21,Morning,4,1,6.0,3,2,40
202400031503,2024-05-18,Night,4,1,6.0,5,2,92
202400031504,2024-03-02,Afternoon,4,2,2.0,1,2,93
202400031505,2024-01-21,Afternoon,3,1,6.0,1,1,40
202400031506,2024-04-10,Afternoon,4,1,2.0,1,1,49
202400031507,2024-03-02,Evening,4,3,3.0,1,2,93
202400031508,2024-01-20,Evening,3,1,1.0,3,1,24
202400031509,2024-04-11,Afternoon,4,1,1.0,1,1,68
202400031510,2024-05-18,Afternoon,4,1,2.0,1,2,63
202400031511,2024-01-20,Afternoon,4,1,6.0,1,1,28
202400031512,2024-03-02,Afternoon,4,2,3.0,1,2,93
202400031513,2024-04-10,Evening,4,1,2.0,2,1,39
202400031514,2024-05-19,Night,3,1,6.0,5,2,83
202400031515,2024-03-02,Afternoon,4,3,3.0,3,2,93
202400031516,2024-05-18,Afternoon,3,2,7.0,1,1,41
202400031517,2024-04-09,Morning,4,3,5.0,1,2,38
202400031518,2024-01-21,Morning,4,1,5.0,3,1,80
202400031519,2024-03-02,Night,4,2,2.0,5,2,93
202400031520,2024-01-21,Afternoon,2,1,7.0,1,1,18
202400031522,2024-03-02,Afternoon,4,3,3.0,1,2,92
202400031523,2024-04-11,Afternoon,4,1,3.0,1,2,01
202400031526,2024-01-20,Afternoon,3,1,7.0,1,1,34
202400031527,2024-05-18,Evening,4,2,6.0,1,2,88
202400031528,2024-03-02,Afternoon,4,2,3.0,1,2,92
202400031529,2024-04-11,Morning,4,1,3.0,1,2,07
202400031530,2024-01-21,Night,4,1,2.0,3,1,28
202400031531,2024-05-18,Night,4,1,2.0,3,1,35
202400031532,2024-05-17,Morning,3,1,3.0,1,1,24
202400031533,2024-04-10,Afternoon,4,1,1.0,1,1,53
202400031534,2024-01-20,Evening,4,1,3.0,3,1,77
202400031535,2024-03-02,Night,4,1,3.0,5,2,92
202400031536,2024-05-19,Morning,3,1,1.0,1,2,56
202400031537,2024-01-21,Morning,3,1,6.0,3,1,2B
202400031538,2024-04-11,Morning,3,1,2.0,1,1,30
202400031539,2024-01-20,Night,4,1,6.0,5,2,54
202400031540,2024-03-02,Night,3,1,1.0,3,2,39
202400031541,2024-05-19,Morning,4,1,2.0,1,1,56
202400031542,2024-01-21,Night,4,1,6.0,5,2,42
202400031543,2024-04-05,Afternoon,3,1,3.0,1,2,34
202400031544,2024-05-19,Afternoon,3,1,7.0,1,2,69
202400031545,2024-03-03,Afternoon,4,1,7.0,1,1,52
202400031546,2024-01-19,Afternoon,3,2,3.0,1,2,42
202400031547,2024-05-19,Morning,4,1,7.0,1,1,32
202400031549,2024-05-19,Night,4,1,1.0,2,1,22
202400031550,2024-01-21,Morning,4,1,2.0,1,1,80
202400031551,2024-04-10,Evening,4,1,6.0,1,2,38
202400031552,2024-04-25,Evening,3,1,1.0,1,2,29
202400031553,2024-01-20,Afternoon,3,9,3.0,1,1,59
202400031554,2024-04-11,Morning,4,1,3.0,1,1,01
202400031555,2024-05-18,Evening,3,8,2.0,1,2,38
202400031556,2024-01-19,Evening,4,1,2.0,3,1,13
202400031557,2024-05-19,Night,4,1,1.0,5,2,13
202400031558,2024-04-11,Morning,4,1,2.0,1,1,34
202400031559,2024-05-19,Afternoon,3,1,7.0,1,1,02
202400031560,2024-01-20,Afternoon,4,1,3.0,2,1,94
202400031561,2024-04-09,Morning,4,1,3.0,1,1,13
202400031562,2024-01-20,Morning,4,1,2.0,1,1,91
202400031563,2024-05-19,Night,4,1,6.0,3,1,14
202400031564,2024-04-11,Morning,2,1,6.0,1,2,34
202400031565,2024-01-20,Morning,4,1,6.0,2,1,91
202400031566,2024-05-19,Morning,4,1,7.0,1,2,50
202400031568,2024-01-19,Evening,4,1,4.0,2,1,94
202400031569,2024-05-18,Night,3,1,1.0,5,2,50
202400031571,2024-05-19,Afternoon,3,1,1.0,1,1,83
202400031574,2024-05-19,Night,4,1,7.0,3,1,60
202400031575,2024-04-11,Morning,3,1,3.0,1,1,33
202400031577,2024-05-18,Afternoon,3,1,3.0,1,1,18
202400031578,2024-04-10,Night,3,1,7.0,3,1,66
202400031579,2024-01-19,Morning,4,1,7.0,1,2,69
202400031580,2024-04-11,Evening,3,7,6.0,2,2,83
202400031581,2024-05-19,Morning,3,1,1.0,1,1,07
202400031583,2024-04-11,Morning,3,9,3.0,1,1,13
202400031584,2024-01-19,Night,4,1,6.0,3,2,91
202400031585,2024-05-19,Morning,3,1,7.0,1,2,17
202400031586,2024-05-19,Night,3,1,6.0,3,1,23
202400031587,2024-01-19,Morning,4,1,3.0,2,2,91
202400031588,2024-04-10,Afternoon,4,6,1.0,1,2,13
202400031589,2024-05-18,Afternoon,4,1,1.0,1,1,87
202400031590,2024-04-11,Night,3,6,7.0,3,1,26
202400031591,2024-01-19,Afternoon,4,1,3.0,1,2,91
202400031592,2024-01-16,Evening,4,1,6.0,5,2,91
202400031593,2024-01-19,Afternoon,4,1,7.0,1,1,91
202400031594,2024-05-16,Afternoon,4,7,3.0,1,2,30
202400031595,2024-04-10,Afternoon,4,1,3.0,1,1,68
202400031596,2024-01-03,Evening,3,1,6.0,5,2,84
202400031597,2024-05-01,Evening,4,1,7.0,1,1,67
202400031598,2024-01-18,Afternoon,3,1,6.0,1,2,83
202400031599,2024-04-11,Afternoon,4,1,1.0,1,1,42
202400031600,2024-05-18,Morning,4,1,6.0,1,1,73
202400031601,2024-04-11,Morning,4,8,1.0,1,1,79
202400031602,2024-04-09,Morning,2,2,7.0,1,2,14
202400031603,2024-01-18,Evening,4,2,6.0,5,2,77
202400031604,2024-05-19,Evening,4,1,2.0,1,2,69
202400031605,2024-04-10,Night,3,1,7.0,5,1,13
202400031606,2024-01-19,Night,4,5,6.0,4,2,76
202400031607,2024-01-18,Night,4,4,3.0,5,2,76
202400031608,2024-04-09,Evening,3,1,2.0,1,1,33
202400031609,2024-05-17,Afternoon,4,1,3.0,1,2,06
202400031610,2024-01-19,Afternoon,4,1,2.0,1,1,72
202400031611,2024-04-09,Afternoon,3,1,2.0,1,1,33
202400031612,2024-05-18,Afternoon,3,1,6.0,1,1,14
202400031613,2024-01-19,Afternoon,3,1,6.0,1,2,72
202400031614,2024-01-18,Evening,4,9,7.0,3,1,72
202400031616,2024-04-10,Evening,4,1,4.0,1,1,91
202400031617,2024-01-19,Afternoon,4,1,3.0,1,2,69
202400031618,2024-04-10,Afternoon,4,1,2.0,1,1,91
202400031620,2024-01-19,Afternoon,4,1,3.0,1,1,69
202400031621,2024-04-09,Morning,4,1,3.0,1,1,92
202400031623,2024-04-10,Evening,4,1,7.0,2,1,93
202400031624,2024-01-18,Afternoon,4,2,3.0,1,2,69
202400031626,2024-04-10,Evening,4,1,3.0,1,1,95
202400031627,2024-01-18,Afternoon,4,1,2.0,1,1,66
202400031629,2024-04-10,Morning,4,1,2.0,1,1,92
202400031630,2024-01-18,Evening,2,4,6.0,3,2,63
202400031631,2024-05-19,Morning,4,1,6.0,1,1,83
202400031632,2024-04-10,Morning,4,1,6.0,1,1,95
202400031633,2024-01-16,Afternoon,4,7,6.0,1,2,62
202400031634,2024-01-19,Morning,4,8,6.0,3,1,56
202400031635,2024-05-18,Morning,4,1,2.0,1,1,13
202400031636,2024-04-10,Morning,4,1,3.0,1,1,77
202400031637,2024-05-18,Afternoon,4,1,6.0,1,2,71
202400031638,2024-05-18,Night,3,2,7.0,3,1,88
202400031639,2024-01-18,Afternoon,4,1,3.0,1,2,56
202400031640,2024-05-17,Evening,3,1,7.0,1,2,88
202400031642,2024-05-18,Night,3,1,6.0,3,1,54
202400031643,2024-01-18,Afternoon,4,7,3.0,1,2,56
202400031644,2024-05-19,Morning,3,1,6.0,1,2,63
202400031646,2024-05-19,Night,2,1,7.0,3,2,38
202400031647,2024-01-18,Morning,4,2,4.0,2,1,54
202400031648,2024-05-19,Night,4,1,6.0,5,2,69
202400031650,2024-01-19,Evening,3,1,3.0,5,2,53
202400031651,2024-05-18,Morning,3,1,1.0,1,1,33
202400031653,2024-01-19,Morning,4,4,2.0,1,2,51
202400031654,2024-05-19,Night,2,1,6.0,3,1,56
202400031656,2024-04-09,Evening,3,2,7.0,1,2,69
202400031657,2024-05-19,Evening,4,1,6.0,1,1,02
202400031658,2024-01-18,Evening,3,1,3.0,5,2,49
202400031659,2024-05-18,Afternoon,4,1,3.0,1,2,59
202400031660,2024-01-19,Afternoon,4,1,6.0,1,2,49
202400031661,2024-04-09,Morning,4,2,1.0,1,2,69
202400031662,2024-05-18,Afternoon,4,1,7.0,1,1,13
202400031663,2024-01-18,Afternoon,4,1,2.0,1,2,49
202400031665,2024-05-17,Evening,4,1,2.0,1,1,13
202400031666,2024-01-19,Morning,4,1,6.0,3,2,45
202400031668,2024-01-19,Afternoon,4,1,4.0,1,2,44
202400031669,2024-05-17,Afternoon,4,1,2.0,1,1,13
202400031670,2024-04-09,Afternoon,4,8,1.0,1,2,69
202400031671,2024-01-19,Evening,4,1,6.0,5,2,44
202400031672,2024-05-17,Afternoon,4,1,3.0,1,1,13
202400031673,2024-04-09,Morning,3,8,2.0,1,2,2B
202400031674,2024-01-19,Afternoon,4,1,2.0,1,2,37
202400031675,2024-05-17,Night,4,1,6.0,3,1,83
202400031676,2024-04-08,Afternoon,4,1,5.0,1,2,2B
202400031677,2024-01-19,Morning,4,9,3.0,5,2,37
202400031678,2024-04-08,Evening,4,1,6.0,1,2,95
202400031679,2024-01-20,Night,3,1,6.0,5,2,35
202400031680,2024-05-18,Afternoon,4,1,4.0,1,1,33
202400031681,2024-04-08,Morning,4,8,6.0,1,2,91
202400031682,2024-01-19,Afternoon,3,1,2.0,1,2,35
202400031683,2024-05-18,Morning,4,1,5.0,1,1,94
202400031684,2024-04-09,Evening,4,1,3.0,1,2,91
202400031685,2024-01-18,Night,4,1,2.0,5,2,34
202400031686,2024-07-24,Morning,3,1,5.0,1,1,51
202400031687,2024-05-18,Morning,4,1,2.0,1,1,93
202400031688,2024-01-19,Evening,4,1,7.0,5,2,29
202400031689,2024-04-09,Night,3,1,3.0,5,2,91
202400031690,2024-05-18,Night,4,1,2.0,3,1,93
202400031691,2024-01-19,Afternoon,4,1,3.0,1,2,29
202400031692,2024-04-07,Evening,3,1,3.0,2,2,90
202400031693,2024-05-17,Morning,4,1,2.0,1,1,95
202400031694,2024-01-17,Morning,4,3,6.0,1,2,29
202400031695,2024-07-25,Morning,3,1,2.0,1,1,83
202400031696,2024-05-18,Night,4,1,6.0,5,1,94
202400031697,2024-04-08,Morning,4,2,6.0,2,2,87
202400031698,2024-02-17,Afternoon,3,1,2.0,1,2,13
202400031699,2024-04-07,Evening,4,1,1.0,1,2,87
202400031700,2024-01-19,Night,4,1,1.0,5,2,25
202400031702,2024-01-19,Night,4,9,6.0,3,2,22
202400031703,2024-04-07,Morning,3,1,6.0,1,2,87
202400031704,2024-07-25,Afternoon,3,1,2.0,1,1,26
202400031706,2024-01-19,Afternoon,2,1,7.0,1,2,14
202400031707,2024-04-09,Afternoon,4,8,6.0,1,2,84
202400031709,2024-07-25,Morning,3,1,6.0,1,1,38
202400031710,2024-01-19,Evening,4,1,1.0,3,1,13
202400031711,2024-04-09,Morning,4,2,2.0,1,1,83
202400031713,2024-01-19,Evening,4,1,3.0,5,2,13
202400031715,2024-04-09,Morning,4,8,4.0,2,2,81
202400031716,2024-01-19,Morning,3,1,3.0,1,2,13
202400031717,2024-04-08,Evening,4,3,7.0,3,1,80
202400031718,2024-07-13,Morning,2,1,7.0,1,1,56
202400031719,2024-01-18,Night,4,1,3.0,5,2,13
202400031721,2024-04-08,Afternoon,4,1,3.0,1,2,80
202400031722,2024-01-18,Morning,4,1,3.0,4,2,13
202400031723,2024-07-25,Evening,3,1,1.0,1,2,2B
202400031724,2024-04-08,Evening,4,1,6.0,1,2,78
202400031726,2024-01-19,Evening,2,1,7.0,3,1,13
202400031727,2024-01-19,Afternoon,4,1,6.0,1,2,11
202400031729,2024-04-09,Afternoon,4,1,6.0,1,1,77
202400031730,2024-01-19,Morning,3,1,6.0,1,2,06
202400031731,2024-07-24,Morning,4,1,3.0,1,1,80
202400031733,2024-04-08,Afternoon,4,1,3.0,1,2,73
202400031734,2024-01-18,Morning,4,1,3.0,1,2,06
202400031735,2024-04-03,Morning,4,2,3.0,5,2,73
202400031736,2024-01-18,Evening,4,1,2.0,5,2,75
202400031738,2024-07-25,Morning,4,1,5.0,1,1,32
202400031739,2024-01-19,Afternoon,4,1,3.0,1,2,75
202400031740,2024-04-08,Evening,4,1,7.0,1,1,72
202400031741,2024-05-17,Afternoon,4,1,4.0,1,1,95
202400031742,2024-01-19,Night,4,1,1.0,5,2,75
202400031743,2024-04-09,Afternoon,4,2,2.0,1,2,71
202400031744,2024-05-17,Night,4,1,3.0,5,2,95
202400031745,2024-07-24,Morning,3,1,7.0,1,1,11
202400031746,2024-01-19,Evening,4,1,7.0,3,2,75
202400031747,2024-04-09,Afternoon,4,1,6.0,1,2,69
202400031748,2024-05-16,Night,3,1,6.0,3,2,95
202400031749,2024-01-18,Morning,4,1,3.0,1,2,75
202400031750,2024-04-09,Night,4,3,3.0,3,2,69
202400031751,2024-05-17,Afternoon,4,1,3.0,1,2,91
202400031752,2024-01-21,Morning,4,1,3.0,5,2,75
202400031753,2024-07-25,Morning,4,5,3.0,1,1,63
202400031754,2024-04-08,Evening,4,1,3.0,1,2,69
202400031755,2024-05-17,Afternoon,4,1,6.0,1,2,91
202400031756,2024-01-19,Night,4,1,1.0,5,2,75
202400031757,2024-05-17,Morning,4,1,3.0,1,2,91
202400031758,2024-04-08,Afternoon,4,1,3.0,1,2,67
202400031759,2024-05-16,Afternoon,4,1,6.0,1,2,89
202400031760,2024-04-09,Evening,4,1,6.0,2,2,64
202400031761,2024-07-24,Morning,3,1,1.0,1,1,41
202400031762,2024-01-19,Night,4,1,6.0,5,2,75
202400031763,2024-05-17,Evening,3,1,1.0,1,1,88
202400031764,2024-01-18,Evening,4,1,2.0,5,2,75
202400031765,2024-05-16,Night,4,1,3.0,4,1,87
202400031766,2024-06-26,Evening,4,1,3.0,1,1,44
202400031767,2024-04-08,Evening,4,8,4.0,1,1,64
202400031768,2024-01-19,Afternoon,4,1,3.0,1,2,94
202400031769,2024-05-17,Morning,4,1,3.0,1,1,84
202400031770,2024-01-19,Evening,4,1,3.0,5,2,94
202400031771,2024-04-06,Afternoon,4,1,3.0,1,1,63
202400031772,2024-05-16,Morning,4,1,1.0,1,2,84
202400031773,2024-01-19,Morning,4,1,6.0,1,2,93
202400031774,2024-05-17,Afternoon,4,1,7.0,1,2,80
202400031775,2024-04-09,Night,4,1,3.0,5,2,63
202400031776,2024-07-25,Morning,3,1,5.0,1,2,44
202400031777,2024-01-19,Morning,4,4,2.0,2,2,94
202400031778,2024-05-16,Night,4,1,1.0,5,2,80
202400031779,2024-04-09,Afternoon,4,1,3.0,1,2,63
202400031780,2024-01-18,Evening,4,9,6.0,3,2,93
202400031781,2024-05-17,Morning,4,1,6.0,1,2,78
202400031782,2024-07-23,Morning,4,8,1.0,1,1,35
202400031783,2024-05-17,Evening,4,1,6.0,5,2,78
202400031784,2024-01-19,Morning,4,1,6.0,1,2,93
202400031785,2024-04-06,Evening,4,1,3.0,5,2,62
202400031786,2024-01-18,Night,4,8,3.0,5,2,93
202400031787,2024-04-09,Evening,3,1,2.0,1,2,62
202400031788,2024-07-25,Afternoon,4,2,3.0,1,2,29
202400031789,2024-05-17,Night,3,1,3.0,3,2,77
202400031790,2024-01-19,Morning,4,4,3.0,5,2,93
202400031791,2024-05-17,Evening,4,1,6.0,1,1,77
202400031792,2024-09-01,Afternoon,4,1,1.0,1,1,12
202400031793,2024-03-29,Afternoon,4,1,3.0,1,2,62
202400031794,2024-07-24,Evening,3,1,3.0,2,1,31
202400031795,2024-01-19,Night,4,4,1.0,5,2,93
202400031796,2024-05-16,Afternoon,4,1,2.0,1,2,76
202400031797,2024-01-19,Evening,4,1,6.0,5,2,92
202400031798,2024-08-31,Afternoon,3,1,3.0,1,2,12
202400031799,2024-04-09,Evening,4,1,3.0,1,1,61
202400031800,2024-05-16,Morning,4,2,6.0,1,2,71