Num_Acc,date,time_of_day,max_severity,weather,collision_type,lighting,urban_area,department
202400031801,2024-01-18,Morning,4,4,1.0,1,2,92
202400031802,2024-08-31,Afternoon,3,1,6.0,1,1,41
202400031803,2024-04-09,Morning,4,1,6.0,1,2,59
202400031804,2024-05-17,Evening,3,1,6.0,1,2,69
202400031805,2024-07-25,Evening,3,1,1.0,1,2,58
202400031806,2024-05-17,Evening,4,1,6.0,1,2,69
202400031807,2024-01-19,Evening,4,8,2.0,5,2,92
202400031808,2024-01-19,Morning,4,4,6.0,1,2,92
202400031809,2024-04-09,Afternoon,4,1,1.0,1,2,59
202400031810,2024-07-20,Afternoon,3,1,2.0,1,1,14
202400031811,2024-05-17,Morning,4,1,3.0,1,2,69
202400031812,2024-01-19,Afternoon,4,1,2.0,1,1,92
202400031813,2024-05-16,Morning,3,2,3.0,1,2,69
202400031814,2024-07-24,Afternoon,3,1,1.0,1,1,83
202400031815,2024-01-19,Morning,4,1,6.0,1,2,92
202400031816,2024-01-19,Morning,4,1,6.0,5,2,92
202400031817,2024-05-16,Afternoon,4,3,3.0,1,2,69
202400031818,2024-07-25,Afternoon,2,1,2.0,1,1,18
202400031819,2024-08-31,Morning,3,8,5.0,1,1,44
202400031820,2024-07-24,Morning,3,1,1.0,2,1,85
202400031821,2024-04-06,Evening,4,1,5.0,5,2,57
202400031822,2024-08-31,Afternoon,4,1,2.0,1,1,38
202400031823,2024-07-25,Afternoon,3,7,3.0,1,1,85
202400031824,2024-01-19,Evening,4,4,7.0,5,2,92
202400031825,2024-05-16,Afternoon,4,1,6.0,1,2,69
202400031826,2024-04-09,Afternoon,4,1,3.0,1,2,56
202400031827,2024-08-31,Night,4,1,6.0,3,2,02
202400031828,2024-07-23,Afternoon,3,1,1.0,1,1,27
202400031829,2024-01-20,Afternoon,4,1,6.0,1,2,60
202400031830,2024-04-08,Afternoon,4,1,6.0,1,2,56
202400031831,2024-05-17,Afternoon,3,1,5.0,1,2,66
202400031832,2024-01-19,Morning,3,9,2.0,1,2,24
202400031833,2024-05-15,Morning,4,1,3.0,2,2,37
202400031834,2024-09-01,Evening,3,1,1.0,1,2,03
202400031835,2024-05-16,Morning,4,1,7.0,1,2,64
202400031836,2024-04-08,Morning,4,1,3.0,1,1,54
202400031837,2024-01-19,Afternoon,4,1,1.0,1,1,33
202400031838,2024-05-17,Morning,4,1,6.0,1,2,63
202400031839,2024-09-01,Morning,2,1,6.0,1,1,01
202400031840,2024-07-25,Afternoon,2,1,1.0,1,2,38
202400031841,2024-04-08,Morning,3,1,6.0,5,2,54
202400031842,2024-01-17,Morning,4,2,1.0,1,1,01
202400031843,2024-05-09,Evening,3,1,1.0,1,2,62
202400031844,2024-07-24,Night,4,1,6.0,2,1,63
202400031845,2024-08-31,Morning,3,1,3.0,1,1,01
202400031846,2024-01-12,Night,3,1,2.0,3,1,87
202400031847,2024-04-08,Evening,4,2,3.0,1,2,51
202400031848,2024-05-16,Evening,4,1,3.0,1,2,62
202400031849,2024-01-20,Night,3,1,6.0,3,1,83
202400031850,2024-07-24,Afternoon,4,1,2.0,1,1,18
202400031851,2024-04-08,Morning,4,1,3.0,1,1,50
202400031852,2024-05-16,Evening,4,1,3.0,1,2,62
202400031853,2024-08-31,Afternoon,4,1,3.0,1,2,14
202400031854,2024-01-19,Evening,2,1,6.0,5,1,37
202400031855,2024-04-07,Afternoon,4,1,6.0,1,2,50
202400031856,2024-05-15,Afternoon,4,1,6.0,2,2,59
202400031857,2024-07-18,Night,3,1,7.0,3,1,30
202400031858,2024-01-18,Afternoon,3,1,3.0,2,1,51
202400031859,2024-05-16,Evening,4,8,6.0,5,2,57
202400031860,2024-04-06,Afternoon,4,1,7.0,1,2,50
202400031861,2024-01-20,Afternoon,3,1,3.0,1,2,79
202400031862,2024-09-01,Morning,4,9,2.0,1,1,09
202400031863,2024-05-16,Afternoon,4,1,6.0,1,2,57
202400031864,2024-04-04,Evening,4,1,6.0,1,2,49
202400031865,2024-07-24,Night,3,1,7.0,5,2,33
202400031866,2024-05-17,Morning,4,1,3.0,2,2,56
202400031867,2024-01-19,Afternoon,3,1,1.0,2,2,79
202400031868,2024-04-08,Morning,4,1,3.0,1,2,49
202400031869,2024-01-20,Afternoon,3,1,1.0,2,2,49
202400031870,2024-07-24,Morning,4,1,1.0,1,2,77
202400031871,2024-08-31,Evening,4,1,3.0,1,2,18
202400031872,2024-05-16,Afternoon,4,1,6.0,1,2,54
202400031873,2024-04-08,Morning,2,1,6.0,1,1,44
202400031874,2024-01-19,Afternoon,3,1,7.0,2,1,49
202400031875,2024-07-19,Evening,4,1,6.0,1,2,95
202400031876,2024-08-25,Evening,4,1,3.0,2,2,10
202400031877,2024-01-19,Evening,3,1,3.0,3,1,47
202400031878,2024-05-16,Afternoon,3,1,3.0,1,2,54
202400031879,2024-09-01,Afternoon,3,1,2.0,1,1,07
202400031880,2024-04-09,Evening,4,1,6.0,1,2,38
202400031881,2024-01-19,Night,2,9,6.0,3,1,22
202400031882,2024-05-17,Afternoon,4,1,1.0,1,2,51
202400031883,2024-08-30,Afternoon,3,2,6.0,1,1,27
202400031884,2024-02-16,Afternoon,3,1,6.0,1,2,38
202400031885,2024-01-19,Afternoon,4,7,1.0,1,1,35
202400031886,2024-07-11,Evening,3,1,3.0,1,1,13
202400031887,2024-05-17,Afternoon,4,1,1.0,1,2,51
202400031888,2024-01-18,Afternoon,3,1,6.0,1,2,29
202400031889,2024-08-30,Morning,4,1,2.0,1,1,87
202400031890,2024-04-04,Afternoon,4,2,3.0,1,2,38
202400031891,2024-05-17,Afternoon,4,3,3.0,1,1,49
202400031892,2024-01-20,Evening,4,1,1.0,3,1,03
202400031893,2024-07-24,Afternoon,3,7,1.0,1,1,70
202400031894,2024-09-01,Morning,3,1,7.0,1,2,48
202400031895,2024-04-09,Evening,2,1,6.0,1,2,35
202400031896,2024-01-20,Night,3,1,6.0,3,1,66
202400031897,2024-05-17,Afternoon,4,1,2.0,1,2,37
202400031898,2024-01-19,Evening,4,1,7.0,3,1,83
202400031899,2024-04-09,Morning,4,1,6.0,1,2,35
202400031900,2024-05-17,Morning,4,1,6.0,1,2,37
202400031901,2024-04-16,Morning,4,1,3.0,1,2,68
202400031902,2024-01-16,Evening,4,1,3.0,3,1,88
202400031903,2024-04-07,Night,4,1,1.0,3,1,34
202400031904,2024-05-17,Morning,4,1,3.0,2,2,37
202400031905,2024-09-01,Afternoon,3,1,1.0,1,1,52
202400031907,2024-05-17,Night,4,1,3.0,5,2,34
202400031908,2024-04-09,Evening,4,2,1.0,5,2,33
202400031909,2024-01-20,Evening,3,1,1.0,3,1,13
202400031910,2024-05-17,Night,4,1,2.0,5,2,33
202400031911,2024-07-25,Morning,4,1,3.0,1,1,69
202400031912,2024-09-01,Morning,4,1,3.0,1,1,08
202400031913,2024-04-09,Afternoon,4,8,1.0,1,2,33
202400031916,2024-07-24,Afternoon,3,1,3.0,1,1,81
202400031917,2024-08-31,Evening,3,1,6.0,1,2,08
202400031918,2024-05-17,Afternoon,3,1,3.0,1,1,29
202400031919,2024-04-08,Afternoon,3,1,3.0,1,2,33
202400031921,2024-08-30,Evening,2,1,1.0,2,1,13
202400031922,2024-05-23,Afternoon,4,1,2.0,1,2,29
202400031923,2024-07-24,Morning,3,1,2.0,1,2,31
202400031924,2024-01-19,Afternoon,4,4,1.0,1,1,95
202400031925,2024-07-23,Morning,3,1,6.0,1,2,76
202400031926,2024-05-17,Afternoon,4,1,3.0,1,2,28
202400031928,2024-01-19,Evening,4,5,3.0,3,1,91
202400031929,2024-04-08,Afternoon,4,1,2.0,1,2,28
202400031930,2024-07-25,Afternoon,4,1,5.0,1,1,60
202400031931,2024-01-12,Morning,3,9,3.0,3,1,34
202400031932,2024-01-01,Evening,4,1,6.0,5,2,06
202400031933,2024-07-24,Night,4,1,7.0,4,1,80
202400031934,2024-09-01,Evening,4,1,2.0,1,1,18
202400031935,2024-05-17,Afternoon,4,1,6.0,1,2,27
202400031936,2024-07-17,Night,4,1,6.0,3,1,80
202400031937,2024-05-17,Evening,3,1,6.0,1,2,25
202400031938,2024-08-31,Afternoon,3,1,6.0,1,1,44
202400031939,2024-01-19,Evening,3,1,3.0,3,1,13
202400031940,2024-07-22,Evening,4,1,2.0,1,1,57
202400031941,2024-01-20,Night,4,1,2.0,3,1,26
202400031942,2024-05-17,Evening,3,1,5.0,1,2,25
202400031943,2024-08-30,Afternoon,3,8,3.0,1,1,44
202400031944,2024-07-24,Afternoon,4,1,3.0,1,1,91
202400031945,2024-05-17,Morning,4,8,6.0,1,1,22
202400031946,2024-08-31,Evening,3,1,7.0,1,1,33
202400031947,2024-07-24,Morning,4,1,2.0,1,1,91
202400031948,2024-01-19,Night,3,1,4.0,3,1,89
202400031949,2024-05-17,Morning,4,8,3.0,1,2,17
202400031950,2024-07-23,Night,4,2,6.0,3,1,92
202400031951,2024-05-17,Morning,3,1,1.0,1,2,14
202400031952,2024-07-23,Morning,4,2,2.0,1,1,92
202400031953,2024-09-01,Morning,4,2,5.0,3,1,64
202400031954,2024-05-15,Evening,3,1,7.0,1,2,14
202400031955,2024-07-22,Morning,4,1,5.0,1,1,92
202400031956,2024-08-31,Night,4,1,2.0,3,1,49
202400031957,2024-05-17,Morning,4,1,3.0,1,2,13
202400031958,2024-07-24,Evening,4,1,3.0,1,1,93
202400031959,2024-07-24,Afternoon,4,1,7.0,1,1,95
202400031960,2024-01-04,Morning,4,1,3.0,2,2,13
202400031961,2024-08-31,Evening,3,1,1.0,1,2,34
202400031962,2024-05-22,Afternoon,4,1,3.0,1,2,74
202400031963,2024-05-17,Morning,4,1,1.0,1,2,13
202400031965,2024-05-21,Morning,4,1,3.0,1,1,74
202400031966,2024-05-17,Night,4,1,3.0,5,2,13
202400031968,2024-03-28,Afternoon,4,1,2.0,1,2,73
202400031969,2024-05-16,Afternoon,2,1,5.0,1,2,13
202400031970,2024-08-31,Evening,2,1,6.0,3,1,77
202400031971,2024-03-19,Morning,4,1,3.0,1,2,73
202400031972,2024-04-30,Evening,4,1,3.0,1,2,14
202400031973,2024-05-17,Afternoon,3,1,2.0,1,2,11
202400031974,2024-09-01,Evening,3,1,7.0,2,2,2B
202400031976,2024-08-31,Morning,3,1,7.0,1,2,34
202400031977,2024-05-17,Afternoon,3,1,6.0,1,2,11
202400031978,2024-08-31,Night,3,1,6.0,5,2,83
202400031980,2024-05-17,Morning,4,1,2.0,1,1,11
202400031981,2024-09-01,Afternoon,2,1,7.0,1,2,83
202400031983,2024-05-17,Morning,4,1,3.0,1,2,10
202400031984,2024-07-23,Morning,4,1,5.0,1,2,69
202400031985,2024-08-31,Morning,3,1,2.0,1,2,21
202400031986,2024-05-16,Afternoon,4,1,2.0,1,2,10
202400031988,2024-09-01,Evening,4,1,3.0,1,2,03
202400031989,2024-05-17,Evening,4,8,4.0,1,1,09
202400031991,2024-09-01,Afternoon,3,1,7.0,1,1,60
202400031992,2024-07-23,Night,4,1,3.0,5,2,69
202400031993,2024-05-15,Morning,4,1,4.0,1,2,06
202400031994,2024-05-17,Morning,3,1,6.0,1,2,01
202400031996,2024-08-25,Night,4,1,3.0,3,1,13
202400031997,2024-05-17,Evening,4,2,2.0,1,2,75
202400031999,2024-08-31,Morning,4,1,7.0,3,1,13
202400032000,2024-05-17,Morning,4,1,2.0,1,2,75
202400032001,2024-07-22,Evening,3,1,3.0,1,2,91
202400032002,2024-08-30,Evening,4,1,3.0,1,1,13
202400032003,2024-05-17,Evening,4,2,3.0,1,2,75
202400032004,2024-07-22,Evening,3,1,7.0,1,2,87
202400032005,2024-05-17,Afternoon,4,1,3.0,1,2,75
202400032006,2024-08-30,Evening,4,1,5.0,1,1,83
202400032007,2024-07-22,Afternoon,4,1,3.0,1,2,86
202400032008,2024-05-17,Evening,4,8,6.0,1,2,75
202400032009,2024-07-22,Night,4,1,6.0,5,2,83
202400032010,2024-05-17,Afternoon,4,1,2.0,1,2,75
202400032011,2024-08-31,Evening,4,1,4.0,3,1,69
202400032012,2024-07-15,Night,3,1,6.0,5,2,83
202400032013,2024-05-17,Morning,4,1,3.0,1,2,75
202400032014,2024-07-21,Morning,4,1,7.0,1,2,80
202400032015,2024-08-07,Morning,4,1,3.0,1,1,69
202400032016,2024-05-17,Afternoon,4,1,6.0,1,2,75
202400032017,2024-07-23,Night,4,1,3.0,5,2,78
202400032018,2024-05-16,Evening,4,1,6.0,5,2,75
202400032019,2024-08-31,Night,4,1,2.0,3,1,69
202400032020,2024-07-23,Afternoon,4,1,3.0,1,2,77
202400032021,2024-05-17,Night,4,1,6.0,5,2,75
202400032022,2024-07-23,Night,4,1,7.0,5,2,77
202400032023,2024-05-16,Evening,4,1,1.0,1,2,75
202400032024,2024-08-19,Night,4,1,4.0,3,1,67
202400032025,2024-07-21,Morning,3,1,1.0,1,2,76
202400032026,2024-08-31,Evening,4,1,2.0,1,1,33
202400032027,2024-07-19,Evening,4,1,6.0,1,1,76
202400032028,2024-07-19,Night,4,1,3.0,5,2,76
202400032029,2024-08-31,Afternoon,4,1,2.0,1,1,33
202400032030,2024-07-23,Afternoon,4,1,3.0,1,2,73
202400032031,2024-08-31,Evening,4,1,7.0,1,1,91
202400032032,2024-07-22,Afternoon,3,1,6.0,1,2,72
202400032033,2024-08-31,Morning,4,1,3.0,1,1,94
202400032034,2024-07-22,Afternoon,4,1,6.0,1,2,72
202400032035,2024-08-30,Afternoon,4,2,6.0,1,1,92
202400032036,2024-07-22,Evening,4,1,7.0,1,1,71
202400032037,2024-08-31,Afternoon,4,1,2.0,1,1,93
202400032038,2024-07-22,Night,4,1,3.0,5,2,71
202400032039,2024-08-31,Afternoon,4,1,2.0,1,1,95
202400032040,2024-07-23,Morning,2,1,3.0,1,2,69
202400032041,2024-08-31,Night,4,1,3.0,3,1,93
202400032042,2024-08-31,Night,4,1,6.0,5,1,93
202400032043,2024-07-22,Evening,4,1,1.0,1,2,69
202400032044,2024-08-31,Night,4,1,2.0,3,1,93
202400032045,2024-07-22,Morning,4,1,3.0,1,2,67
202400032046,2024-08-30,Evening,4,2,6.0,3,1,95
202400032047,2024-07-22,Afternoon,4,1,3.0,1,1,66
202400032048,2024-08-30,Afternoon,4,9,4.0,1,1,93
202400032049,2024-07-23,Morning,4,1,6.0,1,2,65
202400032050,2024-08-30,Morning,4,1,3.0,1,1,95
202400032051,2024-07-23,Morning,4,1,3.0,1,2,64
202400032052,2024-07-22,Afternoon,4,7,3.0,1,2,64
202400032053,2024-08-30,Evening,4,1,4.0,3,1,94
202400032055,2024-07-23,Afternoon,4,1,2.0,1,2,64
202400032056,2024-07-23,Afternoon,4,1,3.0,1,2,64
202400032059,2024-07-22,Afternoon,4,1,2.0,1,2,62
202400032061,2024-07-23,Morning,4,1,3.0,1,2,59
202400032063,2024-07-14,Morning,4,1,3.0,1,2,59
202400032064,2024-08-30,Afternoon,4,1,3.0,1,2,69
202400032065,2024-07-22,Afternoon,3,1,3.0,1,2,59
202400032067,2024-07-22,Afternoon,4,1,2.0,1,2,54
202400032069,2024-07-22,Night,4,1,7.0,5,2,51
202400032070,2024-07-12,Afternoon,3,1,3.0,1,2,51
202400032071,2024-08-30,Afternoon,4,2,2.0,1,2,91
202400032072,2024-07-23,Morning,3,8,3.0,1,2,49
202400032073,2024-08-29,Night,3,1,7.0,5,2,83
202400032074,2024-08-30,Morning,4,1,2.0,1,2,81
202400032075,2024-07-23,Evening,4,1,3.0,1,2,46
202400032076,2024-08-29,Morning,4,1,6.0,1,2,80
202400032077,2024-08-29,Night,3,1,7.0,5,2,80
202400032078,2024-07-22,Afternoon,4,1,3.0,1,2,44
202400032079,2024-07-23,Evening,4,1,6.0,1,2,44
202400032080,2024-08-29,Afternoon,4,1,3.0,1,2,76
202400032081,2024-07-22,Morning,3,1,3.0,1,2,42
202400032082,2024-08-29,Evening,2,1,7.0,1,2,76
202400032083,2024-07-23,Night,4,1,6.0,5,2,42
202400032084,2024-08-30,Evening,4,1,6.0,1,2,69
202400032085,2024-08-30,Afternoon,4,1,3.0,1,2,67
202400032086,2024-07-22,Evening,4,1,3.0,2,2,37
202400032087,2024-08-30,Evening,4,1,2.0,1,2,64
202400032088,2024-07-22,Morning,3,1,2.0,1,2,34
202400032089,2024-08-30,Afternoon,4,1,7.0,1,2,64
202400032090,2024-08-27,Evening,3,1,6.0,1,2,62
202400032091,2024-07-23,Night,4,1,1.0,3,1,34
202400032092,2024-08-30,Night,4,1,3.0,5,2,59
202400032093,2024-07-23,Night,4,1,3.0,5,2,33
202400032094,2024-08-30,Afternoon,4,2,6.0,1,2,56
202400032095,2024-07-23,Morning,4,1,1.0,1,2,31
202400032096,2024-08-30,Night,4,1,1.0,5,2,54
202400032097,2024-08-30,Night,4,1,3.0,3,2,51
202400032098,2024-07-22,Afternoon,4,1,2.0,1,1,31
202400032099,2024-08-30,Afternoon,4,1,3.0,1,2,51
202400032100,2024-07-19,Morning,3,1,3.0,1,1,30
202400032101,2024-07-22,Evening,4,1,6.0,1,2,29
202400032102,2024-08-30,Morning,4,8,3.0,1,2,51
202400032103,2024-07-22,Afternoon,4,1,6.0,1,2,29
202400032104,2024-08-30,Morning,4,1,6.0,1,2,51
202400032105,2024-07-22,Afternoon,4,1,3.0,1,2,29
202400032106,2024-08-29,Evening,4,1,1.0,5,2,51
202400032107,2024-07-23,Afternoon,4,1,3.0,1,2,25
202400032108,2024-08-29,Morning,4,1,1.0,2,2,51
202400032109,2024-07-22,Afternoon,4,1,3.0,1,2,19
202400032110,2024-08-29,Evening,2,1,6.0,1,2,51
202400032111,2024-07-23,Morning,4,7,3.0,1,1,17
202400032112,2024-08-29,Evening,4,1,6.0,1,2,51
202400032113,2024-07-22,Evening,4,2,6.0,4,2,14
202400032114,2024-07-23,Morning,3,1,7.0,1,2,14
202400032115,2024-08-30,Evening,4,1,4.0,1,2,45
202400032116,2024-07-23,Evening,4,1,3.0,1,2,13
202400032117,2024-08-29,Evening,4,1,6.0,1,2,44
202400032118,2024-07-23,Evening,4,1,1.0,1,2,13
202400032119,2024-07-23,Morning,3,1,1.0,1,2,13
202400032120,2024-08-29,Evening,4,1,3.0,1,2,44
202400032121,2024-08-30,Afternoon,4,1,6.0,1,2,41
202400032122,2024-07-22,Afternoon,4,1,3.0,1,2,13
202400032123,2024-07-23,Evening,4,1,6.0,5,2,11
202400032124,2024-08-30,Afternoon,4,1,3.0,1,2,38
202400032125,2024-08-30,Afternoon,4,1,1.0,1,2,34
202400032126,2024-07-23,Afternoon,4,1,4.0,1,2,06
202400032127,2024-08-30,Evening,4,1,6.0,5,2,33
202400032128,2024-07-23,Morning,4,1,5.0,1,2,06
202400032129,2024-08-30,Morning,3,1,6.0,1,2,29
202400032130,2024-08-30,Afternoon,4,1,1.0,1,2,29
202400032131,2024-07-23,Evening,4,1,5.0,1,2,75
202400032132,2024-08-30,Afternoon,4,1,2.0,1,2,29
202400032133,2024-07-23,Afternoon,4,1,2.0,1,2,75
202400032134,2024-07-23,Morning,4,1,2.0,1,2,75
202400032135,2024-08-29,Evening,4,1,3.0,1,2,29
202400032136,2024-07-23,Morning,4,2,3.0,1,2,75
202400032137,2024-08-30,Afternoon,4,1,2.0,1,2,25
202400032138,2024-07-22,Evening,4,1,4.0,1,2,75
202400032139,2024-08-30,Morning,3,1,6.0,1,2,25
202400032140,2024-07-22,Morning,3,1,2.0,1,2,75
202400032141,2024-08-30,Morning,4,1,1.0,1,2,17
202400032142,2024-07-21,Evening,4,1,5.0,1,2,75
202400032143,2024-08-28,Morning,3,1,7.0,1,1,14
202400032144,2024-07-23,Afternoon,3,1,2.0,1,2,75
202400032145,2024-08-30,Morning,3,1,7.0,2,2,13
202400032146,2024-07-23,Afternoon,4,1,2.0,1,2,75
202400032147,2024-08-29,Afternoon,4,1,1.0,2,2,13
202400032148,2024-08-30,Evening,3,1,6.0,1,2,13
202400032149,2024-07-23,Morning,4,2,3.0,1,2,75
202400032150,2024-08-30,Morning,4,1,3.0,1,2,13
202400032151,2024-07-23,Evening,4,1,3.0,2,2,75
202400032152,2024-08-30,Night,3,1,2.0,5,1,13
202400032153,2024-07-23,Afternoon,4,8,3.0,1,2,75
202400032154,2024-08-30,Morning,4,1,3.0,1,2,10
202400032155,2024-07-23,Morning,4,2,2.0,1,2,75
202400032156,2024-07-23,Morning,4,2,6.0,1,2,75
202400032157,2024-08-29,Evening,4,1,3.0,2,2,10
202400032158,2024-07-23,Morning,4,2,2.0,1,2,75
202400032159,2024-08-29,Evening,4,1,4.0,1,2,10
202400032160,2024-07-23,Morning,4,2,6.0,1,2,75
202400032161,2024-08-29,Evening,2,1,6.0,1,2,06
202400032162,2024-07-23,Afternoon,4,1,6.0,1,2,75
202400032163,2024-08-21,Afternoon,3,1,3.0,1,2,03
202400032164,2024-07-21,Morning,4,1,6.0,1,2,94
202400032165,2024-08-30,Morning,4,1,4.0,1,2,75
202400032166,2024-07-22,Afternoon,3,1,1.0,1,2,94
202400032167,2024-08-27,Afternoon,4,1,2.0,1,2,75
202400032168,2024-07-23,Afternoon,4,2,2.0,1,2,94
202400032169,2024-08-30,Morning,3,8,3.0,1,2,75
202400032170,2024-07-23,Night,4,2,3.0,5,2,93
202400032171,2024-08-30,Afternoon,4,2,1.0,1,2,75
202400032172,2024-08-30,Afternoon,4,3,3.0,1,2,75
202400032173,2024-07-22,Morning,4,1,4.0,1,2,93
202400032174,2024-07-22,Morning,4,1,6.0,1,2,93
202400032175,2024-08-30,Evening,4,2,2.0,1,2,75
202400032176,2024-07-23,Afternoon,4,1,6.0,1,2,93
202400032177,2024-08-30,Morning,4,1,2.0,1,2,75
202400032178,2024-07-23,Morning,4,2,3.0,1,2,93
202400032179,2024-08-30,Afternoon,4,2,6.0,1,2,94
202400032180,2024-08-30,Evening,4,2,6.0,3,2,94
202400032181,2024-07-23,Afternoon,4,1,3.0,1,2,93
202400032182,2024-08-30,Evening,4,2,3.0,1,2,94
202400032183,2024-07-23,Morning,4,1,3.0,1,2,93
202400032184,2024-07-23,Afternoon,4,1,2.0,1,2,93
202400032185,2024-08-30,Morning,3,1,2.0,1,2,94
202400032186,2024-07-04,Afternoon,4,1,6.0,1,2,92
202400032187,2024-08-30,Evening,4,2,3.0,1,2,94
202400032188,2024-08-30,Afternoon,4,3,3.0,1,2,93
202400032189,2024-07-23,Night,4,1,3.0,5,2,92
202400032190,2024-07-23,Morning,4,2,6.0,2,1,92
202400032191,2024-08-29,Afternoon,4,1,3.0,1,2,93
202400032192,2024-07-23,Morning,4,2,2.0,1,2,92
202400032193,2024-08-30,Evening,4,8,6.0,5,2,93
202400032194,2024-07-23,Morning,4,2,7.0,1,2,92
202400032195,2024-08-30,Night,4,1,6.0,5,2,93
202400032196,2024-07-22,Evening,4,1,1.0,1,2,92
202400032197,2024-08-29,Night,4,1,3.0,5,2,93
202400032198,2024-08-31,Morning,4,1,6.0,1,2,92
202400032199,2024-08-29,Evening,4,1,2.0,1,2,92
202400032200,2024-08-29,Afternoon,4,1,7.0,1,2,92
202400032201,2024-07-22,Morning,4,1,3.0,1,2,92
202400032202,2024-08-29,Evening,4,1,7.0,1,2,92
202400032203,2024-07-21,Afternoon,4,1,1.0,1,2,92
202400032204,2024-08-29,Night,4,1,3.0,5,2,92
202400032205,2024-07-23,Afternoon,4,1,2.0,1,2,92
202400032206,2024-08-30,Evening,4,8,5.0,1,2,92
202400032207,2024-07-23,Afternoon,4,1,1.0,1,1,54
202400032208,2024-07-23,Afternoon,3,1,3.0,1,1,40
202400032209,2024-08-27,Morning,4,1,3.0,1,2,92
202400032210,2024-07-24,Morning,4,1,3.0,1,1,68
202400032211,2024-08-31,Afternoon,4,1,3.0,1,1,49
202400032212,2024-08-30,Morning,3,1,6.0,1,1,2A
202400032213,2024-08-31,Morning,2,7,1.0,1,1,2A
202400032214,2024-07-23,Night,2,1,2.0,3,1,34
202400032215,2024-08-31,Afternoon,4,1,6.0,1,2,06
202400032216,2024-07-23,Afternoon,3,1,6.0,1,2,34
202400032217,2024-08-30,Afternoon,4,1,3.0,1,1,57
202400032218,2024-07-10,Afternoon,4,1,2.0,1,2,31
202400032219,2024-08-31,Morning,4,1,2.0,1,1,52
202400032220,2024-07-23,Afternoon,4,1,1.0,1,2,59
202400032222,2024-08-30,Night,4,1,7.0,3,2,06
202400032223,2024-07-24,Morning,3,1,4.0,1,1,77
202400032224,2024-08-30,Evening,3,1,6.0,5,1,06
202400032225,2024-07-23,Evening,4,1,2.0,1,2,77
202400032227,2024-07-23,Afternoon,3,1,1.0,1,1,79
202400032228,2024-08-30,Night,2,1,6.0,3,1,23
202400032229,2024-07-23,Evening,2,1,3.0,1,1,79
202400032230,2024-08-31,Night,4,1,7.0,3,1,47
202400032231,2024-07-24,Afternoon,2,1,1.0,1,1,79
202400032232,2024-08-30,Afternoon,3,1,5.0,1,1,37
202400032233,2024-08-31,Afternoon,3,3,7.0,1,1,41
202400032234,2024-07-19,Afternoon,4,1,1.0,1,1,2A
202400032235,2024-08-30,Morning,3,1,6.0,1,2,62
202400032236,2024-07-18,Morning,4,1,2.0,1,1,65
202400032237,2024-08-31,Morning,4,1,6.0,5,1,56
202400032238,2024-07-22,Evening,4,1,7.0,1,1,81
202400032239,2024-08-30,Night,3,1,6.0,3,1,61
202400032240,2024-07-24,Afternoon,3,1,1.0,1,1,71
202400032241,2024-08-31,Afternoon,3,1,1.0,1,1,86
202400032242,2024-07-23,Evening,2,1,6.0,1,1,71
202400032243,2024-08-31,Morning,3,1,3.0,1,2,68
202400032244,2024-07-24,Afternoon,3,1,6.0,1,2,89
202400032245,2024-08-31,Morning,4,1,1.0,1,1,25
202400032246,2024-07-23,Evening,3,1,7.0,1,1,89
202400032247,2024-07-23,Afternoon,4,1,7.0,1,1,63
202400032248,2024-08-30,Morning,3,2,3.0,1,1,44
202400032249,2024-07-23,Afternoon,3,1,3.0,1,2,63
202400032250,2024-08-30,Afternoon,4,1,3.0,1,1,44
202400032251,2024-07-11,Morning,3,1,6.0,1,1,63
202400032252,2024-07-10,Evening,3,2,3.0,1,1,44
202400032253,2024-08-30,Evening,3,1,7.0,1,1,29
202400032254,2024-07-23,Afternoon,3,1,3.0,1,1,12
202400032255,2024-08-30,Afternoon,4,1,3.0,1,1,58
202400032256,2024-07-23,Night,3,1,7.0,3,1,34
202400032257,2024-08-30,Morning,2,7,7.0,1,1,54
202400032258,2024-08-31,Afternoon,3,1,7.0,1,1,72
202400032259,2024-07-24,Afternoon,4,1,1.0,1,1,25
202400032260,2024-08-30,Evening,3,1,2.0,1,1,73
202400032261,2024-07-23,Evening,3,1,3.0,1,1,44
202400032262,2024-08-31,Night,3,1,6.0,3,1,07
202400032263,2024-07-21,Morning,3,1,7.0,1,1,44
202400032264,2024-08-29,Night,3,1,3.0,5,2,30
202400032265,2024-07-24,Morning,3,1,6.0,1,1,35
202400032266,2024-08-31,Morning,3,1,7.0,1,2,30
202400032267,2024-07-23,Afternoon,3,1,6.0,1,2,38
202400032268,2024-08-30,Morning,3,7,7.0,1,2,30
202400032269,2024-08-31,Afternoon,3,1,7.0,1,1,48
202400032270,2024-07-19,Evening,3,1,1.0,1,1,38
202400032271,2024-08-31,Night,4,5,7.0,4,1,30
202400032272,2024-07-24,Afternoon,3,1,3.0,1,1,15
202400032273,2024-08-28,Afternoon,4,1,5.0,1,1,33
202400032274,2024-07-24,Afternoon,4,1,2.0,1,1,01
202400032276,2024-07-23,Evening,3,1,1.0,1,1,66