Num_Acc,date,time_of_day,max_severity,weather,collision_type,lighting,urban_area,department
202400032278,2024-08-30,Afternoon,3,1,1.0,1,1,17
202400032282,2024-08-30,Afternoon,4,1,3.0,1,2,33
202400032283,2024-08-31,Afternoon,3,1,6.0,1,2,83
202400032284,2024-08-31,Afternoon,4,1,4.0,1,1,06
202400032285,2024-08-31,Morning,4,1,6.0,1,1,26
202400032286,2024-08-31,Morning,3,1,3.0,1,1,71
202400032287,2024-08-31,Night,2,1,7.0,3,1,57
202400032288,2024-08-30,Morning,3,1,6.0,1,2,42
202400032289,2024-08-30,Evening,3,1,1.0,3,1,69
202400032290,2024-08-29,Evening,4,2,1.0,1,1,85
202400032291,2024-08-31,Morning,4,1,3.0,1,1,85
202400032292,2024-08-30,Afternoon,3,1,7.0,1,1,49
202400032293,2024-08-30,Evening,4,3,4.0,1,1,56
202400032294,2024-10-05,Afternoon,3,1,6.0,1,1,06
202400032295,2024-10-05,Morning,4,1,1.0,1,2,13
202400032296,2024-10-02,Afternoon,3,1,1.0,1,2,13
202400032297,2024-10-05,Morning,3,1,3.0,1,1,21
202400032298,2024-10-05,Afternoon,3,1,7.0,1,1,44
202400032299,2024-10-05,Afternoon,3,1,3.0,1,1,26
202400032300,2024-09-30,Afternoon,3,1,3.0,1,2,81
202400032301,2024-10-05,Evening,3,2,1.0,3,1,33
202400032302,2024-10-05,Morning,4,1,2.0,3,1,33
202400032303,2024-10-05,Evening,3,1,3.0,2,2,85
202400032304,2024-10-04,Afternoon,3,1,3.0,1,1,44
202400032305,2024-10-01,Afternoon,4,1,6.0,1,1,27
202400032306,2024-10-05,Afternoon,2,1,3.0,1,1,76
202400032307,2024-10-06,Morning,3,8,6.0,3,1,76
202400032308,2024-10-05,Evening,4,1,1.0,5,2,60
202400032309,2024-10-04,Afternoon,3,1,2.0,1,1,02
202400032310,2024-10-04,Night,4,1,2.0,5,1,13
202400032311,2024-10-04,Evening,4,1,2.0,5,2,83
202400032312,2024-09-26,Afternoon,4,2,3.0,1,1,69
202400032313,2024-10-04,Night,4,1,2.0,3,1,57
202400032314,2024-10-05,Afternoon,4,1,5.0,1,1,94
202400032315,2024-10-05,Night,4,1,2.0,3,1,91
202400032316,2024-10-05,Afternoon,4,7,2.0,1,1,92
202400032317,2024-10-05,Afternoon,4,1,2.0,1,1,92
202400032318,2024-10-05,Night,4,1,2.0,3,1,78
202400032319,2024-10-05,Afternoon,4,1,2.0,1,1,93
202400032320,2024-10-05,Afternoon,4,1,5.0,1,1,94
202400032321,2024-10-05,Afternoon,4,1,6.0,1,1,77
202400032322,2024-10-05,Afternoon,4,1,2.0,1,1,94
202400032323,2024-10-05,Morning,4,1,6.0,1,1,77
202400032329,2024-10-04,Morning,4,8,6.0,2,2,69
202400032330,2024-10-04,Morning,4,1,3.0,5,2,2B
202400032332,2024-10-04,Morning,4,1,3.0,1,1,2A
202400032333,2024-10-04,Night,4,1,6.0,4,2,91
202400032334,2024-10-04,Afternoon,4,1,6.0,1,2,91
202400032335,2024-10-04,Morning,4,1,3.0,1,2,91
202400032336,2024-10-03,Evening,4,1,3.0,5,2,90
202400032337,2024-10-03,Afternoon,4,1,7.0,1,2,87
202400032338,2024-10-02,Morning,4,1,1.0,2,2,87
202400032339,2024-10-04,Afternoon,4,1,1.0,1,2,86
202400032340,2024-10-01,Afternoon,4,2,6.0,1,2,86
202400032341,2024-10-04,Morning,4,1,3.0,2,2,84
202400032342,2024-10-03,Afternoon,4,1,2.0,1,2,84
202400032343,2024-10-02,Morning,4,1,2.0,1,2,84
202400032344,2024-10-03,Night,3,1,1.0,5,2,83
202400032345,2024-10-04,Afternoon,3,1,3.0,1,2,83
202400032346,2024-10-04,Night,2,1,7.0,3,2,83
202400032347,2024-10-04,Morning,4,1,7.0,2,2,79
202400032348,2024-10-04,Afternoon,4,1,6.0,1,2,78
202400032349,2024-09-30,Afternoon,4,1,6.0,1,2,77
202400032350,2024-10-04,Evening,4,8,3.0,1,2,76
202400032351,2024-10-04,Evening,4,1,5.0,1,2,72
202400032352,2024-10-04,Evening,4,1,3.0,1,2,72
202400032353,2024-10-04,Afternoon,4,1,6.0,1,2,72
202400032354,2024-10-04,Evening,4,1,7.0,2,2,71
202400032355,2024-10-03,Afternoon,4,1,1.0,1,2,71
202400032356,2024-10-04,Night,4,1,6.0,5,2,69
202400032357,2024-10-04,Morning,3,1,6.0,1,2,64
202400032358,2024-10-04,Morning,4,1,3.0,1,2,64
202400032359,2024-10-04,Morning,4,5,1.0,2,1,64
202400032360,2024-10-03,Afternoon,4,1,6.0,1,2,64
202400032361,2024-10-03,Afternoon,4,1,2.0,1,2,64
202400032362,2024-10-03,Morning,4,3,6.0,2,2,63
202400032363,2024-10-05,Night,4,1,3.0,5,2,63
202400032364,2024-10-04,Morning,4,1,3.0,1,2,63
202400032365,2024-10-04,Morning,4,1,6.0,1,2,59
202400032366,2024-10-04,Afternoon,4,1,3.0,1,1,59
202400032367,2024-09-14,Evening,4,1,5.0,1,2,58
202400032368,2024-10-04,Morning,4,1,3.0,1,2,56
202400032369,2024-10-04,Afternoon,4,1,3.0,1,2,56
202400032370,2024-10-03,Afternoon,4,1,6.0,1,2,56
202400032371,2024-10-04,Morning,4,1,3.0,2,2,56
202400032372,2024-09-28,Morning,4,1,1.0,2,2,55
202400032373,2024-10-04,Night,4,1,3.0,5,2,54
202400032374,2024-10-04,Afternoon,4,1,3.0,1,2,54
202400032375,2024-10-04,Evening,4,1,3.0,5,2,51
202400032376,2024-10-04,Afternoon,4,1,6.0,1,2,51
202400032377,2024-10-03,Evening,4,1,6.0,1,2,51
202400032378,2024-10-03,Afternoon,4,1,2.0,1,1,50
202400032379,2024-10-04,Evening,4,1,3.0,1,2,49
202400032380,2024-10-03,Evening,4,1,2.0,5,2,49
202400032381,2024-10-04,Evening,3,1,2.0,2,1,47
202400032382,2024-10-04,Afternoon,4,1,3.0,1,2,45
202400032383,2024-10-04,Morning,4,7,6.0,1,2,45
202400032384,2024-10-04,Evening,4,1,3.0,5,2,44
202400032385,2024-10-04,Morning,4,1,1.0,1,2,44
202400032386,2024-10-04,Evening,4,8,1.0,5,2,38
202400032387,2024-10-04,Morning,2,1,6.0,1,2,38
202400032388,2024-09-25,Afternoon,4,1,3.0,1,2,38
202400032389,2024-10-05,Night,4,1,3.0,5,2,37
202400032390,2024-10-04,Evening,4,1,7.0,5,2,37
202400032391,2024-10-04,Afternoon,4,1,1.0,1,2,37
202400032392,2024-10-04,Evening,4,1,4.0,3,1,35
202400032393,2024-10-04,Evening,4,1,3.0,1,1,35
202400032394,2024-10-04,Morning,4,1,2.0,1,1,35
202400032395,2024-10-05,Night,4,1,2.0,5,2,34
202400032396,2024-09-30,Morning,4,1,3.0,1,2,34
202400032397,2024-10-04,Afternoon,4,1,1.0,1,2,33
202400032398,2024-10-04,Morning,4,1,3.0,1,2,33
202400032399,2024-10-04,Afternoon,4,1,3.0,1,2,31
202400032400,2024-10-03,Morning,4,1,6.0,2,2,29
202400032401,2024-10-04,Afternoon,4,1,3.0,1,2,27
202400032402,2024-10-04,Evening,4,1,7.0,5,2,27
202400032403,2024-10-04,Morning,3,1,3.0,1,2,27
202400032404,2024-10-04,Afternoon,4,1,2.0,1,1,14
202400032405,2024-10-04,Morning,3,1,3.0,1,2,14
202400032406,2024-10-04,Evening,4,1,2.0,5,1,13
202400032407,2024-10-04,Night,3,1,3.0,5,2,13
202400032408,2024-10-04,Night,3,1,6.0,5,2,13
202400032409,2024-10-04,Afternoon,4,1,3.0,1,2,10
202400032410,2024-10-04,Night,2,1,6.0,5,2,08
202400032411,2024-10-04,Morning,4,1,3.0,1,2,07
202400032412,2024-10-04,Morning,3,1,3.0,1,2,06
202400032413,2024-10-04,Evening,4,1,7.0,1,1,04
202400032414,2024-10-04,Night,2,1,6.0,5,2,75
202400032415,2024-10-04,Afternoon,4,1,3.0,1,2,75
202400032416,2024-10-04,Afternoon,4,1,6.0,1,2,75
202400032417,2024-10-04,Evening,4,1,6.0,5,2,75
202400032418,2024-10-04,Afternoon,4,1,6.0,1,2,75
202400032419,2024-10-04,Night,4,1,3.0,5,2,75
202400032420,2024-10-04,Afternoon,4,1,3.0,1,2,75
202400032421,2024-10-03,Evening,4,1,3.0,1,2,75
202400032422,2024-10-03,Morning,4,1,2.0,1,2,75
202400032423,2024-10-04,Afternoon,4,1,3.0,1,2,75
202400032424,2024-10-04,Night,4,1,1.0,5,2,75
202400032425,2024-10-03,Afternoon,4,8,3.0,1,2,94
202400032426,2024-10-02,Afternoon,4,1,3.0,1,2,94
202400032427,2024-10-02,Afternoon,4,2,3.0,1,2,94
202400032428,2024-10-04,Evening,4,1,3.0,1,2,94
202400032429,2024-10-04,Afternoon,4,1,3.0,1,2,94
202400032430,2024-10-04,Morning,4,1,3.0,1,2,93
202400032431,2024-10-04,Afternoon,4,1,3.0,1,2,93
202400032432,2024-10-04,Afternoon,4,1,3.0,1,2,93
202400032433,2024-10-04,Afternoon,4,1,3.0,1,2,93
202400032434,2024-10-04,Afternoon,4,1,6.0,1,2,93
202400032435,2024-10-04,Night,4,1,6.0,5,2,93
202400032436,2024-10-03,Evening,4,1,1.0,5,2,93
202400032437,2024-10-03,Evening,4,1,6.0,5,2,93
202400032438,2024-10-03,Morning,4,1,3.0,1,2,93
202400032439,2024-10-04,Evening,4,1,2.0,1,2,93
202400032440,2024-10-04,Night,3,1,3.0,5,2,93
202400032441,2024-10-01,Night,4,2,2.0,3,2,92
202400032442,2024-10-04,Morning,4,1,7.0,1,2,92
202400032443,2024-10-04,Night,4,1,7.0,5,2,92
202400032444,2024-10-02,Evening,4,1,6.0,1,2,92
202400032445,2024-10-05,Night,2,1,6.0,3,1,34
202400032446,2024-10-04,Afternoon,4,1,3.0,1,1,52
202400032447,2024-10-05,Morning,3,1,2.0,1,1,91
202400032448,2024-10-05,Night,4,1,6.0,5,2,91
202400032449,2024-10-05,Night,4,1,6.0,3,1,42
202400032450,2024-10-04,Evening,4,1,1.0,2,1,77
202400032451,2024-09-29,Evening,3,1,7.0,3,1,59
202400032452,2024-10-04,Afternoon,3,1,7.0,1,1,19
202400032453,2024-10-04,Afternoon,4,1,1.0,1,2,71
202400032454,2024-10-05,Night,4,1,6.0,3,1,71
202400032455,2024-10-03,Morning,3,1,1.0,1,2,47
202400032456,2024-09-29,Night,3,1,6.0,2,2,29
202400032457,2024-10-05,Morning,3,1,3.0,1,1,50
202400032458,2024-09-22,Afternoon,3,1,7.0,1,1,83
202400032459,2024-10-05,Morning,2,5,7.0,1,1,60
202400032460,2024-10-04,Afternoon,3,1,3.0,1,2,18
202400032461,2024-10-04,Night,4,1,3.0,3,1,24
202400032462,2024-10-04,Evening,3,1,1.0,1,1,17
202400032463,2024-10-05,Night,2,5,6.0,3,1,23
202400032464,2024-10-04,Afternoon,4,1,3.0,1,2,87
202400032465,2024-10-04,Morning,3,8,6.0,2,1,88
202400032468,2024-10-04,Evening,3,1,1.0,1,1,33
202400032469,2024-10-03,Night,3,1,2.0,3,1,89
202400032470,2024-10-05,Night,3,1,6.0,3,1,51
202400032471,2024-10-04,Evening,3,1,3.0,5,2,83
202400032472,2024-10-04,Afternoon,4,1,1.0,1,1,50
202400032473,2024-10-04,Evening,4,1,4.0,3,1,13
202400032474,2024-10-04,Evening,4,1,4.0,2,1,91
202400032475,2024-10-04,Night,4,1,1.0,3,1,91
202400032476,2024-10-03,Night,4,1,3.0,3,1,78
202400032477,2024-10-03,Evening,4,1,2.0,5,1,92
202400032478,2024-10-03,Afternoon,4,1,6.0,1,1,92
202400032479,2024-10-01,Evening,4,1,2.0,1,1,93
202400032480,2024-10-04,Night,4,1,2.0,3,1,93
202400032481,2024-10-03,Afternoon,4,1,2.0,1,1,95
202400032482,2024-10-03,Afternoon,4,1,5.0,1,1,95
202400032483,2024-10-02,Evening,4,1,3.0,1,1,93
202400032484,2024-10-03,Morning,4,1,3.0,2,1,95
202400032485,2024-10-02,Afternoon,4,1,2.0,1,1,95
202400032490,2024-10-03,Afternoon,4,1,1.0,1,2,69
202400032491,2024-06-23,Night,2,1,6.0,3,1,55
202400032492,2024-06-22,Morning,3,1,7.0,1,1,49
202400032493,2024-06-23,Morning,3,1,7.0,1,1,12
202400032494,2024-06-07,Afternoon,3,1,7.0,1,1,41
202400032495,2024-06-19,Afternoon,3,1,6.0,1,2,34
202400032496,2024-06-23,Night,4,1,6.0,4,2,68
202400032497,2024-06-22,Afternoon,4,1,3.0,1,1,44
202400032498,2024-06-22,Afternoon,3,1,6.0,1,1,44
202400032499,2024-06-22,Afternoon,3,1,1.0,1,2,29
202400032500,2024-06-22,Afternoon,4,1,3.0,1,2,29
202400032501,2024-06-22,Afternoon,4,1,5.0,1,1,02
202400032502,2024-06-23,Afternoon,3,1,6.0,1,1,84
202400032503,2024-06-22,Morning,3,8,6.0,1,2,01
202400032504,2024-06-23,Evening,2,1,6.0,1,1,01
202400032505,2024-06-22,Evening,3,2,6.0,1,1,01
202400032506,2024-06-23,Afternoon,4,1,3.0,1,1,45
202400032507,2024-06-23,Night,3,2,6.0,5,2,45
202400032508,2024-06-21,Afternoon,4,1,1.0,1,1,64
202400032509,2024-06-22,Night,3,1,6.0,3,1,24
202400032510,2024-06-23,Night,2,1,6.0,3,1,85
202400032511,2024-06-22,Morning,4,2,7.0,2,1,85
202400032512,2024-06-23,Night,4,1,7.0,3,2,85
202400032513,2024-06-22,Afternoon,3,1,1.0,1,2,27
202400032514,2024-06-23,Morning,3,1,6.0,1,1,87
202400032515,2024-06-21,Morning,4,1,3.0,1,1,30
202400032516,2024-06-23,Morning,3,1,7.0,2,2,30
202400032517,2024-05-18,Morning,3,2,6.0,2,1,31
202400032518,2024-06-22,Evening,3,1,6.0,1,1,04
202400032519,2024-06-23,Afternoon,4,1,7.0,1,1,38
202400032520,2024-06-23,Afternoon,4,1,3.0,1,2,69
202400032523,2024-06-22,Evening,3,1,3.0,1,2,77
202400032524,2024-06-23,Afternoon,3,1,3.0,1,1,91
202400032525,2024-06-22,Night,4,1,2.0,3,1,2B
202400032526,2024-06-18,Afternoon,3,7,2.0,1,1,34
202400032527,2024-06-22,Afternoon,3,1,2.0,1,1,73
202400032528,2024-06-22,Afternoon,4,1,3.0,1,2,38
202400032529,2024-06-22,Afternoon,4,1,3.0,1,2,01
202400032530,2024-06-22,Morning,3,1,5.0,1,1,17
202400032531,2024-06-23,Afternoon,2,1,6.0,1,2,86
202400032532,2024-06-23,Morning,3,1,7.0,1,2,53
202400032533,2024-06-22,Afternoon,4,1,3.0,1,2,50
202400032534,2024-06-23,Evening,3,2,3.0,1,1,29
202400032535,2024-06-23,Night,4,1,2.0,3,1,59
202400032536,2024-06-21,Evening,4,1,3.0,1,1,13
202400032537,2024-06-22,Morning,4,1,2.0,1,1,13
202400032538,2024-06-22,Night,3,1,2.0,3,1,13
202400032539,2024-06-22,Morning,4,2,1.0,1,1,33
202400032540,2024-06-22,Afternoon,4,1,2.0,1,1,91
202400032541,2024-06-21,Afternoon,4,1,3.0,1,1,78
202400032542,2024-06-21,Evening,4,1,2.0,1,1,78
202400032543,2024-06-21,Afternoon,4,8,2.0,1,1,93
202400032544,2024-04-22,Afternoon,2,1,2.0,1,2,45
202400032549,2024-06-21,Morning,4,3,3.0,1,2,69
202400032550,2024-06-21,Evening,4,1,2.0,1,2,69
202400032551,2024-06-21,Evening,4,8,2.0,1,2,69
202400032552,2024-06-20,Evening,4,1,4.0,2,1,2B
202400032554,2024-06-21,Morning,4,3,4.0,1,2,91
202400032555,2024-06-21,Evening,3,1,3.0,1,2,91
202400032556,2024-06-21,Afternoon,4,2,2.0,1,1,91
202400032557,2024-06-21,Night,4,1,6.0,2,2,91
202400032558,2024-06-21,Afternoon,4,3,2.0,1,2,91
202400032559,2024-06-21,Night,4,8,6.0,5,2,89
202400032560,2024-11-09,Afternoon,4,1,6.0,1,2,94
202400032561,2024-06-20,Afternoon,4,1,6.0,1,2,87
202400032562,2024-11-09,Night,4,2,7.0,5,2,77
202400032563,2024-11-09,Night,4,1,6.0,3,2,93
202400032564,2024-06-21,Evening,2,1,6.0,1,2,84
202400032565,2024-11-09,Night,4,1,1.0,5,2,93
202400032566,2024-06-22,Night,4,1,1.0,5,2,83
202400032567,2024-11-09,Evening,4,1,6.0,5,2,93
202400032568,2024-06-22,Night,4,1,3.0,3,1,82
202400032569,2024-11-09,Night,4,1,7.0,5,2,92
202400032570,2024-06-21,Morning,4,1,3.0,1,2,80
202400032571,2024-11-08,Evening,4,1,1.0,5,2,92
202400032572,2024-06-21,Afternoon,4,2,6.0,1,2,78
202400032573,2024-11-09,Evening,4,1,6.0,3,2,92
202400032574,2024-06-21,Morning,4,2,6.0,1,2,78
202400032575,2024-06-21,Morning,3,2,6.0,1,2,78
202400032576,2024-11-08,Evening,3,1,1.0,5,2,92
202400032577,2024-06-21,Afternoon,4,2,3.0,1,1,77
202400032578,2024-06-21,Night,4,2,6.0,3,1,77
202400032579,2024-11-09,Afternoon,4,1,3.0,1,2,92
202400032580,2024-06-20,Afternoon,2,1,7.0,1,2,76
202400032581,2024-11-05,Afternoon,4,1,3.0,1,2,92
202400032582,2024-06-20,Afternoon,4,1,6.0,1,2,76
202400032583,2024-06-20,Afternoon,4,1,3.0,1,2,76
202400032584,2024-11-09,Evening,4,5,2.0,5,2,59
202400032585,2024-06-07,Afternoon,4,1,3.0,1,2,73
202400032586,2024-11-08,Evening,4,5,1.0,3,1,76
202400032587,2024-06-21,Morning,4,2,6.0,1,2,72
202400032588,2024-11-08,Evening,3,1,6.0,4,2,86
202400032589,2024-06-20,Evening,4,1,2.0,1,2,72
202400032590,2024-11-10,Night,4,8,1.0,3,1,41
202400032591,2024-11-06,Afternoon,4,1,6.0,1,2,06
202400032592,2024-06-20,Morning,4,1,3.0,1,2,72
202400032593,2024-11-10,Afternoon,4,1,7.0,1,2,86
202400032594,2024-11-09,Afternoon,4,1,3.0,1,1,41
202400032595,2024-06-21,Night,4,1,1.0,5,2,71
202400032596,2024-11-10,Morning,4,1,6.0,1,1,83
202400032597,2024-11-10,Night,3,2,6.0,3,1,19
202400032598,2024-06-21,Afternoon,4,1,3.0,1,2,71
202400032599,2024-11-09,Afternoon,4,1,3.0,1,1,56
202400032600,2024-06-21,Evening,4,1,4.0,1,2,69
202400032601,2024-11-08,Night,2,1,6.0,3,2,56
202400032602,2024-06-21,Afternoon,4,2,2.0,1,2,69
202400032603,2024-11-10,Afternoon,2,1,7.0,1,1,79
202400032604,2024-06-21,Afternoon,4,1,2.0,1,2,64
202400032605,2024-11-09,Morning,4,1,6.0,1,2,69
202400032606,2024-06-22,Night,4,1,7.0,5,2,64
202400032607,2024-11-10,Morning,3,1,3.0,1,2,63
202400032608,2024-06-20,Evening,4,2,7.0,1,2,64
202400032609,2024-11-10,Night,3,1,6.0,3,1,76
202400032610,2024-06-21,Morning,4,2,7.0,1,1,63
202400032611,2024-11-10,Afternoon,4,1,7.0,1,1,61
202400032612,2024-11-08,Evening,3,5,6.0,3,1,61
202400032613,2024-06-21,Evening,4,1,3.0,1,2,61
202400032614,2024-11-09,Morning,3,5,2.0,1,1,61
202400032615,2024-06-21,Morning,3,3,3.0,1,2,60
202400032616,2024-11-09,Morning,4,5,6.0,1,1,61
202400032617,2024-06-20,Afternoon,4,1,6.0,2,2,59
202400032618,2024-11-10,Afternoon,3,5,6.0,1,1,55
202400032619,2024-06-20,Morning,4,1,2.0,1,2,59
202400032620,2024-11-08,Evening,3,8,5.0,3,1,49
202400032621,2024-11-09,Evening,3,1,6.0,3,1,12
202400032622,2024-06-16,Night,4,1,3.0,5,2,59
202400032623,2024-11-10,Afternoon,2,1,6.0,1,1,42
202400032624,2024-06-20,Afternoon,4,1,1.0,1,2,56
202400032625,2024-11-10,Morning,4,1,6.0,2,1,42
202400032626,2024-11-10,Morning,3,1,6.0,3,1,35
202400032627,2024-06-21,Afternoon,4,8,4.0,1,2,51
202400032628,2024-11-09,Evening,3,1,7.0,5,2,02
202400032629,2024-11-10,Afternoon,2,1,6.0,1,2,01
202400032630,2024-06-21,Afternoon,4,2,7.0,1,2,51
202400032631,2024-11-09,Night,4,1,5.0,5,2,01
202400032632,2024-06-19,Evening,4,1,6.0,1,2,51
202400032633,2024-11-09,Evening,3,9,6.0,3,2,14
202400032634,2024-06-21,Morning,4,1,3.0,2,2,49
202400032635,2024-11-09,Night,4,2,6.0,4,2,14
202400032636,2024-11-09,Evening,4,1,6.0,5,2,50
202400032637,2024-06-21,Night,3,8,3.0,4,2,44
202400032638,2024-11-10,Afternoon,4,8,7.0,1,1,50
202400032639,2024-06-21,Afternoon,4,2,3.0,1,2,38
202400032640,2024-11-10,Afternoon,4,2,1.0,1,1,09
202400032641,2024-06-20,Evening,4,2,3.0,1,2,37
202400032642,2024-11-09,Night,4,1,6.0,3,1,73
202400032643,2024-06-21,Morning,4,1,2.0,1,1,34
202400032644,2024-11-10,Afternoon,3,1,6.0,1,2,73
202400032645,2024-06-21,Morning,3,1,6.0,1,2,34
202400032646,2024-11-08,Night,3,1,3.0,3,2,53
202400032647,2024-06-21,Evening,4,1,6.0,1,2,33
202400032648,2024-06-21,Evening,3,1,3.0,1,2,33
202400032649,2024-06-21,Evening,4,1,3.0,1,2,33
202400032650,2024-11-09,Afternoon,4,1,4.0,1,1,17
202400032651,2024-11-09,Night,3,1,6.0,3,1,37
202400032652,2024-06-11,Evening,4,1,3.0,2,2,30
202400032653,2024-11-08,Night,3,1,6.0,4,1,37
202400032654,2024-06-21,Evening,4,1,7.0,1,2,28
202400032655,2024-11-10,Night,4,5,6.0,5,2,52
202400032656,2024-06-21,Morning,4,1,1.0,1,1,27
202400032657,2024-11-09,Evening,3,1,2.0,5,2,38
202400032658,2024-06-21,Afternoon,4,1,3.0,1,2,27
202400032659,2024-06-19,Evening,4,1,6.0,1,2,27
202400032661,2024-06-21,Afternoon,3,1,3.0,1,1,26
202400032662,2024-06-18,Morning,4,2,7.0,1,2,22
202400032663,2024-11-09,Evening,4,2,5.0,3,1,06
202400032664,2024-06-18,Morning,4,8,7.0,1,1,18
202400032665,2024-06-21,Evening,3,1,3.0,1,2,13
202400032666,2024-11-10,Night,3,5,5.0,3,1,21
202400032667,2024-06-20,Night,4,1,6.0,5,2,13
202400032668,2024-11-10,Night,4,1,6.0,5,1,27
202400032669,2024-06-20,Night,4,1,3.0,3,2,13
202400032670,2024-06-21,Afternoon,3,1,3.0,1,2,11
202400032671,2024-11-10,Morning,4,2,2.0,1,1,91
202400032673,2024-06-21,Evening,3,1,6.0,1,2,10
202400032674,2024-11-10,Afternoon,4,1,1.0,1,1,66
202400032675,2024-06-21,Evening,4,1,7.0,1,2,06
202400032676,2024-11-10,Evening,3,1,6.0,3,2,66
202400032677,2024-06-20,Afternoon,4,1,5.0,1,2,06
202400032678,2024-11-09,Morning,3,2,6.0,1,2,34
202400032679,2024-11-10,Afternoon,3,1,7.0,3,2,34
202400032680,2024-06-21,Morning,4,1,4.0,1,2,04
202400032681,2024-11-10,Night,2,1,6.0,3,1,83
202400032682,2024-06-20,Night,3,1,6.0,5,2,75
202400032683,2024-11-10,Afternoon,3,1,6.0,5,2,52
202400032684,2024-06-21,Morning,4,2,2.0,1,2,75
202400032685,2024-11-10,Afternoon,4,1,1.0,1,2,42
202400032686,2024-06-20,Morning,4,1,6.0,2,2,75
202400032687,2024-11-10,Night,4,2,2.0,3,1,31
202400032688,2024-11-09,Evening,3,1,6.0,3,1,40
202400032689,2024-06-21,Evening,4,1,1.0,1,2,75
202400032690,2024-11-09,Evening,2,5,7.0,3,1,76
202400032691,2024-06-20,Afternoon,4,1,6.0,1,2,75
202400032692,2024-11-09,Evening,3,1,6.0,5,2,60
202400032693,2024-06-21,Evening,4,1,6.0,1,2,75
202400032694,2024-06-21,Evening,4,1,3.0,2,2,75
202400032695,2024-11-10,Morning,3,8,1.0,1,1,59
202400032696,2024-06-21,Afternoon,4,2,6.0,1,2,75
202400032697,2024-11-08,Evening,4,1,3.0,3,1,38
202400032698,2024-06-21,Morning,4,2,7.0,1,2,75
202400032699,2024-11-09,Evening,4,1,4.0,3,1,92
202400032700,2024-06-21,Night,4,1,3.0,5,2,75
202400032701,2024-11-09,Afternoon,4,1,2.0,5,1,94
202400032702,2024-06-21,Afternoon,4,2,7.0,1,2,75
202400032703,2024-11-09,Morning,4,5,3.0,1,1,91
202400032704,2024-06-21,Evening,4,1,5.0,1,2,94
202400032705,2024-11-09,Night,4,1,6.0,4,1,93
202400032706,2024-06-21,Afternoon,4,1,3.0,1,2,94
202400032708,2024-06-21,Afternoon,4,2,1.0,1,2,94
202400032711,2024-06-20,Evening,4,1,3.0,1,2,94
202400032713,2024-06-20,Afternoon,4,1,3.0,1,2,94
202400032714,2024-12-14,Morning,4,5,3.0,1,1,71
202400032715,2024-10-31,Afternoon,4,2,6.0,2,2,71
202400032717,2024-06-21,Afternoon,4,1,3.0,1,2,94
202400032718,2024-12-14,Morning,3,1,6.0,1,2,34
202400032720,2024-06-21,Morning,4,2,3.0,1,1,94
202400032721,2024-12-15,Night,4,1,1.0,3,1,68
202400032723,2024-12-14,Evening,3,1,7.0,3,1,44
202400032725,2024-06-21,Night,4,8,3.0,1,2,94
202400032726,2024-12-13,Afternoon,3,1,6.0,2,1,44
202400032728,2024-12-14,Morning,3,2,6.0,1,1,29
202400032729,2024-06-21,Night,4,1,3.0,5,2,94
202400032731,2024-12-16,Morning,3,8,7.0,3,1,29
202400032732,2024-06-21,Morning,4,2,3.0,1,2,94
202400032733,2024-11-09,Night,4,8,6.0,5,2,2B
202400032734,2024-12-12,Night,3,1,6.0,3,1,29
202400032735,2024-12-14,Evening,3,2,6.0,3,1,14
202400032736,2024-06-20,Afternoon,4,1,4.0,1,2,94
202400032738,2024-12-15,Night,3,2,6.0,3,1,14
202400032739,2024-06-21,Morning,4,3,3.0,1,2,93
202400032740,2024-12-16,Afternoon,3,1,1.0,1,2,90
202400032741,2024-11-08,Evening,4,2,2.0,3,1,91
202400032742,2024-06-21,Night,4,1,6.0,5,2,93
202400032743,2024-12-15,Afternoon,3,1,7.0,1,1,60
202400032744,2024-12-15,Afternoon,3,1,6.0,2,1,07
202400032745,2024-11-08,Afternoon,4,1,3.0,1,2,91
202400032746,2024-06-21,Evening,4,1,3.0,1,2,93
202400032747,2024-11-08,Morning,4,8,6.0,1,2,91
202400032748,2024-12-15,Afternoon,4,1,1.0,2,1,40
202400032749,2024-06-21,Morning,4,2,3.0,1,2,93
202400032750,2024-12-16,Morning,3,5,7.0,2,1,17
202400032751,2024-11-08,Afternoon,3,2,1.0,5,2,91
202400032752,2024-06-20,Afternoon,4,1,6.0,1,2,93
202400032753,2024-12-15,Morning,4,1,3.0,1,2,17
202400032754,2024-11-08,Afternoon,4,5,3.0,1,1,91
202400032755,2024-06-20,Morning,4,1,3.0,1,2,93
202400032756,2024-12-16,Morning,4,1,7.0,5,2,17
202400032757,2024-06-21,Morning,4,3,3.0,1,2,93
202400032758,2024-11-08,Morning,4,8,3.0,1,2,91
202400032759,2024-12-16,Morning,3,7,2.0,1,1,17
202400032760,2024-06-21,Afternoon,4,1,2.0,1,2,92
202400032761,2024-12-13,Afternoon,3,1,7.0,1,2,23
202400032762,2024-11-07,Evening,3,1,6.0,5,2,87
202400032763,2024-06-20,Evening,4,2,6.0,1,2,92
202400032764,2024-12-16,Afternoon,4,5,6.0,1,1,52
202400032765,2024-06-21,Afternoon,4,2,2.0,1,2,92