Num_Acc,date,time_of_day,max_severity,weather,collision_type,lighting,urban_area,department
202400032766,2024-11-07,Morning,3,1,3.0,1,2,85
202400032767,2024-12-15,Afternoon,2,1,6.0,1,2,30
202400032768,2024-06-21,Evening,4,1,3.0,1,2,92
202400032770,2024-11-09,Night,4,1,3.0,5,2,84
202400032771,2024-06-21,Afternoon,4,1,6.0,1,2,92
202400032772,2024-11-07,Afternoon,4,1,6.0,2,2,84
202400032773,2024-12-14,Night,3,1,2.0,3,1,79
202400032775,2024-06-01,Afternoon,3,1,7.0,1,1,54
202400032776,2024-11-07,Afternoon,4,1,2.0,1,2,84
202400032777,2024-12-16,Morning,4,1,4.0,1,1,68
202400032778,2024-06-22,Afternoon,3,1,1.0,1,2,86
202400032779,2024-12-15,Night,2,1,6.0,3,1,64
202400032780,2024-11-08,Afternoon,3,1,3.0,1,2,83
202400032781,2024-06-22,Night,4,1,4.0,3,1,66
202400032782,2024-12-15,Night,2,1,7.0,3,1,63
202400032783,2024-11-08,Afternoon,4,1,3.0,1,2,83
202400032786,2024-11-05,Evening,3,1,3.0,5,2,83
202400032790,2024-11-07,Morning,3,1,3.0,1,2,80
202400032793,2024-12-13,Morning,4,8,3.0,1,1,77
202400032794,2024-06-22,Afternoon,3,1,3.0,1,1,35
202400032795,2024-12-12,Evening,3,1,6.0,5,2,77
202400032796,2024-06-21,Morning,4,3,6.0,1,2,01
202400032797,2024-11-08,Night,4,2,1.0,5,2,77
202400032798,2024-12-16,Morning,3,2,7.0,1,1,78
202400032799,2024-12-16,Night,3,1,6.0,3,1,2A
202400032800,2024-06-22,Afternoon,3,1,3.0,1,2,62
202400032801,2024-11-07,Afternoon,4,1,5.0,3,1,77
202400032802,2024-06-21,Afternoon,3,3,6.0,1,1,19
202400032803,2024-12-13,Evening,4,1,3.0,2,2,66
202400032804,2024-11-08,Night,3,1,1.0,3,1,77
202400032805,2024-06-21,Night,4,1,6.0,5,2,19
202400032806,2024-12-15,Afternoon,4,1,6.0,3,1,83
202400032807,2024-06-21,Night,3,1,6.0,5,1,76
202400032808,2024-12-16,Morning,4,1,7.0,3,1,26
202400032809,2024-11-07,Morning,3,1,6.0,1,2,77
202400032810,2024-06-21,Evening,2,2,7.0,1,1,79
202400032811,2024-06-06,Evening,4,1,3.0,1,2,2A
202400032812,2024-11-08,Afternoon,4,8,2.0,2,2,77
202400032813,2024-12-15,Afternoon,4,1,1.0,1,1,21
202400032814,2024-06-06,Night,3,1,7.0,4,1,2A
202400032815,2024-11-08,Evening,4,2,3.0,5,2,77
202400032816,2024-12-14,Afternoon,3,1,6.0,5,2,21
202400032817,2024-06-21,Morning,3,1,6.0,1,1,2B
202400032818,2024-06-22,Afternoon,3,2,6.0,1,1,71
202400032819,2024-11-08,Morning,4,8,3.0,1,2,77
202400032820,2024-12-14,Night,4,2,1.0,3,1,38
202400032821,2024-12-15,Evening,4,8,3.0,3,1,01
202400032822,2024-11-08,Afternoon,4,1,7.0,1,2,76
202400032823,2024-06-21,Evening,4,1,3.0,1,2,71
202400032824,2024-12-14,Evening,4,8,1.0,3,1,22
202400032825,2024-06-21,Evening,3,1,3.0,1,1,12
202400032826,2024-11-07,Afternoon,4,1,3.0,1,2,72
202400032827,2024-12-15,Evening,4,2,6.0,5,2,76
202400032828,2024-06-21,Evening,3,1,7.0,1,1,34
202400032829,2024-11-07,Afternoon,4,8,6.0,1,2,72
202400032830,2024-12-08,Evening,3,2,3.0,3,1,62
202400032831,2024-06-21,Afternoon,3,1,4.0,1,1,22
202400032832,2024-11-08,Evening,3,1,1.0,5,2,69
202400032833,2024-11-20,Evening,3,1,3.0,5,2,59
202400032834,2024-06-21,Morning,4,1,7.0,1,2,39
202400032835,2024-06-22,Night,3,1,6.0,3,2,25
202400032836,2024-11-08,Evening,4,1,3.0,5,2,69
202400032837,2024-06-22,Morning,3,1,7.0,1,1,44
202400032838,2024-12-15,Morning,4,1,6.0,3,1,13
202400032839,2024-11-08,Evening,4,1,3.0,5,2,69
202400032840,2024-06-22,Morning,2,1,1.0,1,1,84
202400032841,2024-12-15,Night,4,1,2.0,3,1,13
202400032842,2024-11-08,Evening,4,1,3.0,5,2,69
202400032843,2024-12-15,Night,4,1,2.0,3,1,13
202400032844,2024-11-08,Afternoon,4,1,1.0,1,2,69
202400032845,2024-12-13,Night,4,2,2.0,5,1,13
202400032846,2024-06-21,Evening,3,1,6.0,1,2,03
202400032847,2024-11-08,Night,4,1,5.0,5,2,67
202400032848,2024-06-22,Night,3,5,6.0,3,1,15
202400032849,2024-12-15,Afternoon,4,1,2.0,3,1,83
202400032850,2024-06-22,Morning,3,8,3.0,1,1,58
202400032851,2024-11-08,Afternoon,4,1,3.0,1,2,66
202400032852,2024-12-13,Afternoon,4,1,2.0,5,1,83
202400032853,2024-06-21,Afternoon,4,1,7.0,1,1,66
202400032854,2024-12-15,Afternoon,4,1,7.0,1,1,33
202400032855,2024-11-08,Afternoon,4,1,3.0,1,2,64
202400032856,2024-06-21,Afternoon,3,1,3.0,1,1,14
202400032857,2024-11-08,Morning,4,1,2.0,1,2,64
202400032858,2024-12-15,Afternoon,4,1,4.0,1,1,33
202400032859,2024-11-08,Morning,4,1,7.0,1,2,64
202400032860,2024-12-15,Night,3,8,6.0,3,1,92
202400032861,2024-11-07,Afternoon,4,1,2.0,1,2,64
202400032862,2024-12-14,Evening,4,1,4.0,3,1,91
202400032863,2024-11-07,Morning,3,1,3.0,4,2,64
202400032864,2024-11-08,Evening,4,1,3.0,5,2,64
202400032865,2024-12-15,Morning,4,1,5.0,3,1,93
202400032866,2024-11-08,Evening,4,1,3.0,5,2,64
202400032867,2024-12-15,Afternoon,4,1,3.0,1,1,94
202400032868,2024-11-08,Night,2,1,2.0,5,2,62
202400032869,2024-12-15,Night,4,1,2.0,3,1,94
202400032870,2024-11-05,Afternoon,3,2,3.0,2,2,62
202400032871,2024-08-26,Evening,3,1,2.0,1,1,91
202400032872,2024-11-04,Morning,4,1,6.0,1,2,59
202400032873,2024-08-23,Afternoon,4,1,3.0,1,2,91
202400032874,2024-07-14,Night,3,1,6.0,3,1,73
202400032875,2024-11-07,Afternoon,4,1,2.0,1,1,59
202400032876,2024-09-17,Evening,3,1,1.0,2,1,28
202400032877,2024-11-07,Morning,4,1,3.0,1,1,59
202400032878,2024-11-08,Evening,3,5,3.0,5,2,57
202400032879,2024-09-29,Evening,4,1,2.0,2,2,28
202400032880,2024-11-08,Morning,4,8,6.0,1,2,56
202400032882,2024-11-06,Afternoon,4,1,7.0,5,1,54
202400032885,2024-11-08,Evening,4,1,3.0,5,2,51
202400032888,2024-11-08,Evening,4,1,3.0,5,2,51
202400032890,2024-11-08,Afternoon,4,1,3.0,1,2,51
202400032891,2024-12-15,Night,4,1,3.0,5,2,2A
202400032892,2024-11-07,Evening,4,1,3.0,2,2,51
202400032893,2024-12-14,Evening,4,8,6.0,5,2,91
202400032894,2024-11-08,Morning,4,1,4.0,2,1,49
202400032895,2024-12-14,Morning,4,1,3.0,1,1,91
202400032896,2024-11-07,Evening,4,1,6.0,5,2,49
202400032897,2024-12-14,Morning,4,1,3.0,1,2,91
202400032898,2024-11-07,Evening,4,1,3.0,5,2,49
202400032899,2024-12-14,Evening,4,1,2.0,5,1,30
202400032900,2024-12-14,Afternoon,4,1,6.0,5,2,78
202400032901,2024-11-07,Morning,3,8,3.0,1,2,49
202400032902,2024-12-14,Evening,4,1,6.0,5,2,77
202400032903,2024-12-14,Afternoon,3,2,7.0,1,1,77
202400032904,2024-11-08,Evening,4,1,3.0,5,2,47
202400032905,2024-12-13,Afternoon,3,1,6.0,5,2,77
202400032906,2024-12-13,Afternoon,4,1,6.0,1,2,72
202400032907,2024-11-08,Morning,4,9,1.0,3,1,45
202400032908,2024-12-07,Morning,3,1,6.0,1,2,68
202400032909,2024-11-08,Night,4,2,2.0,5,2,45
202400032910,2024-12-13,Evening,4,1,3.0,5,2,66
202400032911,2024-11-08,Morning,4,1,6.0,1,2,44
202400032912,2024-12-13,Evening,4,1,4.0,5,1,64
202400032913,2024-11-07,Evening,4,1,6.0,3,2,44
202400032914,2024-12-13,Afternoon,4,1,3.0,2,2,64
202400032915,2024-11-08,Afternoon,4,1,3.0,1,2,43
202400032916,2024-12-14,Afternoon,3,1,1.0,5,2,62
202400032917,2024-11-06,Evening,3,1,3.0,5,2,40
202400032918,2024-12-14,Evening,4,4,6.0,5,2,54
202400032919,2024-12-14,Afternoon,4,1,7.0,1,2,51
202400032920,2024-11-08,Afternoon,4,1,1.0,1,2,38
202400032921,2024-12-14,Afternoon,3,1,6.0,1,2,51
202400032922,2024-11-07,Night,3,1,2.0,5,2,37
202400032923,2024-12-14,Night,4,1,3.0,5,2,51
202400032924,2024-11-08,Morning,4,1,6.0,1,2,36
202400032925,2024-12-14,Evening,4,1,3.0,5,2,49
202400032926,2024-11-07,Evening,4,1,5.0,2,1,36
202400032927,2024-11-08,Morning,3,1,6.0,1,2,35
202400032928,2024-12-14,Morning,4,1,3.0,1,2,45
202400032929,2024-11-08,Evening,4,1,1.0,5,2,34
202400032930,2024-12-14,Afternoon,4,2,4.0,3,1,44
202400032931,2024-11-08,Afternoon,3,1,3.0,1,2,34
202400032932,2024-12-13,Afternoon,4,4,3.0,1,2,43
202400032933,2024-11-08,Evening,4,1,2.0,1,2,33
202400032934,2024-12-14,Night,4,2,3.0,4,2,42
202400032935,2024-11-08,Evening,3,1,7.0,5,2,30
202400032936,2024-12-13,Afternoon,4,1,3.0,1,2,38
202400032937,2024-12-15,Night,4,1,2.0,5,2,34
202400032938,2024-11-07,Afternoon,4,1,3.0,1,2,27
202400032939,2024-11-08,Morning,4,1,6.0,1,2,19
202400032940,2024-12-15,Night,4,2,3.0,5,2,33
202400032941,2024-11-08,Morning,4,1,3.0,1,2,19
202400032942,2024-11-08,Evening,4,8,7.0,4,2,17
202400032943,2024-12-14,Afternoon,3,2,3.0,5,2,33
202400032944,2024-11-08,Evening,4,8,3.0,5,2,14
202400032945,2024-11-08,Afternoon,4,1,3.0,1,2,13
202400032946,2024-12-13,Afternoon,4,1,3.0,1,2,33
202400032947,2024-12-13,Afternoon,2,1,7.0,1,2,33
202400032948,2024-11-08,Evening,4,2,2.0,3,2,13
202400032949,2024-11-08,Afternoon,4,1,6.0,1,2,11
202400032950,2024-12-13,Morning,3,1,6.0,2,2,33
202400032951,2024-11-08,Morning,4,8,7.0,1,2,10
202400032952,2024-11-08,Morning,4,2,3.0,2,2,10
202400032953,2024-12-14,Morning,4,2,3.0,1,1,31
202400032954,2024-12-14,Afternoon,4,1,6.0,1,2,29
202400032955,2024-11-08,Morning,4,1,4.0,1,1,04
202400032956,2024-12-14,Morning,4,8,6.0,1,2,27
202400032957,2024-10-31,Morning,4,8,1.0,1,2,02
202400032958,2024-12-14,Afternoon,4,2,3.0,1,2,25
202400032959,2024-12-14,Night,4,3,3.0,3,1,13
202400032960,2024-11-08,Evening,4,8,2.0,5,2,75
202400032961,2024-12-14,Morning,3,1,1.0,1,2,13
202400032962,2024-11-07,Night,4,1,2.0,3,2,75
202400032963,2024-12-13,Evening,4,8,7.0,5,2,13
202400032964,2024-11-08,Afternoon,4,8,6.0,1,2,75
202400032965,2024-12-14,Morning,3,1,6.0,1,2,11
202400032966,2024-11-08,Morning,4,8,6.0,1,2,75
202400032967,2024-12-14,Afternoon,4,2,2.0,3,2,11
202400032968,2024-11-08,Morning,4,2,5.0,1,2,75
202400032969,2024-12-14,Morning,4,2,1.0,1,2,10
202400032970,2024-11-07,Night,4,8,3.0,5,2,75
202400032971,2024-11-30,Afternoon,4,1,6.0,1,2,05
202400032972,2024-12-14,Morning,3,8,6.0,2,2,03
202400032973,2024-11-08,Morning,4,1,1.0,2,2,75
202400032974,2024-12-13,Evening,2,1,3.0,5,2,03
202400032975,2024-11-07,Evening,4,1,6.0,5,2,75
202400032976,2024-12-13,Afternoon,4,1,3.0,1,2,01
202400032977,2024-11-07,Evening,4,1,3.0,5,2,75
202400032978,2024-12-14,Night,4,1,2.0,5,2,75
202400032979,2024-11-08,Afternoon,4,8,7.0,1,2,75
202400032980,2024-12-13,Afternoon,4,1,2.0,2,2,75
202400032981,2024-11-08,Afternoon,4,8,6.0,1,2,75
202400032982,2024-12-13,Night,4,1,3.0,5,2,75
202400032983,2024-12-14,Evening,4,8,3.0,5,2,75
202400032984,2024-11-08,Morning,4,1,3.0,1,2,75
202400032985,2024-12-14,Morning,4,1,3.0,1,2,75
202400032986,2024-11-08,Evening,4,1,6.0,5,2,75
202400032987,2024-12-14,Afternoon,4,1,2.0,1,2,75
202400032988,2024-11-08,Morning,4,1,3.0,1,2,75
202400032989,2024-11-08,Afternoon,4,1,6.0,2,2,75
202400032990,2024-12-14,Evening,4,1,3.0,5,2,75
202400032991,2024-11-07,Evening,4,1,3.0,5,2,94
202400032992,2024-12-14,Evening,4,2,3.0,5,2,75
202400032993,2024-11-08,Evening,4,1,3.0,5,2,94
202400032994,2024-12-14,Afternoon,4,1,2.0,1,2,75
202400032995,2024-12-14,Afternoon,4,1,3.0,1,2,75
202400032996,2024-11-07,Evening,4,2,3.0,5,2,94
202400032997,2024-12-14,Night,4,1,6.0,5,2,75
202400032998,2024-11-08,Morning,4,2,3.0,1,2,94
202400032999,2024-12-14,Afternoon,4,1,6.0,1,2,75
202400033000,2024-11-08,Evening,4,1,1.0,5,2,93
202400033001,2024-11-08,Morning,4,2,3.0,1,2,93
202400033002,2024-12-13,Evening,3,1,6.0,5,2,75
202400033003,2024-11-08,Evening,4,1,2.0,5,2,93
202400033004,2024-12-13,Night,4,1,6.0,5,2,75
202400033005,2024-12-14,Evening,4,1,3.0,5,2,94
202400033006,2024-11-08,Afternoon,3,8,1.0,2,2,93
202400033007,2024-12-13,Afternoon,3,1,6.0,1,2,94
202400033008,2024-11-08,Afternoon,3,8,6.0,1,2,93
202400033009,2024-12-14,Evening,4,1,3.0,5,2,94
202400033010,2024-12-14,Night,4,1,1.0,5,2,93
202400033011,2024-12-13,Afternoon,4,1,3.0,1,2,93
202400033012,2024-12-14,Afternoon,4,1,1.0,5,2,93
202400033013,2024-12-14,Afternoon,4,2,1.0,5,2,93
202400033014,2024-12-14,Night,4,2,6.0,5,2,93
202400033015,2024-12-14,Afternoon,4,2,6.0,2,2,93
202400033016,2024-12-14,Night,4,1,6.0,5,2,93
202400033017,2024-12-14,Morning,4,1,6.0,1,2,93
202400033018,2024-12-14,Morning,4,1,2.0,1,2,93
202400033019,2024-12-14,Morning,4,1,7.0,1,2,92
202400033020,2024-12-14,Night,4,1,6.0,5,2,92
202400033021,2024-12-14,Afternoon,4,1,3.0,1,2,92
202400033022,2024-12-14,Evening,4,2,3.0,5,2,92
202400033023,2024-12-14,Afternoon,4,1,3.0,1,2,92
202400033024,2024-12-14,Morning,4,1,6.0,1,2,92
202400033025,2024-12-18,Morning,4,1,6.0,2,2,92
202400033026,2024-12-13,Night,4,1,3.0,5,2,92
202400033027,2024-12-14,Evening,4,2,3.0,5,2,92
202400033028,2024-12-15,Night,4,2,3.0,3,1,31
202400033029,2024-12-14,Night,3,2,6.0,3,1,64
202400033030,2024-12-15,Night,3,9,6.0,3,1,04
202400033031,2024-12-14,Night,3,1,4.0,3,1,56
202400033032,2024-12-13,Morning,3,1,1.0,1,2,67
202400033033,2024-12-13,Evening,3,3,6.0,3,1,71
202400033034,2024-12-14,Evening,4,2,6.0,5,2,49
202400033035,2024-12-13,Evening,3,1,3.0,3,1,35
202400033036,2024-12-15,Morning,2,3,7.0,1,1,29
202400033037,2024-12-13,Afternoon,4,8,3.0,1,2,29
202400033038,2024-12-15,Morning,3,7,3.0,1,2,29
202400033039,2024-12-15,Afternoon,4,9,7.0,1,2,02
202400033040,2024-12-13,Afternoon,4,8,6.0,1,1,15
202400033041,2024-12-15,Night,4,1,1.0,4,1,72
202400033042,2024-12-15,Afternoon,4,1,1.0,3,1,73
202400033043,2024-12-13,Evening,3,8,6.0,3,1,10
202400033044,2024-12-15,Night,3,1,7.0,3,1,53
202400033045,2024-12-14,Afternoon,3,3,1.0,1,1,40
202400033046,2024-12-14,Evening,4,5,1.0,3,1,17
202400033047,2024-12-13,Afternoon,3,1,1.0,1,2,17
202400033048,2024-12-15,Morning,4,1,6.0,3,1,37
202400033050,2024-12-14,Afternoon,3,2,2.0,1,1,39
202400033051,2024-12-15,Morning,2,1,1.0,1,1,13
202400033052,2024-12-14,Evening,4,1,2.0,5,2,13
202400033053,2024-12-15,Night,4,8,3.0,3,1,95
202400033054,2024-12-15,Morning,4,8,2.0,1,2,69
202400033057,2024-12-06,Afternoon,4,2,1.0,1,1,2A
202400033058,2024-12-14,Afternoon,3,2,7.0,5,2,11
202400033059,2024-12-14,Morning,4,7,3.0,2,2,34
202400033060,2024-12-15,Morning,4,1,6.0,3,1,89
202400033061,2024-12-14,Night,3,2,7.0,3,1,26
202400033062,2024-12-15,Afternoon,4,1,6.0,1,1,69
202400033063,2024-12-15,Afternoon,4,1,1.0,1,1,65
202400033064,2024-12-15,Afternoon,2,2,7.0,2,1,79
202400033065,2024-12-14,Night,3,1,6.0,3,1,86
202400033066,2024-12-14,Evening,3,2,3.0,3,1,33
202400033067,2024-12-14,Evening,4,1,5.0,3,1,35
202400033068,2024-12-14,Night,4,2,5.0,3,1,13
202400033069,2024-12-14,Evening,3,1,5.0,1,1,33
202400033070,2024-12-14,Afternoon,4,1,7.0,1,1,33
202400033071,2024-12-14,Morning,4,2,4.0,1,1,33
202400033072,2024-12-14,Afternoon,4,1,5.0,1,1,91
202400033073,2024-12-10,Afternoon,4,1,6.0,1,1,91
202400033074,2024-12-14,Afternoon,3,1,2.0,1,1,92
202400033075,2024-12-14,Morning,4,1,4.0,1,1,92
202400033076,2024-12-13,Night,4,1,6.0,3,1,78
202400033077,2024-03-02,Morning,3,3,3.0,1,1,41
202400033078,2024-03-03,Afternoon,4,1,3.0,1,1,85
202400033079,2024-03-03,Night,4,2,7.0,3,1,21
202400033080,2024-03-03,Night,4,5,3.0,3,1,76
202400033081,2024-03-03,Morning,3,3,1.0,3,1,58
202400033082,2024-03-03,Morning,3,1,3.0,1,2,66
202400033083,2024-03-03,Afternoon,2,1,1.0,1,1,56
202400033084,2024-03-03,Evening,3,1,1.0,2,1,74
202400033085,2024-03-02,Evening,4,1,6.0,5,2,76
202400033086,2024-03-03,Afternoon,2,1,1.0,1,1,80
202400033087,2024-03-03,Afternoon,3,1,1.0,1,1,55
202400033088,2024-03-02,Afternoon,3,1,3.0,1,2,42
202400033089,2024-03-03,Night,3,3,7.0,3,1,42
202400033090,2024-03-01,Afternoon,3,2,3.0,1,2,44
202400033091,2024-03-02,Afternoon,3,8,6.0,1,1,31
202400033092,2024-03-02,Afternoon,3,2,6.0,1,1,03
202400033093,2024-03-02,Night,4,1,1.0,3,1,01
202400033094,2024-03-03,Evening,4,1,7.0,2,1,50
202400033095,2024-03-03,Night,4,3,1.0,3,1,64
202400033096,2024-03-03,Night,4,3,6.0,3,2,07
202400033097,2024-03-03,Morning,3,1,6.0,1,2,37
202400033098,2024-03-02,Evening,3,2,7.0,4,1,30
202400033099,2024-03-02,Evening,4,2,7.0,3,1,13
202400033100,2024-03-02,Evening,3,3,6.0,3,1,03
202400033101,2024-03-01,Afternoon,4,1,3.0,1,1,38
202400033104,2024-04-09,Night,4,2,6.0,3,1,23
202400033105,2024-04-09,Afternoon,4,2,2.0,1,2,19
202400033107,2024-04-09,Night,4,1,1.0,4,2,13
202400033108,2024-02-24,Evening,2,1,1.0,3,1,13
202400033109,2024-03-02,Afternoon,3,8,7.0,1,1,13
202400033110,2024-04-09,Morning,4,1,3.0,1,2,13
202400033111,2024-03-02,Morning,3,8,1.0,1,1,13
202400033112,2024-04-08,Afternoon,4,1,1.0,1,2,13
202400033113,2024-03-02,Night,3,2,6.0,3,1,54
202400033114,2024-04-09,Afternoon,4,2,3.0,1,2,11
202400033115,2024-04-08,Evening,4,1,6.0,1,2,10
202400033116,2024-02-28,Morning,3,1,3.0,1,1,01
202400033117,2024-03-02,Afternoon,3,8,7.0,1,1,69
202400033118,2024-04-07,Evening,4,1,6.0,1,2,06
202400033119,2024-03-02,Morning,4,2,1.0,3,1,17
202400033120,2024-04-09,Evening,4,1,3.0,1,1,06
202400033121,2024-03-03,Afternoon,4,1,3.0,1,1,50
202400033122,2024-04-09,Morning,3,2,2.0,1,2,06
202400033123,2024-03-02,Afternoon,3,1,2.0,1,2,14
202400033124,2024-04-08,Afternoon,4,1,6.0,1,2,04
202400033125,2024-03-03,Evening,4,1,3.0,1,1,60
202400033126,2024-04-09,Afternoon,4,1,3.0,1,2,75
202400033127,2024-04-09,Morning,4,1,4.0,1,2,75
202400033128,2024-03-03,Afternoon,4,1,3.0,1,1,60
202400033129,2024-04-07,Night,4,1,5.0,5,2,75
202400033130,2024-03-02,Evening,3,3,6.0,3,1,80
202400033131,2024-04-07,Night,4,1,6.0,2,2,75
202400033132,2024-03-02,Night,3,1,4.0,4,2,59
202400033133,2024-04-09,Afternoon,4,1,2.0,1,2,75
202400033134,2024-03-02,Night,4,8,2.0,3,1,78
202400033135,2024-04-09,Morning,4,1,6.0,1,2,75
202400033136,2024-03-02,Afternoon,4,3,4.0,1,1,93
202400033137,2024-03-02,Night,4,1,6.0,3,1,95
202400033138,2024-04-09,Night,4,2,3.0,5,2,75
202400033139,2024-04-09,Morning,4,1,1.0,1,2,75
202400033140,2024-03-01,Afternoon,4,1,4.0,1,1,92
202400033141,2024-04-09,Evening,4,2,6.0,1,2,75
202400033142,2024-01-19,Morning,3,1,3.0,1,2,03
202400033143,2024-03-01,Afternoon,4,1,2.0,1,1,93
202400033144,2024-01-19,Evening,2,6,7.0,5,2,26
202400033145,2024-04-09,Morning,4,1,7.0,1,2,75
202400033146,2024-03-01,Morning,4,1,2.0,1,1,93
202400033147,2024-01-20,Afternoon,4,1,1.0,1,1,69
202400033148,2024-04-08,Afternoon,4,1,3.0,1,2,75
202400033149,2024-03-01,Morning,4,1,2.0,1,1,94
202400033150,2024-01-19,Afternoon,3,1,2.0,1,1,85
202400033151,2024-04-09,Afternoon,3,1,6.0,1,2,75
202400033153,2024-01-17,Evening,3,2,6.0,5,2,14
202400033154,2024-04-09,Morning,4,8,6.0,1,2,75
202400033156,2024-01-15,Afternoon,4,1,6.0,1,2,62
202400033158,2024-01-19,Morning,4,1,4.0,5,1,13
202400033160,2024-04-09,Morning,4,1,6.0,1,2,75
202400033161,2024-01-17,Morning,4,9,2.0,3,1,57
202400033164,2024-05-16,Afternoon,4,1,3.0,1,2,75
202400033165,2024-04-08,Afternoon,4,1,3.0,1,2,75
202400033167,2024-05-16,Evening,4,1,1.0,1,2,94
202400033168,2024-04-08,Afternoon,4,1,2.0,1,2,75
202400033169,2024-01-08,Morning,4,1,5.0,1,1,57
202400033171,2024-05-17,Afternoon,4,2,4.0,1,2,94
202400033172,2024-04-09,Afternoon,4,2,7.0,1,2,75
202400033173,2024-05-15,Morning,4,1,3.0,1,2,94
202400033174,2024-01-19,Evening,4,1,2.0,4,1,33
202400033175,2024-03-01,Morning,4,1,3.0,2,2,69
202400033176,2024-04-09,Afternoon,4,2,3.0,1,2,75
202400033177,2024-05-16,Afternoon,4,1,6.0,1,2,94
202400033179,2024-01-18,Afternoon,4,2,2.0,1,1,33
202400033180,2024-04-09,Morning,4,1,7.0,1,2,75
202400033181,2024-05-17,Evening,3,1,6.0,1,2,94
202400033183,2024-04-09,Night,4,1,6.0,5,2,75
202400033184,2024-01-18,Morning,4,2,3.0,2,1,33
202400033185,2024-05-17,Morning,4,1,6.0,1,2,94
202400033186,2024-05-17,Morning,4,1,7.0,1,2,94
202400033187,2024-01-19,Night,4,8,3.0,3,1,93
202400033189,2024-04-08,Evening,4,1,3.0,2,2,94
202400033190,2024-01-18,Night,4,4,6.0,3,1,93
202400033191,2024-05-14,Afternoon,4,1,3.0,1,2,94
202400033193,2024-04-09,Morning,4,1,6.0,1,2,94
202400033194,2024-01-19,Morning,4,1,2.0,1,1,77
202400033195,2024-05-17,Evening,4,1,1.0,1,2,94
202400033198,2024-04-08,Evening,4,1,3.0,5,2,94
202400033199,2024-05-16,Afternoon,4,1,2.0,1,2,94
202400033201,2024-03-01,Morning,4,2,6.0,1,2,95
202400033202,2024-05-17,Afternoon,4,1,6.0,1,2,77
202400033203,2024-04-09,Night,4,2,6.0,5,2,94
202400033205,2024-03-01,Evening,4,3,3.0,5,2,95
202400033206,2024-05-17,Morning,4,1,1.0,1,2,93
202400033207,2024-05-17,Afternoon,3,1,3.0,1,2,93
202400033209,2024-03-01,Morning,4,2,3.0,1,2,91
202400033210,2024-04-09,Afternoon,4,1,3.0,1,2,93
202400033212,2024-05-17,Evening,4,8,2.0,1,2,93
202400033213,2024-03-02,Night,4,1,6.0,5,2,84
202400033214,2024-04-09,Night,4,1,6.0,5,2,93
202400033215,2024-02-29,Evening,2,1,6.0,3,1,83
202400033217,2024-05-14,Afternoon,4,2,5.0,1,2,93
202400033218,2024-04-08,Evening,4,1,2.0,2,2,93
202400033219,2024-01-18,Evening,4,3,6.0,5,2,69
202400033220,2024-02-16,Afternoon,4,1,1.0,1,2,83
202400033221,2024-05-17,Evening,4,1,3.0,1,2,93
202400033223,2024-04-09,Afternoon,4,2,3.0,1,2,93
202400033224,2024-05-15,Evening,4,1,6.0,1,2,93
202400033225,2024-03-01,Morning,4,8,3.0,1,2,82
202400033226,2024-01-18,Morning,4,1,2.0,1,2,2A
202400033227,2024-04-09,Evening,4,1,6.0,1,2,93
202400033228,2024-05-17,Afternoon,3,1,3.0,1,2,93
202400033229,2024-01-18,Morning,4,2,2.0,5,2,2A
202400033230,2024-03-01,Afternoon,4,8,6.0,1,2,79
202400033231,2024-04-08,Afternoon,4,1,6.0,1,2,92
202400033232,2024-05-17,Evening,4,1,2.0,1,2,93
202400033233,2024-01-18,Morning,4,4,2.0,1,1,91
202400033234,2024-04-09,Afternoon,4,1,3.0,1,2,92
202400033235,2024-03-01,Morning,4,2,1.0,2,2,79
202400033236,2024-05-16,Night,3,1,3.0,5,2,93
202400033237,2024-01-18,Afternoon,4,1,4.0,5,1,91
202400033238,2024-05-17,Afternoon,4,1,3.0,1,2,93
202400033239,2024-03-01,Morning,4,2,3.0,1,2,78
202400033240,2024-04-09,Morning,4,1,5.0,1,2,92
202400033241,2024-05-17,Morning,4,1,6.0,1,2,93
202400033242,2024-01-18,Morning,4,8,3.0,1,2,91
202400033243,2024-04-09,Afternoon,4,1,3.0,1,2,92
202400033244,2024-03-01,Morning,4,1,3.0,2,2,77
202400033245,2024-01-17,Morning,4,2,6.0,1,2,84
202400033246,2024-05-17,Afternoon,4,1,4.0,1,2,92
202400033247,2024-04-08,Afternoon,4,1,3.0,1,2,92
202400033248,2024-01-15,Evening,4,1,3.0,5,2,83
202400033249,2024-05-16,Evening,4,1,6.0,1,2,92
202400033250,2024-03-01,Morning,3,9,1.0,1,2,77
202400033251,2024-01-18,Evening,4,1,7.0,5,2,77
202400033252,2024-04-09,Afternoon,4,2,2.0,1,2,92
202400033253,2024-05-16,Afternoon,3,1,3.0,1,2,92
202400033254,2024-02-28,Afternoon,4,1,3.0,1,1,77
202400033255,2024-01-17,Evening,4,4,2.0,4,2,76
202400033256,2024-04-09,Evening,4,1,3.0,1,2,92
202400033257,2024-05-16,Morning,4,1,3.0,1,2,92
202400033258,2024-01-18,Afternoon,4,1,6.0,1,2,76
202400033259,2024-03-01,Night,4,2,3.0,5,2,76