Num_Acc,date,time_of_day,max_severity,weather,collision_type,lighting,urban_area,department
202400033260,2024-05-17,Night,4,1,3.0,5,2,92
202400033261,2024-04-05,Afternoon,4,8,3.0,1,2,92
202400033262,2024-01-18,Afternoon,4,1,3.0,1,2,72
202400033263,2024-04-10,Afternoon,4,1,7.0,1,1,65
202400033264,2024-05-17,Evening,4,1,3.0,2,2,92
202400033265,2024-03-01,Evening,4,1,3.0,5,2,74
202400033266,2024-01-17,Evening,4,1,4.0,5,1,72
202400033267,2024-05-16,Afternoon,4,1,3.0,1,2,92
202400033268,2024-02-08,Evening,3,1,3.0,3,2,73
202400033269,2024-01-18,Afternoon,3,2,1.0,1,2,69
202400033270,2024-05-18,Night,3,1,6.0,4,2,33
202400033271,2024-04-08,Afternoon,4,2,3.0,1,1,08
202400033272,2024-02-29,Evening,4,2,3.0,3,2,72
202400033273,2024-01-18,Evening,4,2,6.0,5,2,69
202400033274,2024-05-18,Night,3,5,1.0,2,1,95
202400033275,2024-04-09,Afternoon,2,1,1.0,1,1,2A
202400033276,2024-02-28,Morning,4,1,3.0,1,2,71
202400033277,2024-01-17,Evening,4,2,3.0,5,2,67
202400033278,2024-05-10,Evening,4,1,3.0,5,2,33
202400033279,2024-04-10,Afternoon,4,1,6.0,1,1,71
202400033280,2024-01-17,Afternoon,4,2,6.0,3,2,67
202400033281,2024-03-01,Afternoon,4,1,5.0,1,2,69
202400033282,2024-04-07,Night,4,1,7.0,3,1,51
202400033283,2024-05-17,Afternoon,4,2,1.0,1,2,33
202400033284,2024-01-18,Evening,4,1,3.0,5,2,66
202400033285,2024-05-18,Morning,2,1,6.0,1,1,84
202400033286,2024-03-01,Night,4,1,2.0,5,1,69
202400033287,2024-04-09,Evening,4,1,6.0,1,1,41
202400033288,2024-01-17,Evening,4,1,2.0,3,1,66
202400033289,2024-05-17,Evening,3,1,2.0,1,1,83
202400033290,2024-04-10,Night,4,1,1.0,3,1,62
202400033291,2024-01-18,Morning,4,3,3.0,5,2,63
202400033292,2024-03-01,Morning,4,1,3.0,1,2,69
202400033294,2024-01-17,Night,4,2,6.0,5,2,57
202400033296,2024-02-29,Morning,4,1,3.0,1,2,69
202400033297,2024-04-09,Evening,4,1,3.0,1,1,51
202400033298,2024-04-09,Evening,4,1,2.0,3,1,59
202400033299,2024-01-18,Afternoon,4,4,3.0,1,2,51
202400033300,2024-02-28,Evening,4,1,1.0,5,2,69
202400033301,2024-04-10,Afternoon,3,1,1.0,1,1,76
202400033302,2024-05-18,Night,4,2,7.0,3,1,35
202400033303,2024-01-18,Morning,4,4,7.0,5,2,51
202400033304,2024-03-01,Morning,4,1,1.0,1,1,64
202400033305,2024-04-08,Evening,4,1,3.0,1,1,2A
202400033306,2024-05-18,Afternoon,4,1,7.0,1,2,06
202400033307,2024-01-17,Afternoon,4,2,2.0,1,2,50
202400033308,2024-02-13,Afternoon,4,1,6.0,1,1,62
202400033309,2024-04-10,Evening,4,1,6.0,5,1,71
202400033310,2024-05-18,Afternoon,3,1,2.0,1,2,59
202400033311,2024-04-06,Afternoon,3,8,6.0,1,1,61
202400033312,2024-01-17,Morning,4,2,3.0,5,2,49
202400033313,2024-02-27,Afternoon,4,1,3.0,1,1,61
202400033314,2024-05-17,Afternoon,3,1,7.0,1,1,68
202400033315,2024-04-10,Evening,3,1,1.0,1,1,25
202400033316,2024-01-18,Morning,4,2,2.0,5,2,45
202400033317,2024-05-18,Morning,3,2,1.0,1,1,71
202400033318,2024-02-29,Morning,2,2,6.0,5,2,59
202400033319,2024-04-10,Night,4,1,6.0,3,1,29
202400033320,2024-05-18,Morning,4,3,7.0,1,1,12
202400033321,2024-01-18,Morning,4,2,3.0,5,2,45
202400033322,2024-02-13,Morning,4,7,6.0,1,2,59
202400033323,2024-04-09,Evening,4,1,6.0,1,1,29
202400033324,2024-03-27,Morning,4,2,6.0,1,2,38
202400033325,2024-05-17,Afternoon,4,1,5.0,1,1,21
202400033326,2024-02-27,Evening,4,1,3.0,5,2,56
202400033327,2024-01-18,Afternoon,4,1,2.0,1,2,45
202400033328,2024-05-18,Afternoon,3,1,6.0,1,1,62
202400033329,2024-04-08,Morning,4,8,3.0,1,1,43
202400033330,2024-01-18,Evening,4,8,1.0,5,2,37
202400033331,2024-05-17,Afternoon,3,1,7.0,1,1,51
202400033332,2024-03-01,Evening,4,1,1.0,5,2,54
202400033333,2024-04-10,Afternoon,3,1,3.0,1,1,07
202400033334,2024-01-17,Morning,4,2,6.0,5,2,37
202400033335,2024-04-10,Morning,3,1,6.0,2,1,53
202400033336,2024-03-01,Evening,4,1,3.0,5,2,51
202400033337,2024-05-17,Afternoon,4,1,4.0,1,1,76
202400033338,2024-01-18,Morning,3,8,6.0,1,2,34
202400033339,2024-03-01,Afternoon,2,1,6.0,1,1,51
202400033340,2024-04-06,Afternoon,3,1,7.0,1,2,21
202400033341,2024-01-18,Morning,3,1,3.0,1,2,34
202400033342,2024-05-17,Afternoon,3,1,2.0,1,1,2A
202400033343,2024-04-10,Afternoon,2,1,3.0,1,1,08
202400033344,2024-02-24,Evening,4,2,3.0,5,2,50
202400033345,2024-01-18,Afternoon,4,1,2.0,2,1,31
202400033346,2024-05-18,Evening,3,1,1.0,1,2,82
202400033347,2024-03-01,Morning,4,1,3.0,1,1,47
202400033348,2024-04-07,Evening,4,1,1.0,2,1,08
202400033349,2024-05-18,Afternoon,4,1,3.0,1,1,71
202400033350,2024-01-18,Afternoon,4,1,3.0,1,2,31
202400033351,2024-05-18,Evening,4,1,6.0,1,1,71
202400033352,2024-04-09,Night,4,3,2.0,3,1,38
202400033353,2024-01-19,Afternoon,4,8,2.0,1,2,46
202400033354,2024-05-18,Afternoon,2,1,6.0,1,2,41
202400033356,2024-01-18,Afternoon,4,1,2.0,1,2,27
202400033357,2024-05-17,Evening,3,2,1.0,2,1,68
202400033358,2024-03-01,Afternoon,4,1,3.0,1,2,45
202400033359,2024-04-10,Morning,3,1,3.0,1,1,77
202400033360,2024-05-17,Evening,4,3,7.0,1,1,22
202400033361,2024-01-17,Evening,4,2,3.0,5,2,27
202400033362,2024-04-06,Evening,3,1,6.0,1,1,78
202400033363,2024-05-18,Morning,4,1,6.0,1,2,22
202400033364,2024-01-11,Evening,4,1,3.0,3,1,26
202400033365,2024-03-01,Night,4,1,6.0,5,2,44
202400033366,2024-04-10,Afternoon,4,1,3.0,1,2,63
202400033367,2024-01-18,Morning,4,2,6.0,5,2,25
202400033368,2024-03-01,Afternoon,4,1,3.0,1,2,37
202400033369,2024-04-08,Afternoon,4,1,1.0,1,1,69
202400033370,2024-04-10,Morning,3,2,6.0,1,1,81
202400033371,2024-01-16,Afternoon,2,1,7.0,1,2,14
202400033372,2024-05-18,Morning,4,1,6.0,2,2,25
202400033373,2024-03-01,Morning,4,1,3.0,1,1,36
202400033374,2024-04-03,Afternoon,3,1,7.0,1,1,17
202400033375,2024-01-17,Evening,4,4,6.0,4,1,14
202400033376,2024-05-18,Morning,4,1,3.0,1,1,26
202400033377,2024-01-18,Morning,3,1,7.0,1,2,13
202400033378,2024-04-10,Evening,2,1,1.0,1,1,56
202400033379,2024-05-18,Night,4,1,6.0,3,1,06
202400033380,2024-03-01,Morning,4,2,4.0,1,1,35
202400033381,2024-04-10,Morning,4,1,2.0,1,2,59
202400033382,2024-05-14,Morning,3,1,3.0,1,1,50
202400033383,2024-03-01,Morning,4,1,2.0,1,2,34
202400033384,2024-01-17,Afternoon,4,8,3.0,1,2,13
202400033385,2024-04-09,Morning,4,2,2.0,1,1,13
202400033386,2024-02-26,Morning,3,1,6.0,1,2,34
202400033387,2024-01-12,Afternoon,3,1,3.0,1,1,13
202400033388,2024-02-29,Afternoon,2,1,7.0,1,2,34
202400033389,2024-04-08,Evening,4,1,3.0,1,1,69
202400033390,2024-05-17,Afternoon,3,1,7.0,1,1,45
202400033391,2024-01-18,Morning,4,1,6.0,1,2,11
202400033392,2024-04-09,Morning,4,1,2.0,1,1,91
202400033393,2024-05-12,Morning,4,1,3.0,1,2,45
202400033394,2024-03-01,Morning,3,2,3.0,1,2,33
202400033395,2024-01-18,Morning,4,2,2.0,2,2,07
202400033396,2024-04-08,Evening,4,1,3.0,1,1,78
202400033397,2024-01-18,Afternoon,4,1,3.0,1,2,06
202400033398,2024-05-18,Afternoon,2,1,3.0,1,1,18
202400033399,2024-03-01,Afternoon,4,2,2.0,1,2,33
202400033400,2024-04-08,Morning,4,1,6.0,1,1,92
202400033401,2024-05-18,Morning,4,5,6.0,1,1,10
202400033402,2024-04-08,Morning,4,1,3.0,1,1,92
202400033403,2024-01-17,Afternoon,4,2,3.0,1,2,75
202400033404,2024-05-14,Afternoon,3,3,6.0,1,1,30
202400033405,2024-04-08,Morning,4,1,6.0,4,1,92
202400033406,2024-02-29,Evening,4,2,3.0,5,2,31
202400033407,2024-04-09,Evening,4,1,2.0,1,1,93
202400033408,2024-01-17,Morning,3,2,3.0,1,2,75
202400033409,2024-03-08,Morning,4,1,3.0,5,2,29
202400033410,2024-04-09,Evening,4,1,4.0,1,1,93
202400033411,2024-01-18,Afternoon,3,9,3.0,1,2,75
202400033412,2024-05-16,Morning,4,1,7.0,1,1,67
202400033413,2024-03-01,Night,4,2,6.0,5,2,29
202400033414,2024-01-17,Morning,3,3,6.0,5,2,75
202400033415,2024-05-18,Morning,4,2,7.0,2,1,34
202400033416,2024-04-09,Evening,4,1,4.0,1,1,92
202400033417,2024-03-01,Evening,4,8,6.0,5,2,28
202400033418,2024-01-17,Morning,4,2,6.0,2,2,75
202400033419,2024-04-09,Evening,4,2,2.0,1,1,92
202400033420,2024-05-12,Afternoon,3,1,4.0,1,1,91
202400033421,2024-02-29,Evening,4,3,2.0,5,2,15
202400033422,2024-01-14,Evening,4,4,7.0,5,2,75
202400033423,2024-04-09,Afternoon,4,2,2.0,1,1,93
202400033424,2024-02-29,Afternoon,3,1,3.0,1,2,15
202400033425,2024-01-17,Evening,4,3,6.0,5,2,75
202400033427,2024-04-09,Morning,4,1,2.0,1,1,95
202400033428,2024-05-17,Morning,3,1,6.0,1,2,77
202400033429,2024-03-01,Afternoon,4,1,3.0,1,2,13
202400033430,2024-04-08,Evening,4,1,3.0,1,1,93
202400033431,2024-03-01,Morning,4,1,3.0,1,2,13
202400033432,2024-01-17,Afternoon,4,2,2.0,1,2,94
202400033433,2024-05-18,Afternoon,3,1,1.0,1,1,83
202400033434,2024-01-18,Evening,4,2,6.0,5,2,94
202400033435,2024-03-01,Evening,3,1,3.0,2,2,13
202400033436,2024-05-18,Evening,4,1,4.0,1,1,83
202400033437,2024-01-09,Afternoon,4,8,6.0,1,2,94
202400033438,2024-03-01,Afternoon,4,1,1.0,1,1,06
202400033439,2024-05-18,Morning,3,1,6.0,1,2,83
202400033440,2024-01-17,Afternoon,3,2,1.0,5,2,94
202400033441,2024-02-27,Afternoon,4,1,3.0,1,2,75
202400033442,2024-04-20,Afternoon,4,1,2.0,1,2,13
202400033443,2024-01-18,Night,4,2,6.0,5,2,93
202400033444,2024-04-08,Morning,3,1,4.0,1,1,93
202400033445,2024-02-29,Night,4,1,6.0,5,2,75
202400033446,2024-05-17,Night,3,1,7.0,3,1,67
202400033447,2024-01-18,Morning,4,4,7.0,5,2,93
202400033448,2024-05-14,Morning,3,1,6.0,1,2,88
202400033449,2024-02-28,Evening,4,1,4.0,5,2,75
202400033450,2024-04-08,Afternoon,4,1,7.0,1,1,93
202400033451,2024-01-18,Morning,4,4,3.0,1,2,93
202400033452,2024-05-17,Evening,4,2,1.0,2,1,42
202400033453,2024-02-28,Evening,4,1,2.0,5,2,75
202400033454,2024-01-17,Evening,3,3,6.0,5,2,93
202400033455,2024-01-18,Night,4,4,7.0,5,2,93
202400033456,2024-05-18,Morning,4,2,1.0,1,1,69
202400033457,2024-02-27,Evening,4,1,1.0,2,2,75
202400033458,2024-05-17,Morning,3,1,6.0,1,1,85
202400033459,2024-01-18,Evening,3,4,1.0,5,2,92
202400033460,2024-03-01,Night,4,2,6.0,5,2,75
202400033461,2024-05-18,Morning,2,1,6.0,1,1,76
202400033462,2024-04-09,Morning,4,1,3.0,1,1,94
202400033463,2024-01-18,Night,4,8,3.0,5,2,92
202400033464,2024-03-01,Evening,4,3,3.0,5,2,75
202400033465,2024-01-14,Evening,4,4,6.0,3,1,51
202400033466,2024-01-18,Morning,3,1,3.0,2,1,83
202400033467,2024-03-01,Afternoon,4,1,6.0,1,2,75
202400033468,2024-04-08,Afternoon,4,1,3.0,1,1,75
202400033469,2024-01-19,Evening,4,1,6.0,3,1,71
202400033470,2024-05-15,Afternoon,4,1,2.0,1,1,13
202400033471,2024-01-18,Morning,2,3,6.0,4,2,67
202400033472,2024-03-01,Afternoon,4,2,6.0,1,2,75
202400033474,2024-05-17,Evening,4,1,2.0,1,1,69
202400033475,2024-01-15,Evening,4,1,6.0,3,1,01
202400033476,2024-02-07,Morning,4,3,6.0,1,2,02
202400033477,2024-04-30,Afternoon,4,1,3.0,1,1,69
202400033478,2024-01-16,Morning,3,7,2.0,1,1,95
202400033479,2024-05-15,Morning,3,2,6.0,1,1,01
202400033480,2024-01-18,Afternoon,3,1,6.0,1,1,56
202400033481,2024-03-01,Afternoon,4,1,6.0,1,2,75
202400033482,2024-04-08,Afternoon,4,1,3.0,1,2,69
202400033483,2024-03-01,Evening,4,3,6.0,5,2,75
202400033484,2024-01-18,Afternoon,2,1,1.0,1,1,56
202400033485,2024-05-17,Afternoon,4,1,4.0,1,1,33
202400033486,2024-01-16,Morning,2,1,6.0,1,1,76
202400033487,2024-03-01,Morning,3,1,6.0,1,2,75
202400033488,2024-05-17,Evening,4,1,2.0,1,1,94
202400033489,2024-01-19,Afternoon,2,1,6.0,1,2,76
202400033490,2024-04-17,Afternoon,4,1,7.0,1,1,92
202400033492,2024-03-01,Evening,4,2,3.0,5,2,75
202400033493,2024-01-18,Morning,3,2,1.0,1,1,33
202400033494,2024-05-17,Afternoon,4,1,4.0,1,1,78
202400033495,2024-03-01,Morning,3,6,3.0,1,2,75
202400033496,2024-01-18,Evening,4,1,3.0,2,2,33
202400033497,2024-05-17,Morning,4,1,2.0,1,1,92
202400033499,2024-01-19,Morning,2,1,6.0,1,1,63
202400033500,2024-05-16,Afternoon,4,1,2.0,1,1,78
202400033501,2024-03-01,Evening,4,3,2.0,5,2,75
202400033502,2024-05-16,Morning,4,1,2.0,1,1,92
202400033503,2024-01-18,Evening,3,2,6.0,5,1,41
202400033504,2024-05-17,Evening,4,2,6.0,1,1,93
202400033505,2024-02-29,Evening,4,1,1.0,5,2,75
202400033506,2024-01-19,Morning,4,1,6.0,1,2,86
202400033507,2024-05-17,Morning,4,1,5.0,1,1,93
202400033508,2024-03-01,Morning,4,1,3.0,2,2,75
202400033509,2024-01-16,Morning,3,1,3.0,1,1,44
202400033511,2024-05-17,Morning,4,1,3.0,1,1,93
202400033512,2024-03-01,Morning,4,2,6.0,1,2,94
202400033513,2024-01-18,Afternoon,3,1,3.0,1,2,44
202400033514,2024-05-16,Night,4,1,2.0,3,1,93
202400033515,2024-01-16,Morning,3,8,6.0,1,2,35
202400033516,2024-03-01,Afternoon,4,2,6.0,1,2,94
202400033517,2024-01-19,Afternoon,4,1,3.0,5,2,02
202400033519,2024-05-16,Night,4,1,3.0,4,1,94
202400033520,2024-02-29,Evening,4,2,1.0,5,2,94
202400033522,2024-01-18,Evening,3,4,5.0,5,1,01
202400033523,2024-03-01,Afternoon,4,1,6.0,1,2,94
202400033524,2024-05-15,Night,4,2,5.0,3,1,94
202400033525,2024-01-19,Afternoon,4,1,6.0,1,2,50
202400033526,2024-01-05,Morning,4,8,7.0,1,1,50
202400033527,2024-03-01,Afternoon,4,2,2.0,1,1,94
202400033529,2024-01-04,Afternoon,3,2,6.0,2,1,50
202400033530,2024-01-19,Afternoon,2,1,7.0,1,1,36
202400033531,2024-03-01,Evening,4,2,6.0,5,2,94
202400033534,2024-01-19,Morning,2,1,2.0,3,1,16
202400033535,2024-01-18,Afternoon,3,1,7.0,1,1,85
202400033537,2024-02-29,Afternoon,4,2,3.0,1,2,94
202400033538,2024-04-08,Night,4,8,3.0,5,2,95
202400033539,2024-05-16,Night,4,1,1.0,5,2,69
202400033540,2024-01-19,Afternoon,2,1,6.0,1,2,85
202400033541,2024-03-01,Afternoon,4,2,6.0,1,2,94
202400033542,2024-04-09,Night,3,2,3.0,3,2,91
202400033543,2024-03-01,Afternoon,4,1,2.0,1,2,93
202400033544,2024-04-08,Evening,4,1,6.0,1,2,91
202400033545,2024-05-16,Afternoon,4,2,3.0,1,2,69
202400033546,2024-01-18,Morning,3,4,1.0,2,1,27
202400033547,2024-01-12,Evening,3,1,6.0,5,2,37
202400033548,2024-03-01,Morning,4,1,6.0,1,2,93
202400033549,2024-04-06,Night,4,1,1.0,5,2,91
202400033550,2024-05-16,Night,4,1,3.0,5,2,69
202400033551,2024-01-19,Morning,3,1,6.0,2,2,88
202400033553,2024-03-01,Morning,4,1,2.0,1,2,93
202400033554,2024-02-18,Evening,4,2,3.0,3,2,89
202400033555,2024-01-18,Night,4,1,6.0,3,1,72
202400033556,2024-01-19,Night,4,1,6.0,3,1,10
202400033557,2024-02-29,Evening,2,3,6.0,5,2,93
202400033558,2024-05-16,Afternoon,4,1,4.0,1,2,2A
202400033559,2024-01-19,Evening,3,1,7.0,2,1,06
202400033560,2024-02-18,Evening,4,2,3.0,5,2,89
202400033561,2024-05-16,Afternoon,4,1,6.0,1,2,95
202400033562,2024-02-29,Evening,4,2,3.0,5,2,93
202400033563,2024-04-06,Morning,4,1,6.0,1,2,87
202400033564,2024-03-01,Evening,4,3,2.0,5,2,93
202400033565,2024-03-01,Morning,4,1,2.0,1,2,93
202400033566,2024-04-05,Evening,4,1,3.0,1,2,87
202400033567,2024-03-01,Evening,4,2,6.0,5,2,93
202400033568,2024-05-16,Afternoon,4,1,6.0,1,2,95
202400033569,2024-01-17,Night,4,4,5.0,3,1,68
202400033570,2024-04-01,Night,3,1,7.0,5,2,95
202400033571,2024-04-04,Evening,4,1,3.0,5,2,87
202400033572,2024-03-01,Morning,4,2,1.0,1,2,92
202400033574,2024-05-16,Afternoon,4,1,3.0,1,2,91
202400033575,2024-03-01,Morning,4,2,1.0,1,2,92
202400033576,2024-04-04,Afternoon,4,1,5.0,1,1,87
202400033578,2024-05-16,Evening,4,2,6.0,1,1,84
202400033579,2024-03-01,Morning,4,1,6.0,1,2,92
202400033580,2024-04-08,Night,4,1,6.0,5,2,83
202400033581,2024-05-16,Afternoon,4,1,6.0,1,2,83
202400033583,2024-03-01,Morning,4,2,3.0,1,2,92
202400033584,2024-04-07,Morning,3,1,3.0,1,2,83
202400033585,2024-01-19,Afternoon,3,1,7.0,1,2,13
202400033586,2024-04-27,Afternoon,4,1,6.0,1,2,83
202400033587,2024-03-01,Evening,4,2,3.0,5,2,92
202400033588,2024-04-07,Morning,4,1,7.0,1,2,77
202400033589,2024-05-15,Afternoon,3,1,6.0,1,2,83
202400033590,2024-04-09,Night,3,1,6.0,3,2,76
202400033591,2024-02-29,Morning,4,1,6.0,1,2,92
202400033592,2024-01-19,Morning,3,1,6.0,1,2,84
202400033593,2024-05-16,Evening,4,1,3.0,1,1,81
202400033595,2024-01-19,Night,3,1,6.0,2,1,83
202400033596,2024-04-04,Evening,4,2,3.0,1,2,76
202400033597,2024-05-16,Night,4,1,6.0,5,2,79
202400033598,2024-04-05,Afternoon,4,1,7.0,1,2,76
202400033599,2024-01-18,Morning,3,3,6.0,2,2,67
202400033600,2024-04-06,Night,4,1,6.0,5,2,76
202400033601,2024-03-01,Evening,4,2,3.0,5,2,27
202400033602,2024-05-16,Afternoon,3,1,6.0,1,2,77
202400033603,2024-01-19,Morning,3,9,6.0,2,2,54
202400033604,2024-04-07,Evening,4,3,6.0,2,2,72
202400033605,2024-03-02,Afternoon,2,1,6.0,1,1,84
202400033606,2024-05-16,Evening,4,1,6.0,1,1,77
202400033607,2024-03-02,Morning,4,1,7.0,1,1,62
202400033608,2024-01-17,Morning,3,1,6.0,1,2,38
202400033609,2024-04-07,Afternoon,4,1,3.0,1,2,72
202400033610,2024-05-16,Afternoon,4,1,3.0,1,2,76
202400033611,2024-01-18,Afternoon,4,2,3.0,5,2,69
202400033612,2024-04-08,Morning,4,1,6.0,1,2,69
202400033613,2024-05-07,Evening,4,1,6.0,1,2,76
202400033614,2024-03-02,Night,3,2,2.0,3,1,77
202400033615,2024-04-07,Afternoon,4,8,6.0,1,2,69
202400033616,2024-01-18,Afternoon,4,1,3.0,1,2,85
202400033617,2024-05-15,Morning,4,3,3.0,1,2,69
202400033618,2024-03-02,Morning,3,1,1.0,1,1,76
202400033619,2024-01-18,Morning,4,2,3.0,2,1,13
202400033620,2024-04-08,Evening,4,1,3.0,2,2,67
202400033621,2024-01-18,Night,4,2,1.0,3,1,13
202400033622,2024-05-16,Afternoon,4,2,3.0,1,2,69
202400033623,2024-04-08,Morning,4,1,7.0,1,2,64
202400033624,2024-03-02,Morning,4,1,1.0,1,1,82
202400033625,2024-05-16,Afternoon,4,1,3.0,1,2,67
202400033626,2024-01-17,Evening,4,2,2.0,3,1,13
202400033627,2024-02-29,Morning,4,5,1.0,1,2,71
202400033628,2024-04-07,Afternoon,4,1,3.0,1,2,64
202400033629,2024-05-16,Morning,4,1,3.0,1,2,67
202400033630,2024-03-01,Afternoon,3,1,3.0,1,1,12
202400033631,2024-04-06,Night,4,1,6.0,3,2,59
202400033632,2024-01-17,Morning,4,4,6.0,1,1,59
202400033633,2024-01-18,Afternoon,4,1,6.0,1,1,91
202400033634,2024-04-07,Evening,3,2,6.0,2,2,56
202400033635,2024-01-18,Morning,4,2,7.0,1,1,93
202400033636,2024-03-01,Afternoon,4,1,1.0,1,2,22
202400033637,2024-01-18,Night,4,4,6.0,3,1,95
202400033638,2024-03-01,Afternoon,3,3,7.0,1,1,22
202400033639,2024-01-17,Evening,4,2,2.0,3,1,95
202400033640,2024-04-05,Afternoon,4,2,4.0,1,1,56
202400033641,2024-05-15,Evening,4,1,3.0,1,2,67
202400033642,2024-04-05,Afternoon,4,2,7.0,1,2,56
202400033643,2024-01-17,Evening,4,2,2.0,5,1,93
202400033644,2024-03-02,Morning,4,1,2.0,1,1,70
202400033645,2024-05-15,Afternoon,4,8,3.0,1,2,67
202400033646,2024-04-03,Afternoon,4,1,3.0,1,2,52
202400033647,2024-01-18,Night,4,2,6.0,5,1,94
202400033648,2024-04-07,Afternoon,3,1,7.0,1,2,52
202400033649,2024-03-02,Afternoon,4,1,3.0,1,1,83
202400033650,2024-05-16,Afternoon,4,2,3.0,1,2,64
202400033651,2024-03-01,Night,4,1,6.0,5,2,73
202400033652,2024-04-08,Morning,4,1,3.0,1,2,51
202400033653,2024-03-01,Morning,4,1,3.0,1,2,36
202400033654,2024-04-08,Morning,4,1,3.0,1,2,51
202400033656,2024-03-01,Afternoon,3,3,6.0,1,1,16
202400033657,2024-05-16,Afternoon,4,1,3.0,1,2,60
202400033658,2024-04-08,Morning,4,7,3.0,1,2,51
202400033659,2024-03-01,Evening,3,1,7.0,3,1,07
202400033660,2024-07-13,Morning,4,1,2.0,1,1,66
202400033661,2024-05-12,Afternoon,4,1,6.0,1,2,60
202400033663,2024-07-22,Afternoon,4,1,6.0,1,2,72
202400033664,2024-04-08,Morning,4,1,2.0,1,1,50
202400033665,2024-03-01,Evening,4,1,1.0,3,1,07
202400033666,2024-06-30,Evening,3,1,6.0,1,1,60
202400033667,2024-05-15,Morning,4,1,1.0,1,2,58
202400033669,2024-04-05,Afternoon,4,8,4.0,1,1,50
202400033671,2024-03-01,Evening,4,1,2.0,3,2,07
202400033672,2024-05-16,Morning,3,1,6.0,1,2,54
202400033673,2024-04-06,Morning,4,1,6.0,5,2,50
202400033674,2024-03-01,Afternoon,3,1,7.0,1,1,40
202400033675,2024-07-24,Morning,4,1,3.0,1,1,45
202400033676,2024-05-15,Afternoon,4,1,6.0,1,2,51
202400033677,2024-07-24,Afternoon,3,1,6.0,1,1,36
202400033678,2024-03-02,Afternoon,2,8,6.0,1,1,85
202400033680,2024-04-08,Evening,4,1,3.0,5,2,44
202400033681,2024-05-11,Afternoon,4,1,3.0,1,2,42
202400033683,2024-03-01,Evening,3,8,3.0,5,2,27
202400033684,2024-07-23,Afternoon,4,1,2.0,1,1,21
202400033685,2024-03-02,Night,4,2,6.0,3,1,37
202400033686,2024-04-08,Evening,4,1,3.0,2,2,41
202400033687,2024-07-22,Morning,4,1,6.0,1,1,21
202400033688,2024-01-17,Evening,4,3,3.0,5,2,69
202400033689,2024-07-21,Evening,3,1,7.0,1,1,85
202400033690,2024-03-01,Night,3,2,2.0,3,1,18
202400033691,2024-05-14,Evening,4,2,5.0,1,2,39
202400033692,2024-01-16,Morning,4,1,5.0,1,2,95
202400033693,2024-07-22,Evening,3,1,2.0,1,2,85
202400033694,2024-02-14,Afternoon,3,1,2.0,1,1,34
202400033695,2024-01-17,Morning,4,9,6.0,1,2,91
202400033696,2024-04-08,Morning,4,1,6.0,1,2,37
202400033697,2024-05-16,Afternoon,4,3,6.0,1,2,38
202400033698,2024-07-23,Evening,4,1,7.0,3,1,37
202400033700,2024-01-16,Afternoon,4,8,6.0,2,2,91
202400033701,2024-07-23,Evening,2,1,7.0,1,1,30
202400033702,2024-05-16,Morning,4,1,3.0,1,2,37
202400033704,2024-01-16,Morning,3,7,6.0,1,2,91
202400033705,2024-04-08,Afternoon,4,2,2.0,1,1,35
202400033706,2024-07-23,Evening,4,1,1.0,2,2,31
202400033707,2024-01-17,Evening,4,2,6.0,5,2,91
202400033708,2024-05-16,Morning,4,1,3.0,1,2,36
202400033709,2024-02-28,Morning,4,5,1.0,3,1,77
202400033710,2024-04-04,Afternoon,3,1,6.0,1,2,34
202400033711,2024-07-23,Afternoon,4,1,6.0,1,1,77
202400033712,2024-05-15,Afternoon,4,1,7.0,1,1,34
202400033713,2024-03-01,Evening,3,3,6.0,5,2,78
202400033714,2024-01-17,Morning,4,3,6.0,2,2,91
202400033715,2024-04-08,Morning,4,1,2.0,2,2,34
202400033716,2024-05-15,Afternoon,4,1,6.0,1,2,34
202400033718,2024-03-01,Afternoon,3,1,6.0,1,1,34
202400033719,2024-01-16,Morning,4,1,6.0,1,2,87
202400033720,2024-04-08,Evening,4,3,3.0,1,2,33
202400033722,2024-05-15,Morning,3,1,2.0,1,1,34
202400033723,2024-03-01,Afternoon,3,1,1.0,2,2,83
202400033724,2024-01-16,Morning,4,3,3.0,1,2,87
202400033725,2024-04-08,Evening,3,1,6.0,3,1,31
202400033726,2024-05-16,Afternoon,4,1,6.0,1,2,33
202400033727,2024-07-23,Evening,3,1,4.0,1,1,30
202400033728,2024-01-17,Night,4,1,6.0,5,2,83
202400033729,2024-03-02,Morning,4,1,5.0,1,1,06
202400033730,2024-05-16,Afternoon,4,1,6.0,1,2,33
202400033732,2024-01-17,Morning,3,3,6.0,3,1,77
202400033733,2024-04-08,Morning,3,1,6.0,1,2,31
202400033734,2024-02-26,Afternoon,4,7,3.0,1,2,04
202400033735,2024-07-23,Night,3,1,3.0,5,2,91
202400033736,2024-05-16,Morning,4,1,3.0,1,2,33
202400033737,2024-04-07,Evening,4,1,2.0,1,2,29
202400033738,2024-02-26,Evening,3,1,2.0,3,1,13
202400033739,2024-01-16,Afternoon,3,1,2.0,1,1,77
202400033740,2024-07-24,Morning,4,1,1.0,1,1,66
202400033741,2024-05-16,Morning,3,1,3.0,1,2,33