Num_Acc,date,time_of_day,max_severity,weather,collision_type,lighting,urban_area,department
202400033742,2024-03-02,Afternoon,3,1,6.0,1,1,13
202400033743,2024-04-07,Morning,3,1,6.0,1,2,29
202400033744,2024-07-18,Afternoon,3,1,6.0,1,2,84
202400033745,2024-01-17,Evening,4,4,6.0,5,2,76
202400033746,2024-05-16,Afternoon,4,1,3.0,1,2,31
202400033747,2024-01-16,Afternoon,4,1,6.0,1,2,76
202400033748,2024-07-24,Morning,4,1,3.0,1,1,04
202400033749,2024-04-08,Morning,3,2,7.0,1,2,27
202400033750,2024-01-17,Evening,4,2,3.0,5,2,71
202400033751,2024-04-08,Morning,4,2,2.0,1,2,27
202400033752,2024-07-22,Afternoon,4,1,3.0,1,2,13
202400033753,2024-05-15,Evening,4,2,3.0,1,1,25
202400033754,2024-01-16,Afternoon,4,5,6.0,3,2,71
202400033755,2024-04-07,Afternoon,4,1,1.0,1,2,19
202400033756,2024-05-16,Evening,3,8,6.0,1,2,25
202400033757,2024-01-16,Afternoon,4,2,6.0,2,2,71
202400033758,2024-07-23,Afternoon,4,1,6.0,1,1,29
202400033759,2024-04-04,Evening,4,1,3.0,1,2,14
202400033760,2024-01-17,Evening,4,2,1.0,5,2,69
202400033761,2024-05-16,Afternoon,4,2,4.0,1,2,17
202400033762,2024-07-21,Evening,4,1,6.0,1,1,68
202400033763,2024-04-07,Evening,4,1,1.0,1,2,11
202400033764,2024-01-17,Morning,4,2,2.0,1,2,69
202400033765,2024-07-23,Afternoon,4,1,3.0,1,2,68
202400033766,2024-05-16,Evening,4,1,1.0,1,2,13
202400033767,2024-04-07,Afternoon,4,1,6.0,1,1,11
202400033768,2024-01-16,Afternoon,4,1,1.0,1,2,69
202400033769,2024-05-16,Afternoon,3,1,3.0,1,2,13
202400033770,2024-07-24,Morning,3,1,7.0,2,2,03
202400033771,2024-01-15,Afternoon,2,2,6.0,1,2,69
202400033772,2024-04-08,Night,4,2,7.0,5,2,75
202400033773,2024-05-16,Morning,4,1,6.0,1,2,11
202400033774,2024-07-23,Morning,4,1,3.0,1,1,38
202400033775,2024-01-16,Evening,3,1,6.0,5,2,68
202400033776,2024-05-15,Afternoon,3,1,7.0,1,2,09
202400033777,2024-04-07,Night,4,2,3.0,5,2,75
202400033778,2024-07-23,Afternoon,3,1,7.0,1,1,40
202400033779,2024-01-16,Afternoon,4,8,3.0,1,2,67
202400033780,2024-05-16,Evening,4,1,2.0,1,2,06
202400033781,2024-04-06,Evening,4,1,3.0,1,2,75
202400033782,2024-05-15,Afternoon,3,1,2.0,1,2,75
202400033783,2024-01-17,Morning,4,3,3.0,1,2,64
202400033784,2024-07-23,Afternoon,3,7,5.0,1,1,33
202400033785,2024-04-08,Evening,4,7,6.0,1,2,75
202400033786,2024-01-17,Morning,4,2,6.0,1,2,64
202400033787,2024-05-15,Afternoon,4,1,3.0,1,2,75
202400033788,2024-01-10,Evening,4,1,3.0,5,2,64
202400033789,2024-05-15,Afternoon,3,1,6.0,1,2,75
202400033790,2024-04-08,Afternoon,4,1,3.0,1,2,75
202400033791,2024-07-24,Morning,3,1,3.0,1,2,85
202400033792,2024-01-16,Afternoon,4,1,7.0,1,2,64
202400033793,2024-07-23,Morning,4,1,7.0,1,1,33
202400033794,2024-01-17,Morning,4,1,3.0,1,2,63
202400033795,2024-05-14,Evening,4,2,3.0,5,2,75
202400033796,2024-04-08,Morning,4,8,6.0,1,2,75
202400033797,2024-05-16,Morning,4,1,6.0,1,2,75
202400033798,2024-07-19,Morning,4,1,2.0,1,1,59
202400033799,2024-04-08,Afternoon,4,1,3.0,1,2,75
202400033800,2024-01-17,Morning,3,3,3.0,1,2,61
202400033801,2024-05-15,Night,4,1,6.0,5,2,75
202400033802,2024-01-16,Evening,4,8,6.0,5,2,56
202400033803,2024-04-08,Morning,4,1,6.0,1,2,75
202400033804,2024-01-16,Evening,4,1,6.0,5,2,54
202400033805,2024-05-16,Evening,4,1,3.0,1,2,75
202400033806,2024-04-08,Afternoon,4,1,3.0,1,2,75
202400033807,2024-01-16,Afternoon,4,9,3.0,1,2,54
202400033808,2024-05-16,Morning,4,1,6.0,1,2,75
202400033809,2024-04-08,Evening,4,1,3.0,5,2,75
202400033810,2024-07-11,Afternoon,4,1,2.0,1,1,59
202400033811,2024-01-17,Morning,4,3,6.0,2,2,51
202400033812,2024-04-08,Morning,4,1,7.0,1,2,75
202400033813,2024-05-16,Evening,4,1,3.0,1,2,75
202400033814,2024-07-23,Afternoon,4,1,3.0,1,1,91
202400033815,2024-01-17,Night,4,2,2.0,5,2,51
202400033816,2024-05-16,Afternoon,4,1,6.0,1,2,75
202400033817,2024-07-23,Morning,4,1,3.0,1,1,91
202400033818,2024-01-16,Morning,3,1,6.0,5,2,51
202400033819,2024-05-16,Afternoon,4,1,3.0,1,2,75
202400033820,2024-04-08,Afternoon,4,1,3.0,1,2,94
202400033821,2024-01-16,Afternoon,4,1,1.0,1,2,49
202400033822,2024-07-23,Morning,4,2,4.0,1,1,92
202400033823,2024-05-16,Morning,4,1,2.0,1,2,75
202400033824,2024-04-08,Morning,4,2,4.0,1,2,94
202400033825,2024-07-23,Morning,4,2,6.0,1,1,78
202400033826,2024-01-17,Afternoon,3,2,6.0,2,2,38
202400033827,2024-07-23,Night,4,1,7.0,2,1,95
202400033828,2024-04-08,Afternoon,4,1,3.0,1,1,94
202400033829,2024-01-17,Evening,4,3,6.0,5,2,38
202400033830,2024-04-08,Evening,4,1,6.0,3,2,94
202400033831,2024-07-23,Afternoon,4,1,4.0,1,1,93
202400033832,2024-01-17,Afternoon,4,8,3.0,1,2,37
202400033833,2024-04-08,Night,4,2,7.0,5,2,93
202400033834,2024-01-13,Night,4,1,6.0,3,1,35
202400033835,2024-05-15,Afternoon,4,1,6.0,1,2,75
202400033836,2024-07-23,Morning,4,2,6.0,1,1,93
202400033837,2024-04-08,Evening,3,1,3.0,1,2,93
202400033838,2024-07-22,Afternoon,4,1,3.0,1,1,95
202400033839,2024-04-07,Night,4,2,6.0,5,2,92
202400033840,2024-01-17,Morning,4,2,6.0,4,2,35
202400033841,2024-07-23,Afternoon,4,1,2.0,1,1,94
202400033842,2024-04-08,Evening,4,1,1.0,2,2,92
202400033843,2024-05-16,Morning,4,1,2.0,1,2,94
202400033844,2024-04-08,Evening,4,1,3.0,1,2,92
202400033845,2024-07-23,Morning,4,2,6.0,1,1,77
202400033846,2024-01-17,Afternoon,3,2,5.0,1,2,33
202400033847,2024-05-15,Evening,4,1,2.0,1,2,94
202400033848,2024-04-08,Morning,4,8,7.0,1,2,92
202400033849,2024-07-22,Night,4,1,7.0,3,1,77
202400033850,2024-01-17,Morning,3,1,6.0,5,2,33
202400033851,2024-05-16,Morning,4,1,3.0,1,2,94
202400033852,2024-04-08,Morning,4,8,2.0,2,2,92
202400033853,2024-07-22,Morning,4,1,5.0,1,1,94
202400033854,2024-05-15,Evening,4,2,2.0,1,2,94
202400033855,2024-04-08,Night,2,1,6.0,3,1,40
202400033856,2024-01-17,Evening,4,2,2.0,5,2,31
202400033857,2024-01-24,Afternoon,3,1,6.0,1,1,14
202400033858,2024-05-16,Afternoon,4,1,6.0,1,2,94
202400033859,2024-01-18,Night,4,1,6.0,5,2,29
202400033860,2024-04-05,Morning,4,1,3.0,1,2,35
202400033861,2024-03-18,Morning,4,1,6.0,1,2,76
202400033862,2024-04-09,Morning,4,3,6.0,1,1,38
202400033863,2024-01-16,Evening,4,1,6.0,5,2,29
202400033864,2024-05-16,Morning,4,1,1.0,1,2,93
202400033865,2024-04-08,Afternoon,3,1,6.0,1,2,86
202400033866,2024-05-16,Morning,4,1,1.0,1,2,93
202400033867,2024-03-06,Afternoon,3,8,3.0,1,2,76
202400033868,2024-01-17,Evening,4,2,1.0,5,2,13
202400033869,2024-04-09,Afternoon,4,2,1.0,1,1,68
202400033870,2024-03-01,Evening,4,2,2.0,3,1,76
202400033871,2024-05-15,Evening,4,1,5.0,3,2,93
202400033872,2024-01-17,Morning,4,2,2.0,1,2,13
202400033874,2024-01-17,Morning,4,2,2.0,5,2,13
202400033876,2024-05-15,Evening,4,1,1.0,1,2,93
202400033877,2024-03-19,Morning,4,1,3.0,1,1,24
202400033878,2024-01-16,Night,3,1,2.0,5,2,13
202400033879,2024-04-08,Morning,4,1,2.0,1,1,21
202400033881,2024-05-12,Afternoon,4,1,1.0,1,2,93
202400033882,2024-03-02,Morning,4,1,6.0,1,2,62
202400033884,2024-04-07,Evening,3,1,6.0,2,1,38
202400033885,2024-05-16,Evening,4,1,5.0,1,2,93
202400033886,2024-04-08,Morning,3,1,7.0,1,1,34
202400033887,2024-07-22,Evening,4,1,6.0,1,2,69
202400033888,2024-05-16,Afternoon,4,1,3.0,1,2,93
202400033890,2024-05-16,Evening,4,1,2.0,1,2,92
202400033891,2024-05-16,Morning,4,1,3.0,1,2,92
202400033892,2024-07-21,Morning,4,2,6.0,2,2,87
202400033893,2024-05-16,Evening,3,1,6.0,1,2,92
202400033894,2024-07-20,Evening,4,2,7.0,1,2,87
202400033895,2024-05-16,Afternoon,4,1,3.0,1,2,92
202400033896,2024-05-15,Night,4,1,2.0,5,2,92
202400033897,2024-07-19,Afternoon,4,1,6.0,1,2,87
202400033898,2024-05-16,Evening,4,1,7.0,1,2,92
202400033899,2024-07-22,Afternoon,4,7,3.0,1,2,83
202400033900,2024-05-15,Night,4,8,3.0,5,2,92
202400033901,2024-05-15,Afternoon,4,1,5.0,1,2,92
202400033902,2024-07-22,Afternoon,4,1,3.0,1,2,78
202400033903,2024-05-17,Afternoon,4,1,7.0,1,1,12
202400033904,2024-07-21,Evening,3,1,1.0,1,2,78
202400033905,2024-05-17,Afternoon,4,1,3.0,1,1,2A
202400033906,2024-08-31,Afternoon,2,1,6.0,1,2,22
202400033907,2024-06-23,Afternoon,4,1,7.0,1,1,77
202400033908,2024-05-16,Afternoon,3,1,3.0,1,1,26
202400033909,2024-08-31,Morning,4,2,7.0,2,2,60
202400033910,2024-05-17,Afternoon,3,1,1.0,1,1,26
202400033911,2024-07-20,Afternoon,3,1,5.0,1,1,77
202400033912,2024-05-17,Morning,3,5,6.0,1,1,28
202400033913,2024-08-30,Evening,4,1,3.0,1,1,60
202400033914,2024-07-22,Afternoon,3,1,3.0,1,1,77
202400033915,2024-05-02,Afternoon,4,2,7.0,1,1,51
202400033917,2024-08-29,Afternoon,4,1,2.0,1,1,33
202400033918,2024-07-20,Evening,3,1,2.0,1,2,77
202400033919,2024-07-21,Night,4,1,6.0,3,2,77
202400033920,2024-08-03,Evening,4,1,4.0,1,1,33
202400033921,2024-07-22,Morning,4,1,3.0,1,2,77
202400033922,2024-07-19,Afternoon,3,1,6.0,1,1,77
202400033923,2024-08-30,Evening,4,2,4.0,1,1,91
202400033924,2024-07-19,Evening,4,1,4.0,1,1,76
202400033925,2024-08-30,Morning,4,1,3.0,1,1,91
202400033926,2024-07-21,Afternoon,4,1,3.0,1,2,72
202400033927,2024-08-30,Night,3,1,7.0,3,1,78
202400033928,2024-07-22,Afternoon,3,1,6.0,1,2,69
202400033929,2024-08-30,Afternoon,4,2,3.0,1,1,75
202400033930,2024-07-20,Morning,4,7,3.0,1,2,67
202400033931,2024-08-30,Morning,4,1,2.0,1,1,93
202400033932,2024-07-22,Morning,4,1,3.0,1,2,66
202400033933,2024-07-21,Evening,3,1,6.0,2,2,66
202400033934,2024-08-29,Evening,4,1,3.0,3,1,93
202400033935,2024-07-22,Afternoon,4,1,6.0,1,2,64
202400033936,2024-08-29,Evening,4,2,4.0,3,1,93
202400033937,2024-07-21,Morning,3,1,6.0,1,2,64
202400033938,2024-07-18,Morning,4,1,3.0,1,2,62
202400033939,2024-08-28,Afternoon,4,1,2.0,1,1,95
202400033940,2024-07-20,Night,3,1,6.0,5,2,56
202400033941,2024-07-15,Afternoon,4,1,6.0,1,2,52
202400033942,2024-08-26,Evening,4,1,4.0,1,1,93
202400033943,2024-07-19,Afternoon,4,1,1.0,1,2,51
202400033944,2024-08-30,Afternoon,4,3,7.0,1,1,77
202400033945,2024-07-22,Morning,4,1,3.0,1,2,45
202400033946,2024-06-26,Morning,3,1,3.0,1,2,57
202400033947,2024-07-22,Night,4,1,6.0,3,1,44
202400033949,2024-07-22,Night,4,1,1.0,5,2,43
202400033951,2024-07-22,Morning,4,8,3.0,1,2,42
202400033952,2024-07-20,Night,4,1,1.0,5,2,40
202400033954,2024-07-22,Morning,4,1,3.0,1,2,37
202400033956,2024-07-22,Night,4,1,6.0,5,2,33
202400033957,2024-07-21,Afternoon,4,8,6.0,1,1,33
202400033958,2024-08-29,Night,4,1,3.0,5,2,69
202400033959,2024-07-22,Afternoon,3,1,6.0,1,2,31
202400033960,2024-08-29,Afternoon,3,1,3.0,1,2,69
202400033961,2024-07-15,Afternoon,4,1,3.0,1,2,30
202400033962,2024-08-29,Afternoon,4,1,5.0,1,2,69
202400033963,2024-07-17,Evening,4,1,3.0,1,2,30
202400033964,2024-08-29,Morning,3,1,6.0,1,2,69
202400033965,2024-07-22,Afternoon,4,1,6.0,1,2,06
202400033966,2024-08-29,Morning,4,7,2.0,1,2,69
202400033967,2024-08-29,Night,4,1,1.0,5,2,69
202400033968,2024-07-21,Evening,4,1,4.0,1,2,75
202400033969,2024-07-21,Afternoon,4,1,2.0,1,2,75
202400033970,2024-07-29,Evening,4,1,3.0,1,2,69
202400033971,2024-07-20,Afternoon,4,1,2.0,1,2,75
202400033973,2024-07-22,Afternoon,4,1,3.0,1,2,75
202400033975,2024-07-22,Afternoon,4,1,6.0,1,2,75
202400033977,2024-08-26,Night,4,1,7.0,5,2,30
202400033978,2024-07-22,Morning,4,1,2.0,1,2,75
202400033979,2024-08-25,Night,4,1,7.0,5,2,84
202400033980,2024-08-29,Morning,4,1,6.0,1,2,83
202400033981,2024-07-22,Morning,4,1,3.0,1,2,75
202400033982,2024-08-28,Morning,4,1,3.0,1,1,83
202400033983,2024-07-21,Morning,4,1,2.0,1,2,75
202400033984,2024-08-29,Morning,4,1,6.0,1,2,78
202400033985,2024-07-22,Afternoon,4,1,6.0,1,2,75
202400033986,2024-08-29,Evening,4,1,6.0,1,2,77
202400033987,2024-07-22,Evening,4,1,7.0,1,2,75
202400033988,2024-08-28,Evening,4,1,3.0,1,2,77
202400033989,2024-07-22,Morning,4,1,6.0,1,2,75
202400033990,2024-08-28,Morning,3,1,6.0,1,2,73
202400033991,2024-07-22,Afternoon,4,1,3.0,1,2,94
202400033992,2024-07-22,Morning,3,1,6.0,1,2,94
202400033993,2024-08-29,Evening,4,1,3.0,2,2,69
202400033994,2024-07-22,Afternoon,4,1,6.0,1,2,93
202400033995,2024-08-29,Afternoon,4,1,6.0,1,2,69
202400033996,2024-07-22,Morning,4,1,3.0,1,2,93
202400033997,2024-08-29,Evening,4,1,3.0,5,2,67
202400033998,2024-07-22,Afternoon,3,1,3.0,1,2,93
202400033999,2024-07-22,Afternoon,4,1,7.0,1,2,92
202400034000,2024-08-29,Afternoon,4,7,6.0,1,2,67
202400034001,2024-07-22,Morning,2,1,1.0,1,2,92
202400034002,2024-08-29,Afternoon,4,1,2.0,1,2,67
202400034003,2024-07-22,Night,4,1,6.0,5,2,92
202400034004,2024-08-29,Afternoon,3,1,6.0,1,2,65
202400034005,2024-07-21,Night,4,1,3.0,5,2,92
202400034006,2024-07-22,Afternoon,4,1,6.0,1,2,35
202400034007,2024-08-29,Evening,4,2,3.0,5,2,64
202400034008,2024-07-23,Afternoon,4,1,3.0,1,1,66
202400034009,2024-08-28,Morning,3,1,3.0,1,2,64
202400034010,2024-07-22,Afternoon,3,1,1.0,1,1,16
202400034011,2024-08-27,Evening,3,1,6.0,1,2,64
202400034012,2024-03-28,Afternoon,4,6,1.0,1,1,41
202400034013,2024-08-29,Morning,4,2,1.0,1,2,64
202400034014,2024-06-29,Afternoon,4,1,6.0,1,2,31
202400034015,2024-07-17,Morning,4,1,2.0,1,1,45
202400034016,2024-08-29,Evening,4,1,4.0,1,2,64
202400034017,2024-07-23,Night,3,1,6.0,3,2,42
202400034018,2024-08-28,Afternoon,4,7,2.0,1,2,62
202400034019,2024-07-23,Morning,4,1,3.0,1,2,60
202400034020,2024-07-21,Evening,3,1,6.0,1,2,62
202400034021,2024-08-29,Night,4,1,4.0,5,2,59
202400034022,2024-07-22,Afternoon,3,1,3.0,1,1,57
202400034023,2024-08-29,Afternoon,4,1,3.0,1,2,58
202400034024,2024-07-18,Afternoon,3,1,3.0,1,1,82
202400034025,2024-07-21,Evening,3,1,6.0,1,1,33
202400034026,2024-08-28,Afternoon,4,1,3.0,1,2,56
202400034027,2024-07-23,Morning,3,1,2.0,1,1,32
202400034028,2024-07-20,Morning,4,1,3.0,1,1,89
202400034029,2024-08-28,Morning,4,1,3.0,1,2,56
202400034030,2024-07-23,Evening,3,1,7.0,1,1,63
202400034031,2024-08-28,Morning,3,1,6.0,1,2,56
202400034032,2024-07-22,Afternoon,3,1,6.0,1,1,49
202400034033,2024-07-23,Afternoon,2,7,6.0,1,2,47
202400034034,2024-08-28,Afternoon,4,1,1.0,1,2,54
202400034035,2024-07-11,Evening,3,1,3.0,1,1,34
202400034036,2024-07-22,Afternoon,4,1,2.0,1,1,68
202400034037,2024-08-28,Evening,4,1,3.0,1,2,51
202400034038,2024-07-18,Morning,3,1,6.0,1,2,39
202400034039,2024-08-27,Evening,4,1,3.0,1,2,51
202400034040,2024-07-22,Morning,3,1,3.0,1,2,38
202400034041,2024-08-28,Afternoon,4,1,1.0,1,2,49
202400034042,2024-07-21,Evening,3,1,3.0,1,2,02
202400034043,2024-08-29,Evening,4,1,3.0,2,2,45
202400034044,2024-08-28,Night,4,1,3.0,5,2,45
202400034045,2024-07-19,Night,3,1,7.0,3,1,84
202400034046,2024-08-29,Morning,4,1,6.0,1,2,43
202400034047,2024-07-23,Morning,4,1,7.0,1,1,03
202400034048,2024-08-29,Morning,3,7,6.0,2,2,42
202400034049,2024-07-18,Afternoon,3,1,7.0,1,1,06
202400034050,2024-08-28,Afternoon,4,1,3.0,1,2,41
202400034051,2024-07-21,Morning,3,1,1.0,1,1,14
202400034052,2024-08-29,Evening,4,1,3.0,1,2,38
202400034053,2024-07-22,Evening,4,1,5.0,1,1,14
202400034054,2024-08-29,Afternoon,3,1,3.0,1,2,38
202400034055,2024-07-23,Night,4,1,6.0,3,1,05
202400034056,2024-08-29,Morning,4,1,2.0,1,2,36
202400034057,2024-07-23,Afternoon,4,1,1.0,1,1,64
202400034058,2024-07-22,Morning,4,1,7.0,1,2,73
202400034059,2024-08-29,Morning,4,1,4.0,5,2,34
202400034060,2024-07-21,Night,3,3,7.0,3,1,18
202400034061,2024-08-29,Evening,4,1,3.0,1,2,33
202400034062,2024-07-23,Afternoon,4,1,6.0,1,1,07
202400034063,2024-08-29,Afternoon,3,1,3.0,1,2,29
202400034064,2024-07-11,Afternoon,3,1,3.0,1,1,85
202400034065,2024-07-22,Night,3,1,1.0,5,2,37
202400034066,2024-08-28,Afternoon,4,1,2.0,1,2,29
202400034067,2024-07-23,Morning,3,1,7.0,1,1,30
202400034068,2024-07-21,Afternoon,3,1,1.0,1,1,24
202400034069,2024-08-29,Evening,4,7,3.0,1,2,25
202400034070,2024-07-22,Afternoon,4,1,6.0,1,1,42
202400034071,2024-08-20,Afternoon,4,1,3.0,1,2,22
202400034072,2024-08-29,Night,4,3,7.0,5,2,17
202400034073,2024-07-23,Afternoon,3,1,4.0,1,1,30
202400034074,2024-08-29,Night,2,1,7.0,5,2,13
202400034075,2024-07-23,Afternoon,3,1,3.0,1,1,60
202400034076,2024-08-29,Morning,3,1,5.0,5,2,13
202400034078,2024-08-29,Afternoon,4,1,1.0,1,1,13
202400034079,2024-07-21,Evening,3,1,7.0,3,1,2B
202400034080,2024-08-28,Night,4,1,3.0,3,2,10
202400034081,2024-08-28,Afternoon,4,7,1.0,1,2,10
202400034082,2024-07-21,Night,3,1,1.0,3,1,2B
202400034083,2024-08-28,Afternoon,4,1,6.0,1,1,07
202400034084,2024-07-14,Night,3,1,6.0,3,2,66
202400034085,2024-08-29,Morning,3,1,3.0,1,1,06
202400034086,2024-07-22,Evening,4,1,6.0,1,2,83
202400034087,2024-08-28,Morning,4,1,3.0,1,2,06
202400034088,2024-07-19,Afternoon,3,7,3.0,1,1,83
202400034089,2024-08-28,Evening,4,1,2.0,2,1,01
202400034090,2024-07-22,Evening,3,1,3.0,1,2,71
202400034091,2024-07-22,Evening,3,1,6.0,1,1,71
202400034092,2024-08-29,Afternoon,4,1,4.0,1,2,75
202400034093,2024-07-23,Afternoon,4,1,3.0,1,1,73
202400034094,2024-08-28,Morning,3,1,3.0,1,2,75
202400034095,2024-07-23,Morning,4,1,6.0,1,1,42
202400034096,2024-08-28,Morning,4,1,4.0,1,2,75
202400034097,2024-07-22,Afternoon,4,1,3.0,1,1,69
202400034098,2024-08-29,Afternoon,4,1,6.0,1,2,75
202400034099,2024-07-21,Afternoon,4,1,6.0,1,1,33
202400034100,2024-08-29,Morning,4,1,3.0,1,2,75
202400034101,2024-07-22,Morning,4,1,1.0,1,2,33
202400034102,2024-08-28,Afternoon,4,1,6.0,1,2,75
202400034103,2024-07-18,Evening,3,1,2.0,1,1,44
202400034104,2024-08-28,Morning,3,1,4.0,1,2,75
202400034105,2024-07-19,Afternoon,4,1,7.0,1,2,29
202400034106,2024-08-29,Afternoon,4,1,7.0,1,2,75
202400034107,2024-07-18,Afternoon,3,1,2.0,1,1,60
202400034108,2024-08-29,Afternoon,4,1,6.0,1,2,75
202400034109,2024-07-22,Afternoon,3,1,2.0,1,1,60
202400034110,2024-08-29,Evening,4,2,3.0,5,2,75
202400034111,2024-08-29,Afternoon,4,1,6.0,1,2,75
202400034112,2024-07-19,Afternoon,3,1,2.0,1,1,69
202400034113,2024-07-11,Afternoon,4,1,7.0,1,1,59
202400034114,2024-08-29,Night,4,1,6.0,5,2,75
202400034115,2024-07-22,Afternoon,4,1,2.0,1,1,91
202400034116,2024-08-29,Afternoon,4,1,3.0,1,2,75
202400034117,2024-07-22,Afternoon,3,1,1.0,1,1,92
202400034118,2024-08-29,Afternoon,4,1,6.0,1,2,75
202400034119,2024-08-29,Night,4,1,3.0,5,2,94
202400034120,2024-07-22,Afternoon,4,1,4.0,1,1,78
202400034121,2024-08-28,Afternoon,4,1,2.0,1,2,94
202400034122,2024-08-29,Morning,4,1,6.0,1,2,93
202400034123,2024-07-21,Evening,4,1,4.0,1,1,78
202400034124,2024-08-29,Night,4,1,5.0,5,2,93
202400034125,2024-10-03,Morning,4,1,2.0,2,2,69
202400034126,2024-08-29,Morning,4,1,3.0,1,2,92
202400034127,2024-07-22,Morning,4,1,4.0,1,1,94
202400034128,2024-08-29,Morning,4,1,6.0,1,2,92
202400034129,2024-01-06,Morning,3,2,6.0,5,2,64
202400034130,2024-10-03,Morning,4,1,3.0,1,2,69
202400034131,2024-08-27,Morning,4,1,3.0,1,2,92
202400034132,2024-04-26,Afternoon,2,8,2.0,1,1,14
202400034133,2024-08-29,Night,4,1,6.0,5,2,92
202400034134,2024-02-23,Afternoon,4,2,7.0,1,1,14
202400034136,2024-08-29,Evening,4,2,1.0,5,2,92
202400034137,2024-04-12,Evening,4,1,1.0,2,2,62
202400034138,2024-08-28,Night,4,1,6.0,5,2,92
202400034139,2024-10-03,Night,4,1,2.0,5,2,69
202400034140,2024-08-28,Afternoon,4,1,6.0,1,2,92
202400034141,2024-04-13,Afternoon,4,1,3.0,1,1,29
202400034142,2024-08-29,Morning,4,1,6.0,1,2,92
202400034143,2024-04-15,Night,4,2,7.0,3,1,14
202400034144,2024-10-03,Morning,4,8,4.0,1,2,91
202400034145,2024-08-27,Afternoon,3,1,3.0,1,1,78
202400034147,2024-08-29,Morning,3,1,7.0,1,2,09
202400034149,2024-10-03,Evening,4,1,6.0,3,2,91
202400034150,2024-08-30,Night,3,8,6.0,2,2,51
202400034151,2024-07-21,Morning,4,1,6.0,1,1,2B
202400034152,2024-08-29,Morning,2,1,7.0,2,1,73
202400034153,2024-07-21,Morning,4,1,3.0,1,2,95
202400034154,2024-10-02,Afternoon,4,1,1.0,1,2,88
202400034156,2024-08-29,Afternoon,3,1,3.0,1,2,88
202400034157,2024-07-21,Night,4,2,5.0,3,1,95
202400034158,2024-10-03,Afternoon,4,1,3.0,1,2,84
202400034159,2024-08-30,Night,3,1,7.0,4,1,76
202400034160,2024-10-02,Morning,4,1,7.0,1,2,80
202400034161,2024-10-03,Night,4,1,7.0,5,2,78
202400034162,2024-07-21,Night,4,1,1.0,2,2,84
202400034163,2024-10-03,Evening,4,1,6.0,5,2,78
202400034164,2024-07-19,Afternoon,4,1,3.0,1,2,81
202400034165,2024-08-30,Night,4,1,5.0,3,1,41
202400034166,2024-08-27,Afternoon,4,1,1.0,1,2,72
202400034167,2024-07-21,Evening,3,1,5.0,1,2,78
202400034168,2024-08-30,Morning,4,2,7.0,1,1,77
202400034169,2024-07-21,Evening,4,1,6.0,1,2,77
202400034170,2024-07-21,Evening,3,1,6.0,1,2,76
202400034171,2024-08-30,Afternoon,4,1,2.0,1,2,30
202400034172,2024-08-29,Afternoon,3,1,6.0,1,2,56
202400034173,2024-08-29,Evening,2,1,1.0,1,2,31
202400034174,2024-07-21,Afternoon,4,1,5.0,1,1,76
202400034175,2024-08-29,Afternoon,3,1,3.0,1,1,63
202400034176,2024-08-28,Evening,3,1,3.0,2,1,42
202400034177,2024-08-29,Afternoon,3,1,6.0,1,2,47
202400034178,2024-07-21,Night,3,1,3.0,5,2,69
202400034179,2024-08-27,Evening,4,1,5.0,1,1,86
202400034180,2024-08-26,Afternoon,3,1,3.0,1,1,86
202400034181,2024-07-21,Night,3,1,1.0,5,2,69
202400034182,2024-07-20,Evening,3,1,6.0,1,2,64
202400034183,2024-08-30,Morning,3,7,6.0,1,1,34
202400034184,2024-09-23,Afternoon,4,8,7.0,1,1,77
202400034185,2024-07-21,Afternoon,4,1,3.0,1,2,61
202400034186,2024-08-29,Evening,4,1,7.0,1,2,68
202400034187,2024-10-02,Afternoon,4,2,3.0,1,2,77
202400034188,2024-08-27,Afternoon,3,1,6.0,1,1,29
202400034189,2024-07-21,Morning,4,1,6.0,1,2,59
202400034190,2024-08-29,Afternoon,3,1,7.0,1,2,02
202400034191,2024-10-03,Afternoon,4,1,1.0,1,2,74
202400034192,2024-07-21,Evening,3,1,6.0,1,1,59
202400034193,2024-08-30,Afternoon,3,1,1.0,1,2,70
202400034194,2024-10-03,Evening,3,8,2.0,3,1,72
202400034195,2024-07-20,Evening,3,1,3.0,1,2,59
202400034196,2024-08-30,Afternoon,4,1,7.0,1,2,90
202400034197,2024-10-02,Morning,4,1,3.0,1,2,72
202400034198,2024-08-29,Afternoon,3,1,6.0,1,2,64
202400034199,2024-08-30,Morning,3,2,1.0,1,2,64
202400034200,2024-10-02,Evening,4,1,3.0,1,2,69
202400034201,2024-08-30,Morning,4,7,7.0,1,1,73
202400034202,2024-10-03,Night,4,1,3.0,5,2,69
202400034203,2024-08-30,Afternoon,3,1,3.0,1,2,10
202400034204,2024-08-29,Afternoon,4,8,3.0,1,1,16
202400034205,2024-10-03,Afternoon,3,1,3.0,1,2,67
202400034206,2024-08-29,Afternoon,4,1,2.0,1,1,07
202400034207,2024-08-30,Night,4,1,6.0,4,2,21
202400034208,2024-10-02,Afternoon,4,1,3.0,1,2,67
202400034209,2024-08-30,Afternoon,3,1,7.0,1,1,85
202400034210,2024-10-03,Morning,4,1,2.0,4,2,64