Num_Acc,date,time_of_day,max_severity,weather,collision_type,lighting,urban_area,department
202400034211,2024-08-28,Evening,4,1,4.0,1,1,85
202400034212,2024-10-04,Night,4,1,6.0,5,2,64
202400034213,2024-08-30,Afternoon,3,2,2.0,1,2,27
202400034214,2024-09-28,Afternoon,3,1,3.0,1,2,62
202400034215,2024-08-30,Morning,3,1,1.0,2,1,30
202400034216,2024-08-30,Morning,2,1,1.0,1,1,52
202400034217,2024-08-30,Morning,4,1,4.0,1,1,68
202400034218,2024-09-29,Afternoon,3,1,3.0,1,2,60
202400034219,2024-08-29,Evening,3,1,1.0,2,2,31
202400034220,2024-08-30,Night,3,1,7.0,3,1,67
202400034221,2024-08-30,Afternoon,3,1,6.0,1,1,62
202400034222,2024-10-03,Evening,4,1,3.0,5,2,59
202400034225,2024-10-03,Afternoon,4,1,3.0,1,2,59
202400034226,2024-10-02,Morning,3,1,6.0,5,2,59
202400034227,2024-08-28,Evening,4,9,1.0,1,1,28
202400034228,2024-10-02,Morning,3,1,6.0,1,2,59
202400034229,2024-08-30,Afternoon,4,1,3.0,1,1,77
202400034230,2024-08-28,Evening,3,1,7.0,3,1,78
202400034231,2024-10-03,Morning,3,1,7.0,1,2,56
202400034232,2024-08-30,Morning,3,1,2.0,1,1,83
202400034233,2024-10-03,Morning,4,1,2.0,1,2,56
202400034234,2024-10-03,Morning,4,1,6.0,1,2,56
202400034235,2024-08-26,Afternoon,4,1,4.0,1,1,89
202400034236,2024-10-02,Morning,4,1,6.0,1,2,56
202400034237,2024-08-29,Morning,2,1,3.0,1,1,51
202400034238,2024-08-29,Evening,4,1,7.0,3,1,68
202400034239,2024-08-29,Afternoon,3,1,7.0,1,1,26
202400034240,2024-10-03,Afternoon,4,1,3.0,1,2,51
202400034241,2024-08-29,Morning,3,1,7.0,1,1,07
202400034242,2024-10-03,Morning,4,1,3.0,1,2,51
202400034243,2024-08-28,Afternoon,4,1,1.0,1,1,69
202400034244,2024-08-30,Evening,3,1,2.0,2,2,31
202400034245,2024-10-03,Morning,4,1,3.0,1,2,51
202400034246,2024-08-29,Afternoon,3,1,7.0,1,1,87
202400034247,2024-08-29,Evening,2,1,6.0,1,1,14
202400034248,2024-10-03,Afternoon,4,1,1.0,1,1,47
202400034249,2024-08-28,Evening,3,1,1.0,3,1,35
202400034250,2024-10-02,Morning,4,1,3.0,1,2,47
202400034251,2024-08-30,Afternoon,4,1,3.0,1,1,59
202400034252,2024-10-03,Afternoon,4,1,3.0,1,2,44
202400034253,2024-08-30,Morning,3,1,1.0,1,2,59
202400034254,2024-10-03,Afternoon,3,8,6.0,1,2,42
202400034255,2024-08-29,Night,4,1,2.0,5,1,13
202400034256,2024-08-29,Morning,3,1,2.0,1,1,83
202400034257,2024-08-27,Night,4,1,7.0,3,1,67
202400034258,2024-09-29,Evening,3,1,6.0,5,2,40
202400034259,2024-08-29,Afternoon,4,1,2.0,1,1,91
202400034260,2024-08-29,Morning,4,1,2.0,1,1,91
202400034261,2024-10-04,Night,4,1,3.0,5,2,37
202400034262,2024-10-03,Evening,4,1,2.0,2,2,35
202400034263,2024-08-29,Morning,4,1,4.0,1,1,78
202400034264,2024-10-03,Evening,4,1,6.0,1,2,35
202400034265,2024-08-29,Morning,4,1,2.0,1,1,92
202400034266,2024-10-03,Morning,4,1,3.0,1,2,34
202400034267,2024-08-29,Night,4,1,6.0,3,1,78
202400034268,2024-08-28,Morning,4,1,2.0,1,1,75
202400034269,2024-10-03,Night,4,1,4.0,5,2,34
202400034270,2024-08-29,Afternoon,4,1,2.0,1,1,93
202400034271,2024-08-28,Night,4,1,2.0,3,1,95
202400034272,2024-10-02,Evening,4,1,3.0,5,2,34
202400034273,2024-08-27,Morning,4,1,4.0,1,1,93
202400034274,2024-08-29,Morning,4,1,2.0,1,1,94
202400034275,2024-10-02,Morning,3,8,3.0,1,2,34
202400034276,2024-08-28,Evening,4,1,5.0,2,1,94
202400034277,2024-10-02,Afternoon,4,8,6.0,1,2,33
202400034278,2024-10-03,Afternoon,4,1,3.0,1,1,31
202400034279,2024-05-22,Afternoon,3,1,3.0,1,1,36
202400034280,2024-06-16,Evening,3,1,7.0,1,2,84
202400034281,2024-10-02,Evening,4,2,1.0,2,2,31
202400034282,2024-07-17,Night,2,1,6.0,5,2,67
202400034283,2024-10-03,Morning,4,1,1.0,1,2,29
202400034284,2024-05-25,Night,4,1,1.0,5,2,84
202400034285,2024-01-11,Morning,4,2,6.0,4,2,13
202400034286,2024-10-02,Morning,4,1,2.0,1,2,27
202400034287,2024-10-03,Evening,4,1,3.0,1,1,22
202400034288,2024-02-09,Evening,4,1,4.0,5,2,13
202400034289,2024-06-29,Morning,4,1,1.0,1,1,57
202400034290,2024-06-26,Morning,3,1,2.0,1,2,57
202400034291,2024-10-03,Morning,4,1,3.0,2,2,19
202400034292,2024-09-13,Night,3,1,6.0,5,2,15
202400034293,2024-06-29,Morning,3,1,6.0,1,1,57
202400034294,2024-10-02,Morning,3,1,1.0,1,2,13
202400034297,2024-10-03,Morning,4,7,3.0,1,2,13
202400034298,2024-08-08,Afternoon,4,1,6.0,1,2,10
202400034300,2024-10-02,Afternoon,4,1,3.0,1,2,10
202400034301,2024-10-03,Afternoon,4,1,6.0,1,2,07
202400034302,2024-10-02,Afternoon,4,1,3.0,1,2,04
202400034304,2024-10-03,Morning,4,1,2.0,5,2,75
202400034305,2024-08-28,Morning,4,1,3.0,1,2,69
202400034306,2024-10-03,Morning,3,1,6.0,1,2,75
202400034307,2024-10-03,Morning,4,1,1.0,1,2,75
202400034308,2024-10-03,Night,4,1,1.0,5,2,75
202400034309,2024-08-28,Afternoon,3,1,3.0,1,2,91
202400034310,2024-10-03,Afternoon,4,8,2.0,1,2,75
202400034311,2024-10-03,Afternoon,4,1,3.0,1,2,94
202400034312,2024-10-02,Afternoon,4,1,3.0,1,2,94
202400034313,2024-10-03,Afternoon,4,8,6.0,1,2,94
202400034314,2024-08-27,Morning,3,1,1.0,1,2,83
202400034315,2024-10-02,Afternoon,2,1,6.0,1,2,94
202400034316,2024-10-03,Afternoon,4,1,1.0,1,2,94
202400034317,2024-10-03,Morning,4,1,2.0,2,2,94
202400034318,2024-10-03,Night,4,1,3.0,5,2,93
202400034319,2024-10-02,Night,3,1,6.0,5,2,93
202400034320,2024-10-03,Afternoon,4,1,3.0,1,2,93
202400034321,2024-10-03,Evening,3,1,3.0,1,2,93
202400034322,2024-10-02,Evening,4,1,6.0,1,1,93
202400034323,2024-10-03,Afternoon,4,1,6.0,1,2,93
202400034324,2024-10-02,Morning,4,1,6.0,1,2,93
202400034325,2024-10-03,Night,4,1,3.0,5,2,93
202400034326,2024-10-03,Afternoon,4,8,6.0,1,2,92
202400034327,2024-10-03,Evening,4,1,6.0,1,2,92
202400034328,2024-09-28,Afternoon,4,1,4.0,1,2,92
202400034329,2024-10-03,Evening,4,1,3.0,1,2,92
202400034330,2024-10-02,Evening,4,1,7.0,3,2,92
202400034331,2024-10-02,Morning,4,2,2.0,1,2,92
202400034332,2024-10-03,Afternoon,4,1,3.0,1,2,92
202400034333,2024-10-03,Afternoon,4,1,6.0,1,2,92
202400034334,2024-10-02,Night,4,1,3.0,5,2,92
202400034335,2024-10-03,Afternoon,4,1,2.0,1,2,92
202400034336,2024-09-29,Evening,4,1,6.0,2,2,92
202400034337,2024-10-03,Afternoon,4,1,3.0,1,1,95
202400034338,2024-10-03,Afternoon,3,1,1.0,1,2,60
202400034339,2024-10-01,Afternoon,3,1,7.0,1,1,47
202400034340,2024-10-04,Afternoon,3,1,3.0,1,2,62
202400034341,2024-10-03,Evening,3,1,7.0,3,1,26
202400034342,2024-10-04,Afternoon,3,1,6.0,1,1,95
202400034344,2024-10-02,Afternoon,4,1,7.0,1,1,11
202400034345,2024-10-03,Evening,3,1,1.0,2,1,84
202400034346,2024-10-03,Evening,3,2,6.0,1,2,65
202400034347,2024-09-30,Afternoon,4,1,6.0,1,1,27
202400034348,2024-10-03,Afternoon,4,1,1.0,1,1,56
202400034349,2024-10-03,Evening,3,1,7.0,1,1,59
202400034350,2024-10-04,Evening,4,1,7.0,2,1,77
202400034351,2024-10-03,Afternoon,4,1,7.0,1,1,77
202400034352,2024-10-01,Afternoon,3,1,1.0,1,1,76
202400034353,2024-10-03,Morning,3,1,3.0,1,1,82
202400034354,2024-10-04,Morning,3,5,1.0,2,1,32
202400034355,2024-10-04,Morning,3,1,3.0,2,2,71
202400034356,2024-10-04,Morning,2,1,6.0,1,2,89
202400034357,2024-09-12,Morning,4,1,7.0,1,1,34
202400034358,2024-06-22,Afternoon,3,1,6.0,1,1,50
202400034359,2024-06-22,Evening,3,1,6.0,1,2,50
202400034360,2024-10-03,Morning,2,8,3.0,3,1,22
202400034361,2024-09-16,Afternoon,3,1,1.0,1,1,44
202400034362,2024-06-21,Afternoon,3,1,3.0,1,2,45
202400034363,2024-06-22,Night,3,3,1.0,3,1,45
202400034364,2024-10-01,Evening,3,1,3.0,3,2,35
202400034365,2024-06-17,Afternoon,3,1,7.0,1,1,18
202400034366,2024-07-30,Evening,3,1,3.0,1,1,35
202400034367,2024-06-22,Afternoon,3,1,1.0,1,2,16
202400034368,2024-06-22,Night,2,1,6.0,3,1,07
202400034369,2024-06-20,Evening,4,8,5.0,1,2,04
202400034370,2024-10-04,Afternoon,4,1,3.0,1,1,02
202400034371,2024-06-21,Night,3,1,7.0,3,1,23
202400034372,2024-10-02,Evening,3,1,1.0,5,2,15
202400034373,2024-06-21,Afternoon,3,2,2.0,1,2,88
202400034374,2024-10-03,Night,2,1,6.0,3,2,26
202400034375,2024-06-21,Night,4,1,3.0,2,1,38
202400034376,2024-10-04,Night,4,1,7.0,3,1,58
202400034377,2024-06-22,Morning,4,1,2.0,1,1,18
202400034378,2024-10-02,Evening,3,1,6.0,3,1,14
202400034379,2024-06-22,Night,2,1,6.0,5,2,06
202400034380,2024-10-04,Morning,2,7,6.0,1,2,50
202400034381,2024-06-21,Evening,2,1,1.0,1,1,51
202400034382,2024-06-22,Evening,2,1,2.0,1,1,27
202400034383,2024-10-03,Afternoon,4,7,1.0,1,1,60
202400034384,2024-06-21,Night,3,1,7.0,3,1,13
202400034385,2024-10-03,Night,3,1,7.0,3,1,45
202400034386,2024-06-21,Afternoon,4,1,6.0,1,1,37
202400034387,2024-10-03,Morning,3,1,2.0,1,2,36
202400034388,2024-06-22,Afternoon,3,1,3.0,1,1,91
202400034389,2024-10-03,Morning,3,1,3.0,2,2,04
202400034390,2024-06-22,Night,4,1,1.0,3,1,06
202400034391,2024-10-03,Afternoon,3,1,6.0,1,1,23
202400034392,2024-10-03,Afternoon,3,1,7.0,1,2,30
202400034394,2024-06-22,Afternoon,4,1,5.0,1,2,05
202400034395,2024-10-03,Morning,4,2,7.0,1,1,67
202400034396,2024-06-16,Afternoon,3,1,3.0,1,1,04
202400034398,2024-10-02,Evening,4,2,7.0,4,1,34
202400034399,2024-06-22,Morning,4,1,2.0,1,1,89
202400034400,2024-10-04,Afternoon,4,1,3.0,1,1,13
202400034401,2024-06-20,Evening,4,1,7.0,1,2,67
202400034402,2024-05-25,Afternoon,4,1,3.0,1,1,67
202400034403,2024-10-04,Morning,4,1,1.0,1,1,71
202400034404,2024-06-20,Morning,3,1,4.0,1,2,63
202400034405,2024-10-02,Evening,4,1,1.0,5,2,67
202400034406,2024-09-16,Afternoon,3,1,3.0,1,2,38
202400034407,2024-06-22,Afternoon,4,1,1.0,1,1,42
202400034408,2024-09-25,Morning,3,1,7.0,1,1,26
202400034409,2024-06-21,Morning,4,1,3.0,1,2,38
202400034410,2024-10-02,Evening,3,1,6.0,3,1,86
202400034411,2024-06-21,Morning,3,8,6.0,1,2,69
202400034412,2024-09-15,Night,4,1,7.0,3,1,33
202400034413,2024-06-22,Morning,3,1,6.0,1,1,31
202400034414,2024-10-04,Afternoon,4,7,6.0,1,2,35
202400034415,2024-06-22,Morning,2,3,2.0,1,1,79
202400034416,2024-09-29,Night,4,1,5.0,3,1,67
202400034417,2024-06-14,Evening,3,1,1.0,1,2,33
202400034418,2024-10-03,Evening,4,1,6.0,1,1,91
202400034419,2024-06-20,Evening,4,1,2.0,1,2,85
202400034420,2024-10-02,Morning,4,1,3.0,1,1,92
202400034421,2024-06-22,Afternoon,2,1,6.0,1,1,22
202400034422,2024-10-02,Morning,3,1,5.0,3,1,78
202400034423,2024-06-21,Evening,4,1,1.0,1,2,80
202400034424,2024-10-02,Evening,4,1,5.0,3,1,95
202400034425,2024-06-18,Evening,4,1,4.0,1,1,13
202400034426,2024-10-03,Night,4,1,2.0,3,1,94
202400034427,2024-06-21,Morning,4,1,2.0,2,1,13
202400034428,2024-10-03,Evening,4,1,2.0,3,1,77
202400034429,2024-06-21,Night,4,1,2.0,4,1,33
202400034430,2024-10-03,Evening,4,1,3.0,3,1,77
202400034431,2024-06-21,Evening,3,1,3.0,1,1,33
202400034432,2024-10-03,Night,4,1,2.0,3,1,94
202400034433,2024-06-21,Night,4,1,6.0,2,1,91
202400034434,2024-10-03,Night,4,1,6.0,3,1,94
202400034435,2024-06-21,Afternoon,4,1,4.0,1,1,91
202400034436,2024-04-10,Afternoon,4,1,2.0,1,1,13
202400034437,2024-06-21,Morning,4,2,2.0,1,1,78
202400034438,2024-11-08,Morning,4,2,6.0,5,2,93
202400034439,2024-02-24,Afternoon,4,1,2.0,1,1,13
202400034440,2024-06-21,Morning,4,2,3.0,1,1,92
202400034441,2024-06-21,Night,4,1,6.0,2,1,78
202400034443,2024-11-07,Morning,4,8,1.0,1,2,93
202400034445,2024-06-20,Evening,4,1,2.0,1,1,92
202400034446,2024-11-08,Afternoon,4,8,6.0,1,2,93
202400034447,2024-10-02,Morning,4,1,2.0,1,2,69
202400034448,2024-06-21,Morning,4,2,7.0,1,1,92
202400034449,2024-06-21,Afternoon,4,2,6.0,1,1,95
202400034450,2024-11-08,Evening,4,1,3.0,5,2,93
202400034451,2024-06-21,Night,4,1,6.0,3,1,95
202400034453,2024-11-08,Afternoon,3,1,3.0,1,2,93
202400034455,2024-06-19,Evening,4,1,4.0,1,1,95
202400034456,2024-11-08,Evening,3,8,2.0,5,2,93
202400034457,2024-10-02,Morning,4,1,3.0,2,2,87
202400034458,2024-06-21,Morning,4,1,3.0,1,1,77
202400034459,2024-06-21,Night,4,1,7.0,3,1,94
202400034460,2024-10-02,Afternoon,3,1,3.0,1,2,86
202400034461,2024-11-08,Afternoon,4,1,6.0,1,2,92
202400034462,2024-03-20,Night,4,1,7.0,3,1,29
202400034463,2024-11-08,Morning,4,1,6.0,1,2,92
202400034464,2024-10-02,Afternoon,4,1,4.0,1,2,83
202400034466,2024-10-01,Afternoon,3,1,6.0,1,2,83
202400034467,2024-11-08,Morning,4,2,6.0,2,2,92
202400034470,2024-10-02,Afternoon,4,2,6.0,1,2,78
202400034471,2024-11-05,Evening,4,1,6.0,5,2,92
202400034473,2024-10-02,Afternoon,4,2,4.0,1,1,78
202400034474,2024-11-08,Afternoon,4,1,3.0,1,2,92
202400034477,2024-11-08,Morning,4,8,6.0,1,2,92
202400034479,2024-11-08,Afternoon,4,1,6.0,1,2,92
202400034480,2024-10-02,Evening,4,1,3.0,2,1,77
202400034481,2024-06-20,Evening,4,2,6.0,1,2,69
202400034482,2024-11-08,Afternoon,4,1,1.0,4,2,92
202400034483,2024-10-02,Evening,4,1,6.0,1,2,76
202400034484,2024-06-20,Afternoon,4,3,6.0,1,2,69
202400034485,2024-11-08,Evening,2,1,6.0,3,1,37
202400034486,2024-06-20,Evening,4,1,1.0,1,2,95
202400034487,2024-10-02,Morning,4,2,3.0,1,2,73
202400034488,2024-06-20,Evening,3,2,7.0,1,2,91
202400034489,2024-11-08,Evening,4,1,1.0,3,1,62
202400034490,2024-10-02,Evening,4,1,3.0,1,2,72
202400034491,2024-06-19,Morning,3,8,3.0,1,2,91
202400034492,2024-11-08,Afternoon,4,1,1.0,1,1,16
202400034493,2024-10-02,Afternoon,4,1,3.0,1,2,71
202400034494,2024-06-19,Afternoon,4,1,3.0,1,2,91
202400034495,2024-11-08,Evening,4,1,1.0,3,1,62
202400034496,2024-06-20,Night,4,2,6.0,3,2,78
202400034497,2024-10-02,Morning,4,1,3.0,1,2,71
202400034498,2024-06-20,Afternoon,4,1,6.0,1,2,78
202400034499,2024-11-08,Night,4,2,6.0,3,1,95
202400034500,2024-06-19,Evening,4,1,3.0,1,2,78
202400034501,2024-10-02,Morning,4,1,4.0,1,2,69
202400034502,2024-10-02,Morning,3,1,6.0,1,2,69
202400034503,2024-11-08,Afternoon,3,1,1.0,2,1,19
202400034504,2024-10-01,Afternoon,4,2,6.0,1,2,69
202400034505,2024-06-19,Afternoon,4,1,3.0,1,2,77
202400034506,2024-10-02,Morning,4,8,4.0,1,2,67
202400034507,2024-06-19,Afternoon,4,1,3.0,1,1,77
202400034508,2024-11-09,Night,4,2,6.0,3,1,2B
202400034509,2024-10-01,Morning,4,1,3.0,4,2,67
202400034510,2024-06-20,Morning,4,1,3.0,1,2,76
202400034511,2024-10-23,Afternoon,3,1,6.0,1,2,33
202400034512,2024-10-02,Morning,4,3,4.0,3,2,64
202400034513,2024-06-19,Afternoon,4,1,3.0,1,2,72
202400034514,2024-11-07,Afternoon,4,1,3.0,1,2,69
202400034515,2024-06-20,Afternoon,4,3,2.0,1,2,69
202400034516,2024-09-30,Afternoon,4,8,3.0,1,1,62
202400034517,2024-06-19,Afternoon,3,1,3.0,1,2,69
202400034518,2024-11-08,Afternoon,3,1,3.0,5,2,63
202400034519,2024-10-01,Evening,4,1,6.0,5,2,60
202400034520,2024-06-20,Afternoon,4,1,6.0,1,1,69
202400034521,2024-11-09,Morning,3,5,6.0,1,1,61
202400034522,2024-06-18,Morning,4,1,3.0,1,2,69
202400034523,2024-10-01,Evening,4,1,2.0,5,2,56
202400034524,2024-10-27,Afternoon,4,1,6.0,1,2,61
202400034525,2024-06-20,Afternoon,4,1,6.0,1,2,67
202400034526,2024-06-20,Morning,3,3,3.0,1,2,65
202400034527,2024-09-30,Evening,4,1,3.0,1,1,56
202400034528,2024-11-08,Afternoon,3,1,3.0,1,1,47
202400034529,2024-06-19,Evening,4,1,3.0,1,2,64
202400034530,2024-11-09,Afternoon,2,1,6.0,2,1,47
202400034531,2024-07-29,Evening,4,1,1.0,1,2,55
202400034532,2024-06-19,Afternoon,4,1,2.0,1,2,64
202400034533,2024-09-01,Night,4,1,1.0,3,1,55
202400034534,2024-11-08,Evening,3,1,1.0,3,1,47
202400034535,2024-06-19,Afternoon,4,1,3.0,1,2,64
202400034536,2024-08-13,Evening,3,1,7.0,2,2,55
202400034537,2024-11-08,Morning,3,8,6.0,1,2,22
202400034538,2024-06-20,Morning,3,1,3.0,1,2,61
202400034539,2024-07-22,Afternoon,4,1,4.0,1,1,55
202400034540,2024-05-31,Morning,4,1,6.0,1,2,60
202400034541,2024-06-20,Afternoon,4,1,1.0,1,2,59
202400034542,2024-11-08,Afternoon,4,1,1.0,1,2,44
202400034543,2024-10-01,Morning,4,1,6.0,1,2,54
202400034544,2024-06-20,Afternoon,4,1,6.0,1,2,59
202400034545,2024-10-02,Afternoon,4,1,6.0,1,2,51
202400034546,2024-11-08,Evening,3,1,3.0,3,1,31
202400034547,2024-10-02,Evening,3,1,3.0,2,2,49
202400034548,2024-06-20,Afternoon,4,1,3.0,1,2,54
202400034549,2024-10-02,Afternoon,3,1,3.0,1,2,49
202400034550,2024-06-19,Morning,4,2,3.0,1,2,54
202400034551,2024-11-08,Night,4,1,1.0,5,1,01
202400034552,2024-10-02,Afternoon,3,1,6.0,1,2,49
202400034553,2024-06-20,Morning,4,2,6.0,1,1,54
202400034554,2024-11-08,Morning,3,1,1.0,1,1,26
202400034555,2024-06-20,Evening,4,1,3.0,2,2,53
202400034556,2024-06-19,Afternoon,4,3,3.0,1,1,49
202400034557,2024-06-14,Afternoon,4,1,2.0,1,1,45
202400034558,2024-11-08,Evening,4,5,3.0,3,1,14
202400034559,2024-06-19,Night,4,8,1.0,5,2,44
202400034560,2024-06-19,Afternoon,3,3,6.0,1,2,44
202400034561,2024-11-09,Morning,4,1,1.0,1,1,73
202400034562,2024-06-20,Afternoon,4,1,3.0,1,2,37
202400034563,2024-11-08,Morning,2,5,3.0,2,1,36
202400034564,2024-06-20,Evening,4,2,2.0,2,2,35
202400034565,2024-11-09,Afternoon,2,1,6.0,2,1,16
202400034566,2024-11-08,Evening,3,1,3.0,5,2,24
202400034567,2024-06-20,Evening,4,1,4.0,1,1,35
202400034568,2024-06-20,Afternoon,4,2,2.0,1,2,34
202400034569,2024-11-09,Afternoon,2,1,1.0,1,2,28
202400034570,2024-06-20,Evening,4,8,6.0,1,2,33
202400034571,2024-11-08,Evening,2,1,2.0,3,1,87
202400034572,2024-06-20,Afternoon,4,1,3.0,1,2,33
202400034573,2024-06-19,Afternoon,3,1,6.0,1,2,33
202400034574,2024-06-18,Morning,4,1,2.0,2,2,30
202400034575,2024-06-20,Evening,4,7,3.0,1,2,29
202400034576,2024-11-09,Afternoon,4,2,6.0,1,2,31
202400034577,2024-06-19,Evening,4,1,3.0,1,2,29
202400034578,2024-06-20,Evening,3,1,7.0,1,1,26
202400034579,2024-11-08,Night,3,5,2.0,3,1,55
202400034580,2024-06-19,Evening,4,1,1.0,2,1,25
202400034581,2024-11-08,Evening,4,1,1.0,3,2,38
202400034582,2024-11-08,Morning,3,2,6.0,1,1,69
202400034583,2024-06-18,Afternoon,4,1,3.0,1,2,15
202400034585,2024-06-19,Afternoon,4,2,1.0,1,2,13
202400034586,2024-11-08,Evening,3,5,3.0,5,2,45
202400034587,2024-06-17,Afternoon,4,1,7.0,1,2,30
202400034588,2024-11-08,Night,4,8,7.0,3,1,66
202400034589,2024-06-18,Evening,2,1,6.0,1,2,12
202400034590,2024-11-09,Morning,4,1,1.0,1,1,67
202400034591,2024-06-20,Evening,4,2,3.0,1,2,11
202400034592,2024-11-08,Evening,3,1,1.0,5,2,88
202400034593,2024-06-19,Evening,4,1,2.0,1,1,10
202400034594,2024-06-20,Night,4,9,7.0,3,1,09
202400034595,2024-11-08,Morning,4,5,3.0,1,1,69
202400034596,2024-11-08,Evening,2,1,1.0,3,1,31
202400034597,2024-06-15,Morning,4,2,1.0,1,1,07
202400034598,2024-11-08,Morning,3,1,2.0,1,1,33
202400034599,2024-06-20,Afternoon,4,1,6.0,1,2,06
202400034600,2024-11-09,Evening,3,2,6.0,4,2,14
202400034601,2024-06-20,Morning,4,1,6.0,1,2,75
202400034602,2024-11-08,Evening,4,1,3.0,3,1,35
202400034603,2024-06-20,Morning,4,1,5.0,2,2,75
202400034604,2024-11-09,Afternoon,4,1,6.0,1,2,60
202400034605,2024-06-19,Evening,4,1,2.0,1,2,75
202400034606,2024-06-19,Morning,4,1,6.0,1,2,75
202400034607,2024-10-31,Evening,2,5,7.0,3,1,80
202400034608,2024-06-20,Evening,4,8,1.0,1,2,75
202400034609,2024-06-20,Morning,4,1,6.0,1,2,75
202400034610,2024-11-08,Evening,4,1,3.0,5,2,62
202400034611,2024-06-19,Morning,4,1,3.0,1,2,75
202400034612,2024-11-09,Evening,4,8,6.0,5,1,59
202400034613,2024-06-19,Evening,4,1,1.0,1,2,75
202400034614,2024-06-20,Night,4,1,3.0,1,2,75
202400034615,2024-11-08,Afternoon,4,2,2.0,5,1,13
202400034616,2024-06-20,Afternoon,4,1,2.0,1,2,75
202400034617,2024-11-08,Night,4,1,7.0,3,1,13
202400034618,2024-06-19,Afternoon,4,1,3.0,1,2,75
202400034619,2024-06-20,Morning,4,1,6.0,1,2,75
202400034620,2024-11-06,Afternoon,4,3,2.0,1,1,13
202400034621,2024-06-20,Afternoon,4,1,3.0,1,2,75
202400034622,2024-11-06,Afternoon,4,3,6.0,1,1,13
202400034623,2024-06-20,Morning,4,1,2.0,1,2,75
202400034624,2024-06-20,Morning,4,1,3.0,1,2,75
202400034625,2024-06-20,Evening,4,1,6.0,1,2,94
202400034626,2024-11-06,Morning,4,2,5.0,1,1,13
202400034627,2024-06-19,Morning,4,1,2.0,1,2,94
202400034628,2024-11-06,Morning,4,3,6.0,1,1,13
202400034629,2024-06-20,Afternoon,4,1,3.0,1,2,94
202400034630,2024-11-06,Morning,4,2,7.0,1,1,13
202400034631,2024-06-20,Morning,4,2,2.0,1,2,94
202400034632,2024-06-20,Afternoon,4,1,6.0,1,2,93
202400034633,2024-11-08,Morning,4,1,3.0,2,1,33
202400034634,2024-06-16,Afternoon,3,1,7.0,1,2,93
202400034635,2024-06-19,Night,4,1,2.0,5,2,93
202400034636,2024-06-20,Morning,4,1,2.0,1,2,93
202400034637,2024-11-08,Evening,4,1,4.0,3,1,92
202400034638,2024-06-20,Afternoon,3,1,3.0,1,2,92
202400034639,2024-06-20,Night,4,1,3.0,5,2,92
202400034640,2024-11-08,Evening,4,1,2.0,3,1,78
202400034641,2024-06-20,Morning,4,1,3.0,1,2,92
202400034642,2024-11-08,Evening,4,1,3.0,3,1,92
202400034643,2024-06-20,Morning,4,1,1.0,1,2,92
202400034644,2024-06-20,Evening,4,1,6.0,1,2,92
202400034645,2024-11-08,Afternoon,4,1,2.0,1,1,92
202400034646,2024-06-21,Afternoon,4,1,3.0,1,1,35
202400034647,2024-11-07,Night,4,1,3.0,3,1,78
202400034648,2024-06-21,Evening,3,1,2.0,1,1,38
202400034649,2024-06-20,Morning,4,1,6.0,1,2,41
202400034650,2024-06-21,Morning,4,1,1.0,1,1,31
202400034651,2024-11-07,Evening,4,1,3.0,5,1,78
202400034652,2024-06-21,Morning,4,2,1.0,1,2,68
202400034653,2024-06-20,Night,4,1,6.0,3,1,35
202400034654,2024-11-08,Afternoon,3,1,2.0,1,1,93
202400034655,2024-06-21,Afternoon,4,1,2.0,1,1,44
202400034656,2024-06-21,Morning,4,1,7.0,1,1,22
202400034657,2024-11-08,Afternoon,4,1,7.0,1,1,93
202400034658,2024-06-20,Afternoon,3,2,7.0,1,1,34
202400034659,2024-06-18,Afternoon,3,1,3.0,1,2,57
202400034660,2024-11-08,Morning,4,2,2.0,1,1,93
202400034661,2024-06-20,Afternoon,4,1,3.0,1,2,67
202400034662,2024-06-21,Afternoon,2,1,7.0,1,1,76
202400034663,2024-11-08,Night,4,1,2.0,3,1,94
202400034664,2024-06-21,Afternoon,2,1,6.0,1,1,80
202400034665,2024-06-20,Evening,3,2,6.0,1,2,65
202400034666,2024-06-20,Afternoon,4,1,1.0,1,2,33
202400034667,2024-11-08,Afternoon,4,1,4.0,1,1,77
202400034668,2024-06-10,Evening,4,1,2.0,1,2,89
202400034669,2024-06-20,Evening,3,3,6.0,2,1,63
202400034670,2024-07-14,Morning,3,1,7.0,1,1,86
202400034671,2024-06-21,Morning,4,7,6.0,1,2,61
202400034672,2024-08-13,Night,4,1,7.0,5,2,34
202400034673,2024-06-21,Morning,3,1,1.0,1,1,49
202400034674,2024-06-21,Afternoon,3,8,7.0,1,1,12
202400034676,2024-06-21,Morning,3,2,3.0,1,1,46
202400034678,2024-06-20,Morning,2,2,6.0,1,1,47
202400034680,2024-06-18,Night,4,1,3.0,5,2,47
202400034682,2024-06-20,Evening,3,1,3.0,1,1,22
202400034684,2024-06-20,Afternoon,4,3,3.0,1,1,31
202400034686,2024-06-20,Afternoon,4,1,3.0,1,2,38
202400034688,2024-06-20,Morning,4,2,2.0,1,2,38
202400034689,2024-06-20,Afternoon,2,1,7.0,1,2,02
202400034691,2024-06-20,Evening,3,1,1.0,1,1,90