Num_Acc,date,time_of_day,max_severity,weather,collision_type,lighting,urban_area,department
202400034693,2024-06-21,Afternoon,4,2,1.0,1,1,45
202400034695,2024-06-20,Evening,3,2,6.0,1,1,64
202400034696,2024-11-07,Evening,4,1,3.0,5,2,69
202400034697,2024-06-19,Night,3,1,6.0,3,1,53
202400034698,2024-11-07,Afternoon,4,1,6.0,2,2,69
202400034699,2024-06-19,Morning,3,2,7.0,1,1,21
202400034700,2024-11-07,Morning,4,2,6.0,2,2,69
202400034701,2024-06-21,Morning,4,1,3.0,1,1,27
202400034702,2024-11-07,Morning,4,2,1.0,1,2,69
202400034703,2024-05-09,Afternoon,3,1,6.0,1,2,28
202400034704,2024-12-14,Evening,4,1,4.0,3,1,95
202400034706,2024-06-20,Evening,3,1,7.0,2,1,17
202400034707,2024-06-20,Evening,4,1,1.0,1,1,17
202400034708,2024-12-14,Afternoon,4,1,5.0,1,1,92
202400034709,2024-11-07,Afternoon,3,1,2.0,1,2,2A
202400034710,2024-12-14,Night,4,1,3.0,4,1,93
202400034711,2024-06-16,Morning,3,1,2.0,1,1,30
202400034712,2024-11-07,Morning,4,1,1.0,1,2,2A
202400034713,2024-06-20,Morning,3,1,7.0,1,2,67
202400034714,2024-11-07,Afternoon,4,1,6.0,2,2,91
202400034715,2024-12-14,Night,4,1,2.0,4,1,93
202400034716,2024-06-21,Afternoon,3,1,6.0,1,1,01
202400034717,2024-12-13,Morning,4,1,6.0,3,1,95
202400034718,2024-06-20,Evening,2,1,6.0,2,1,06
202400034719,2024-11-07,Evening,4,3,1.0,5,2,91
202400034720,2024-10-02,Evening,2,1,6.0,3,2,95
202400034721,2024-06-18,Night,4,1,6.0,5,1,34
202400034722,2024-07-12,Night,4,3,3.0,5,2,91
202400034723,2024-11-06,Afternoon,4,1,4.0,1,2,88
202400034724,2024-06-21,Afternoon,2,1,3.0,1,1,72
202400034725,2024-07-11,Morning,4,1,4.0,1,2,91
202400034726,2024-11-06,Afternoon,4,1,3.0,5,2,84
202400034727,2024-06-20,Night,2,1,6.0,3,1,76
202400034728,2024-10-14,Night,4,1,7.0,5,2,30
202400034729,2024-11-06,Afternoon,3,1,7.0,1,1,30
202400034730,2024-06-20,Morning,4,3,7.0,1,1,30
202400034731,2024-11-07,Evening,3,1,1.0,5,2,79
202400034732,2024-06-21,Night,4,2,1.0,3,1,13
202400034734,2024-11-07,Morning,4,8,3.0,1,2,78
202400034735,2024-06-21,Morning,3,2,3.0,1,2,77
202400034737,2024-11-07,Night,4,2,6.0,3,1,77
202400034739,2024-11-07,Afternoon,4,1,3.0,1,2,77
202400034740,2024-06-20,Morning,4,8,3.0,1,2,77
202400034742,2024-06-10,Morning,3,8,7.0,1,2,77
202400034743,2024-11-06,Morning,4,8,2.0,1,2,72
202400034745,2024-11-07,Morning,4,2,7.0,5,1,69
202400034746,2024-06-20,Afternoon,3,8,3.0,1,1,2B
202400034747,2024-11-07,Morning,4,8,3.0,1,2,67
202400034749,2024-06-21,Afternoon,3,1,6.0,1,2,83
202400034750,2024-11-07,Evening,4,1,6.0,2,2,65
202400034752,2024-06-16,Evening,3,1,1.0,1,1,83
202400034753,2024-11-07,Morning,4,7,3.0,1,2,64
202400034756,2024-06-21,Night,4,1,2.0,5,2,83
202400034757,2024-11-06,Afternoon,4,1,6.0,1,2,64
202400034759,2024-06-21,Night,3,1,1.0,3,1,70
202400034760,2024-11-07,Afternoon,4,1,3.0,1,2,64
202400034761,2024-12-13,Evening,4,2,3.0,5,2,69
202400034762,2024-11-07,Morning,4,5,6.0,2,2,64
202400034763,2024-06-20,Afternoon,4,1,2.0,1,1,89
202400034764,2024-11-08,Night,2,5,6.0,5,2,63
202400034766,2024-12-14,Night,4,2,6.0,5,2,69
202400034767,2024-11-06,Afternoon,4,1,2.0,1,2,63
202400034768,2024-12-13,Afternoon,4,1,6.0,1,2,69
202400034769,2024-11-07,Morning,3,2,1.0,2,2,61
202400034770,2024-12-13,Morning,4,1,3.0,1,2,69
202400034771,2024-11-07,Evening,4,1,6.0,5,2,59
202400034772,2024-12-13,Night,4,1,3.0,5,2,69
202400034773,2024-11-06,Evening,4,8,2.0,5,2,56
202400034775,2024-11-05,Afternoon,4,8,3.0,1,2,56
202400034776,2024-12-12,Morning,4,1,3.0,5,2,91
202400034777,2024-11-07,Morning,4,1,2.0,1,2,51
202400034778,2024-12-13,Afternoon,4,1,2.0,1,2,91
202400034779,2024-11-06,Evening,4,1,4.0,5,2,51
202400034780,2024-11-06,Afternoon,4,1,1.0,1,2,50
202400034781,2024-12-13,Morning,4,1,5.0,1,2,91
202400034782,2024-12-13,Evening,4,5,3.0,5,2,91
202400034783,2024-11-06,Evening,4,5,3.0,5,1,49
202400034784,2024-12-13,Afternoon,4,8,3.0,1,1,84
202400034785,2024-11-07,Evening,2,1,6.0,5,2,45
202400034786,2024-11-05,Afternoon,2,8,6.0,1,2,44
202400034787,2024-12-13,Morning,4,2,2.0,1,2,84
202400034788,2024-11-07,Afternoon,4,1,6.0,1,2,43
202400034789,2024-10-27,Evening,4,1,7.0,5,2,84
202400034790,2024-11-06,Afternoon,3,1,3.0,1,2,42
202400034791,2024-12-12,Evening,4,1,7.0,5,2,84
202400034792,2024-11-07,Evening,4,1,3.0,5,2,38
202400034793,2024-12-12,Evening,4,1,6.0,5,2,83
202400034794,2024-11-07,Afternoon,4,1,2.0,1,2,37
202400034795,2024-12-10,Afternoon,2,1,5.0,1,2,83
202400034796,2024-11-07,Morning,3,1,6.0,1,2,36
202400034797,2024-12-13,Morning,3,2,3.0,2,2,83
202400034798,2024-11-08,Night,3,2,6.0,3,2,34
202400034799,2024-12-13,Evening,4,1,3.0,5,2,82
202400034800,2024-11-07,Afternoon,4,1,3.0,1,2,33
202400034801,2024-12-13,Evening,4,1,7.0,2,2,80
202400034802,2024-11-06,Morning,3,5,6.0,1,2,33
202400034803,2024-12-13,Evening,4,1,6.0,5,2,78
202400034804,2024-11-07,Morning,3,1,6.0,1,2,31
202400034805,2024-11-07,Afternoon,4,1,6.0,1,2,29
202400034806,2024-12-13,Afternoon,4,1,4.0,1,1,78
202400034807,2024-12-13,Evening,4,1,3.0,4,2,78
202400034808,2024-12-14,Night,3,1,6.0,5,2,77
202400034809,2024-12-13,Afternoon,4,1,6.0,5,2,77
202400034810,2024-11-07,Afternoon,4,1,2.0,1,2,25
202400034811,2024-11-06,Afternoon,4,1,3.0,1,2,18
202400034812,2024-12-13,Night,4,1,3.0,5,2,73
202400034813,2024-11-05,Afternoon,4,1,2.0,2,2,18
202400034814,2024-12-11,Afternoon,4,8,6.0,1,2,72
202400034815,2024-12-13,Morning,3,8,6.0,1,2,71
202400034816,2024-11-06,Morning,3,8,3.0,2,2,14
202400034817,2024-12-12,Morning,4,1,2.0,1,2,69
202400034818,2024-11-07,Afternoon,3,1,1.0,1,2,13
202400034819,2024-11-07,Morning,4,1,6.0,1,2,13
202400034820,2024-12-13,Morning,4,3,3.0,2,2,66
202400034821,2024-11-06,Afternoon,4,1,3.0,5,2,10
202400034822,2024-12-12,Afternoon,4,2,3.0,3,2,66
202400034823,2024-12-12,Morning,4,1,7.0,1,2,64
202400034824,2024-11-06,Night,4,1,2.0,5,2,10
202400034825,2024-10-28,Afternoon,4,1,6.0,1,2,05
202400034826,2024-12-13,Night,4,1,3.0,5,2,64
202400034827,2024-12-13,Afternoon,4,8,3.0,1,2,64
202400034828,2024-11-06,Afternoon,3,1,6.0,2,2,03
202400034829,2024-12-13,Afternoon,4,2,1.0,1,2,63
202400034830,2024-11-07,Morning,4,2,1.0,5,2,01
202400034831,2024-12-03,Evening,3,1,3.0,5,2,59
202400034832,2024-11-07,Morning,4,1,3.0,1,2,75
202400034833,2024-12-13,Morning,4,1,6.0,5,2,57
202400034834,2024-11-06,Afternoon,4,1,3.0,1,2,75
202400034835,2024-12-13,Afternoon,3,1,6.0,1,2,57
202400034836,2024-11-06,Afternoon,4,8,3.0,1,2,75
202400034837,2024-12-12,Night,4,1,6.0,3,2,56
202400034838,2024-11-07,Afternoon,4,1,6.0,1,2,75
202400034839,2024-12-12,Evening,4,1,3.0,5,2,56
202400034840,2024-11-07,Morning,4,1,6.0,1,2,75
202400034841,2024-12-13,Afternoon,4,1,2.0,1,2,51
202400034842,2024-11-07,Morning,4,1,1.0,4,2,75
202400034843,2024-12-13,Morning,4,1,3.0,2,2,51
202400034844,2024-11-07,Evening,4,1,3.0,5,2,75
202400034845,2024-12-13,Evening,4,5,1.0,3,1,51
202400034846,2024-11-06,Evening,4,1,3.0,5,2,75
202400034847,2024-12-12,Night,4,1,7.0,3,1,50
202400034848,2024-12-13,Afternoon,4,1,3.0,1,2,49
202400034849,2024-11-07,Morning,4,8,6.0,1,2,75
202400034850,2024-12-12,Afternoon,3,1,6.0,1,2,49
202400034851,2024-11-07,Afternoon,4,1,3.0,2,2,94
202400034852,2024-12-13,Morning,4,1,3.0,1,2,47
202400034853,2024-11-07,Morning,4,8,3.0,2,2,94
202400034854,2024-12-13,Evening,3,5,3.0,5,2,45
202400034855,2024-12-13,Evening,4,1,3.0,5,2,35
202400034856,2024-11-07,Afternoon,4,1,3.0,1,2,94
202400034857,2024-12-13,Evening,4,1,1.0,5,2,35
202400034858,2024-11-07,Morning,4,1,3.0,1,2,94
202400034859,2024-12-13,Evening,4,1,3.0,5,2,33
202400034860,2024-11-07,Evening,4,2,2.0,5,2,94
202400034861,2024-11-07,Evening,4,2,2.0,3,2,93
202400034862,2024-12-13,Night,4,1,1.0,5,2,31
202400034863,2024-12-13,Evening,4,1,6.0,3,1,29
202400034864,2024-10-18,Afternoon,4,1,1.0,1,2,93
202400034865,2024-11-07,Evening,4,2,3.0,5,2,93
202400034866,2024-12-13,Evening,4,2,3.0,3,2,29
202400034867,2024-12-13,Evening,4,1,6.0,5,2,27
202400034868,2024-11-07,Morning,4,1,3.0,1,2,93
202400034869,2024-12-13,Morning,4,1,6.0,1,2,25
202400034870,2024-11-07,Night,4,1,6.0,5,2,93
202400034871,2024-11-07,Afternoon,4,8,6.0,2,2,93
202400034872,2024-12-13,Morning,4,1,4.0,2,2,19
202400034873,2024-12-13,Morning,4,1,3.0,1,2,13
202400034874,2024-11-06,Morning,4,1,5.0,2,2,93
202400034875,2024-11-06,Afternoon,4,1,6.0,1,2,93
202400034876,2024-12-13,Morning,4,8,2.0,5,2,13
202400034877,2024-11-07,Night,4,1,3.0,5,2,92
202400034878,2024-12-13,Night,4,1,1.0,5,2,13
202400034879,2024-11-07,Morning,4,8,6.0,1,2,92
202400034880,2024-12-13,Morning,4,1,1.0,1,2,13
202400034881,2024-11-07,Afternoon,4,1,6.0,1,2,92
202400034882,2024-12-14,Night,4,2,6.0,5,2,13
202400034883,2024-11-07,Afternoon,4,1,3.0,2,2,92
202400034884,2024-12-13,Night,2,2,6.0,3,2,11
202400034885,2024-11-06,Afternoon,4,8,6.0,1,2,92
202400034886,2024-11-25,Evening,4,1,1.0,5,2,08
202400034887,2024-12-13,Night,4,2,6.0,5,2,06
202400034888,2024-11-07,Morning,3,1,2.0,2,2,92
202400034889,2024-12-13,Evening,3,2,1.0,5,2,06
202400034890,2024-11-07,Evening,4,1,1.0,5,2,92
202400034891,2024-12-13,Evening,3,8,6.0,5,2,06
202400034892,2024-11-07,Evening,4,1,6.0,5,2,92
202400034893,2024-12-13,Afternoon,4,1,2.0,1,2,75
202400034894,2024-11-07,Morning,4,1,1.0,1,2,92
202400034895,2024-12-13,Afternoon,4,1,2.0,1,2,75
202400034897,2024-12-11,Afternoon,4,1,2.0,3,2,75
202400034898,2024-11-07,Afternoon,4,1,3.0,1,2,40
202400034899,2024-12-13,Afternoon,4,1,6.0,5,2,75
202400034900,2024-11-07,Evening,3,2,1.0,3,1,28
202400034901,2024-11-08,Afternoon,3,1,7.0,1,1,14
202400034902,2024-12-13,Night,4,1,3.0,5,2,75
202400034903,2024-12-13,Morning,4,1,6.0,3,2,75
202400034904,2024-11-08,Afternoon,4,1,1.0,1,1,83
202400034905,2024-12-13,Afternoon,4,1,4.0,1,2,75
202400034906,2024-11-07,Night,3,1,6.0,5,2,83
202400034907,2024-12-13,Afternoon,4,1,2.0,1,2,75
202400034908,2024-11-07,Morning,3,1,1.0,1,1,67
202400034909,2024-12-12,Night,4,1,5.0,5,2,94
202400034910,2024-11-07,Morning,3,1,3.0,1,2,31
202400034911,2024-11-07,Evening,4,1,1.0,4,1,89
202400034912,2024-12-13,Afternoon,4,1,4.0,1,2,94
202400034913,2024-11-06,Evening,3,1,1.0,2,1,56
202400034914,2024-12-12,Evening,4,1,6.0,5,2,94
202400034915,2024-11-08,Morning,2,8,1.0,2,1,67
202400034916,2024-12-13,Evening,4,1,1.0,5,2,94
202400034917,2024-11-07,Afternoon,3,1,3.0,1,1,76
202400034918,2024-12-13,Afternoon,4,1,2.0,1,2,94
202400034919,2024-11-01,Evening,4,5,1.0,3,1,76
202400034920,2024-11-06,Afternoon,4,1,6.0,1,2,89
202400034921,2024-12-11,Evening,4,1,3.0,3,2,94
202400034922,2024-12-13,Afternoon,4,1,6.0,1,2,94
202400034923,2024-12-12,Night,4,8,7.0,5,2,94
202400034924,2024-12-12,Evening,4,1,3.0,5,2,93
202400034925,2024-10-23,Evening,4,1,1.0,5,2,92
202400034926,2024-12-13,Afternoon,4,1,3.0,1,2,92
202400034927,2024-12-13,Afternoon,4,1,3.0,1,2,92
202400034928,2024-12-13,Night,3,1,6.0,5,2,92
202400034929,2024-12-13,Evening,4,1,2.0,5,2,92
202400034930,2024-12-13,Night,4,1,3.0,5,2,92
202400034931,2024-12-12,Night,3,1,6.0,5,2,92
202400034932,2024-12-13,Morning,4,1,6.0,1,2,92
202400034933,2024-12-07,Evening,4,1,3.0,5,2,92
202400034934,2024-12-13,Afternoon,4,1,6.0,5,2,92
202400034935,2024-12-13,Afternoon,4,1,2.0,1,1,92
202400034936,2024-12-13,Evening,4,1,6.0,5,2,92
202400034937,2024-12-12,Morning,4,1,1.0,1,1,78
202400034938,2024-11-28,Afternoon,3,1,2.0,5,2,78
202400034939,2024-12-14,Afternoon,3,1,7.0,1,1,26
202400034940,2024-12-13,Morning,3,2,6.0,2,1,06
202400034941,2024-12-13,Afternoon,3,1,1.0,1,1,65
202400034942,2024-12-13,Night,3,8,6.0,3,2,62
202400034943,2024-12-13,Afternoon,3,8,1.0,1,2,31
202400034944,2024-12-14,Night,2,1,6.0,3,2,51
202400034945,2024-12-13,Evening,4,2,3.0,2,1,19
202400034946,2024-12-14,Afternoon,2,1,6.0,1,1,56
202400034947,2024-12-03,Morning,4,1,3.0,2,1,56
202400034948,2024-12-13,Evening,2,1,7.0,3,1,32
202400034949,2024-12-14,Morning,4,5,7.0,1,2,71
202400034950,2024-12-13,Evening,3,1,6.0,3,1,63
202400034951,2024-12-13,Evening,2,1,1.0,3,1,61
202400034952,2024-12-10,Afternoon,4,1,3.0,1,2,55
202400034953,2024-12-13,Evening,4,2,6.0,3,1,34
202400034954,2024-12-09,Morning,4,1,1.0,1,2,25
202400034955,2024-12-14,Morning,2,5,6.0,2,1,25
202400034956,2024-10-04,Night,3,1,6.0,3,1,35
202400034957,2024-12-13,Evening,4,1,6.0,3,1,29
202400034958,2024-12-14,Afternoon,4,2,7.0,1,1,29
202400034959,2024-12-13,Evening,3,1,7.0,5,2,02
202400034960,2024-12-13,Evening,3,2,3.0,5,1,01
202400034961,2024-12-10,Afternoon,4,1,3.0,5,2,26
202400034962,2024-12-13,Evening,3,1,6.0,3,1,14
202400034963,2024-12-13,Night,3,1,1.0,3,1,36
202400034964,2024-12-14,Morning,3,1,2.0,1,1,53
202400034965,2024-12-13,Evening,4,1,6.0,3,2,85
202400034966,2024-12-13,Night,4,2,7.0,4,1,30
202400034967,2024-12-10,Evening,4,8,1.0,4,1,88
202400034970,2024-12-13,Afternoon,4,1,1.0,1,1,27
202400034971,2024-12-13,Night,3,5,7.0,3,1,28
202400034972,2024-12-14,Afternoon,3,1,7.0,3,1,59
202400034974,2024-12-13,Evening,4,3,1.0,3,1,34
202400034975,2024-12-13,Night,4,5,6.0,3,1,67
202400034976,2024-12-13,Afternoon,4,1,3.0,1,2,73
202400034977,2024-12-13,Evening,4,2,1.0,5,2,69
202400034978,2024-12-13,Evening,4,2,3.0,3,2,69
202400034979,2024-12-13,Evening,3,1,7.0,3,1,79
202400034980,2024-12-13,Evening,3,1,6.0,3,2,35
202400034981,2024-12-14,Afternoon,4,1,2.0,3,2,80
202400034982,2024-12-13,Afternoon,4,1,1.0,5,2,59
202400034983,2024-12-12,Afternoon,4,1,4.0,2,1,83
202400034984,2024-12-13,Afternoon,4,1,2.0,1,1,33
202400034985,2024-12-11,Night,3,1,6.0,3,1,59
202400034986,2024-12-13,Morning,4,1,2.0,1,1,94
202400034987,2024-12-11,Evening,4,1,6.0,5,1,94
202400034988,2024-12-13,Evening,4,1,2.0,3,1,92
202400034989,2024-12-13,Evening,4,1,2.0,3,1,92
202400034990,2024-12-13,Evening,4,1,3.0,3,1,92
202400034991,2024-12-13,Night,4,1,2.0,3,1,78
202400034992,2024-12-13,Night,4,1,2.0,5,1,92
202400034993,2024-12-12,Afternoon,4,1,2.0,1,1,78
202400034994,2024-12-11,Afternoon,4,1,3.0,3,1,78
202400034995,2024-12-13,Afternoon,4,1,2.0,1,1,93
202400034996,2024-12-12,Evening,4,1,5.0,3,1,93
202400034997,2024-12-12,Evening,4,1,4.0,3,1,95
202400034998,2024-12-13,Morning,4,1,3.0,5,1,94
202400034999,2024-09-06,Night,3,3,7.0,3,1,57
202400035006,2024-12-08,Afternoon,4,3,5.0,1,1,95
202400035007,2024-12-12,Afternoon,4,8,5.0,1,1,95
202400035008,2024-12-11,Morning,4,2,1.0,1,1,95
202400035009,2024-12-12,Evening,4,1,6.0,5,2,95
202400035010,2024-12-12,Evening,4,1,1.0,3,1,91
202400035011,2024-12-12,Morning,4,1,6.0,1,2,87
202400035012,2024-12-11,Morning,3,1,6.0,2,2,87
202400035013,2024-12-12,Morning,4,1,2.0,1,2,30
202400035014,2024-03-02,Afternoon,3,1,5.0,1,1,13
202400035015,2024-02-26,Afternoon,3,1,6.0,1,1,71
202400035016,2024-02-27,Night,3,1,2.0,3,1,67
202400035017,2024-02-14,Evening,3,1,3.0,5,2,38
202400035018,2024-03-02,Morning,3,1,3.0,2,1,38
202400035019,2024-03-02,Morning,4,1,1.0,1,1,65
202400035020,2024-03-01,Evening,2,1,1.0,3,1,46
202400035021,2024-03-02,Morning,2,3,7.0,1,1,86
202400035022,2024-03-01,Afternoon,3,2,4.0,1,1,33
202400035023,2024-03-01,Evening,3,1,3.0,2,1,53
202400035024,2024-03-02,Night,2,2,7.0,3,1,59
202400035025,2024-03-01,Morning,4,1,1.0,1,1,13
202400035026,2024-03-01,Afternoon,4,1,4.0,1,1,33
202400035027,2024-03-01,Afternoon,4,3,2.0,1,1,33
202400035028,2024-02-28,Evening,4,1,4.0,1,1,33
202400035029,2024-03-01,Evening,4,2,3.0,3,1,91
202400035030,2024-01-16,Morning,4,1,3.0,1,2,13
202400035031,2024-03-01,Morning,4,2,6.0,1,1,94
202400035032,2024-01-16,Afternoon,4,1,3.0,1,2,11
202400035033,2024-01-17,Morning,4,3,6.0,3,1,10
202400035034,2024-02-29,Evening,4,2,2.0,3,1,94
202400035035,2024-01-17,Afternoon,3,1,3.0,1,2,06
202400035036,2024-01-17,Afternoon,4,2,2.0,1,2,04
202400035037,2024-03-01,Evening,4,3,2.0,3,1,78
202400035038,2024-01-17,Evening,4,2,3.0,5,2,75
202400035039,2024-03-01,Morning,4,2,2.0,1,1,78
202400035040,2024-01-16,Afternoon,3,1,3.0,1,2,75
202400035041,2024-03-07,Evening,4,1,1.0,1,2,91
202400035042,2024-02-28,Evening,4,1,6.0,2,1,78
202400035043,2024-01-17,Afternoon,4,2,6.0,5,2,75
202400035044,2024-03-28,Afternoon,4,1,7.0,1,2,51
202400035045,2024-01-17,Morning,4,3,3.0,1,2,75
202400035046,2024-03-01,Morning,4,2,5.0,1,1,95
202400035047,2024-04-06,Afternoon,4,1,1.0,1,1,51
202400035048,2024-01-16,Evening,4,1,7.0,5,2,75
202400035049,2024-03-01,Night,4,2,3.0,3,1,93
202400035050,2024-04-06,Evening,4,1,7.0,1,1,74
202400035051,2024-01-16,Morning,4,1,3.0,5,2,75
202400035052,2024-01-17,Afternoon,4,2,6.0,1,2,75
202400035053,2024-02-29,Morning,4,1,3.0,1,1,93
202400035054,2024-01-17,Evening,4,2,6.0,3,2,75
202400035055,2024-04-09,Morning,2,1,4.0,1,1,79
202400035056,2024-02-29,Morning,4,2,3.0,2,1,93
202400035057,2024-01-17,Afternoon,4,2,6.0,1,2,75
202400035058,2024-05-16,Afternoon,3,1,6.0,1,1,22
202400035059,2024-02-28,Morning,4,1,3.0,1,1,92
202400035060,2024-04-09,Afternoon,2,2,5.0,1,1,65
202400035061,2024-05-17,Morning,4,2,2.0,1,1,25
202400035062,2024-01-16,Afternoon,4,1,5.0,1,2,75
202400035063,2024-04-08,Night,4,1,6.0,3,2,69
202400035064,2024-02-28,Morning,4,1,5.0,1,1,95
202400035065,2024-05-15,Afternoon,3,1,7.0,1,1,84
202400035066,2024-01-15,Afternoon,4,2,3.0,5,2,94
202400035067,2024-03-01,Night,4,2,6.0,3,1,94
202400035068,2024-05-17,Afternoon,2,1,6.0,1,2,83
202400035069,2024-04-09,Afternoon,4,1,3.0,1,2,71
202400035070,2024-01-17,Afternoon,4,2,2.0,1,2,94
202400035071,2024-05-17,Morning,4,7,6.0,1,2,19
202400035072,2024-03-01,Morning,4,2,4.0,1,1,94
202400035073,2024-04-07,Afternoon,3,1,7.0,1,1,63
202400035074,2024-05-17,Afternoon,2,1,6.0,1,2,89
202400035075,2024-04-07,Afternoon,3,2,7.0,1,1,61
202400035077,2024-05-17,Afternoon,4,2,3.0,1,2,68
202400035078,2024-01-17,Evening,4,2,6.0,5,2,94
202400035080,2024-05-16,Afternoon,4,3,1.0,1,2,25
202400035081,2024-01-17,Evening,4,2,3.0,5,2,94
202400035082,2024-04-09,Afternoon,4,1,5.0,1,1,49
202400035083,2024-04-30,Night,4,9,6.0,5,1,38
202400035084,2024-01-17,Morning,4,3,6.0,5,2,94
202400035086,2024-04-08,Evening,2,1,6.0,1,1,42
202400035087,2024-05-15,Afternoon,4,1,3.0,1,2,60
202400035089,2024-04-09,Morning,4,1,7.0,1,1,46
202400035090,2024-01-15,Morning,4,2,3.0,1,2,94
202400035091,2024-05-16,Night,3,1,6.0,3,2,16
202400035092,2024-04-07,Night,3,1,6.0,3,1,29
202400035094,2024-05-15,Evening,4,1,3.0,2,1,24
202400035095,2024-01-17,Afternoon,4,2,6.0,5,2,94
202400035096,2024-05-15,Afternoon,3,3,6.0,1,1,04
202400035097,2024-01-17,Evening,4,2,3.0,5,2,93
202400035098,2024-05-17,Afternoon,3,1,6.0,1,1,27
202400035099,2024-04-09,Afternoon,4,1,6.0,1,2,39
202400035101,2024-01-17,Afternoon,4,3,7.0,1,2,93
202400035102,2024-05-15,Afternoon,4,2,3.0,1,1,23
202400035103,2024-04-08,Afternoon,4,1,3.0,1,2,03
202400035104,2024-01-17,Afternoon,4,3,6.0,1,2,93
202400035106,2024-05-17,Morning,3,1,7.0,1,2,30
202400035107,2024-04-06,Night,4,6,6.0,3,1,03
202400035108,2024-05-16,Afternoon,4,1,6.0,1,1,08
202400035110,2024-01-17,Afternoon,4,3,3.0,1,2,93
202400035111,2024-04-06,Night,3,1,7.0,4,2,26
202400035112,2024-05-02,Evening,3,2,7.0,3,1,86
202400035113,2024-01-17,Evening,4,2,2.0,5,2,93
202400035114,2024-04-09,Afternoon,3,1,1.0,1,2,26
202400035116,2024-05-16,Evening,3,7,2.0,2,1,14
202400035117,2024-01-17,Evening,4,2,6.0,5,2,93
202400035118,2024-03-22,Afternoon,4,1,3.0,1,1,72
202400035120,2024-05-15,Morning,4,1,2.0,1,1,38
202400035121,2024-01-17,Morning,4,2,3.0,1,2,93
202400035122,2024-05-16,Night,2,8,2.0,3,1,63
202400035123,2024-02-29,Evening,3,1,3.0,3,2,69
202400035124,2024-01-17,Evening,4,2,6.0,3,2,93
202400035125,2024-04-08,Evening,4,1,1.0,1,1,06
202400035126,2024-05-14,Afternoon,2,2,1.0,1,1,13
202400035127,2024-02-29,Afternoon,3,1,2.0,1,2,69
202400035128,2024-04-13,Morning,4,2,6.0,3,2,92
202400035129,2024-05-13,Morning,3,1,6.0,1,1,62
202400035130,2024-01-16,Afternoon,4,1,3.0,2,2,92
202400035132,2024-02-28,Morning,4,1,3.0,1,2,69
202400035133,2024-04-08,Afternoon,4,3,5.0,1,1,64
202400035134,2024-01-16,Evening,4,1,6.0,5,2,92
202400035135,2024-05-13,Night,3,1,3.0,5,2,11
202400035136,2024-04-08,Afternoon,3,1,7.0,1,2,21
202400035138,2024-01-17,Evening,4,2,6.0,5,2,92
202400035139,2024-05-17,Afternoon,4,1,3.0,1,2,34
202400035141,2024-04-09,Afternoon,4,1,1.0,1,1,40
202400035142,2024-01-17,Afternoon,4,2,2.0,1,2,92
202400035143,2024-05-17,Afternoon,2,1,2.0,1,1,83
202400035145,2024-01-17,Morning,4,3,6.0,1,2,92
202400035146,2024-05-15,Evening,3,1,6.0,3,2,13
202400035147,2024-04-07,Morning,4,2,7.0,1,2,85
202400035148,2024-01-16,Evening,3,1,6.0,5,2,92
202400035149,2024-05-17,Morning,3,1,3.0,1,1,13
202400035151,2024-01-16,Evening,4,2,6.0,5,2,91
202400035152,2024-04-08,Afternoon,3,1,3.0,1,1,17
202400035153,2024-05-17,Morning,4,3,1.0,1,1,68
202400035154,2024-01-18,Night,4,2,2.0,3,1,86
202400035156,2024-04-08,Night,3,1,1.0,5,1,24
202400035158,2024-05-17,Afternoon,4,1,3.0,1,2,03
202400035159,2024-01-16,Evening,3,1,1.0,5,2,31
202400035160,2024-05-17,Evening,3,1,2.0,1,2,38
202400035162,2024-01-17,Evening,4,2,1.0,3,1,51
202400035163,2024-05-17,Evening,4,1,7.0,1,1,07
202400035164,2024-02-29,Afternoon,4,1,6.0,1,2,2A
202400035165,2024-04-09,Morning,4,1,1.0,2,1,03
202400035166,2024-05-17,Morning,4,1,6.0,2,2,01
202400035168,2024-02-29,Evening,4,2,6.0,5,2,95
202400035169,2024-05-15,Afternoon,3,2,6.0,1,2,69
202400035170,2024-03-29,Evening,4,1,2.0,1,1,01
202400035171,2024-01-18,Afternoon,4,1,1.0,1,1,11
202400035172,2024-05-17,Morning,4,8,3.0,1,2,64
202400035173,2024-02-29,Evening,4,2,6.0,1,2,91
202400035174,2024-01-17,Night,4,4,2.0,3,1,57
202400035175,2024-05-12,Morning,4,2,1.0,1,2,33
202400035176,2024-01-17,Night,3,2,2.0,3,1,52
202400035177,2024-02-29,Afternoon,4,2,2.0,1,1,91
202400035178,2024-03-26,Morning,4,2,3.0,1,1,13
202400035179,2024-05-16,Morning,4,1,2.0,1,2,50
202400035180,2024-01-17,Afternoon,3,3,6.0,3,1,29
202400035181,2024-04-09,Night,4,2,6.0,3,1,51
202400035182,2024-02-29,Morning,4,2,1.0,2,2,91
202400035183,2024-01-18,Afternoon,3,2,7.0,1,1,26
202400035184,2024-01-18,Morning,2,1,6.0,1,2,72
202400035185,2024-05-17,Afternoon,4,1,5.0,1,2,59
202400035186,2024-02-29,Morning,3,2,3.0,1,2,91
202400035187,2024-04-08,Afternoon,3,1,3.0,1,1,13