Num_Acc,date,time_of_day,max_severity,weather,collision_type,lighting,urban_area,department
202400035188,2024-02-29,Evening,4,2,6.0,5,2,91
202400035189,2024-01-18,Afternoon,2,4,6.0,1,1,77
202400035191,2024-05-15,Afternoon,4,1,4.0,1,1,13
202400035192,2024-02-27,Afternoon,4,1,3.0,1,2,86
202400035193,2024-04-08,Morning,3,9,2.0,2,1,45
202400035194,2024-05-16,Morning,4,1,4.0,1,1,83
202400035195,2024-01-18,Evening,4,5,1.0,3,1,51
202400035196,2024-02-25,Afternoon,4,1,1.0,1,2,84
202400035197,2024-04-09,Morning,3,1,3.0,1,1,77
202400035198,2024-05-10,Night,4,1,3.0,3,1,83
202400035199,2024-01-17,Afternoon,3,2,6.0,5,2,46
202400035200,2024-02-28,Evening,4,1,6.0,1,2,81
202400035201,2024-05-16,Morning,4,1,2.0,1,1,33
202400035202,2024-01-12,Evening,3,1,7.0,3,1,39
202400035203,2024-04-08,Afternoon,4,1,3.0,1,2,05
202400035204,2024-05-15,Afternoon,4,2,2.0,1,1,33
202400035205,2024-04-05,Afternoon,3,1,6.0,1,2,25
202400035206,2024-01-18,Afternoon,3,3,5.0,1,1,39
202400035207,2024-02-29,Morning,4,2,6.0,1,2,78
202400035208,2024-05-13,Morning,4,1,5.0,1,1,59
202400035209,2024-04-07,Afternoon,3,1,6.0,1,1,57
202400035210,2024-01-17,Evening,4,2,1.0,3,1,44
202400035211,2024-05-12,Night,3,1,7.0,3,1,62
202400035212,2024-02-28,Evening,4,2,6.0,5,2,76
202400035213,2024-04-08,Afternoon,3,1,2.0,1,2,73
202400035214,2024-01-18,Afternoon,4,1,6.0,1,2,29
202400035215,2024-02-28,Evening,4,2,7.0,3,1,76
202400035216,2024-05-16,Evening,4,1,3.0,1,1,91
202400035217,2024-01-17,Morning,2,8,6.0,1,1,03
202400035218,2024-02-29,Afternoon,4,1,6.0,1,2,74
202400035219,2024-01-18,Afternoon,4,3,6.0,2,1,01
202400035220,2024-04-08,Afternoon,4,2,3.0,1,1,33
202400035221,2024-05-16,Afternoon,4,1,2.0,1,1,94
202400035222,2024-02-28,Afternoon,3,8,6.0,1,2,73
202400035223,2024-01-17,Evening,4,3,3.0,3,2,01
202400035224,2024-05-16,Night,4,1,2.0,3,1,91
202400035225,2024-03-23,Night,4,1,6.0,5,2,33
202400035226,2024-01-18,Morning,4,8,1.0,1,1,43
202400035227,2024-02-28,Evening,4,1,3.0,1,2,72
202400035228,2024-05-16,Morning,4,1,5.0,1,1,93
202400035229,2024-04-08,Evening,2,3,1.0,1,1,27
202400035230,2024-01-18,Afternoon,3,1,6.0,1,1,10
202400035231,2024-02-28,Evening,4,1,2.0,1,1,72
202400035232,2024-05-16,Night,4,1,3.0,3,1,93
202400035233,2024-01-09,Evening,3,1,6.0,3,1,33
202400035234,2024-04-09,Afternoon,3,3,6.0,1,1,60
202400035235,2024-02-28,Afternoon,4,1,3.0,1,2,72
202400035236,2024-05-15,Afternoon,4,1,2.0,1,1,93
202400035237,2024-01-18,Night,2,2,6.0,3,1,57
202400035238,2024-03-30,Night,4,1,3.0,3,1,13
202400035239,2024-05-15,Afternoon,4,1,3.0,1,1,95
202400035240,2024-02-29,Morning,4,1,6.0,1,2,69
202400035241,2024-01-18,Morning,4,1,3.0,1,1,69
202400035242,2024-04-08,Afternoon,4,1,3.0,1,1,83
202400035244,2024-05-15,Morning,4,1,4.0,1,1,94
202400035245,2024-02-26,Morning,4,1,1.0,1,2,69
202400035246,2024-04-08,Afternoon,4,1,3.0,1,1,33
202400035247,2024-01-17,Evening,4,2,6.0,3,1,95
202400035248,2024-05-15,Morning,4,1,2.0,1,1,94
202400035249,2024-04-01,Night,3,1,6.0,3,1,62
202400035250,2024-04-16,Evening,4,3,3.0,1,2,93
202400035251,2024-01-18,Afternoon,4,1,5.0,1,1,66
202400035252,2024-02-28,Evening,4,1,3.0,5,2,67
202400035253,2024-01-18,Afternoon,3,1,3.0,1,2,66
202400035254,2024-04-06,Morning,3,1,2.0,3,1,59
202400035255,2024-02-04,Night,2,8,6.0,5,2,44
202400035256,2024-02-29,Morning,2,2,3.0,5,2,62
202400035257,2024-01-17,Night,2,2,1.0,3,1,13
202400035258,2024-01-17,Evening,2,9,6.0,5,2,54
202400035259,2024-04-08,Afternoon,4,1,4.0,1,1,91
202400035260,2024-01-18,Morning,3,1,6.0,3,1,42
202400035261,2024-02-19,Afternoon,3,1,3.0,1,1,61
202400035262,2024-05-11,Evening,3,1,3.0,1,2,59
202400035263,2024-04-07,Evening,4,2,2.0,3,1,91
202400035264,2024-01-18,Morning,3,2,3.0,4,2,69
202400035265,2024-03-06,Afternoon,4,1,6.0,1,1,77
202400035266,2024-02-29,Night,4,1,3.0,5,2,59
202400035267,2024-01-12,Afternoon,3,8,1.0,1,1,81
202400035268,2024-02-19,Morning,4,1,2.0,2,1,77
202400035269,2024-02-18,Afternoon,4,2,6.0,1,1,77
202400035270,2024-02-29,Evening,4,2,6.0,5,2,59
202400035271,2024-01-17,Afternoon,3,1,3.0,2,2,64
202400035272,2024-04-06,Evening,4,1,2.0,5,2,95
202400035273,2024-02-18,Night,4,1,6.0,5,2,13
202400035274,2024-01-12,Evening,4,1,2.0,3,1,57
202400035275,2024-02-29,Evening,4,1,3.0,5,2,59
202400035277,2024-01-16,Afternoon,4,2,6.0,1,1,33
202400035278,2024-04-07,Morning,4,1,4.0,1,2,91
202400035280,2024-01-17,Evening,4,2,2.0,3,1,94
202400035281,2024-02-29,Morning,4,1,3.0,1,2,54
202400035282,2024-04-06,Night,4,1,7.0,3,1,90
202400035283,2024-01-17,Morning,4,3,2.0,1,1,91
202400035285,2024-04-06,Evening,4,1,6.0,1,1,84
202400035286,2024-01-17,Morning,4,3,6.0,3,1,77
202400035287,2024-02-28,Afternoon,4,2,3.0,1,2,50
202400035288,2024-05-15,Morning,4,2,3.0,1,2,69
202400035289,2024-01-17,Morning,4,3,2.0,1,1,93
202400035290,2024-04-07,Morning,4,1,6.0,1,2,74
202400035292,2024-01-17,Night,4,4,6.0,3,1,95
202400035293,2024-02-27,Afternoon,4,1,2.0,1,2,50
202400035294,2024-04-07,Afternoon,4,1,6.0,1,2,71
202400035296,2024-01-17,Night,4,4,6.0,3,1,95
202400035297,2024-02-29,Evening,4,1,6.0,5,2,49
202400035298,2024-01-17,Night,4,2,6.0,3,1,95
202400035299,2024-04-07,Evening,4,6,6.0,2,2,69
202400035301,2024-02-28,Afternoon,4,8,3.0,1,2,49
202400035303,2024-04-06,Evening,4,1,3.0,1,2,69
202400035304,2024-05-15,Morning,4,1,6.0,1,2,2A
202400035305,2024-02-19,Morning,4,8,6.0,1,2,45
202400035306,2024-04-07,Night,4,6,6.0,5,2,69
202400035308,2024-02-29,Afternoon,4,1,7.0,1,2,43
202400035309,2024-05-15,Afternoon,3,1,3.0,1,2,95
202400035311,2024-02-29,Afternoon,4,1,3.0,1,2,38
202400035312,2024-04-07,Night,4,1,3.0,5,2,67
202400035313,2024-05-15,Morning,4,1,2.0,1,2,91
202400035314,2024-01-16,Afternoon,4,1,7.0,1,1,69
202400035315,2024-04-06,Morning,3,7,6.0,1,2,59
202400035316,2024-05-15,Night,4,1,6.0,3,1,91
202400035317,2024-02-15,Afternoon,4,1,2.0,1,2,34
202400035318,2024-01-16,Afternoon,4,1,1.0,1,2,69
202400035319,2024-05-15,Afternoon,4,1,3.0,1,2,91
202400035320,2024-04-07,Morning,3,1,3.0,1,2,56
202400035321,2024-05-15,Afternoon,4,1,3.0,1,1,84
202400035322,2024-02-28,Morning,4,1,3.0,1,2,24
202400035323,2024-01-16,Afternoon,4,8,4.0,1,2,69
202400035324,2024-05-15,Morning,4,1,7.0,1,2,84
202400035325,2024-01-16,Morning,4,1,3.0,1,2,69
202400035326,2024-03-28,Evening,4,1,3.0,2,2,46
202400035327,2024-05-15,Afternoon,3,8,3.0,1,2,83
202400035329,2024-02-29,Morning,4,5,3.0,1,1,21
202400035330,2024-04-07,Evening,4,2,6.0,5,2,44
202400035331,2024-05-14,Morning,4,2,3.0,1,2,80
202400035332,2024-01-16,Evening,3,1,6.0,5,2,69
202400035333,2024-04-07,Afternoon,3,1,2.0,1,2,44
202400035334,2024-05-15,Afternoon,3,3,6.0,1,2,79
202400035335,2024-01-16,Afternoon,4,1,3.0,1,2,2B
202400035336,2024-02-29,Afternoon,4,1,4.0,1,2,15
202400035337,2024-05-15,Afternoon,4,1,6.0,1,1,78
202400035338,2024-04-07,Evening,4,1,6.0,2,2,43
202400035339,2024-01-16,Morning,4,1,5.0,1,2,2B
202400035340,2024-02-28,Evening,3,1,6.0,5,2,14
202400035341,2024-04-07,Afternoon,4,8,3.0,1,2,43
202400035342,2024-02-29,Afternoon,4,1,2.0,1,2,13
202400035344,2024-04-06,Afternoon,3,1,6.0,1,1,42
202400035345,2024-05-13,Afternoon,3,1,1.0,1,1,77
202400035347,2024-02-29,Morning,4,1,3.0,1,2,13
202400035348,2024-05-14,Afternoon,3,1,6.0,1,2,76
202400035349,2024-04-05,Evening,4,1,6.0,1,2,42
202400035351,2024-02-29,Morning,2,1,2.0,1,2,13
202400035352,2024-01-16,Afternoon,4,1,6.0,1,2,95
202400035353,2024-05-15,Afternoon,3,1,3.0,1,2,76
202400035354,2024-02-29,Afternoon,4,1,6.0,1,1,10
202400035355,2024-04-05,Night,4,1,3.0,5,2,42
202400035356,2024-01-16,Afternoon,4,1,6.0,1,2,91
202400035357,2024-05-15,Night,3,2,3.0,5,2,69
202400035358,2024-02-23,Evening,4,3,6.0,2,2,10
202400035359,2024-01-16,Morning,4,1,5.0,1,2,91
202400035360,2024-04-07,Evening,4,1,3.0,2,2,42
202400035361,2024-02-28,Afternoon,4,1,3.0,1,2,07
202400035362,2024-05-15,Night,4,8,3.0,5,2,68
202400035363,2024-01-16,Evening,4,1,3.0,5,2,91
202400035364,2024-02-29,Night,3,1,1.0,3,2,75
202400035365,2024-05-15,Afternoon,4,1,3.0,1,2,67
202400035366,2024-04-07,Afternoon,4,1,3.0,1,2,37
202400035367,2024-01-16,Morning,4,8,6.0,1,2,91
202400035368,2024-05-12,Afternoon,4,2,7.0,1,1,63
202400035369,2024-02-29,Afternoon,4,2,6.0,1,2,75
202400035370,2024-04-06,Afternoon,4,1,3.0,1,2,37
202400035371,2024-01-16,Morning,4,1,6.0,1,2,91
202400035372,2024-02-29,Evening,4,1,3.0,5,2,75
202400035373,2024-05-10,Afternoon,4,1,3.0,1,2,57
202400035374,2024-01-16,Morning,4,8,6.0,5,2,91
202400035375,2024-04-07,Afternoon,4,1,3.0,1,2,35
202400035376,2024-05-14,Evening,4,1,4.0,1,1,56
202400035377,2024-01-14,Night,4,1,6.0,5,2,84
202400035378,2024-02-28,Afternoon,4,1,6.0,1,2,75
202400035379,2024-04-07,Night,4,1,2.0,3,1,34
202400035380,2024-01-16,Evening,4,1,3.0,5,2,83
202400035381,2024-05-15,Night,4,2,3.0,5,2,51
202400035382,2024-02-29,Afternoon,4,2,3.0,1,2,75
202400035383,2024-04-07,Afternoon,4,1,6.0,1,2,33
202400035384,2024-05-15,Evening,4,1,2.0,1,2,51
202400035385,2024-01-02,Morning,3,1,7.0,1,2,83
202400035386,2024-02-28,Night,4,1,3.0,5,2,75
202400035387,2024-04-07,Night,4,1,6.0,5,2,33
202400035388,2024-05-14,Afternoon,4,1,3.0,1,1,49
202400035389,2024-02-29,Evening,4,2,6.0,2,2,75
202400035390,2024-01-17,Night,4,1,3.0,4,2,82
202400035391,2024-01-15,Evening,4,1,6.0,5,2,80
202400035392,2024-02-29,Afternoon,4,2,6.0,1,2,75
202400035393,2024-04-06,Afternoon,3,1,3.0,1,2,33
202400035394,2024-05-15,Morning,2,1,3.0,1,2,45
202400035395,2024-05-15,Morning,3,1,6.0,1,2,43
202400035396,2024-01-15,Evening,4,1,3.0,5,2,78
202400035397,2024-02-29,Afternoon,4,2,3.0,1,2,75
202400035398,2024-04-07,Afternoon,4,1,2.0,1,1,31
202400035399,2024-01-16,Morning,2,1,6.0,5,2,78
202400035400,2024-05-13,Evening,4,2,2.0,1,2,42
202400035401,2024-02-29,Night,4,1,6.0,5,2,75
202400035402,2024-04-07,Night,4,6,2.0,5,2,31
202400035403,2024-05-14,Night,4,2,2.0,3,2,42
202400035404,2024-02-28,Evening,4,1,2.0,5,2,94
202400035405,2024-01-16,Evening,4,8,6.0,2,2,77
202400035406,2024-04-07,Afternoon,4,1,1.0,1,2,30
202400035407,2024-02-29,Evening,4,8,2.0,5,2,94
202400035408,2024-05-15,Afternoon,4,3,2.0,1,1,35
202400035409,2024-01-16,Afternoon,4,1,3.0,1,2,77
202400035410,2024-02-29,Night,4,3,3.0,4,2,94
202400035411,2024-04-07,Afternoon,4,1,1.0,1,2,25
202400035412,2024-02-29,Evening,4,8,6.0,5,2,94
202400035413,2024-05-15,Morning,4,1,2.0,1,2,34
202400035414,2024-01-16,Morning,4,1,6.0,1,2,77
202400035415,2024-04-07,Night,4,1,6.0,3,1,22
202400035416,2024-01-16,Morning,4,1,6.0,1,2,76
202400035417,2024-02-29,Morning,4,2,1.0,1,2,94
202400035418,2024-05-15,Morning,4,1,3.0,1,2,34
202400035419,2024-04-06,Afternoon,4,1,6.0,1,2,14
202400035420,2024-02-29,Afternoon,4,2,1.0,1,2,93
202400035421,2024-05-15,Morning,4,1,3.0,1,2,34
202400035422,2024-02-28,Night,3,1,1.0,5,2,93
202400035423,2024-01-16,Evening,4,1,6.0,5,2,76
202400035424,2024-01-15,Evening,4,1,3.0,5,2,72
202400035425,2024-04-07,Afternoon,4,1,3.0,1,2,13
202400035426,2024-02-28,Morning,4,1,3.0,1,2,93
202400035427,2024-05-15,Afternoon,4,8,4.0,1,2,33
202400035428,2024-01-15,Evening,4,2,3.0,5,2,69
202400035429,2024-04-07,Afternoon,4,1,3.0,1,2,13
202400035430,2024-02-29,Morning,4,2,6.0,1,2,93
202400035431,2024-05-14,Afternoon,4,1,3.0,1,2,33
202400035432,2024-04-07,Night,3,1,1.0,3,2,13
202400035433,2024-01-15,Afternoon,4,2,1.0,1,2,69
202400035434,2024-05-15,Evening,4,1,6.0,1,2,28
202400035435,2024-04-07,Night,3,1,1.0,5,2,13
202400035436,2024-01-16,Morning,4,8,6.0,1,2,69
202400035437,2024-02-29,Evening,4,1,6.0,5,2,93
202400035438,2024-04-06,Afternoon,4,1,1.0,1,2,13
202400035439,2024-01-15,Afternoon,3,4,6.0,1,2,67
202400035440,2024-02-29,Afternoon,4,2,2.0,1,2,92
202400035441,2024-05-15,Morning,4,1,6.0,1,2,27
202400035442,2024-04-06,Afternoon,3,1,3.0,1,2,13
202400035443,2024-01-13,Evening,4,1,1.0,5,2,66
202400035444,2024-01-17,Night,4,1,7.0,5,2,64
202400035445,2024-05-15,Afternoon,4,2,3.0,1,2,25
202400035446,2024-02-29,Evening,4,2,3.0,5,2,92
202400035447,2024-04-05,Afternoon,4,1,2.0,1,2,13
202400035448,2024-02-23,Evening,3,1,7.0,5,2,92
202400035449,2024-01-10,Evening,4,1,3.0,5,2,64
202400035450,2024-01-16,Afternoon,4,1,3.0,1,2,64
202400035451,2024-05-15,Afternoon,4,1,3.0,1,2,14
202400035452,2024-01-16,Afternoon,4,1,3.0,1,1,64
202400035453,2024-04-05,Afternoon,4,1,3.0,1,2,11
202400035454,2024-02-29,Evening,4,2,3.0,5,2,92
202400035455,2024-05-14,Evening,3,8,6.0,1,2,14
202400035456,2024-05-15,Afternoon,4,1,3.0,1,2,13
202400035457,2024-04-07,Afternoon,4,1,1.0,1,2,06
202400035458,2024-01-15,Afternoon,4,2,3.0,5,2,63
202400035459,2024-02-29,Morning,4,2,6.0,5,2,91
202400035460,2024-05-15,Morning,4,1,3.0,1,2,13
202400035461,2024-01-16,Morning,4,1,7.0,1,1,62
202400035462,2024-02-28,Morning,4,1,2.0,1,2,92
202400035463,2024-05-04,Morning,3,1,1.0,1,1,06
202400035464,2024-01-15,Morning,3,1,1.0,5,2,62
202400035465,2024-04-07,Afternoon,4,1,4.0,1,2,75
202400035466,2024-01-15,Afternoon,3,1,6.0,5,2,59
202400035468,2024-04-05,Afternoon,3,1,1.0,1,2,75
202400035469,2024-05-12,Morning,3,1,3.0,1,1,03
202400035470,2024-02-29,Afternoon,3,1,1.0,1,2,38
202400035471,2024-01-16,Evening,2,9,3.0,5,2,59
202400035472,2024-04-05,Afternoon,4,1,3.0,1,2,75
202400035473,2024-03-01,Night,3,9,6.0,3,1,95
202400035474,2024-01-15,Evening,4,1,1.0,5,2,56
202400035475,2024-05-15,Afternoon,4,2,3.0,1,2,01
202400035476,2024-04-07,Morning,4,1,3.0,1,2,75
202400035477,2024-05-15,Morning,4,1,3.0,1,2,75
202400035478,2024-03-01,Morning,3,1,5.0,1,2,31
202400035479,2024-01-16,Evening,4,1,1.0,3,1,54
202400035480,2024-04-06,Afternoon,4,1,6.0,1,2,75
202400035481,2024-05-14,Night,3,1,2.0,5,2,75
202400035482,2024-02-19,Afternoon,4,1,3.0,1,2,51
202400035483,2024-01-16,Morning,4,1,3.0,1,2,51
202400035484,2024-04-07,Morning,3,1,3.0,1,2,75
202400035485,2024-02-29,Afternoon,2,2,7.0,2,1,23
202400035486,2024-01-16,Morning,4,1,2.0,1,2,51
202400035487,2024-05-15,Morning,4,1,3.0,1,2,75
202400035488,2024-04-07,Afternoon,4,1,3.0,1,2,75
202400035489,2024-03-01,Night,3,1,6.0,3,1,23
202400035490,2024-02-29,Evening,3,3,6.0,4,2,28
202400035491,2024-01-15,Morning,3,1,4.0,1,2,51
202400035492,2024-05-15,Afternoon,4,1,6.0,1,2,75
202400035493,2024-04-07,Night,3,1,6.0,5,2,75
202400035494,2024-01-15,Evening,4,1,3.0,5,2,50
202400035495,2024-02-29,Afternoon,3,3,2.0,1,1,29
202400035496,2024-05-15,Evening,4,2,3.0,1,2,75
202400035497,2024-07-20,Afternoon,4,1,3.0,1,2,56
202400035498,2024-04-07,Evening,4,2,1.0,5,2,75
202400035499,2024-01-13,Morning,4,1,3.0,5,2,50
202400035500,2024-02-29,Afternoon,4,7,3.0,1,1,65
202400035501,2024-05-12,Evening,4,1,3.0,1,2,94
202400035502,2024-02-29,Afternoon,2,1,7.0,1,1,11
202400035503,2024-07-21,Afternoon,4,1,3.0,1,2,54
202400035504,2024-04-07,Evening,4,1,7.0,1,2,75
202400035505,2024-01-15,Evening,4,1,2.0,5,2,49
202400035506,2024-02-29,Morning,3,1,6.0,1,2,71
202400035507,2024-01-15,Afternoon,4,1,6.0,1,2,49
202400035508,2024-05-15,Evening,4,2,3.0,5,2,93
202400035509,2024-07-16,Morning,3,1,2.0,1,2,49
202400035510,2024-02-28,Afternoon,3,1,7.0,1,1,61
202400035511,2024-04-06,Evening,4,1,6.0,5,2,75
202400035512,2024-01-16,Afternoon,4,8,3.0,1,2,47
202400035513,2024-03-01,Morning,4,2,1.0,1,1,12
202400035514,2024-04-07,Afternoon,4,1,6.0,1,2,75
202400035515,2024-05-14,Night,4,2,1.0,5,2,93
202400035516,2024-07-20,Night,4,3,3.0,5,2,45
202400035517,2024-01-16,Morning,4,9,4.0,1,2,45
202400035518,2024-04-07,Afternoon,4,2,6.0,1,2,75
202400035519,2024-01-16,Morning,4,1,3.0,1,2,37
202400035520,2024-05-15,Morning,4,1,3.0,1,2,93
202400035521,2024-02-29,Morning,4,1,6.0,1,2,42
202400035522,2024-01-12,Evening,4,1,6.0,3,1,36
202400035523,2024-04-06,Morning,4,1,7.0,1,2,75
202400035524,2024-07-10,Afternoon,4,1,3.0,1,1,45
202400035525,2024-05-15,Afternoon,4,1,2.0,1,2,93
202400035526,2024-02-29,Afternoon,4,2,3.0,1,1,22
202400035527,2024-01-12,Afternoon,3,1,6.0,1,2,36
202400035528,2024-04-07,Evening,4,1,6.0,1,2,94
202400035529,2024-03-01,Night,3,2,6.0,3,1,25
202400035530,2024-05-14,Evening,4,1,3.0,5,2,93
202400035531,2024-07-21,Afternoon,4,1,3.0,1,2,43
202400035532,2024-01-16,Afternoon,4,8,3.0,1,1,35
202400035533,2024-02-23,Morning,3,6,6.0,1,2,44
202400035534,2024-01-16,Evening,4,1,6.0,5,2,34
202400035535,2024-07-21,Night,3,1,2.0,3,1,38
202400035536,2024-05-15,Afternoon,4,7,3.0,1,2,93
202400035537,2024-04-07,Morning,4,1,2.0,2,2,94
202400035538,2024-02-28,Evening,4,1,5.0,3,1,44
202400035539,2024-01-16,Morning,4,2,6.0,3,2,34
202400035540,2024-04-07,Afternoon,4,1,6.0,1,2,94
202400035541,2024-02-29,Afternoon,3,7,3.0,1,2,38
202400035542,2024-07-20,Afternoon,4,1,3.0,1,1,36
202400035543,2024-01-15,Afternoon,4,1,3.0,2,2,34
202400035544,2024-05-15,Afternoon,4,1,4.0,1,2,93
202400035545,2024-04-07,Evening,4,2,3.0,1,2,94
202400035546,2024-01-15,Afternoon,4,1,3.0,1,2,34
202400035547,2024-07-20,Afternoon,4,1,1.0,1,2,34
202400035548,2024-03-01,Afternoon,3,1,2.0,1,1,02
202400035549,2024-01-15,Morning,4,1,6.0,1,2,34
202400035550,2024-05-15,Night,4,1,3.0,5,2,92
202400035551,2024-04-07,Night,4,1,6.0,3,2,94
202400035552,2024-07-21,Evening,4,1,6.0,1,2,33
202400035553,2024-03-01,Night,2,1,1.0,3,1,85
202400035554,2024-01-16,Morning,4,2,1.0,1,1,31
202400035555,2024-05-11,Afternoon,4,1,6.0,1,2,92
202400035556,2024-02-26,Afternoon,3,1,3.0,1,1,26
202400035557,2024-04-07,Evening,4,1,3.0,1,2,93
202400035558,2024-05-15,Afternoon,4,1,7.0,1,2,92
202400035559,2024-01-08,Afternoon,3,1,7.0,1,2,30
202400035560,2024-07-21,Afternoon,3,2,7.0,1,2,31
202400035561,2024-05-15,Morning,3,1,3.0,1,2,92
202400035562,2024-04-06,Night,4,1,4.0,5,2,93
202400035563,2024-01-16,Evening,4,1,1.0,5,2,30
202400035564,2024-04-07,Night,4,1,6.0,5,2,93
202400035565,2024-02-29,Night,4,1,6.0,5,2,90
202400035566,2024-05-15,Afternoon,4,1,3.0,1,2,37
202400035567,2024-01-15,Afternoon,3,1,6.0,1,1,28
202400035568,2024-07-21,Night,4,2,3.0,3,1,29
202400035569,2024-02-27,Morning,2,1,6.0,1,2,53
202400035570,2024-04-06,Afternoon,4,1,6.0,1,2,93
202400035571,2024-05-10,Evening,4,1,3.0,1,2,22
202400035572,2024-01-16,Afternoon,4,1,2.0,5,2,27
202400035573,2024-05-16,Night,3,1,6.0,2,1,11
202400035574,2024-04-07,Evening,4,2,3.0,1,2,92
202400035575,2024-03-01,Morning,4,1,1.0,1,1,21
202400035576,2024-07-21,Afternoon,4,1,5.0,1,1,24
202400035577,2024-02-29,Afternoon,4,1,6.0,1,2,23
202400035578,2024-01-16,Morning,3,1,3.0,2,2,21
202400035579,2024-04-06,Morning,4,1,3.0,1,2,92
202400035580,2024-05-12,Afternoon,4,1,3.0,1,1,11
202400035581,2024-07-20,Night,4,1,6.0,5,2,13
202400035582,2024-05-16,Night,3,1,6.0,3,1,29
202400035583,2024-02-29,Evening,4,1,1.0,5,2,69
202400035584,2024-01-14,Afternoon,4,1,3.0,1,2,19
202400035585,2024-04-07,Night,4,3,2.0,5,2,92
202400035586,2024-02-21,Night,4,1,6.0,3,1,45
202400035587,2024-07-20,Night,3,1,1.0,5,2,13
202400035589,2024-01-16,Afternoon,4,1,3.0,1,2,18
202400035590,2024-04-07,Afternoon,4,2,3.0,1,2,92
202400035591,2024-02-29,Afternoon,4,3,5.0,1,1,77
202400035592,2024-05-16,Morning,4,1,3.0,1,1,21
202400035593,2024-01-11,Morning,3,1,1.0,1,2,18
202400035594,2024-07-19,Evening,4,1,2.0,1,1,13
202400035595,2024-02-27,Afternoon,4,8,7.0,1,1,78
202400035596,2024-04-07,Afternoon,4,8,3.0,1,2,92
202400035597,2024-05-16,Afternoon,2,1,3.0,1,1,76
202400035598,2024-01-15,Evening,4,1,7.0,5,2,14
202400035599,2024-07-21,Afternoon,4,2,6.0,1,2,12
202400035600,2024-02-02,Morning,4,1,2.0,1,1,78
202400035601,2024-04-07,Evening,4,3,2.0,5,2,92
202400035602,2024-01-16,Evening,3,1,3.0,5,2,13
202400035603,2024-05-16,Afternoon,3,1,1.0,1,1,33
202400035604,2024-07-21,Afternoon,4,1,3.0,1,2,06
202400035605,2024-02-29,Evening,3,1,1.0,1,1,66
202400035606,2024-04-07,Evening,4,2,3.0,2,2,92
202400035607,2024-05-04,Afternoon,4,3,7.0,1,2,33
202400035608,2024-01-16,Evening,3,1,3.0,5,2,13
202400035609,2024-02-29,Night,3,8,7.0,3,1,26
202400035610,2024-04-07,Evening,3,2,6.0,2,1,72
202400035611,2024-05-16,Afternoon,2,1,1.0,1,1,32
202400035612,2024-07-21,Afternoon,4,8,3.0,1,2,06
202400035613,2024-01-16,Afternoon,4,1,6.0,1,2,13
202400035614,2024-03-01,Morning,4,1,3.0,1,2,07
202400035615,2024-05-16,Morning,3,2,7.0,1,1,68
202400035616,2024-04-07,Evening,2,1,3.0,3,1,54
202400035617,2024-07-20,Afternoon,4,1,2.0,1,2,06
202400035618,2024-01-15,Afternoon,3,1,3.0,1,2,13
202400035619,2024-02-29,Night,4,1,2.0,5,2,01
202400035620,2024-04-08,Morning,3,1,3.0,1,1,01
202400035621,2024-05-15,Evening,4,1,5.0,1,1,22
202400035622,2024-03-01,Night,3,2,6.0,3,1,69
202400035623,2024-07-21,Afternoon,4,1,3.0,1,2,04
202400035624,2024-01-15,Afternoon,4,1,5.0,1,2,13
202400035625,2024-05-16,Afternoon,2,1,6.0,1,2,29
202400035626,2024-04-08,Morning,3,1,3.0,1,2,22
202400035627,2024-03-01,Evening,3,3,1.0,3,1,60
202400035628,2024-01-15,Evening,4,2,3.0,5,2,11
202400035629,2024-07-20,Evening,4,3,3.0,1,2,03
202400035630,2024-04-06,Morning,4,1,1.0,1,1,68
202400035631,2024-05-16,Afternoon,4,1,6.0,1,2,38
202400035632,2024-04-06,Afternoon,4,1,1.0,1,1,68
202400035633,2024-02-28,Evening,3,1,5.0,3,1,69
202400035634,2024-07-20,Morning,4,1,2.0,1,2,03
202400035635,2024-01-15,Afternoon,4,2,5.0,1,2,11
202400035636,2024-05-16,Night,2,3,6.0,3,1,02
202400035637,2024-01-15,Morning,4,8,6.0,1,2,10
202400035638,2024-02-28,Evening,4,1,6.0,3,1,33
202400035639,2024-03-30,Afternoon,4,1,4.0,1,1,11
202400035640,2024-07-21,Evening,3,1,3.0,1,2,02
202400035641,2024-04-06,Afternoon,2,1,1.0,1,1,63
202400035642,2024-01-15,Morning,4,8,6.0,1,1,10
202400035643,2024-04-08,Morning,2,1,6.0,3,1,63
202400035644,2024-05-16,Afternoon,4,1,5.0,1,1,15
202400035645,2024-02-29,Morning,4,2,4.0,1,1,91
202400035646,2024-04-06,Morning,4,1,1.0,1,2,01
202400035647,2024-07-20,Afternoon,4,1,5.0,1,2,75
202400035648,2024-01-15,Morning,4,1,3.0,5,2,02
202400035649,2024-04-07,Night,3,1,6.0,3,1,22
202400035650,2024-01-15,Morning,4,1,3.0,1,2,75
202400035651,2024-02-28,Night,4,1,6.0,3,1,91
202400035652,2024-05-15,Afternoon,4,1,3.0,1,1,14
202400035653,2024-07-20,Afternoon,4,1,4.0,1,2,75
202400035654,2024-04-08,Night,3,1,1.0,3,1,26
202400035655,2024-01-15,Night,4,1,6.0,5,2,75
202400035656,2024-02-28,Morning,4,1,3.0,1,1,78