Num_Acc,date,time_of_day,max_severity,weather,collision_type,lighting,urban_area,department
202400035657,2024-05-16,Night,3,1,6.0,3,2,50
202400035658,2024-02-28,Afternoon,4,1,2.0,1,1,95
202400035659,2024-04-07,Afternoon,4,1,3.0,1,1,71
202400035660,2024-05-09,Morning,4,1,7.0,1,2,50
202400035661,2024-01-16,Afternoon,4,8,3.0,1,2,75
202400035662,2024-04-07,Afternoon,3,1,7.0,1,1,57
202400035663,2024-02-28,Morning,4,1,3.0,1,1,95
202400035664,2024-05-15,Evening,3,2,1.0,3,1,60
202400035665,2024-07-19,Afternoon,4,1,4.0,1,2,75
202400035666,2024-04-07,Evening,3,1,7.0,1,2,51
202400035667,2024-05-11,Evening,3,8,7.0,2,1,10
202400035668,2024-02-27,Evening,4,1,4.0,3,1,95
202400035669,2024-04-07,Evening,3,1,7.0,2,2,51
202400035670,2024-07-19,Morning,4,1,3.0,1,2,75
202400035671,2024-01-16,Afternoon,4,1,3.0,5,2,75
202400035672,2024-05-16,Morning,4,2,2.0,1,2,07
202400035674,2024-04-07,Evening,3,1,3.0,1,1,56
202400035675,2024-07-21,Morning,3,8,6.0,2,2,75
202400035676,2024-01-16,Morning,4,1,2.0,2,2,75
202400035677,2024-05-02,Afternoon,4,2,3.0,1,2,07
202400035679,2024-01-15,Afternoon,3,1,6.0,1,2,75
202400035680,2024-05-15,Evening,4,1,1.0,2,2,08
202400035682,2024-04-07,Afternoon,3,1,1.0,1,2,56
202400035683,2024-01-16,Morning,4,1,6.0,2,2,75
202400035684,2024-05-16,Night,3,1,1.0,3,1,01
202400035685,2024-07-20,Afternoon,4,1,4.0,1,2,75
202400035687,2024-05-14,Morning,4,7,1.0,1,2,68
202400035689,2024-01-16,Morning,4,8,6.0,1,2,94
202400035690,2024-07-21,Night,4,3,3.0,5,2,75
202400035692,2024-04-08,Morning,2,1,1.0,1,1,2B
202400035693,2024-01-16,Morning,4,1,6.0,1,2,94
202400035694,2024-07-21,Afternoon,4,8,3.0,1,2,75
202400035696,2024-04-06,Night,3,1,1.0,3,1,82
202400035697,2024-04-07,Morning,3,1,6.0,1,1,65
202400035699,2024-07-21,Night,4,1,3.0,5,2,75
202400035700,2024-01-16,Morning,4,1,3.0,1,2,94
202400035701,2024-04-07,Morning,3,1,6.0,2,2,65
202400035703,2024-07-21,Afternoon,4,7,7.0,1,2,75
202400035704,2024-04-07,Afternoon,2,1,7.0,3,1,33
202400035705,2024-05-02,Morning,4,1,3.0,1,2,33
202400035707,2024-04-07,Afternoon,3,1,6.0,1,1,11
202400035708,2024-01-16,Morning,4,1,3.0,2,2,94
202400035710,2024-07-21,Morning,4,1,3.0,1,2,75
202400035711,2024-04-07,Evening,2,1,6.0,3,1,11
202400035712,2024-05-15,Morning,3,1,5.0,1,1,34
202400035713,2024-07-20,Night,4,1,2.0,5,2,94
202400035714,2024-01-16,Morning,4,1,6.0,1,2,94
202400035715,2024-05-15,Morning,4,1,2.0,1,2,68
202400035716,2024-04-05,Morning,3,1,5.0,1,2,41
202400035718,2024-07-21,Afternoon,4,1,2.0,1,2,94
202400035719,2024-05-15,Evening,3,2,6.0,2,1,63
202400035720,2024-01-16,Morning,4,1,6.0,5,2,94
202400035721,2024-04-07,Morning,3,1,3.0,1,1,86
202400035722,2024-05-16,Morning,4,2,6.0,2,1,69
202400035723,2024-01-16,Evening,4,1,6.0,5,2,94
202400035724,2024-07-21,Evening,4,1,3.0,2,2,94
202400035725,2024-04-08,Morning,3,1,3.0,1,2,86
202400035727,2024-04-07,Afternoon,3,1,7.0,1,1,34
202400035728,2024-05-15,Afternoon,4,1,3.0,1,2,80
202400035729,2024-07-21,Night,4,2,3.0,5,2,93
202400035730,2024-01-16,Afternoon,4,1,6.0,2,2,94
202400035731,2024-04-08,Evening,2,1,7.0,1,1,68
202400035732,2024-04-08,Morning,3,1,7.0,2,1,38
202400035733,2024-05-09,Afternoon,3,1,3.0,1,1,59
202400035734,2024-01-16,Morning,4,1,6.0,1,2,94
202400035735,2024-07-21,Afternoon,3,1,3.0,1,2,93
202400035737,2024-04-05,Evening,2,1,7.0,2,1,38
202400035738,2024-07-21,Afternoon,4,1,7.0,1,2,93
202400035739,2024-05-15,Morning,4,1,3.0,1,1,13
202400035741,2024-01-16,Morning,4,8,2.0,2,2,94
202400035742,2024-04-06,Afternoon,4,1,3.0,1,1,01
202400035743,2024-07-21,Evening,4,1,1.0,2,2,93
202400035744,2024-05-14,Night,4,3,2.0,3,1,13
202400035746,2024-01-16,Morning,4,1,6.0,2,2,93
202400035747,2024-07-21,Night,4,2,6.0,5,2,92
202400035748,2024-04-08,Morning,4,1,3.0,5,2,58
202400035749,2024-05-12,Morning,3,1,2.0,1,1,69
202400035750,2024-07-21,Night,4,2,7.0,5,2,92
202400035751,2024-01-16,Afternoon,4,8,3.0,1,2,93
202400035753,2024-05-15,Morning,4,1,3.0,1,1,94
202400035754,2024-01-15,Evening,4,1,1.0,5,2,93
202400035755,2024-07-21,Evening,4,1,3.0,2,2,92
202400035757,2024-04-07,Evening,4,1,3.0,1,2,14
202400035758,2024-05-15,Evening,4,1,2.0,1,1,92
202400035759,2024-07-14,Night,3,1,6.0,5,2,33
202400035761,2024-01-16,Afternoon,4,1,6.0,1,2,93
202400035762,2024-05-15,Afternoon,4,1,3.0,1,1,92
202400035763,2024-01-16,Evening,4,1,6.0,5,2,93
202400035764,2024-04-07,Evening,3,1,3.0,1,1,14
202400035766,2024-07-21,Afternoon,3,1,1.0,1,1,35
202400035767,2024-05-15,Afternoon,4,1,2.0,1,1,78
202400035768,2024-01-16,Afternoon,4,1,6.0,1,2,93
202400035769,2024-04-05,Morning,3,1,6.0,1,2,45
202400035770,2024-07-21,Morning,4,1,7.0,1,1,14
202400035772,2024-01-16,Morning,4,8,6.0,5,2,93
202400035773,2024-04-03,Afternoon,4,1,6.0,1,2,27
202400035774,2024-01-16,Morning,4,1,6.0,1,2,93
202400035775,2024-07-21,Night,3,1,6.0,3,1,62
202400035776,2024-05-15,Afternoon,4,1,4.0,1,1,93
202400035778,2024-04-07,Afternoon,3,1,6.0,1,1,87
202400035779,2024-01-16,Afternoon,4,1,1.0,1,2,93
202400035781,2024-04-07,Night,4,1,6.0,3,1,24
202400035782,2024-02-02,Afternoon,4,1,3.0,1,2,74
202400035783,2024-07-21,Morning,3,1,3.0,1,1,17
202400035784,2024-04-08,Afternoon,4,1,2.0,1,1,45
202400035787,2024-04-08,Afternoon,3,1,6.0,1,2,69
202400035788,2024-02-18,Night,4,1,1.0,3,1,13
202400035789,2024-02-28,Afternoon,4,1,3.0,1,2,69
202400035791,2024-02-15,Morning,2,1,3.0,3,2,50
202400035792,2024-02-28,Morning,4,1,6.0,1,2,69
202400035794,2024-04-08,Afternoon,3,1,7.0,1,1,38
202400035796,2024-02-28,Morning,4,1,1.0,1,2,69
202400035799,2024-02-26,Night,4,1,7.0,5,2,69
202400035802,2024-02-20,Evening,4,1,1.0,2,2,69
202400035803,2024-07-22,Afternoon,3,1,3.0,1,1,21
202400035805,2024-04-06,Night,4,1,6.0,5,2,45
202400035807,2024-07-22,Morning,3,1,2.0,1,1,06
202400035808,2024-04-04,Morning,3,8,3.0,1,2,77
202400035811,2024-04-07,Afternoon,4,1,1.0,1,2,88
202400035813,2024-07-21,Evening,3,1,7.0,1,2,51
202400035814,2024-04-08,Evening,4,1,1.0,1,1,03
202400035815,2024-07-20,Afternoon,3,7,7.0,1,1,19
202400035817,2024-04-06,Evening,3,1,3.0,1,1,63
202400035818,2024-07-21,Morning,4,1,7.0,1,1,76
202400035819,2024-04-07,Night,3,1,7.0,3,1,26
202400035821,2024-07-20,Afternoon,4,1,2.0,1,2,79
202400035822,2024-05-14,Evening,4,2,4.0,1,2,69
202400035823,2024-04-07,Afternoon,3,1,6.0,1,1,69
202400035824,2024-07-19,Evening,3,1,3.0,2,1,2A
202400035826,2024-04-08,Morning,4,1,1.0,1,1,69
202400035827,2024-07-20,Afternoon,3,1,7.0,1,1,41
202400035828,2024-04-08,Morning,4,1,5.0,1,1,50
202400035830,2024-04-08,Morning,3,1,1.0,1,1,50
202400035831,2024-05-14,Morning,4,1,3.0,1,2,69
202400035832,2024-07-22,Night,4,1,6.0,3,1,32
202400035833,2024-04-03,Afternoon,4,1,3.0,1,1,14
202400035835,2024-07-22,Afternoon,3,1,6.0,1,1,63
202400035836,2024-04-07,Afternoon,4,1,3.0,1,1,76
202400035837,2024-07-21,Afternoon,3,8,7.0,1,1,63
202400035839,2024-07-21,Afternoon,4,8,7.0,1,1,63
202400035840,2024-04-07,Afternoon,3,1,3.0,1,1,76
202400035842,2024-04-08,Afternoon,4,1,5.0,1,1,80
202400035843,2024-07-22,Morning,3,1,3.0,1,2,63
202400035844,2024-04-07,Afternoon,4,1,6.0,1,2,59
202400035845,2024-07-20,Night,3,1,6.0,4,2,61
202400035846,2024-04-05,Afternoon,4,1,2.0,1,1,13
202400035847,2024-07-18,Night,4,1,6.0,2,2,61
202400035848,2024-04-05,Night,4,1,2.0,3,1,13
202400035849,2024-07-21,Evening,3,3,6.0,1,2,47
202400035850,2024-08-26,Evening,4,1,6.0,1,2,80
202400035851,2024-04-05,Evening,2,1,6.0,3,1,13
202400035852,2024-07-15,Afternoon,3,1,2.0,1,2,86
202400035853,2024-04-07,Afternoon,4,1,2.0,1,1,91
202400035854,2024-08-28,Night,4,1,6.0,5,2,79
202400035855,2024-07-21,Afternoon,3,1,3.0,1,2,22
202400035856,2024-04-06,Night,4,1,2.0,3,1,94
202400035857,2024-07-20,Afternoon,3,2,6.0,1,1,29
202400035858,2024-08-28,Evening,4,1,1.0,1,1,78
202400035859,2024-04-06,Morning,4,1,2.0,1,1,94
202400035860,2024-07-20,Evening,4,2,3.0,1,1,29
202400035861,2024-04-06,Night,4,1,6.0,3,1,91
202400035862,2024-08-27,Night,4,1,3.0,3,2,77
202400035863,2024-07-19,Afternoon,4,1,3.0,1,2,01
202400035864,2024-04-07,Evening,4,2,4.0,2,1,75
202400035865,2024-08-28,Evening,4,1,3.0,1,1,77
202400035866,2024-07-22,Afternoon,4,1,1.0,1,1,01
202400035867,2024-07-21,Afternoon,2,1,6.0,1,1,66
202400035868,2024-08-28,Afternoon,4,1,3.0,1,2,77
202400035869,2024-07-21,Evening,4,1,1.0,1,1,66
202400035870,2024-08-25,Night,4,1,3.0,5,2,76
202400035871,2024-07-21,Evening,3,1,6.0,1,1,50
202400035872,2024-08-28,Morning,4,1,3.0,1,2,71
202400035873,2024-07-21,Evening,3,1,6.0,1,1,50
202400035874,2024-07-18,Afternoon,3,1,3.0,1,2,69
202400035875,2024-08-28,Afternoon,4,1,3.0,1,2,69
202400035876,2024-07-22,Afternoon,4,1,3.0,1,1,60
202400035877,2024-07-21,Afternoon,3,1,6.0,1,2,10
202400035878,2024-08-28,Afternoon,4,1,3.0,1,1,68
202400035879,2024-07-21,Afternoon,4,1,7.0,1,1,07
202400035880,2024-08-27,Afternoon,4,1,2.0,1,1,66
202400035881,2024-08-27,Afternoon,4,1,6.0,1,2,64
202400035882,2024-07-17,Afternoon,3,1,6.0,1,1,07
202400035883,2024-08-26,Evening,4,1,7.0,1,2,64
202400035884,2024-07-20,Afternoon,4,1,7.0,1,1,21
202400035885,2024-08-28,Evening,4,1,3.0,1,2,64
202400035886,2024-07-21,Evening,2,1,1.0,1,1,04
202400035887,2024-07-22,Morning,2,1,7.0,1,1,52
202400035888,2024-08-28,Afternoon,3,1,3.0,1,2,63
202400035889,2024-07-19,Afternoon,3,1,7.0,1,1,52
202400035890,2024-08-28,Afternoon,4,1,3.0,1,2,59
202400035891,2024-08-28,Morning,4,7,6.0,1,2,59
202400035892,2024-07-21,Afternoon,4,1,2.0,1,1,88
202400035893,2024-08-28,Evening,4,7,1.0,1,2,59
202400035894,2024-08-19,Afternoon,4,1,7.0,1,2,58
202400035895,2024-07-21,Afternoon,4,1,3.0,1,1,49
202400035897,2024-08-26,Afternoon,4,1,1.0,1,2,57
202400035898,2024-08-27,Night,4,1,3.0,5,2,56
202400035899,2024-07-22,Morning,3,1,6.0,2,1,63
202400035900,2024-08-27,Afternoon,4,1,2.0,1,2,56
202400035901,2024-08-28,Afternoon,4,1,7.0,1,2,51
202400035902,2024-07-22,Evening,4,1,2.0,1,1,83
202400035903,2024-08-27,Evening,4,1,6.0,5,2,51
202400035904,2024-07-21,Night,4,1,6.0,3,1,69
202400035905,2024-08-27,Afternoon,4,1,2.0,1,2,50
202400035906,2024-07-22,Morning,3,7,6.0,1,1,11
202400035907,2024-08-28,Night,4,1,7.0,5,2,45
202400035909,2024-08-28,Afternoon,4,1,6.0,1,2,45
202400035910,2024-08-28,Morning,4,1,4.0,1,2,45
202400035912,2024-08-23,Evening,3,2,7.0,1,2,44
202400035913,2024-08-28,Night,4,1,1.0,3,2,42
202400035915,2024-07-21,Night,3,1,1.0,3,2,13
202400035916,2024-08-28,Evening,4,1,3.0,1,2,37
202400035917,2024-07-20,Morning,3,1,7.0,1,1,68
202400035918,2024-08-28,Night,4,1,6.0,5,2,37
202400035919,2024-08-27,Morning,4,1,6.0,1,2,37
202400035920,2024-07-22,Evening,4,1,7.0,1,1,55
202400035921,2024-08-28,Afternoon,3,1,3.0,1,2,31
202400035922,2024-07-22,Afternoon,3,1,1.0,1,2,57
202400035923,2024-08-28,Evening,4,1,2.0,1,1,29
202400035924,2024-08-06,Morning,4,1,6.0,1,2,27
202400035925,2024-07-22,Afternoon,3,1,1.0,1,1,73
202400035926,2024-07-21,Evening,4,1,6.0,1,2,38
202400035927,2024-08-28,Evening,4,1,6.0,1,2,17
202400035928,2024-08-28,Morning,4,1,7.0,1,2,14
202400035929,2024-07-19,Afternoon,4,1,3.0,1,2,69
202400035930,2024-07-21,Evening,3,2,7.0,1,1,81
202400035931,2024-08-27,Evening,4,1,3.0,1,2,14
202400035932,2024-07-21,Morning,4,8,6.0,1,2,81
202400035933,2024-08-29,Night,4,1,6.0,5,2,13
202400035934,2024-07-21,Morning,2,8,7.0,1,1,65
202400035935,2024-08-27,Night,4,1,1.0,5,2,13
202400035936,2024-07-18,Afternoon,4,7,1.0,1,1,79
202400035937,2024-08-28,Evening,4,1,3.0,1,1,13
202400035938,2024-07-21,Afternoon,3,1,1.0,1,1,29
202400035939,2024-08-28,Evening,4,1,3.0,1,2,11
202400035940,2024-07-21,Morning,3,1,3.0,1,1,22
202400035941,2024-07-20,Evening,3,1,6.0,2,2,62
202400035942,2024-08-27,Morning,4,1,3.0,1,2,11
202400035943,2024-07-21,Afternoon,4,1,7.0,1,1,13
202400035944,2024-08-26,Afternoon,4,1,2.0,1,2,11
202400035945,2024-08-28,Afternoon,4,1,7.0,1,1,07
202400035946,2024-07-21,Night,4,2,2.0,3,1,33
202400035947,2024-08-28,Morning,3,1,3.0,1,2,06
202400035948,2024-07-21,Afternoon,4,1,3.0,1,1,91
202400035949,2024-08-27,Afternoon,4,1,5.0,1,2,75
202400035950,2024-08-26,Afternoon,3,1,2.0,1,2,75
202400035951,2024-07-20,Night,4,1,2.0,3,1,94
202400035952,2024-08-28,Night,3,1,6.0,5,2,75
202400035953,2024-08-28,Afternoon,4,1,7.0,1,2,75
202400035954,2024-07-20,Evening,4,1,7.0,2,1,91
202400035955,2024-08-28,Morning,4,1,6.0,1,2,75
202400035956,2024-07-21,Morning,3,8,6.0,1,1,92
202400035957,2024-08-28,Afternoon,4,1,3.0,1,2,75
202400035958,2024-07-20,Night,4,1,3.0,5,1,92
202400035959,2024-08-28,Evening,4,1,3.0,1,2,75
202400035960,2024-07-19,Evening,4,1,6.0,3,1,78
202400035961,2024-08-28,Afternoon,4,1,3.0,1,2,75
202400035962,2024-07-21,Evening,4,1,6.0,1,1,95
202400035963,2024-08-28,Afternoon,4,1,1.0,1,2,75
202400035964,2024-07-21,Afternoon,4,2,4.0,1,1,93
202400035965,2024-08-28,Night,4,1,3.0,5,2,75
202400035966,2024-07-21,Afternoon,4,1,7.0,1,1,93
202400035967,2024-08-27,Afternoon,4,1,3.0,1,2,94
202400035968,2024-07-21,Morning,4,1,2.0,1,1,93
202400035969,2024-07-21,Morning,4,1,6.0,1,1,95
202400035970,2024-08-28,Evening,4,1,1.0,1,2,94
202400035971,2024-08-28,Morning,4,1,2.0,1,1,94
202400035972,2024-07-20,Night,4,1,2.0,4,1,93
202400035973,2024-08-27,Afternoon,4,1,2.0,1,2,94
202400035974,2024-07-20,Afternoon,4,1,2.0,1,1,93
202400035975,2024-08-28,Evening,4,1,3.0,1,2,94
202400035976,2024-07-20,Afternoon,4,1,3.0,1,1,95
202400035977,2024-08-28,Morning,4,1,3.0,2,2,94
202400035978,2024-07-19,Evening,4,1,4.0,1,1,93
202400035979,2024-08-28,Evening,4,1,2.0,1,2,93
202400035980,2024-07-21,Night,4,2,2.0,3,1,77
202400035981,2024-08-27,Afternoon,4,7,3.0,1,2,93
202400035982,2024-07-20,Evening,4,1,7.0,1,1,94
202400035983,2024-07-19,Afternoon,4,1,2.0,1,1,77
202400035984,2024-08-28,Afternoon,4,1,3.0,1,2,93
202400035985,2024-08-27,Afternoon,4,1,6.0,1,2,92
202400035986,2024-04-19,Morning,3,1,1.0,1,1,45
202400035987,2024-08-28,Evening,4,1,6.0,1,2,92
202400035988,2024-05-20,Afternoon,3,1,7.0,1,1,74
202400035989,2024-08-28,Morning,4,1,3.0,1,2,92
202400035990,2024-05-19,Night,4,3,5.0,3,1,74
202400035991,2024-08-28,Morning,4,1,6.0,1,2,92
202400035992,2024-05-18,Afternoon,4,1,2.0,1,2,74
202400035993,2024-08-27,Night,4,1,6.0,5,2,92
202400035994,2024-05-18,Morning,4,1,3.0,1,2,74
202400035995,2024-08-28,Night,4,1,3.0,5,2,92
202400035996,2024-05-17,Evening,4,1,3.0,1,2,74
202400035997,2024-08-28,Afternoon,3,1,2.0,1,2,68
202400035998,2024-05-17,Afternoon,4,1,2.0,1,2,74
202400035999,2024-08-28,Night,4,1,7.0,3,1,30
202400036000,2024-05-14,Morning,4,1,1.0,1,1,74
202400036001,2024-08-29,Evening,4,1,7.0,1,2,51
202400036002,2024-05-11,Night,4,1,3.0,3,1,74
202400036003,2024-08-28,Morning,3,1,6.0,1,2,76
202400036004,2024-05-11,Afternoon,4,1,2.0,1,1,74
202400036005,2024-08-28,Afternoon,2,1,7.0,1,1,76
202400036006,2024-08-29,Afternoon,3,1,7.0,1,1,76
202400036007,2024-05-11,Afternoon,4,1,3.0,1,1,74
202400036008,2024-08-27,Afternoon,3,1,2.0,1,2,65
202400036009,2024-08-28,Evening,2,1,6.0,3,1,71
202400036010,2024-07-20,Night,4,1,3.0,5,2,92
202400036011,2024-07-19,Afternoon,4,1,6.0,1,2,92
202400036012,2024-08-13,Afternoon,2,1,7.0,1,2,22
202400036013,2024-08-27,Morning,3,1,6.0,1,2,22
202400036014,2024-07-11,Night,4,8,6.0,5,2,44
202400036015,2024-08-28,Evening,3,1,7.0,3,1,39
202400036018,2024-08-28,Evening,4,1,3.0,1,2,29
202400036020,2024-08-27,Afternoon,3,1,2.0,1,1,31
202400036021,2024-07-20,Evening,4,1,3.0,1,2,2A
202400036022,2024-07-20,Afternoon,4,1,2.0,1,2,95
202400036023,2024-08-28,Afternoon,4,1,3.0,1,2,02
202400036024,2024-08-25,Night,4,1,6.0,3,1,72
202400036025,2024-07-19,Night,4,1,3.0,5,2,95
202400036026,2024-08-28,Afternoon,3,1,6.0,1,2,14
202400036027,2024-07-20,Night,4,1,6.0,3,2,95
202400036028,2024-08-29,Afternoon,3,1,3.0,1,1,05
202400036029,2024-07-19,Evening,4,7,1.0,1,2,85
202400036030,2024-08-28,Afternoon,3,1,3.0,1,1,05
202400036031,2024-04-03,Afternoon,4,1,1.0,1,2,45
202400036032,2024-07-20,Evening,4,1,3.0,1,1,84
202400036033,2024-07-20,Morning,4,1,1.0,1,2,83
202400036034,2024-08-29,Afternoon,3,1,3.0,1,2,73
202400036035,2024-07-19,Morning,3,1,1.0,1,2,82
202400036036,2024-08-29,Afternoon,2,1,3.0,1,1,73
202400036037,2024-08-28,Afternoon,3,1,1.0,1,1,10
202400036038,2024-07-20,Night,4,1,3.0,5,2,78
202400036039,2024-08-28,Morning,3,1,7.0,1,1,07
202400036040,2024-08-26,Afternoon,4,1,1.0,1,1,24
202400036041,2024-07-19,Afternoon,4,7,3.0,1,2,76
202400036042,2024-08-28,Morning,3,7,6.0,1,2,27
202400036043,2024-07-20,Evening,4,1,3.0,1,2,72
202400036044,2024-07-20,Morning,4,1,3.0,1,2,69
202400036045,2024-08-28,Afternoon,4,1,3.0,1,1,27
202400036046,2024-07-19,Night,4,1,1.0,4,1,68
202400036048,2024-07-20,Afternoon,4,1,6.0,1,2,67
202400036049,2024-08-29,Morning,4,1,6.0,1,1,03
202400036050,2024-07-19,Afternoon,4,1,1.0,1,1,67
202400036051,2024-08-27,Morning,3,1,3.0,1,2,67
202400036052,2024-07-20,Afternoon,4,1,3.0,1,2,64
202400036054,2024-07-20,Night,4,1,6.0,5,2,64
202400036055,2024-07-20,Afternoon,4,1,7.0,1,2,64
202400036056,2024-07-20,Morning,4,1,2.0,1,2,64
202400036057,2024-08-28,Evening,4,1,2.0,1,1,60
202400036058,2024-07-19,Evening,3,1,6.0,1,2,62
202400036060,2024-07-20,Afternoon,4,1,3.0,1,2,58
202400036062,2024-07-19,Afternoon,4,1,3.0,1,2,51
202400036063,2024-07-19,Evening,3,1,3.0,1,2,51
202400036064,2024-08-28,Afternoon,4,1,6.0,1,2,66
202400036065,2024-07-20,Evening,4,1,3.0,1,2,49
202400036066,2024-07-20,Night,4,1,7.0,3,1,49
202400036067,2024-08-25,Evening,3,1,3.0,1,2,34
202400036068,2024-07-19,Night,3,1,6.0,3,2,45
202400036069,2024-08-28,Evening,3,1,6.0,1,2,25
202400036070,2024-07-20,Evening,4,1,2.0,1,2,45
202400036071,2024-08-27,Evening,4,1,1.0,3,1,88
202400036072,2024-07-20,Night,4,1,6.0,3,1,45
202400036073,2024-08-29,Afternoon,4,1,7.0,1,1,88
202400036074,2024-07-19,Afternoon,4,1,6.0,1,2,33
202400036075,2024-08-27,Afternoon,3,1,7.0,1,1,55
202400036076,2024-07-19,Afternoon,4,1,4.0,1,1,33
202400036077,2024-08-28,Evening,4,1,7.0,1,1,38
202400036078,2024-08-29,Morning,2,1,2.0,3,1,38
202400036079,2024-07-20,Evening,4,1,7.0,1,2,29
202400036080,2024-07-19,Evening,4,1,3.0,1,2,18
202400036081,2024-08-28,Evening,4,1,3.0,1,2,26
202400036082,2024-07-19,Afternoon,4,1,2.0,1,2,17
202400036083,2024-08-24,Evening,3,1,3.0,1,2,26
202400036084,2024-07-20,Evening,4,1,1.0,1,2,13
202400036085,2024-08-28,Afternoon,2,1,6.0,1,1,33
202400036086,2024-07-20,Evening,4,1,3.0,1,2,13
202400036087,2024-08-22,Afternoon,3,1,3.0,1,1,22
202400036088,2024-07-19,Afternoon,4,1,3.0,1,2,13
202400036089,2024-08-28,Evening,4,1,7.0,1,1,60
202400036090,2024-07-20,Afternoon,4,1,6.0,1,2,11
202400036091,2024-08-28,Afternoon,4,1,1.0,1,2,59
202400036092,2024-07-20,Evening,3,1,1.0,1,2,08
202400036093,2024-08-24,Afternoon,4,1,2.0,1,1,13
202400036094,2024-08-26,Afternoon,3,1,7.0,1,1,67
202400036095,2024-07-20,Night,4,1,3.0,5,2,06
202400036096,2024-07-20,Afternoon,4,1,7.0,1,1,06
202400036097,2024-08-25,Evening,4,1,5.0,1,1,59
202400036098,2024-07-20,Evening,4,1,3.0,1,2,06
202400036099,2024-08-28,Morning,4,1,2.0,1,1,91
202400036100,2024-07-20,Afternoon,4,1,2.0,1,2,06
202400036101,2024-07-20,Morning,4,1,3.0,1,2,06
202400036102,2024-08-28,Evening,4,1,3.0,1,1,92
202400036103,2024-07-20,Night,3,1,5.0,5,2,06
202400036104,2024-08-27,Afternoon,4,1,4.0,1,1,92
202400036105,2024-07-20,Night,4,1,5.0,5,2,75
202400036106,2024-07-19,Evening,4,1,2.0,1,2,75
202400036107,2024-08-27,Afternoon,4,1,4.0,1,1,93
202400036108,2024-08-26,Afternoon,4,1,2.0,1,1,93
202400036109,2024-08-26,Night,4,1,2.0,4,1,92
202400036110,2024-10-02,Morning,4,1,3.0,1,2,49
202400036111,2024-08-28,Afternoon,4,1,2.0,1,1,94
202400036112,2024-10-01,Morning,4,2,6.0,2,2,49
202400036113,2024-10-02,Afternoon,4,2,3.0,1,2,45
202400036114,2024-04-01,Night,3,1,6.0,3,1,56
202400036115,2024-10-02,Evening,3,1,3.0,2,2,44
202400036116,2024-06-22,Morning,2,8,6.0,2,1,74
202400036117,2024-10-02,Afternoon,3,8,6.0,1,2,44
202400036118,2024-09-24,Evening,4,1,3.0,1,2,42
202400036119,2024-03-03,Night,3,1,5.0,3,1,74
202400036120,2024-10-02,Morning,4,1,2.0,1,2,42
202400036122,2024-10-02,Morning,4,8,3.0,1,2,41
202400036124,2024-10-02,Afternoon,4,8,6.0,1,2,37
202400036126,2024-10-02,Morning,3,1,3.0,5,2,33
202400036128,2024-10-02,Night,4,1,6.0,3,2,33
202400036129,2024-08-27,Morning,4,1,3.0,2,2,69
202400036130,2024-10-01,Afternoon,4,1,6.0,1,2,33
202400036132,2024-10-02,Evening,4,2,3.0,5,2,32
202400036133,2024-10-02,Evening,4,1,3.0,2,2,30
202400036135,2024-10-01,Afternoon,3,1,6.0,1,2,29
202400036136,2024-08-28,Night,3,1,2.0,3,1,2B
202400036137,2024-10-01,Afternoon,4,1,3.0,1,2,27
202400036139,2024-10-02,Afternoon,4,1,2.0,1,2,25
202400036141,2024-10-02,Afternoon,4,1,1.0,1,2,22
202400036142,2024-08-27,Morning,4,1,1.0,1,2,95
202400036143,2024-10-02,Evening,4,1,5.0,5,2,13
202400036144,2024-08-27,Afternoon,4,7,3.0,1,2,95
202400036145,2024-10-02,Morning,4,1,3.0,1,2,13
202400036146,2024-10-02,Evening,3,1,1.0,5,2,13
202400036147,2024-08-27,Morning,4,1,3.0,1,2,91
202400036148,2024-10-02,Evening,4,1,3.0,5,2,13
202400036149,2024-08-26,Afternoon,4,1,3.0,1,2,87
202400036150,2024-10-02,Evening,4,1,3.0,5,2,13
202400036151,2024-08-26,Afternoon,4,1,3.0,1,2,86
202400036152,2024-10-02,Evening,4,1,2.0,1,2,13
202400036153,2024-08-26,Morning,3,1,7.0,1,1,80
202400036154,2024-10-02,Evening,3,1,2.0,1,2,13
202400036155,2024-10-01,Evening,4,1,2.0,5,2,13
202400036156,2024-08-27,Afternoon,4,1,3.0,1,2,79
202400036157,2024-08-25,Evening,3,1,7.0,1,1,77
202400036158,2024-10-02,Afternoon,4,1,6.0,1,2,13
202400036159,2024-08-27,Night,3,1,1.0,5,1,76
202400036160,2024-09-23,Evening,4,1,3.0,5,2,12
202400036161,2024-09-19,Afternoon,4,1,6.0,1,2,12
202400036162,2024-08-26,Afternoon,3,1,3.0,1,1,76
202400036163,2024-09-30,Afternoon,4,1,6.0,1,2,10
202400036164,2024-10-02,Morning,4,1,5.0,1,2,06
202400036165,2024-08-27,Morning,3,1,1.0,1,1,70
202400036166,2024-09-10,Evening,4,1,3.0,1,2,05
202400036167,2024-08-26,Night,4,1,7.0,5,2,67
202400036168,2024-09-29,Afternoon,4,1,6.0,1,2,05
202400036169,2024-09-13,Morning,4,1,3.0,2,2,05
202400036170,2024-08-26,Afternoon,4,1,3.0,1,2,67