Num_Acc,date,time_of_day,max_severity,weather,collision_type,lighting,urban_area,department
202400036171,2024-09-27,Afternoon,4,1,3.0,1,2,02
202400036172,2024-08-27,Morning,3,1,3.0,1,1,66
202400036173,2024-10-02,Morning,4,8,3.0,1,2,75
202400036174,2024-08-27,Evening,4,1,3.0,1,2,64
202400036175,2024-10-02,Afternoon,4,2,2.0,1,2,75
202400036176,2024-08-27,Morning,4,1,2.0,1,2,64
202400036177,2024-10-01,Night,4,1,3.0,5,2,75
202400036178,2024-08-27,Afternoon,4,1,2.0,1,2,62
202400036179,2024-08-26,Afternoon,3,1,6.0,1,2,62
202400036180,2024-10-02,Evening,3,1,3.0,5,2,75
202400036181,2024-08-27,Morning,4,1,6.0,1,2,62
202400036182,2024-10-02,Morning,4,2,6.0,1,2,75
202400036183,2024-10-02,Evening,4,1,1.0,1,2,75
202400036184,2024-08-27,Evening,4,1,3.0,2,2,61
202400036185,2024-08-27,Afternoon,4,1,6.0,1,2,59
202400036186,2024-10-02,Evening,4,8,6.0,2,2,75
202400036187,2024-10-02,Afternoon,4,1,3.0,1,2,75
202400036188,2024-08-27,Afternoon,4,1,3.0,1,2,59
202400036189,2024-10-02,Morning,4,1,6.0,1,2,75
202400036190,2024-08-26,Evening,3,1,3.0,1,2,59
202400036191,2024-10-02,Morning,4,2,3.0,1,2,75
202400036192,2024-08-27,Afternoon,4,1,3.0,1,2,58
202400036193,2024-10-02,Evening,4,1,7.0,1,2,75
202400036194,2024-08-27,Morning,4,1,1.0,1,2,58
202400036195,2024-10-02,Morning,4,2,6.0,1,2,94
202400036196,2024-08-26,Evening,4,1,7.0,1,2,56
202400036197,2024-08-26,Afternoon,4,1,7.0,1,2,54
202400036198,2024-10-02,Afternoon,4,1,3.0,1,1,94
202400036199,2024-08-27,Evening,4,1,3.0,1,2,51
202400036200,2024-10-02,Morning,4,2,3.0,1,2,93
202400036201,2024-10-02,Morning,4,2,1.0,4,2,93
202400036202,2024-08-26,Afternoon,4,1,3.0,1,2,50
202400036203,2024-09-21,Night,4,3,6.0,5,2,93
202400036204,2024-08-26,Afternoon,4,1,3.0,1,1,49
202400036205,2024-06-20,Afternoon,4,1,6.0,1,1,67
202400036206,2024-06-20,Morning,3,1,1.0,2,2,33
202400036207,2024-10-02,Evening,4,1,2.0,5,2,93
202400036208,2024-08-26,Afternoon,4,1,3.0,1,2,49
202400036209,2024-06-20,Morning,2,8,1.0,2,1,33
202400036210,2024-08-27,Night,4,1,3.0,5,2,45
202400036211,2024-05-27,Evening,3,7,6.0,1,2,72
202400036212,2024-10-01,Night,4,1,3.0,5,2,93
202400036213,2024-06-21,Afternoon,3,1,6.0,1,2,22
202400036214,2024-10-02,Night,4,1,3.0,5,2,93
202400036215,2024-06-19,Afternoon,3,1,6.0,1,1,22
202400036216,2024-08-27,Afternoon,4,1,2.0,1,2,35
202400036217,2024-08-27,Morning,3,1,6.0,1,2,33
202400036218,2024-10-02,Morning,4,2,3.0,1,2,92
202400036219,2024-06-20,Evening,4,1,1.0,1,1,22
202400036220,2024-08-26,Night,4,1,2.0,4,1,33
202400036221,2024-10-02,Afternoon,4,8,3.0,1,2,92
202400036222,2024-06-20,Evening,4,1,1.0,1,1,35
202400036223,2024-10-02,Evening,4,1,3.0,1,2,92
202400036224,2024-06-16,Night,4,1,1.0,3,1,60
202400036225,2024-08-26,Afternoon,4,1,5.0,1,1,33
202400036226,2024-10-02,Morning,4,2,2.0,1,2,92
202400036227,2024-06-21,Morning,4,3,6.0,1,1,80
202400036228,2024-08-26,Afternoon,4,1,2.0,1,2,33
202400036229,2024-10-02,Afternoon,4,1,3.0,1,2,92
202400036230,2024-06-21,Afternoon,3,1,1.0,1,1,62
202400036231,2024-08-26,Morning,4,1,6.0,1,2,33
202400036232,2024-10-02,Afternoon,4,1,4.0,1,2,92
202400036233,2024-06-18,Night,4,1,6.0,5,2,59
202400036234,2024-08-27,Morning,4,1,3.0,1,2,28
202400036235,2024-06-21,Morning,4,3,1.0,1,2,59
202400036236,2024-10-02,Afternoon,4,1,3.0,1,2,92
202400036237,2024-08-27,Morning,4,1,3.0,2,2,22
202400036238,2024-06-19,Afternoon,4,1,4.0,1,1,13
202400036239,2024-10-03,Afternoon,4,2,1.0,1,1,63
202400036240,2024-08-27,Night,4,1,7.0,3,2,18
202400036241,2024-09-30,Afternoon,3,1,6.0,1,1,2A
202400036242,2024-06-16,Afternoon,4,1,2.0,1,1,01
202400036243,2024-08-27,Night,4,1,3.0,5,2,13
202400036244,2024-10-01,Afternoon,3,1,7.0,1,1,2A
202400036245,2024-06-20,Afternoon,4,1,2.0,1,1,33
202400036246,2024-08-26,Afternoon,4,1,3.0,1,2,12
202400036247,2024-10-02,Evening,3,1,3.0,3,1,35
202400036248,2024-06-19,Morning,4,1,7.0,1,1,33
202400036249,2024-08-27,Night,2,1,2.0,3,1,11
202400036250,2024-10-02,Morning,3,1,6.0,3,1,68
202400036251,2024-06-19,Morning,3,1,4.0,1,1,59
202400036252,2024-10-03,Afternoon,2,1,6.0,1,2,56
202400036253,2024-08-26,Afternoon,3,1,3.0,1,2,10
202400036254,2024-06-20,Evening,4,1,3.0,1,1,91
202400036255,2024-08-26,Afternoon,4,1,6.0,1,2,10
202400036256,2024-10-01,Evening,4,1,5.0,1,1,56
202400036257,2024-06-20,Morning,4,1,5.0,1,1,91
202400036258,2024-08-26,Afternoon,3,1,7.0,1,2,07
202400036259,2024-10-01,Morning,3,2,2.0,3,1,79
202400036260,2024-06-20,Morning,4,1,2.0,1,1,94
202400036261,2024-10-01,Morning,3,1,3.0,1,1,2A
202400036262,2024-08-23,Night,4,1,3.0,5,2,06
202400036263,2024-06-20,Morning,4,1,2.0,1,1,91
202400036264,2024-10-02,Afternoon,4,2,2.0,1,1,89
202400036265,2024-08-25,Morning,3,1,3.0,1,2,03
202400036266,2024-06-19,Morning,4,1,2.0,1,1,92
202400036267,2024-08-27,Afternoon,4,7,7.0,1,1,01
202400036268,2024-06-20,Afternoon,4,8,3.0,1,1,93
202400036269,2024-10-03,Morning,3,7,3.0,1,2,34
202400036270,2024-08-27,Afternoon,4,1,2.0,1,2,75
202400036271,2024-10-02,Afternoon,3,1,2.0,1,1,25
202400036272,2024-06-20,Afternoon,4,1,4.0,1,1,93
202400036273,2024-08-26,Afternoon,4,1,2.0,1,2,75
202400036274,2024-06-19,Afternoon,4,8,2.0,1,1,93
202400036275,2024-08-27,Morning,4,1,2.0,1,2,75
202400036276,2024-10-01,Evening,3,1,2.0,3,1,35
202400036277,2024-06-19,Morning,4,8,2.0,1,1,93
202400036278,2024-10-02,Afternoon,3,2,6.0,1,1,29
202400036279,2024-06-20,Morning,4,1,2.0,1,1,77
202400036280,2024-06-10,Morning,4,8,6.0,1,2,44
202400036281,2024-10-03,Morning,4,1,6.0,1,2,72
202400036282,2024-10-03,Morning,4,1,3.0,1,1,05
202400036283,2024-01-08,Afternoon,2,1,3.0,3,1,13
202400036284,2024-10-03,Morning,3,1,1.0,1,1,50
202400036286,2024-10-02,Morning,3,3,1.0,1,1,64
202400036288,2024-10-03,Evening,3,1,7.0,2,1,18
202400036289,2024-10-02,Morning,4,1,6.0,1,2,43
202400036291,2024-09-28,Evening,4,1,6.0,1,1,36
202400036293,2024-06-19,Morning,4,1,6.0,1,2,69
202400036294,2024-10-01,Afternoon,3,1,3.0,1,1,07
202400036295,2024-10-02,Morning,3,1,7.0,1,1,53
202400036297,2024-06-19,Morning,4,1,3.0,1,2,95
202400036298,2024-06-18,Afternoon,3,1,6.0,1,1,87
202400036299,2024-10-02,Afternoon,4,2,3.0,1,1,40
202400036300,2024-06-17,Morning,3,1,6.0,1,2,87
202400036301,2024-09-30,Afternoon,3,8,6.0,1,1,24
202400036302,2024-06-19,Morning,4,1,6.0,1,2,83
202400036303,2024-10-03,Morning,3,1,6.0,1,1,04
202400036304,2024-06-19,Morning,4,1,6.0,1,2,81
202400036305,2024-06-19,Evening,4,1,3.0,1,2,78
202400036306,2024-10-02,Morning,3,1,1.0,1,1,04
202400036307,2024-06-19,Morning,4,1,6.0,1,1,73
202400036308,2024-08-23,Evening,2,1,6.0,1,1,85
202400036309,2024-06-18,Night,4,2,3.0,4,2,72
202400036310,2024-10-03,Morning,4,1,1.0,1,1,52
202400036311,2024-06-19,Morning,4,7,3.0,1,2,71
202400036312,2024-09-26,Afternoon,4,2,3.0,1,1,08
202400036313,2024-06-19,Afternoon,4,1,6.0,1,2,69
202400036314,2024-06-19,Afternoon,4,1,3.0,1,2,69
202400036316,2024-06-18,Afternoon,3,1,6.0,1,2,67
202400036317,2024-09-30,Morning,4,1,3.0,1,1,06
202400036318,2024-06-18,Morning,4,1,3.0,1,2,67
202400036319,2024-09-20,Afternoon,4,1,3.0,1,2,69
202400036320,2024-06-19,Evening,4,1,3.0,1,1,64
202400036321,2024-10-03,Morning,3,1,2.0,1,1,14
202400036322,2024-06-19,Morning,4,8,3.0,1,2,64
202400036324,2024-06-18,Evening,4,1,3.0,1,2,64
202400036325,2024-10-03,Afternoon,3,1,7.0,1,2,2A
202400036326,2024-06-19,Evening,4,1,6.0,1,2,59
202400036327,2024-10-02,Morning,4,2,1.0,1,1,57
202400036328,2024-06-11,Evening,4,7,6.0,1,2,59
202400036329,2024-09-14,Night,4,1,7.0,3,1,63
202400036330,2024-06-24,Night,4,1,3.0,2,2,56
202400036331,2024-06-18,Afternoon,4,1,2.0,1,2,56
202400036332,2024-10-03,Afternoon,3,1,3.0,1,2,42
202400036333,2024-06-18,Afternoon,4,1,3.0,1,2,56
202400036334,2024-10-03,Afternoon,3,1,1.0,1,1,38
202400036335,2024-06-18,Afternoon,3,1,2.0,1,2,50
202400036336,2024-10-02,Afternoon,3,1,6.0,1,2,38
202400036337,2024-06-14,Afternoon,4,8,6.0,1,2,49
202400036338,2024-10-02,Morning,4,1,6.0,1,2,07
202400036339,2024-06-18,Morning,4,1,6.0,2,2,49
202400036340,2024-10-03,Afternoon,3,1,2.0,1,1,31
202400036341,2024-10-03,Morning,3,1,1.0,3,1,59
202400036342,2024-06-18,Night,4,3,3.0,5,2,46
202400036343,2024-10-03,Afternoon,3,1,1.0,1,2,59
202400036344,2024-10-02,Morning,4,1,2.0,1,1,33
202400036345,2024-06-19,Morning,4,8,6.0,1,2,45
202400036346,2024-09-27,Afternoon,4,3,5.0,1,1,59
202400036347,2024-06-19,Night,2,1,6.0,3,1,44
202400036348,2024-10-01,Afternoon,4,1,3.0,1,1,92
202400036349,2024-10-01,Afternoon,4,9,2.0,1,1,92
202400036350,2024-06-19,Afternoon,4,1,6.0,1,2,43
202400036351,2024-10-01,Morning,4,1,6.0,1,1,78
202400036352,2024-06-19,Morning,4,1,6.0,1,2,42
202400036353,2024-10-01,Evening,4,1,3.0,1,1,93
202400036354,2024-06-19,Evening,4,1,3.0,1,2,33
202400036355,2024-10-01,Afternoon,4,1,2.0,1,1,93
202400036356,2024-06-19,Evening,4,1,1.0,1,2,31
202400036357,2024-10-01,Morning,4,1,3.0,1,1,93
202400036358,2024-06-19,Morning,3,8,6.0,1,2,31
202400036359,2024-09-30,Evening,4,2,1.0,1,1,95
202400036360,2024-10-02,Morning,4,1,2.0,1,1,94
202400036361,2024-06-28,Evening,4,8,6.0,1,2,42
202400036362,2024-06-19,Morning,3,8,3.0,1,2,31
202400036363,2024-06-19,Afternoon,3,1,3.0,1,2,29
202400036364,2024-06-19,Evening,3,1,1.0,1,1,28
202400036365,2024-06-27,Afternoon,3,1,6.0,1,2,29
202400036366,2024-06-29,Afternoon,4,1,7.0,1,1,29
202400036367,2024-06-14,Afternoon,4,8,3.0,1,2,28
202400036368,2024-07-28,Night,4,1,7.0,3,1,30
202400036369,2024-06-19,Afternoon,4,1,2.0,1,1,27
202400036370,2024-07-04,Afternoon,4,1,6.0,1,2,93
202400036371,2024-06-26,Afternoon,3,1,1.0,1,1,26
202400036372,2024-06-19,Afternoon,3,2,3.0,1,2,22
202400036375,2024-06-19,Evening,4,1,2.0,1,2,22
202400036377,2024-06-19,Evening,4,1,3.0,1,2,17
202400036380,2024-06-19,Night,4,1,7.0,5,2,13
202400036382,2024-06-19,Evening,4,8,3.0,1,2,13
202400036383,2024-11-07,Evening,4,2,3.0,5,2,49
202400036385,2024-06-19,Evening,4,1,3.0,1,2,11
202400036386,2024-11-08,Morning,2,1,3.0,1,1,46
202400036388,2024-06-19,Afternoon,4,1,6.0,1,2,06
202400036389,2024-11-07,Night,4,5,7.0,3,1,68
202400036390,2024-10-01,Night,2,2,3.0,5,2,69
202400036391,2024-06-11,Afternoon,4,1,6.0,1,2,04
202400036392,2024-11-07,Evening,4,1,1.0,3,1,25
202400036393,2024-10-01,Evening,4,1,3.0,1,2,2B
202400036394,2024-06-19,Night,4,3,3.0,5,2,03
202400036395,2024-06-17,Night,3,1,2.0,5,2,75
202400036396,2024-11-06,Afternoon,4,1,3.0,1,2,44
202400036397,2024-10-01,Morning,4,1,3.0,2,2,95
202400036398,2024-06-19,Night,4,8,3.0,5,2,75
202400036399,2024-11-08,Afternoon,3,1,6.0,1,2,29
202400036400,2024-10-01,Morning,4,8,4.0,1,2,91
202400036401,2024-06-19,Morning,4,1,3.0,1,2,75
202400036402,2024-11-08,Afternoon,4,1,2.0,1,1,31
202400036403,2024-09-12,Afternoon,3,1,6.0,1,2,89
202400036404,2024-06-19,Evening,4,1,3.0,1,2,75
202400036405,2024-09-30,Morning,4,1,2.0,1,2,87
202400036406,2024-11-07,Afternoon,4,1,2.0,1,2,31
202400036407,2024-06-19,Morning,4,1,3.0,1,2,75
202400036408,2024-10-01,Afternoon,4,1,2.0,1,2,84
202400036409,2024-11-08,Morning,3,1,3.0,3,2,02
202400036410,2024-06-19,Afternoon,4,1,3.0,1,2,75
202400036411,2024-09-30,Morning,4,1,3.0,1,2,84
202400036412,2024-11-08,Afternoon,2,1,7.0,1,2,72
202400036413,2024-10-01,Morning,4,1,3.0,1,2,80
202400036414,2024-06-19,Morning,4,1,3.0,1,2,75
202400036415,2024-11-01,Night,3,1,6.0,3,1,43
202400036416,2024-09-30,Morning,4,8,7.0,1,2,79
202400036417,2024-06-19,Afternoon,4,1,6.0,1,2,75
202400036418,2024-09-26,Morning,4,3,6.0,1,2,79
202400036419,2024-06-19,Morning,4,1,6.0,1,2,75
202400036420,2024-11-08,Evening,3,1,3.0,3,1,30
202400036421,2024-06-19,Night,4,2,2.0,5,2,75
202400036422,2024-11-04,Afternoon,4,7,3.0,2,1,48
202400036423,2024-06-19,Afternoon,4,1,3.0,1,2,75
202400036424,2024-09-14,Night,4,9,7.0,3,1,67
202400036425,2024-06-19,Evening,4,1,6.0,1,2,75
202400036426,2024-11-07,Afternoon,3,1,2.0,1,1,13
202400036427,2024-06-19,Afternoon,4,1,3.0,1,2,75
202400036428,2024-09-30,Afternoon,4,8,3.0,1,2,78
202400036429,2024-06-19,Evening,4,1,1.0,2,2,75
202400036430,2024-11-07,Afternoon,4,1,5.0,3,1,01
202400036431,2024-06-19,Morning,3,1,7.0,1,2,75
202400036432,2024-06-19,Morning,4,1,3.0,1,2,75
202400036433,2024-10-01,Afternoon,4,1,6.0,1,2,77
202400036434,2024-11-08,Morning,3,1,6.0,1,2,31
202400036435,2024-06-19,Morning,4,1,2.0,1,2,93
202400036436,2024-10-02,Night,4,1,7.0,3,2,77
202400036438,2024-06-19,Afternoon,4,1,3.0,1,2,93
202400036439,2024-11-03,Evening,3,1,7.0,5,1,34
202400036440,2024-10-01,Morning,4,1,2.0,1,2,77
202400036441,2024-06-19,Night,3,1,6.0,5,2,93
202400036442,2024-09-30,Afternoon,4,2,3.0,1,2,76
202400036443,2024-11-07,Afternoon,3,1,5.0,1,1,83
202400036444,2024-06-19,Morning,4,1,3.0,1,2,95
202400036445,2024-11-07,Evening,4,1,3.0,5,2,71
202400036446,2024-06-19,Evening,4,1,3.0,2,2,93
202400036447,2024-09-26,Afternoon,3,1,6.0,1,2,76
202400036448,2024-09-06,Morning,4,1,1.0,1,2,67
202400036449,2024-06-18,Afternoon,4,8,2.0,1,2,93
202400036450,2024-10-01,Morning,3,1,7.0,1,2,73
202400036451,2024-11-08,Night,4,5,2.0,3,1,03
202400036452,2024-06-18,Evening,4,8,3.0,1,2,93
202400036453,2024-11-08,Morning,4,1,3.0,1,1,42
202400036454,2024-06-19,Evening,4,1,3.0,1,2,92
202400036455,2024-10-01,Night,4,1,6.0,5,2,72
202400036456,2024-11-07,Morning,3,1,3.0,2,2,44
202400036457,2024-06-19,Night,4,1,3.0,5,2,92
202400036458,2024-11-07,Afternoon,4,1,7.0,1,2,38
202400036459,2024-06-18,Night,4,1,6.0,5,2,92
202400036460,2024-10-01,Afternoon,4,2,7.0,1,2,71
202400036461,2024-11-08,Afternoon,4,1,6.0,5,1,69
202400036462,2024-06-19,Afternoon,4,1,6.0,1,2,92
202400036463,2024-11-08,Morning,4,1,6.0,1,2,69
202400036464,2024-06-18,Morning,4,3,2.0,1,2,92
202400036465,2024-11-07,Morning,4,1,2.0,1,2,31
202400036466,2024-10-01,Evening,4,1,3.0,5,2,66
202400036467,2024-06-19,Evening,4,1,3.0,1,2,92
202400036468,2024-11-07,Afternoon,4,1,6.0,2,1,23
202400036469,2024-06-19,Morning,4,1,6.0,1,2,92
202400036470,2024-09-27,Night,3,1,3.0,5,2,66
202400036471,2024-11-08,Morning,3,1,3.0,1,2,47
202400036472,2024-06-19,Afternoon,4,8,3.0,1,2,92
202400036473,2024-11-06,Evening,3,5,6.0,3,1,33
202400036474,2024-09-30,Afternoon,3,1,6.0,1,2,66
202400036475,2024-06-16,Afternoon,3,1,7.0,1,2,47
202400036476,2024-06-08,Afternoon,3,1,2.0,1,1,85
202400036477,2024-06-18,Night,3,1,6.0,3,1,54
202400036478,2024-10-01,Evening,4,2,4.0,1,2,64
202400036479,2024-11-07,Evening,3,2,2.0,3,1,60
202400036480,2024-06-17,Afternoon,3,1,3.0,1,2,83
202400036481,2024-06-18,Night,3,1,7.0,4,1,95
202400036482,2024-10-01,Morning,4,1,3.0,1,2,64
202400036483,2024-11-06,Afternoon,4,1,3.0,5,2,62
202400036484,2024-11-05,Afternoon,4,2,3.0,5,2,59
202400036485,2024-10-01,Evening,4,3,3.0,5,2,64
202400036486,2024-11-06,Afternoon,4,1,3.0,2,1,13
202400036487,2024-10-01,Afternoon,4,1,1.0,1,2,64
202400036488,2024-11-06,Afternoon,4,2,3.0,1,1,13
202400036489,2024-06-20,Morning,4,1,6.0,1,2,76
202400036490,2024-11-07,Afternoon,4,1,2.0,1,1,33
202400036491,2024-10-01,Morning,4,1,3.0,1,2,64
202400036492,2024-11-07,Morning,4,1,2.0,2,1,33
202400036493,2024-09-30,Afternoon,4,1,1.0,1,2,63
202400036494,2024-11-06,Morning,3,1,4.0,1,1,59
202400036495,2024-06-20,Morning,4,8,1.0,1,1,67
202400036496,2024-11-07,Morning,4,1,3.0,1,1,94
202400036497,2024-06-20,Morning,4,1,2.0,1,1,52
202400036498,2024-11-07,Morning,4,1,3.0,3,1,91
202400036499,2024-09-30,Afternoon,4,1,1.0,1,2,63
202400036500,2024-06-19,Afternoon,4,1,6.0,1,2,68
202400036501,2024-11-07,Afternoon,4,1,2.0,2,1,92
202400036502,2024-11-07,Afternoon,4,1,2.0,1,1,93
202400036503,2024-06-20,Evening,3,1,6.0,1,2,03
202400036504,2024-11-07,Afternoon,4,1,3.0,2,1,93
202400036505,2024-06-14,Afternoon,3,1,1.0,1,1,89
202400036506,2024-11-07,Morning,4,1,3.0,1,1,93
202400036507,2024-09-30,Afternoon,4,1,3.0,1,2,63
202400036508,2024-11-06,Evening,3,1,3.0,3,1,95
202400036509,2024-09-30,Afternoon,3,1,3.0,1,2,62
202400036510,2024-06-18,Morning,4,1,3.0,1,1,51
202400036511,2024-11-06,Morning,4,1,3.0,1,1,93
202400036512,2024-09-30,Afternoon,3,2,6.0,1,2,62
202400036513,2024-06-20,Afternoon,4,8,3.0,1,1,51
202400036514,2024-11-06,Morning,4,1,2.0,1,1,95
202400036515,2024-06-20,Afternoon,4,2,6.0,1,1,19
202400036516,2024-10-01,Afternoon,4,1,6.0,1,2,60
202400036517,2024-11-06,Night,4,1,6.0,3,1,77
202400036518,2024-09-30,Afternoon,4,2,6.0,1,2,60
202400036519,2024-11-06,Night,4,1,2.0,3,1,94
202400036520,2024-06-20,Afternoon,2,1,3.0,1,1,56
202400036521,2024-06-19,Evening,3,1,7.0,1,1,77
202400036522,2024-10-01,Evening,3,2,3.0,5,2,59
202400036523,2024-11-06,Evening,4,1,5.0,2,1,77
202400036524,2024-06-20,Evening,4,1,3.0,1,1,76
202400036525,2024-10-01,Morning,4,1,3.0,1,2,59
202400036526,2024-11-06,Morning,4,1,4.0,1,1,94
202400036527,2024-06-18,Morning,4,8,3.0,1,1,61
202400036528,2024-10-01,Morning,4,8,3.0,5,2,57
202400036529,2024-06-20,Evening,4,3,1.0,2,1,47
202400036530,2024-04-28,Morning,4,1,3.0,1,2,93
202400036531,2024-06-20,Night,3,1,6.0,3,1,25
202400036532,2024-04-11,Evening,4,1,3.0,5,2,93
202400036533,2024-06-15,Night,3,1,7.0,3,1,25
202400036534,2024-09-30,Evening,3,9,3.0,1,2,57
202400036535,2024-06-20,Afternoon,3,2,3.0,1,1,29
202400036536,2024-01-13,Morning,4,1,4.0,1,2,49
202400036537,2024-09-27,Afternoon,4,8,7.0,1,2,54
202400036539,2024-06-20,Night,3,8,6.0,3,2,29
202400036540,2024-06-20,Afternoon,3,5,6.0,1,1,15
202400036541,2024-06-20,Afternoon,3,2,3.0,1,1,01
202400036543,2024-10-01,Afternoon,4,1,6.0,1,2,51
202400036544,2024-06-19,Evening,3,1,7.0,1,1,01
202400036546,2024-09-24,Morning,4,2,1.0,2,2,49
202400036547,2024-10-01,Evening,4,1,6.0,2,2,49
202400036549,2024-06-18,Afternoon,4,1,3.0,1,1,45
202400036550,2024-11-06,Night,4,1,6.0,5,2,69
202400036551,2024-09-30,Morning,4,1,2.0,1,2,49
202400036552,2024-06-19,Evening,3,1,3.0,1,1,64
202400036553,2024-10-01,Morning,4,1,6.0,1,2,47
202400036555,2024-06-20,Afternoon,2,3,3.0,1,1,64
202400036556,2024-09-29,Evening,4,1,6.0,1,2,42
202400036557,2024-11-06,Afternoon,4,1,2.0,1,2,2A
202400036558,2024-06-19,Evening,3,2,3.0,2,1,37
202400036559,2024-10-01,Evening,4,7,6.0,1,2,37
202400036560,2024-11-05,Evening,4,1,5.0,5,2,91
202400036561,2024-10-01,Morning,4,2,7.0,1,2,37
202400036562,2024-06-17,Evening,2,1,7.0,1,1,38
202400036563,2024-11-06,Afternoon,3,1,7.0,1,2,82
202400036564,2024-10-01,Evening,4,1,3.0,5,2,35
202400036565,2024-11-04,Morning,4,1,2.0,1,2,80
202400036566,2024-06-19,Evening,4,3,6.0,1,1,63
202400036567,2024-06-19,Night,3,8,6.0,3,1,53
202400036568,2024-10-01,Evening,4,2,3.0,1,2,33
202400036569,2024-11-06,Afternoon,4,1,6.0,1,2,78
202400036570,2024-06-20,Morning,3,1,6.0,1,1,21
202400036571,2024-06-19,Afternoon,4,1,1.0,1,1,56
202400036572,2024-10-01,Afternoon,3,1,3.0,1,2,33
202400036574,2024-09-30,Afternoon,3,8,3.0,1,2,33
202400036575,2024-06-08,Night,4,1,2.0,3,1,66
202400036576,2024-06-20,Afternoon,4,2,1.0,1,1,30
202400036577,2024-06-20,Night,2,2,1.0,3,1,13
202400036578,2024-09-30,Afternoon,3,8,3.0,1,1,33
202400036579,2024-06-19,Afternoon,3,1,3.0,1,1,68
202400036580,2024-10-01,Evening,4,1,6.0,5,1,29
202400036581,2024-11-06,Morning,4,1,6.0,1,2,77
202400036582,2024-10-01,Afternoon,4,1,3.0,1,2,28
202400036583,2024-06-19,Afternoon,4,1,4.0,1,1,88
202400036584,2024-11-05,Evening,4,1,6.0,5,2,71
202400036585,2024-09-30,Morning,4,1,3.0,1,1,25
202400036586,2024-06-16,Afternoon,4,1,2.0,1,1,73
202400036587,2024-11-06,Morning,4,8,3.0,1,2,69
202400036588,2024-10-01,Evening,2,1,3.0,1,2,22
202400036589,2024-11-06,Morning,4,1,3.0,1,2,69
202400036590,2024-06-20,Morning,3,2,7.0,1,1,73
202400036591,2024-10-01,Morning,3,8,3.0,1,1,21
202400036592,2024-11-06,Afternoon,2,1,6.0,2,2,67
202400036593,2024-12-12,Night,4,9,3.0,5,2,83
202400036594,2024-09-30,Morning,4,3,7.0,1,2,19
202400036595,2024-06-18,Afternoon,4,1,1.0,1,1,69
202400036596,2024-12-11,Afternoon,3,1,6.0,5,2,83
202400036597,2024-11-06,Night,4,5,6.0,5,2,67
202400036598,2024-06-18,Morning,4,1,6.0,1,2,69
202400036599,2024-10-01,Night,4,2,3.0,5,2,13
202400036600,2024-12-12,Morning,3,1,3.0,1,2,81
202400036601,2024-11-05,Evening,4,1,2.0,5,2,67
202400036602,2024-06-20,Afternoon,3,8,7.0,1,2,14
202400036603,2024-12-12,Afternoon,4,1,3.0,1,2,80
202400036604,2024-10-01,Afternoon,4,1,3.0,1,2,13
202400036605,2024-11-05,Afternoon,4,1,6.0,1,2,67
202400036606,2024-06-19,Afternoon,3,2,1.0,1,1,56
202400036607,2024-12-11,Evening,4,1,3.0,5,2,79
202400036608,2024-10-01,Morning,3,1,3.0,1,2,13
202400036609,2024-11-04,Morning,4,1,3.0,1,1,66
202400036610,2024-12-11,Morning,3,8,6.0,3,1,78
202400036611,2024-06-20,Morning,3,1,3.0,1,2,22
202400036612,2024-11-06,Afternoon,4,1,6.0,1,2,64
202400036613,2024-10-01,Night,4,1,3.0,5,2,13
202400036614,2024-12-12,Morning,4,1,3.0,2,2,78
202400036615,2024-11-06,Evening,4,1,3.0,5,2,64
202400036616,2024-06-20,Morning,4,1,3.0,1,1,60
202400036617,2024-10-01,Afternoon,4,1,2.0,1,2,13
202400036618,2024-12-12,Afternoon,2,1,6.0,3,2,77
202400036619,2024-11-05,Evening,4,1,2.0,5,2,64
202400036620,2024-11-06,Evening,3,1,3.0,5,2,63
202400036621,2024-06-20,Morning,4,1,2.0,1,1,80
202400036622,2024-12-11,Afternoon,3,1,3.0,2,1,77
202400036623,2024-11-06,Night,4,1,6.0,3,2,62
202400036624,2024-06-19,Afternoon,2,1,6.0,1,2,62
202400036625,2024-11-05,Afternoon,2,8,6.0,1,2,60
202400036626,2024-12-12,Afternoon,4,8,6.0,1,2,76
202400036627,2024-06-19,Morning,3,1,3.0,1,1,59
202400036628,2024-11-06,Afternoon,3,8,6.0,2,2,59
202400036629,2024-12-12,Afternoon,3,1,6.0,1,2,73
202400036630,2024-06-19,Night,2,8,7.0,3,1,57
202400036631,2024-11-04,Evening,4,1,6.0,4,2,57
202400036632,2024-12-12,Afternoon,4,1,3.0,1,2,72
202400036633,2024-06-19,Morning,4,1,2.0,1,1,33
202400036634,2024-11-06,Morning,4,1,3.0,2,1,56
202400036635,2024-12-12,Morning,4,1,6.0,1,2,71
202400036636,2024-06-18,Afternoon,4,1,2.0,1,1,33
202400036637,2024-11-05,Afternoon,4,1,3.0,2,2,56
202400036638,2024-12-12,Evening,4,1,3.0,5,2,69
202400036639,2024-06-19,Evening,4,1,3.0,1,1,91
202400036640,2024-11-06,Evening,4,1,6.0,5,2,54
202400036641,2024-12-11,Evening,3,1,6.0,5,2,67
202400036642,2024-11-06,Morning,4,1,6.0,2,1,54
202400036643,2024-06-19,Morning,4,1,3.0,1,1,93
202400036644,2024-11-05,Evening,3,1,6.0,5,2,51