Num_Acc,date,time_of_day,max_severity,weather,collision_type,lighting,urban_area,department
202400036645,2024-12-11,Evening,4,1,3.0,5,2,67
202400036646,2024-06-19,Morning,4,1,5.0,1,1,93
202400036647,2024-11-05,Morning,4,1,3.0,1,2,51
202400036648,2024-06-19,Night,4,1,2.0,3,1,95
202400036649,2024-12-11,Afternoon,4,2,5.0,1,2,66
202400036650,2024-11-05,Afternoon,4,1,2.0,2,2,50
202400036651,2024-06-19,Morning,4,1,3.0,1,1,94
202400036652,2024-12-12,Morning,3,1,6.0,5,2,65
202400036653,2024-11-06,Morning,3,8,7.0,1,2,45
202400036654,2024-12-12,Afternoon,4,1,1.0,1,1,64
202400036655,2024-11-06,Morning,4,5,3.0,2,2,45
202400036657,2024-12-12,Morning,4,1,3.0,2,2,64
202400036658,2024-11-06,Morning,4,2,3.0,2,2,45
202400036660,2024-12-13,Night,4,1,1.0,5,1,64
202400036661,2024-11-06,Afternoon,3,1,6.0,1,2,44
202400036663,2024-11-05,Evening,4,5,3.0,5,2,44
202400036664,2024-12-12,Morning,4,1,5.0,2,2,64
202400036666,2024-11-05,Afternoon,4,1,3.0,1,2,38
202400036668,2024-12-11,Evening,4,1,3.0,5,2,64
202400036669,2024-11-06,Morning,4,5,6.0,1,2,37
202400036670,2024-06-18,Evening,4,1,7.0,5,2,69
202400036671,2024-12-11,Afternoon,3,8,6.0,1,2,62
202400036672,2024-11-04,Afternoon,4,1,3.0,2,2,37
202400036673,2024-06-18,Afternoon,4,1,6.0,1,2,69
202400036674,2024-12-12,Afternoon,4,1,3.0,1,2,60
202400036675,2024-11-06,Evening,4,1,6.0,3,1,35
202400036677,2024-12-12,Morning,4,1,1.0,2,2,59
202400036678,2024-11-06,Morning,4,8,3.0,1,2,35
202400036679,2024-06-18,Morning,4,1,2.0,1,1,2B
202400036680,2024-12-12,Afternoon,4,1,2.0,3,1,56
202400036681,2024-11-06,Evening,3,1,3.0,5,2,33
202400036683,2024-12-11,Afternoon,4,8,3.0,1,2,54
202400036684,2024-10-15,Evening,3,1,6.0,2,2,30
202400036686,2024-12-07,Morning,4,2,2.0,1,1,54
202400036687,2024-11-06,Evening,4,1,4.0,3,1,29
202400036688,2024-06-18,Morning,4,1,2.0,1,2,91
202400036689,2024-11-05,Morning,4,5,6.0,1,2,27
202400036690,2024-12-12,Morning,4,1,6.0,1,2,54
202400036691,2024-06-18,Morning,4,2,3.0,1,2,91
202400036692,2024-12-12,Afternoon,4,1,1.0,2,2,50
202400036693,2024-11-06,Night,4,1,3.0,3,2,26
202400036694,2024-06-18,Morning,4,3,1.0,1,1,91
202400036695,2024-12-11,Morning,4,1,2.0,2,2,49
202400036696,2024-11-06,Afternoon,4,1,3.0,1,2,19
202400036697,2024-12-11,Afternoon,4,1,2.0,5,2,45
202400036698,2024-06-14,Afternoon,4,2,3.0,1,2,87
202400036699,2024-11-06,Night,3,1,1.0,5,2,18
202400036700,2024-06-17,Morning,4,3,6.0,1,2,87
202400036701,2024-12-11,Afternoon,4,1,3.0,3,1,38
202400036702,2024-12-12,Afternoon,3,1,7.0,1,1,34
202400036703,2024-11-06,Evening,3,1,3.0,5,2,17
202400036704,2024-06-18,Afternoon,4,1,5.0,1,2,83
202400036705,2024-12-12,Afternoon,4,1,6.0,1,2,34
202400036706,2024-11-06,Afternoon,4,1,6.0,1,2,15
202400036707,2024-06-17,Afternoon,4,1,6.0,1,2,83
202400036708,2024-12-12,Night,3,1,3.0,5,2,33
202400036709,2024-11-04,Afternoon,4,1,1.0,1,1,15
202400036710,2024-06-17,Morning,3,1,6.0,1,2,83
202400036711,2024-11-06,Afternoon,4,1,3.0,1,2,13
202400036712,2024-12-12,Morning,4,1,3.0,2,2,33
202400036713,2024-11-06,Afternoon,4,1,3.0,1,2,13
202400036714,2024-12-12,Morning,4,1,6.0,1,2,33
202400036715,2024-06-18,Evening,4,1,6.0,1,2,78
202400036716,2024-11-06,Morning,4,1,6.0,1,2,06
202400036717,2024-12-11,Evening,4,2,6.0,5,2,33
202400036718,2024-06-17,Afternoon,4,1,5.0,1,1,77
202400036719,2024-11-06,Afternoon,3,1,1.0,1,2,06
202400036720,2024-12-11,Afternoon,3,1,3.0,1,2,33
202400036721,2024-10-28,Afternoon,4,1,3.0,1,2,01
202400036722,2024-06-18,Evening,4,1,2.0,1,2,77
202400036723,2024-12-09,Afternoon,3,2,6.0,1,2,29
202400036724,2024-11-04,Afternoon,4,1,3.0,1,2,75
202400036725,2024-12-12,Morning,4,1,2.0,1,1,25
202400036726,2024-11-05,Night,3,1,5.0,5,2,75
202400036727,2024-12-12,Morning,3,1,6.0,1,2,13
202400036728,2024-11-05,Night,2,1,6.0,5,2,75
202400036729,2024-12-12,Night,4,1,3.0,3,1,13
202400036730,2024-11-06,Night,4,1,3.0,5,2,75
202400036731,2024-12-12,Afternoon,4,1,1.0,5,2,13
202400036732,2024-11-06,Evening,4,1,6.0,5,2,75
202400036733,2024-12-12,Afternoon,3,1,1.0,1,2,13
202400036734,2024-11-06,Afternoon,4,1,6.0,5,2,75
202400036735,2024-12-12,Morning,4,1,2.0,1,2,13
202400036736,2024-11-06,Morning,4,1,6.0,1,2,75
202400036737,2024-11-06,Evening,4,1,6.0,5,2,75
202400036738,2024-12-11,Morning,4,1,5.0,1,2,13
202400036739,2024-11-06,Afternoon,4,1,2.0,5,2,75
202400036740,2024-12-12,Afternoon,3,1,3.0,1,2,13
202400036741,2024-11-06,Morning,3,1,3.0,1,2,75
202400036742,2024-12-12,Afternoon,2,1,6.0,1,2,12
202400036743,2024-11-05,Night,4,1,2.0,5,2,75
202400036744,2024-12-11,Evening,4,8,1.0,5,2,10
202400036745,2024-11-06,Afternoon,3,1,6.0,5,2,94
202400036746,2024-12-11,Morning,4,1,3.0,2,2,10
202400036747,2024-12-07,Afternoon,3,2,6.0,5,2,02
202400036748,2024-11-06,Evening,4,1,3.0,5,2,94
202400036749,2024-11-05,Night,3,1,6.0,5,2,93
202400036750,2024-12-12,Morning,4,8,6.0,2,2,02
202400036751,2024-11-06,Evening,4,1,1.0,5,2,93
202400036752,2024-12-12,Afternoon,4,1,4.0,1,2,75
202400036753,2024-11-06,Evening,4,9,3.0,5,2,93
202400036754,2024-12-12,Morning,4,8,3.0,1,2,75
202400036755,2024-11-06,Afternoon,4,1,3.0,1,2,93
202400036756,2024-12-12,Morning,4,1,3.0,5,2,75
202400036757,2024-11-05,Afternoon,4,1,7.0,1,2,92
202400036758,2024-12-11,Night,4,2,2.0,5,2,75
202400036759,2024-11-05,Night,4,1,2.0,5,2,92
202400036760,2024-11-05,Evening,4,1,7.0,5,2,92
202400036761,2024-12-11,Night,4,1,3.0,5,2,75
202400036762,2024-11-06,Evening,4,1,6.0,5,2,92
202400036763,2024-12-11,Morning,4,8,6.0,1,2,75
202400036764,2024-11-06,Morning,4,8,4.0,2,2,92
202400036765,2024-12-12,Evening,4,1,3.0,5,2,75
202400036766,2024-11-06,Evening,4,1,3.0,5,2,92
202400036767,2024-12-12,Evening,4,1,3.0,5,2,75
202400036768,2024-11-06,Evening,4,1,3.0,5,2,92
202400036769,2024-12-11,Evening,4,1,6.0,5,2,75
202400036770,2024-11-06,Evening,4,1,6.0,5,2,92
202400036771,2024-12-12,Afternoon,4,1,6.0,5,2,75
202400036772,2024-11-06,Afternoon,3,1,1.0,2,2,72
202400036773,2024-12-12,Evening,4,1,6.0,5,2,75
202400036775,2024-12-11,Morning,4,1,6.0,1,2,75
202400036776,2024-11-06,Afternoon,3,1,2.0,3,1,21
202400036777,2024-11-07,Evening,3,1,1.0,3,1,81
202400036778,2024-12-12,Evening,4,1,3.0,5,2,75
202400036779,2024-11-06,Evening,4,1,6.0,3,1,05
202400036780,2024-12-12,Afternoon,4,1,3.0,5,2,75
202400036781,2024-11-06,Morning,3,1,6.0,1,2,62
202400036782,2024-12-12,Afternoon,4,1,6.0,5,2,75
202400036783,2024-09-30,Afternoon,4,8,3.0,1,1,79
202400036784,2024-12-11,Afternoon,4,2,7.0,1,2,75
202400036785,2024-12-12,Afternoon,4,1,3.0,5,2,93
202400036786,2024-11-07,Evening,3,1,5.0,3,1,11
202400036787,2024-12-11,Evening,4,1,6.0,5,2,93
202400036788,2024-11-06,Afternoon,4,8,1.0,2,1,55
202400036789,2024-12-12,Morning,4,1,3.0,5,2,93
202400036790,2024-11-06,Afternoon,3,1,6.0,1,1,12
202400036791,2024-12-11,Evening,4,1,6.0,5,2,93
202400036792,2024-10-25,Evening,4,1,6.0,3,1,12
202400036793,2024-12-11,Afternoon,4,8,6.0,5,2,93
202400036794,2024-11-07,Morning,4,5,3.0,2,1,68
202400036795,2024-11-04,Afternoon,4,1,2.0,1,1,29
202400036796,2024-12-12,Night,3,1,1.0,5,2,92
202400036797,2024-12-12,Evening,4,1,3.0,5,2,92
202400036798,2024-11-06,Evening,4,1,3.0,2,2,03
202400036799,2024-11-06,Afternoon,3,1,7.0,1,1,83
202400036800,2024-12-12,Morning,4,8,2.0,1,2,92
202400036801,2024-11-07,Morning,4,8,3.0,1,1,45
202400036802,2024-11-07,Afternoon,4,1,6.0,1,2,16
202400036803,2024-12-12,Evening,4,1,3.0,5,2,92
202400036804,2024-12-12,Morning,4,8,6.0,1,2,92
202400036805,2024-11-06,Evening,3,1,4.0,3,1,16
202400036806,2024-12-13,Afternoon,4,1,6.0,5,2,12
202400036807,2024-12-12,Afternoon,4,8,2.0,3,1,54
202400036808,2024-11-07,Afternoon,4,1,5.0,1,1,40
202400036809,2024-12-12,Evening,4,1,1.0,3,1,26
202400036810,2024-11-06,Night,3,1,7.0,3,1,30
202400036811,2024-12-13,Afternoon,2,1,6.0,1,1,01
202400036812,2024-11-06,Evening,4,1,1.0,3,1,48
202400036813,2024-12-12,Evening,3,5,6.0,3,1,71
202400036814,2024-11-29,Evening,3,8,7.0,3,2,43
202400036815,2024-11-06,Afternoon,4,1,3.0,1,1,48
202400036816,2024-12-13,Afternoon,3,2,3.0,1,1,12
202400036817,2024-12-12,Night,3,1,2.0,4,1,12
202400036818,2024-11-07,Evening,3,1,1.0,5,2,31
202400036819,2024-12-12,Afternoon,3,1,6.0,5,2,01
202400036821,2024-12-13,Night,3,1,1.0,3,1,51
202400036823,2024-12-12,Evening,3,1,1.0,5,1,59
202400036824,2024-11-05,Evening,3,1,6.0,5,2,78
202400036825,2024-12-12,Evening,4,1,6.0,5,2,56
202400036826,2024-12-09,Evening,3,5,1.0,3,1,89
202400036827,2024-11-13,Morning,3,1,7.0,1,2,61
202400036828,2024-11-07,Evening,4,1,1.0,5,1,2B
202400036829,2024-11-07,Afternoon,2,1,6.0,1,2,34
202400036830,2024-12-12,Afternoon,4,1,1.0,2,1,12
202400036831,2024-12-12,Morning,3,7,6.0,1,2,46
202400036832,2024-11-06,Afternoon,3,1,3.0,1,2,89
202400036833,2024-11-07,Morning,3,5,1.0,2,1,63
202400036834,2024-12-12,Evening,4,1,3.0,5,2,46
202400036835,2024-11-02,Morning,3,1,3.0,1,1,31
202400036836,2024-12-12,Morning,4,1,3.0,1,1,47
202400036837,2024-12-11,Afternoon,3,1,3.0,1,2,25
202400036838,2024-11-02,Afternoon,4,1,1.0,1,1,64
202400036839,2024-11-06,Afternoon,2,9,6.0,2,2,59
202400036840,2024-12-12,Afternoon,4,1,3.0,5,1,29
202400036841,2024-12-10,Night,3,1,6.0,3,2,31
202400036842,2024-10-28,Afternoon,4,1,3.0,1,2,13
202400036843,2024-12-13,Afternoon,3,1,3.0,1,2,02
202400036844,2024-11-06,Afternoon,4,1,2.0,1,1,33
202400036845,2024-12-13,Afternoon,4,1,6.0,5,2,70
202400036846,2024-11-06,Morning,4,1,6.0,2,1,33
202400036847,2024-12-13,Evening,2,1,1.0,3,1,60
202400036848,2024-11-06,Morning,3,1,2.0,1,1,91
202400036849,2024-11-29,Morning,3,1,1.0,1,2,64
202400036850,2024-11-05,Evening,4,1,2.0,3,1,78
202400036851,2024-12-12,Afternoon,3,8,3.0,2,1,53
202400036852,2024-11-05,Afternoon,4,1,3.0,1,1,93
202400036853,2024-11-24,Afternoon,4,1,1.0,1,1,40
202400036854,2024-11-05,Afternoon,4,1,5.0,1,1,93
202400036855,2024-11-05,Morning,3,1,3.0,1,1,95
202400036856,2024-12-13,Morning,4,2,5.0,1,1,04
202400036857,2024-11-05,Morning,4,5,5.0,1,1,93
202400036858,2024-12-12,Afternoon,4,1,6.0,1,2,17
202400036859,2024-12-13,Afternoon,3,1,6.0,1,1,10
202400036860,2024-11-04,Evening,4,1,4.0,3,1,95
202400036861,2024-12-16,Morning,4,8,5.0,1,1,35
202400036862,2024-11-06,Night,4,1,2.0,3,1,94
202400036863,2024-08-29,Evening,4,1,2.0,1,2,14
202400036864,2024-12-13,Afternoon,4,2,5.0,3,1,69
202400036865,2024-05-19,Evening,4,1,6.0,5,2,93
202400036867,2024-10-15,Afternoon,2,1,6.0,1,2,75
202400036868,2024-12-04,Evening,4,1,6.0,5,2,37
202400036869,2024-10-21,Morning,4,1,5.0,2,1,44
202400036870,2024-12-12,Afternoon,3,1,2.0,3,1,95
202400036871,2024-07-25,Afternoon,3,1,7.0,1,2,14
202400036872,2024-12-12,Morning,4,1,6.0,1,2,34
202400036873,2024-08-19,Evening,3,1,2.0,1,2,22
202400036874,2024-12-13,Afternoon,4,1,7.0,1,1,88
202400036875,2024-12-12,Evening,3,1,6.0,3,1,01
202400036877,2024-12-12,Evening,3,1,6.0,3,2,69
202400036879,2024-12-13,Night,4,1,6.0,3,1,09
202400036880,2024-12-12,Night,2,1,6.0,4,2,33
202400036881,2024-12-13,Morning,4,1,1.0,1,1,33
202400036882,2024-12-13,Night,2,1,6.0,3,1,44
202400036883,2024-12-13,Night,4,1,6.0,3,1,44
202400036884,2024-12-13,Afternoon,3,1,6.0,5,2,50
202400036885,2024-12-12,Afternoon,4,1,1.0,3,1,60
202400036886,2024-12-12,Afternoon,4,1,2.0,1,1,13
202400036887,2024-12-11,Evening,4,1,6.0,5,1,13
202400036888,2024-12-11,Afternoon,3,1,3.0,1,1,13
202400036889,2024-12-11,Afternoon,4,1,2.0,1,1,13
202400036890,2024-12-06,Night,4,1,2.0,3,1,42
202400036891,2024-12-08,Afternoon,4,1,6.0,3,1,54
202400036892,2024-12-12,Afternoon,4,1,4.0,1,1,33
202400036893,2024-12-12,Afternoon,4,1,2.0,1,1,33
202400036894,2024-12-11,Morning,4,1,4.0,1,1,33
202400036895,2024-12-12,Evening,4,1,4.0,3,1,91
202400036896,2024-12-11,Afternoon,4,1,3.0,3,1,94
202400036897,2024-12-12,Evening,4,2,6.0,3,1,92
202400036898,2024-12-12,Afternoon,4,1,3.0,3,1,95
202400036899,2024-12-11,Evening,4,1,2.0,5,1,93
202400036900,2024-12-11,Morning,4,1,5.0,1,1,93
202400036901,2024-12-11,Morning,3,2,3.0,1,1,92
202400036902,2024-12-10,Night,4,2,3.0,3,1,93
202400036903,2024-12-12,Night,4,1,6.0,3,1,94
202400036904,2024-12-12,Evening,4,1,2.0,3,1,94
202400036905,2024-12-12,Evening,4,1,2.0,3,1,77
202400036906,2024-12-12,Morning,4,1,3.0,2,1,93
202400036907,2024-11-24,Afternoon,4,1,2.0,1,2,44
202400036908,2024-11-24,Morning,4,1,6.0,1,2,44
202400036909,2024-11-23,Morning,4,1,3.0,1,2,44
202400036910,2024-11-22,Morning,4,1,4.0,3,1,44
202400036911,2024-11-22,Morning,4,1,6.0,1,2,44
202400036912,2024-11-22,Afternoon,4,1,3.0,3,2,44
202400036913,2024-11-21,Afternoon,4,1,6.0,1,2,44
202400036914,2024-10-17,Evening,3,1,3.0,5,1,57
202400036915,2024-10-11,Evening,3,1,6.0,5,2,74
202400036916,2024-08-29,Afternoon,4,1,6.0,1,2,74
202400036917,2024-09-29,Afternoon,4,2,7.0,1,1,43
202400036918,2024-09-04,Evening,3,3,6.0,3,1,43
202400036919,2024-08-24,Afternoon,4,1,4.0,1,1,43
202400036920,2024-08-22,Evening,4,1,6.0,1,1,43
202400036921,2024-11-21,Afternoon,4,1,6.0,5,2,44
202400036922,2024-11-20,Morning,4,1,7.0,1,2,44
202400036923,2024-11-19,Afternoon,4,1,6.0,5,2,44
202400036924,2024-11-18,Evening,4,1,3.0,5,2,44
202400036925,2024-07-26,Evening,4,1,3.0,1,1,54
202400036928,2024-12-11,Morning,4,5,6.0,1,2,69
202400036931,2024-12-11,Morning,4,2,3.0,1,2,95
202400036932,2024-12-10,Evening,4,1,6.0,5,2,91
202400036933,2024-12-06,Morning,3,2,3.0,1,2,88
202400036934,2024-12-11,Morning,4,1,3.0,1,2,87
202400036935,2024-12-06,Afternoon,4,1,3.0,1,2,87
202400036936,2024-12-06,Afternoon,4,1,7.0,1,2,30
202400036937,2024-12-08,Evening,4,1,3.0,2,1,80
202400036938,2024-12-11,Morning,4,2,3.0,1,2,78
202400036939,2024-12-10,Morning,4,8,6.0,1,2,78
202400036940,2024-12-10,Night,4,2,7.0,5,2,77
202400036941,2024-12-11,Evening,4,2,4.0,5,1,76
202400036942,2024-12-10,Afternoon,4,1,3.0,5,2,73
202400036943,2024-12-10,Evening,3,1,6.0,5,2,72
202400036944,2024-12-10,Evening,4,1,4.0,5,1,72
202400036945,2024-12-10,Afternoon,4,1,3.0,1,2,69
202400036946,2024-12-10,Morning,3,8,5.0,1,1,69
202400036947,2024-12-09,Afternoon,4,1,3.0,5,2,68
202400036948,2024-12-11,Afternoon,4,1,1.0,3,1,64
202400036949,2024-12-11,Afternoon,4,1,2.0,1,2,64
202400036950,2024-12-10,Afternoon,4,1,2.0,2,2,64
202400036951,2024-12-11,Evening,3,1,6.0,5,2,59
202400036952,2024-12-11,Morning,3,8,6.0,1,1,59
202400036953,2024-12-10,Morning,3,8,6.0,5,2,49
202400036954,2024-12-11,Evening,3,1,6.0,3,2,44
202400036955,2024-12-11,Morning,4,1,3.0,5,2,43
202400036956,2024-01-16,Afternoon,4,1,3.0,1,2,93
202400036957,2024-01-16,Afternoon,4,1,6.0,1,2,92
202400036958,2024-01-22,Morning,4,2,6.0,2,1,92
202400036959,2024-01-15,Evening,4,1,6.0,4,2,92
202400036960,2024-01-16,Evening,4,9,3.0,5,2,92
202400036961,2024-01-16,Morning,4,8,7.0,1,2,92
202400036962,2024-01-16,Evening,4,1,6.0,5,2,92
202400036963,2024-01-16,Afternoon,4,1,3.0,1,2,92
202400036965,2024-01-15,Morning,4,1,3.0,1,2,92
202400036966,2024-05-14,Afternoon,4,2,2.0,1,2,91
202400036967,2024-01-17,Morning,4,3,6.0,5,2,95
202400036968,2024-05-13,Afternoon,4,1,6.0,1,2,91
202400036970,2024-05-13,Morning,4,1,2.0,1,2,91
202400036971,2024-05-13,Afternoon,4,1,3.0,1,2,87
202400036972,2024-01-08,Morning,3,8,3.0,3,1,51
202400036973,2024-05-11,Afternoon,3,1,7.0,1,2,87
202400036974,2024-01-17,Evening,2,2,6.0,5,2,82
202400036975,2024-05-09,Evening,3,1,6.0,1,2,84
202400036976,2024-01-16,Night,2,1,6.0,3,1,63
202400036977,2024-02-24,Afternoon,4,1,3.0,1,2,69
202400036978,2024-01-16,Evening,3,1,7.0,3,1,49
202400036979,2024-05-13,Afternoon,4,1,1.0,1,2,84
202400036980,2024-05-14,Afternoon,4,8,3.0,1,2,83
202400036981,2024-02-24,Morning,4,1,2.0,5,2,69
202400036982,2024-01-14,Morning,3,1,6.0,1,1,35
202400036983,2024-03-28,Morning,4,1,3.0,1,2,83
202400036984,2024-01-16,Afternoon,3,2,6.0,2,1,29
202400036985,2024-02-23,Morning,3,1,3.0,1,2,69
202400036986,2024-01-11,Afternoon,4,8,3.0,1,1,38
202400036987,2024-05-12,Evening,2,1,5.0,1,2,83
202400036988,2024-02-21,Evening,4,1,6.0,2,2,69
202400036989,2024-01-15,Afternoon,3,1,6.0,2,2,02
202400036990,2024-05-13,Afternoon,3,1,6.0,1,2,83
202400036991,2024-01-16,Evening,2,2,6.0,3,1,03
202400036993,2024-01-14,Morning,3,1,7.0,3,2,15
202400036994,2024-05-13,Afternoon,4,1,3.0,1,2,79
202400036996,2024-01-16,Evening,3,2,6.0,3,1,58
202400036997,2024-05-14,Afternoon,4,8,2.0,1,2,78
202400036998,2024-01-17,Afternoon,4,3,6.0,2,2,07
202400037000,2024-01-14,Night,2,1,6.0,3,1,53
202400037001,2024-05-14,Morning,4,2,3.0,1,2,78
202400037002,2024-01-15,Night,2,5,6.0,3,1,40
202400037004,2024-01-16,Afternoon,3,1,7.0,1,1,04
202400037005,2024-05-14,Evening,4,2,7.0,1,2,77
202400037007,2024-01-17,Afternoon,2,1,7.0,1,1,85
202400037010,2024-05-14,Afternoon,4,2,3.0,1,1,77
202400037011,2024-01-16,Afternoon,4,1,6.0,1,1,63
202400037013,2024-05-14,Afternoon,4,2,7.0,1,1,77
202400037014,2024-01-17,Morning,4,9,7.0,2,1,55
202400037016,2024-05-14,Night,4,3,6.0,5,2,72
202400037017,2024-01-16,Afternoon,3,1,6.0,2,2,45
202400037018,2024-02-26,Afternoon,4,1,3.0,1,2,69
202400037019,2024-01-16,Morning,4,4,1.0,1,1,77
202400037020,2024-05-13,Morning,4,1,3.0,1,2,72
202400037021,2024-01-16,Evening,2,1,6.0,3,1,77
202400037022,2024-02-23,Afternoon,4,1,3.0,1,2,69
202400037023,2024-01-17,Afternoon,2,1,4.0,1,2,34
202400037024,2024-02-22,Morning,4,2,6.0,5,2,69
202400037025,2024-01-17,Morning,2,1,1.0,1,2,13
202400037026,2024-05-11,Evening,3,1,6.0,1,2,72
202400037027,2024-02-22,Morning,4,3,6.0,5,2,69
202400037028,2024-01-16,Afternoon,4,1,5.0,1,1,13
202400037029,2024-05-13,Afternoon,4,1,3.0,1,2,71
202400037030,2024-02-23,Morning,4,2,2.0,1,1,2B
202400037031,2024-01-10,Morning,3,1,6.0,1,2,57
202400037032,2024-05-14,Afternoon,4,2,6.0,1,2,71
202400037033,2024-01-11,Afternoon,2,1,7.0,1,1,63
202400037034,2024-02-22,Afternoon,4,1,3.0,1,2,2B
202400037035,2024-01-16,Afternoon,3,2,6.0,1,1,73
202400037036,2024-05-14,Evening,4,2,3.0,2,2,69
202400037037,2024-01-12,Afternoon,4,1,3.0,1,1,81
202400037038,2024-05-14,Evening,3,3,3.0,1,2,69
202400037039,2024-02-21,Afternoon,4,1,2.0,1,2,2B
202400037040,2024-01-15,Night,3,1,2.0,3,1,35
202400037041,2024-05-14,Evening,4,2,6.0,2,2,59
202400037042,2024-01-16,Evening,4,1,7.0,5,2,80
202400037043,2024-05-11,Night,4,1,6.0,5,2,57
202400037044,2024-01-15,Morning,4,1,2.0,2,1,13
202400037046,2024-05-13,Evening,4,1,3.0,1,2,54
202400037047,2024-01-16,Morning,2,1,3.0,4,1,83
202400037048,2024-05-13,Morning,4,1,6.0,1,2,54
202400037050,2024-01-16,Night,4,1,2.0,3,1,33
202400037051,2024-05-14,Afternoon,4,2,6.0,1,2,45
202400037052,2024-02-26,Evening,4,3,6.0,5,2,2A
202400037053,2024-01-16,Afternoon,4,1,4.0,1,1,91
202400037054,2024-05-14,Morning,4,2,6.0,1,2,45
202400037055,2024-02-26,Morning,3,2,6.0,1,2,2A
202400037056,2024-01-16,Morning,4,1,6.0,1,1,92
202400037057,2024-05-14,Afternoon,3,2,6.0,1,2,44
202400037058,2024-01-16,Morning,4,1,3.0,1,1,92
202400037059,2024-05-13,Evening,4,1,6.0,1,2,42
202400037060,2024-02-23,Evening,4,1,2.0,3,2,95
202400037061,2024-01-15,Evening,4,1,6.0,3,1,92
202400037062,2024-01-16,Night,4,1,6.0,3,1,95
202400037063,2024-05-10,Morning,4,1,3.0,1,2,40
202400037064,2024-02-22,Evening,4,1,2.0,5,2,95
202400037065,2024-02-27,Evening,4,1,6.0,5,2,95
202400037066,2024-01-16,Afternoon,4,1,5.0,2,1,95
202400037067,2024-05-13,Afternoon,4,1,3.0,1,2,38
202400037068,2024-01-16,Afternoon,4,1,2.0,1,1,95
202400037069,2024-02-22,Afternoon,4,3,3.0,1,2,95
202400037070,2024-05-15,Night,4,1,6.0,5,2,37
202400037071,2024-01-16,Morning,4,1,3.0,3,1,93
202400037072,2024-05-14,Afternoon,4,2,6.0,1,2,37
202400037073,2024-02-20,Morning,4,1,3.0,1,2,95
202400037074,2024-01-16,Afternoon,4,1,2.0,1,1,94
202400037075,2024-02-28,Afternoon,4,1,6.0,1,2,95
202400037076,2024-05-14,Evening,4,1,3.0,1,2,35
202400037077,2024-01-16,Afternoon,4,1,2.0,1,1,77
202400037078,2024-02-22,Afternoon,3,8,6.0,2,2,95
202400037080,2024-05-13,Afternoon,4,2,3.0,1,2,35
202400037082,2024-02-21,Evening,4,3,3.0,5,2,95
202400037083,2024-01-15,Morning,4,2,3.0,1,2,69
202400037084,2024-02-19,Afternoon,4,2,3.0,2,1,95
202400037085,2024-01-15,Night,4,1,2.0,5,2,69
202400037086,2024-05-13,Afternoon,3,1,3.0,1,2,34
202400037088,2024-02-27,Night,4,1,3.0,5,2,91
202400037089,2024-05-14,Afternoon,4,2,3.0,1,2,34
202400037091,2024-01-15,Morning,4,2,3.0,1,2,69
202400037092,2024-05-14,Evening,4,1,3.0,1,2,33
202400037093,2024-02-26,Evening,4,2,4.0,5,2,91
202400037094,2024-04-07,Afternoon,4,1,6.0,1,1,95
202400037095,2024-01-15,Morning,4,2,2.0,1,2,69
202400037096,2024-05-14,Night,2,3,6.0,3,2,33
202400037097,2024-02-22,Afternoon,4,3,3.0,1,2,91
202400037099,2024-04-06,Afternoon,4,1,5.0,1,1,93
202400037100,2024-02-26,Afternoon,4,2,6.0,1,2,91
202400037101,2024-05-14,Afternoon,4,1,5.0,1,2,32
202400037102,2024-01-15,Evening,4,8,2.0,4,1,95
202400037103,2024-02-24,Afternoon,3,8,6.0,1,2,91
202400037104,2024-04-05,Evening,4,1,2.0,1,1,93
202400037105,2024-05-06,Afternoon,4,2,2.0,1,2,25
202400037106,2024-01-15,Morning,3,8,6.0,1,2,95
202400037107,2024-05-14,Morning,3,1,6.0,1,2,25
202400037108,2024-02-23,Afternoon,4,1,3.0,1,2,91
202400037109,2024-01-15,Morning,4,1,6.0,1,2,91
202400037110,2024-04-07,Afternoon,4,1,2.0,1,1,77
202400037111,2024-05-14,Afternoon,4,3,3.0,1,2,19
202400037112,2024-01-15,Evening,4,1,6.0,5,2,91
202400037113,2024-05-13,Afternoon,4,1,3.0,1,2,19
202400037115,2024-02-19,Evening,4,2,3.0,5,2,91
202400037116,2024-01-15,Evening,4,1,3.0,5,2,84
202400037117,2024-01-01,Morning,3,1,6.0,5,2,84
202400037119,2024-05-14,Evening,4,3,3.0,1,2,13
202400037121,2024-01-13,Afternoon,4,1,3.0,1,2,84
202400037122,2024-02-20,Afternoon,3,1,3.0,1,2,91
202400037123,2024-05-14,Afternoon,3,8,3.0,1,2,13
202400037124,2024-04-06,Afternoon,4,1,3.0,1,2,69
202400037125,2024-05-14,Night,4,1,3.0,5,2,13
202400037126,2024-02-19,Evening,4,2,6.0,2,2,91
202400037128,2024-01-15,Afternoon,3,1,2.0,1,2,77
202400037129,2024-05-02,Morning,4,2,1.0,1,2,12
202400037130,2024-02-24,Evening,4,1,1.0,5,2,91
202400037131,2024-05-13,Afternoon,4,1,2.0,1,1,10
202400037132,2024-01-12,Night,2,1,1.0,3,1,77
202400037134,2024-02-22,Morning,4,2,3.0,1,2,91
202400037135,2024-01-15,Morning,4,1,3.0,1,1,76