Num_Acc,date,time_of_day,max_severity,weather,collision_type,lighting,urban_area,department
202400037136,2024-05-14,Morning,3,2,3.0,1,1,04
202400037137,2024-04-05,Afternoon,4,1,4.0,1,2,2A
202400037138,2024-01-12,Afternoon,4,1,3.0,1,2,76
202400037139,2024-02-19,Evening,4,8,3.0,5,2,91
202400037140,2024-05-13,Afternoon,4,1,3.0,1,2,01
202400037141,2024-02-26,Morning,4,2,6.0,1,1,91
202400037142,2024-01-13,Afternoon,4,1,6.0,1,2,76
202400037143,2024-04-06,Morning,4,1,3.0,1,2,91
202400037144,2024-01-13,Evening,4,1,1.0,3,1,76
202400037145,2024-05-13,Morning,4,1,4.0,1,2,75
202400037146,2024-02-27,Afternoon,3,1,1.0,1,1,88
202400037147,2024-01-13,Night,4,1,2.0,5,2,76
202400037148,2024-02-25,Night,4,2,6.0,3,1,87
202400037149,2024-04-06,Night,4,1,5.0,5,1,91
202400037150,2024-01-12,Afternoon,2,1,6.0,1,2,76
202400037151,2024-05-13,Evening,4,1,4.0,5,2,75
202400037152,2024-02-23,Evening,4,2,3.0,5,2,87
202400037153,2024-05-14,Morning,4,3,6.0,1,2,75
202400037154,2024-04-06,Afternoon,4,1,3.0,1,1,91
202400037155,2024-01-15,Evening,4,8,2.0,3,2,69
202400037156,2024-01-15,Morning,4,2,6.0,5,2,69
202400037157,2024-02-23,Afternoon,4,1,1.0,1,2,86
202400037158,2024-04-04,Night,2,1,6.0,5,2,87
202400037159,2024-05-13,Night,4,1,3.0,4,2,75
202400037160,2024-01-15,Morning,4,2,6.0,2,2,69
202400037161,2024-04-06,Night,3,1,7.0,5,2,83
202400037162,2024-01-15,Morning,4,3,6.0,2,2,69
202400037163,2024-02-20,Evening,4,1,4.0,2,2,85
202400037164,2024-05-13,Afternoon,4,1,3.0,1,2,75
202400037165,2024-01-15,Morning,3,1,6.0,1,2,65
202400037166,2024-04-06,Evening,4,1,3.0,5,2,83
202400037167,2024-05-14,Evening,4,1,6.0,1,2,75
202400037168,2024-01-15,Morning,4,2,6.0,1,2,64
202400037169,2024-04-06,Night,3,1,6.0,5,2,83
202400037170,2024-02-24,Evening,4,1,4.0,2,2,84
202400037171,2024-05-14,Afternoon,4,2,2.0,1,2,75
202400037172,2024-01-14,Afternoon,4,2,7.0,5,2,64
202400037173,2024-04-05,Afternoon,3,7,3.0,1,2,79
202400037174,2024-01-15,Afternoon,4,2,6.0,1,2,63
202400037175,2024-05-14,Morning,4,3,6.0,1,2,75
202400037176,2024-02-20,Evening,4,1,3.0,5,1,84
202400037177,2024-04-06,Night,4,1,3.0,5,2,78
202400037178,2024-01-15,Morning,4,2,3.0,5,2,63
202400037179,2024-05-14,Morning,4,2,3.0,1,2,75
202400037180,2024-02-19,Evening,4,1,6.0,2,2,84
202400037181,2024-01-15,Morning,4,1,1.0,1,2,60
202400037182,2024-04-05,Evening,4,2,3.0,1,2,77
202400037183,2024-02-19,Afternoon,2,1,6.0,1,2,83
202400037184,2024-05-14,Night,4,1,2.0,5,2,75
202400037185,2024-01-14,Evening,4,8,3.0,5,2,56
202400037186,2024-04-05,Afternoon,4,2,1.0,1,2,76
202400037187,2024-02-21,Afternoon,4,1,6.0,1,2,83
202400037188,2024-01-15,Morning,4,1,6.0,1,2,45
202400037189,2024-05-14,Afternoon,4,2,3.0,1,2,75
202400037190,2024-01-14,Morning,4,1,2.0,3,2,41
202400037191,2024-02-20,Morning,3,1,6.0,1,2,83
202400037192,2024-05-13,Night,4,1,1.0,5,2,75
202400037193,2024-04-06,Night,4,2,3.0,5,2,72
202400037194,2024-01-15,Morning,4,2,6.0,1,2,38
202400037195,2024-05-14,Morning,4,3,7.0,1,2,75
202400037196,2024-01-13,Evening,3,1,6.0,5,2,35
202400037197,2024-02-27,Afternoon,4,1,3.0,1,2,83
202400037198,2024-04-07,Night,4,1,6.0,5,2,67
202400037199,2024-05-13,Morning,4,1,7.0,1,2,75
202400037200,2024-01-15,Morning,4,1,3.0,2,2,34
202400037201,2024-02-24,Morning,3,1,3.0,1,2,83
202400037202,2024-01-14,Evening,3,2,6.0,5,2,29
202400037203,2024-05-12,Evening,3,1,3.0,5,2,94
202400037204,2024-04-06,Evening,2,1,3.0,2,2,67
202400037205,2024-02-23,Afternoon,4,1,3.0,1,2,83
202400037206,2024-05-14,Evening,4,8,3.0,1,2,94
202400037207,2024-01-15,Morning,3,1,7.0,2,2,27
202400037208,2024-02-23,Evening,4,1,6.0,5,1,83
202400037209,2024-04-06,Afternoon,4,1,2.0,1,2,67
202400037210,2024-05-14,Evening,4,2,6.0,1,2,94
202400037211,2024-01-16,Night,4,1,7.0,3,1,26
202400037212,2024-02-23,Morning,4,1,6.0,1,2,83
202400037213,2024-04-06,Morning,4,1,3.0,1,2,64
202400037214,2024-05-13,Night,4,1,6.0,5,2,94
202400037215,2024-01-15,Afternoon,4,1,6.0,1,2,25
202400037216,2024-05-14,Afternoon,4,2,6.0,1,2,94
202400037217,2024-02-19,Afternoon,4,1,4.0,1,2,83
202400037218,2024-04-06,Night,4,6,6.0,5,2,63
202400037219,2024-01-15,Evening,4,1,6.0,5,2,16
202400037220,2024-01-15,Evening,4,1,3.0,5,2,13
202400037221,2024-05-13,Evening,4,1,3.0,1,2,94
202400037222,2024-02-18,Evening,4,1,2.0,5,2,81
202400037223,2024-04-06,Morning,2,1,1.0,1,1,61
202400037224,2024-02-22,Morning,4,1,6.0,1,2,80
202400037225,2024-01-15,Evening,4,1,6.0,3,1,13
202400037226,2024-05-14,Afternoon,4,2,3.0,1,2,93
202400037227,2024-04-06,Morning,4,1,3.0,1,2,60
202400037228,2024-02-19,Night,3,1,3.0,5,2,80
202400037229,2024-05-14,Morning,4,3,2.0,1,2,93
202400037230,2024-04-06,Evening,4,1,3.0,5,2,59
202400037231,2024-01-15,Afternoon,4,1,2.0,1,2,06
202400037232,2024-05-13,Morning,4,1,3.0,1,2,93
202400037233,2024-04-06,Morning,4,1,6.0,1,1,56
202400037234,2024-01-15,Afternoon,4,8,3.0,1,2,75
202400037235,2024-02-27,Afternoon,4,1,1.0,1,1,78
202400037236,2024-05-14,Morning,4,3,6.0,1,2,93
202400037237,2024-01-15,Morning,4,1,6.0,1,2,75
202400037238,2024-04-06,Afternoon,4,1,1.0,1,2,54
202400037239,2024-02-26,Morning,4,2,3.0,1,2,78
202400037240,2024-05-13,Night,3,1,3.0,5,2,93
202400037241,2024-01-15,Morning,4,1,3.0,3,2,75
202400037242,2024-04-06,Afternoon,4,1,6.0,1,2,54
202400037243,2024-05-14,Morning,4,3,3.0,1,2,93
202400037244,2024-02-21,Evening,3,2,6.0,5,2,78
202400037245,2024-01-13,Evening,4,1,3.0,5,2,75
202400037246,2024-04-06,Morning,4,1,3.0,2,1,54
202400037247,2024-05-14,Morning,4,2,3.0,1,2,92
202400037248,2024-01-14,Night,4,1,6.0,5,2,75
202400037249,2024-02-28,Evening,3,1,1.0,1,1,78
202400037250,2024-05-13,Morning,4,1,3.0,1,2,92
202400037251,2024-01-15,Morning,4,1,3.0,5,2,75
202400037252,2024-05-14,Afternoon,4,2,3.0,1,2,92
202400037253,2024-04-06,Evening,3,1,6.0,1,2,51
202400037254,2024-01-15,Afternoon,4,1,6.0,2,2,94
202400037255,2024-05-14,Evening,4,2,3.0,1,2,92
202400037256,2024-04-06,Afternoon,4,1,6.0,1,2,49
202400037257,2024-01-11,Morning,4,1,6.0,5,2,94
202400037258,2024-05-14,Night,4,1,3.0,5,2,92
202400037259,2024-02-26,Morning,4,2,6.0,1,2,77
202400037260,2024-04-06,Morning,4,1,3.0,1,1,49
202400037261,2024-01-15,Morning,4,1,3.0,5,2,94
202400037262,2024-05-12,Evening,3,1,1.0,2,2,92
202400037263,2024-01-14,Morning,4,8,2.0,1,2,94
202400037264,2024-02-25,Morning,4,1,4.0,1,1,77
202400037265,2024-04-05,Afternoon,4,1,3.0,1,2,47
202400037266,2024-01-15,Afternoon,4,1,6.0,1,2,94
202400037267,2024-01-15,Morning,4,1,6.0,1,2,94
202400037268,2024-05-14,Afternoon,4,2,4.0,1,2,92
202400037269,2024-02-22,Morning,4,2,1.0,1,1,77
202400037270,2024-01-15,Afternoon,4,7,6.0,1,2,93
202400037271,2024-04-05,Afternoon,3,8,4.0,1,2,45
202400037272,2024-05-14,Afternoon,4,2,3.0,1,2,92
202400037273,2024-02-27,Afternoon,4,1,6.0,1,1,77
202400037274,2024-01-15,Afternoon,4,1,6.0,1,2,93
202400037275,2024-05-14,Afternoon,3,2,6.0,1,2,92
202400037276,2024-02-20,Morning,3,1,6.0,1,2,77
202400037277,2024-04-06,Evening,3,2,3.0,1,2,44
202400037278,2024-01-15,Morning,4,1,3.0,1,2,93
202400037279,2024-05-14,Night,4,8,3.0,5,2,92
202400037280,2024-02-27,Morning,4,1,5.0,1,1,77
202400037281,2024-04-02,Afternoon,4,1,6.0,1,2,44
202400037282,2024-01-15,Afternoon,4,1,6.0,1,2,93
202400037283,2024-05-15,Afternoon,4,1,6.0,1,2,86
202400037284,2024-01-15,Morning,4,1,6.0,2,2,92
202400037285,2024-05-15,Morning,4,1,2.0,1,2,36
202400037286,2024-04-05,Evening,3,1,6.0,1,2,42
202400037287,2024-02-26,Morning,4,8,2.0,1,2,77
202400037288,2024-01-15,Morning,4,2,2.0,2,2,92
202400037289,2024-05-11,Afternoon,3,1,2.0,1,2,84
202400037290,2024-02-23,Evening,4,2,6.0,5,2,77
202400037291,2024-05-15,Afternoon,4,2,6.0,1,1,65
202400037292,2024-04-05,Afternoon,4,1,6.0,1,2,38
202400037293,2024-01-15,Morning,4,8,3.0,1,2,92
202400037294,2024-05-14,Afternoon,4,1,6.0,1,1,22
202400037295,2024-02-27,Evening,4,1,6.0,3,2,77
202400037296,2024-01-15,Afternoon,4,1,6.0,1,2,92
202400037297,2024-04-06,Evening,4,1,3.0,1,2,37
202400037298,2024-05-14,Afternoon,3,1,6.0,1,2,56
202400037299,2024-02-25,Afternoon,4,2,6.0,1,2,77
202400037300,2024-02-25,Afternoon,3,3,6.0,1,1,77
202400037301,2024-04-06,Afternoon,4,1,3.0,1,2,35
202400037302,2024-05-14,Morning,4,2,3.0,1,2,77
202400037303,2024-01-12,Evening,4,9,6.0,3,1,21
202400037304,2024-02-23,Afternoon,4,3,6.0,1,2,77
202400037305,2024-05-14,Evening,4,1,7.0,1,2,76
202400037307,2024-04-02,Evening,4,2,3.0,2,2,35
202400037308,2024-05-15,Morning,4,1,6.0,1,1,2A
202400037309,2024-02-26,Afternoon,4,3,6.0,1,2,77
202400037310,2024-04-06,Morning,3,1,6.0,1,2,34
202400037311,2024-01-08,Afternoon,2,1,3.0,1,2,35
202400037312,2024-05-14,Morning,3,3,3.0,1,1,82
202400037313,2024-02-27,Evening,4,1,3.0,1,2,76
202400037314,2024-04-07,Night,3,1,6.0,4,2,33
202400037315,2024-05-14,Morning,3,3,7.0,1,2,65
202400037316,2024-01-14,Morning,4,8,3.0,1,1,59
202400037317,2024-05-06,Evening,3,1,6.0,3,1,61
202400037318,2024-02-20,Evening,3,1,3.0,5,2,76
202400037319,2024-04-06,Evening,3,8,3.0,2,2,29
202400037320,2024-01-15,Evening,4,1,1.0,5,2,59
202400037321,2024-05-14,Afternoon,3,2,5.0,1,1,46
202400037322,2024-02-27,Afternoon,4,1,3.0,1,2,76
202400037323,2024-04-06,Evening,4,1,3.0,2,2,26
202400037324,2024-01-16,Afternoon,2,8,1.0,5,2,71
202400037325,2024-02-27,Afternoon,2,1,6.0,1,2,76
202400037326,2024-05-14,Morning,4,2,1.0,1,1,47
202400037327,2024-04-05,Morning,4,1,6.0,1,2,23
202400037328,2024-01-14,Night,3,9,6.0,3,1,61
202400037329,2024-02-26,Morning,4,2,6.0,3,2,76
202400037330,2024-01-14,Evening,3,1,6.0,3,2,49
202400037331,2024-05-12,Afternoon,4,1,1.0,1,1,39
202400037332,2024-04-05,Afternoon,4,1,4.0,1,2,22
202400037333,2024-02-25,Afternoon,4,3,2.0,1,1,76
202400037334,2024-01-15,Afternoon,4,2,1.0,2,1,42
202400037335,2024-05-14,Morning,3,2,6.0,1,2,01
202400037336,2024-02-23,Night,4,2,7.0,5,2,76
202400037337,2024-05-13,Morning,3,1,7.0,2,1,01
202400037338,2024-04-06,Night,4,1,3.0,5,2,16
202400037339,2024-02-22,Night,4,2,7.0,5,2,76
202400037340,2024-05-15,Morning,4,8,2.0,1,2,06
202400037341,2024-04-06,Night,2,1,6.0,3,1,13
202400037342,2024-01-15,Afternoon,4,1,1.0,1,2,02
202400037343,2024-02-20,Evening,4,1,3.0,5,2,76
202400037344,2024-05-14,Morning,2,2,6.0,1,1,04
202400037345,2024-01-15,Afternoon,3,2,6.0,1,1,15
202400037346,2024-04-06,Evening,3,1,3.0,2,2,13
202400037347,2024-02-20,Afternoon,3,1,3.0,1,2,76
202400037348,2024-05-14,Evening,4,1,6.0,2,1,85
202400037349,2024-04-19,Afternoon,2,1,6.0,1,2,37
202400037350,2024-04-06,Evening,4,1,3.0,5,2,13
202400037351,2024-01-15,Evening,3,1,3.0,3,1,14
202400037352,2024-02-20,Afternoon,4,1,6.0,1,2,76
202400037353,2024-05-15,Night,2,3,6.0,3,1,68
202400037354,2024-01-15,Afternoon,4,2,1.0,1,1,64
202400037355,2024-02-20,Morning,4,1,1.0,1,2,76
202400037356,2024-04-06,Evening,3,1,1.0,5,2,13
202400037357,2024-01-16,Afternoon,4,5,6.0,5,2,10
202400037358,2024-05-15,Night,2,2,6.0,3,1,39
202400037359,2024-01-15,Afternoon,3,1,7.0,1,1,07
202400037360,2024-05-13,Afternoon,4,1,2.0,1,2,31
202400037361,2024-04-06,Afternoon,4,1,3.0,1,2,13
202400037362,2024-02-20,Afternoon,4,1,2.0,1,2,76
202400037363,2024-01-14,Evening,4,1,1.0,4,1,13
202400037364,2024-04-06,Morning,4,1,2.0,1,2,13
202400037366,2024-02-19,Afternoon,4,1,6.0,1,2,76
202400037367,2024-01-14,Night,3,1,6.0,3,2,65
202400037368,2024-05-14,Evening,4,2,1.0,1,1,83
202400037369,2024-02-27,Morning,4,1,3.0,1,2,74
202400037370,2024-01-14,Night,2,1,5.0,3,1,38
202400037371,2024-04-06,Evening,4,1,2.0,1,2,13
202400037372,2024-05-15,Afternoon,4,8,7.0,1,2,04
202400037373,2024-02-21,Morning,4,8,3.0,2,2,74
202400037374,2024-01-15,Afternoon,4,2,2.0,1,1,33
202400037375,2024-04-06,Morning,4,1,3.0,1,2,10
202400037376,2024-05-14,Afternoon,4,2,1.0,1,1,13
202400037378,2024-02-21,Morning,4,8,3.0,1,2,74
202400037379,2024-05-14,Evening,3,2,1.0,1,2,13
202400037380,2024-04-05,Afternoon,4,1,3.0,1,2,10
202400037382,2024-02-27,Evening,4,1,6.0,1,2,72
202400037383,2024-05-14,Evening,3,3,1.0,3,1,13
202400037384,2024-01-16,Afternoon,4,1,2.0,1,2,77
202400037385,2024-02-26,Evening,4,2,3.0,5,2,72
202400037386,2024-01-16,Morning,3,1,3.0,1,2,66
202400037387,2024-05-14,Afternoon,4,1,3.0,1,2,68
202400037388,2024-04-05,Evening,3,1,3.0,3,2,07
202400037389,2024-01-15,Afternoon,3,1,6.0,3,2,34
202400037390,2024-02-26,Morning,4,2,2.0,1,2,72
202400037391,2024-05-10,Afternoon,3,1,6.0,1,1,68
202400037392,2024-04-06,Evening,4,1,3.0,5,2,06
202400037393,2024-01-15,Afternoon,4,1,2.0,1,2,84
202400037394,2024-02-24,Afternoon,4,3,2.0,1,2,72
202400037395,2024-05-03,Night,3,1,3.0,3,1,67
202400037396,2024-04-06,Night,3,1,6.0,5,2,05
202400037397,2024-01-15,Morning,4,1,1.0,1,1,26
202400037398,2024-02-23,Afternoon,4,1,1.0,1,2,72
202400037399,2024-05-15,Morning,4,2,3.0,1,2,57
202400037400,2024-01-16,Evening,4,1,3.0,5,2,81
202400037401,2024-05-12,Morning,4,1,7.0,1,1,63
202400037402,2024-02-20,Morning,4,1,2.0,1,2,71
202400037403,2024-04-05,Morning,4,1,4.0,1,2,75
202400037404,2024-01-09,Morning,3,1,7.0,1,2,33
202400037405,2024-05-15,Evening,3,3,3.0,2,2,07
202400037406,2024-02-28,Afternoon,4,1,1.0,1,2,71
202400037407,2024-04-04,Evening,4,8,2.0,2,2,75
202400037408,2024-01-15,Morning,4,1,6.0,5,2,14
202400037409,2024-05-11,Morning,3,7,1.0,1,2,16
202400037410,2024-02-26,Evening,4,1,2.0,5,2,69
202400037411,2024-01-14,Night,3,1,6.0,4,2,76
202400037412,2024-04-06,Night,4,1,6.0,5,2,75
202400037413,2024-02-24,Night,3,1,6.0,5,2,69
202400037414,2024-01-16,Afternoon,4,1,6.0,1,2,02
202400037415,2024-05-14,Evening,4,1,1.0,1,2,85
202400037416,2024-05-13,Morning,3,8,6.0,1,2,49
202400037417,2024-01-15,Evening,4,1,2.0,3,1,13
202400037418,2024-02-21,Evening,4,1,6.0,5,2,69
202400037419,2024-04-06,Afternoon,4,1,2.0,1,2,75
202400037420,2024-01-15,Morning,4,1,6.0,1,1,13
202400037421,2024-05-12,Afternoon,4,1,6.0,1,2,60
202400037422,2024-01-15,Morning,4,1,7.0,1,1,13
202400037423,2024-02-20,Evening,4,1,6.0,2,2,69
202400037424,2024-04-06,Afternoon,4,1,6.0,1,2,75
202400037425,2024-05-15,Night,3,1,7.0,3,1,60
202400037426,2024-01-15,Afternoon,4,2,3.0,1,1,33
202400037427,2024-04-06,Night,4,1,6.0,5,2,75
202400037428,2024-02-20,Afternoon,4,1,3.0,1,2,69
202400037429,2024-01-13,Afternoon,4,1,2.0,4,1,59
202400037430,2024-05-14,Morning,4,8,6.0,1,1,02
202400037431,2024-04-06,Afternoon,4,1,1.0,1,2,75
202400037432,2024-02-27,Afternoon,4,8,3.0,1,2,69
202400037433,2024-05-13,Evening,4,1,2.0,1,1,13
202400037434,2024-04-06,Morning,4,1,6.0,1,2,75
202400037435,2024-01-11,Night,4,1,5.0,3,1,59
202400037436,2024-02-26,Afternoon,4,1,2.0,1,2,69
202400037437,2024-02-24,Night,3,1,6.0,5,2,69
202400037438,2024-05-13,Night,3,1,2.0,3,1,13
202400037439,2024-04-06,Morning,4,1,2.0,1,2,75
202400037440,2024-01-15,Morning,4,1,4.0,3,1,91
202400037441,2024-02-22,Evening,4,8,6.0,5,2,69
202400037442,2024-05-13,Morning,4,1,3.0,1,1,69
202400037443,2024-01-14,Morning,4,1,6.0,1,1,92
202400037444,2024-04-05,Evening,4,2,3.0,1,2,75
202400037445,2024-01-14,Morning,4,1,6.0,1,1,92
202400037446,2024-02-22,Afternoon,4,2,3.0,1,2,69
202400037447,2024-05-07,Afternoon,4,1,2.0,1,1,59
202400037448,2024-04-06,Morning,4,1,6.0,1,2,75
202400037449,2024-05-11,Evening,3,1,2.0,1,1,59
202400037450,2024-01-14,Night,3,1,5.0,5,1,78
202400037451,2024-02-21,Night,4,3,3.0,5,2,69
202400037452,2024-04-06,Evening,4,8,3.0,2,2,94
202400037453,2024-05-14,Afternoon,4,2,3.0,1,1,94
202400037454,2024-01-14,Night,4,1,6.0,3,1,78
202400037455,2024-02-21,Evening,4,1,6.0,5,2,69
202400037456,2024-05-14,Morning,4,3,7.0,1,1,92
202400037457,2024-04-06,Evening,3,8,2.0,5,2,94
202400037458,2024-01-15,Afternoon,4,1,6.0,1,1,92
202400037459,2024-05-12,Night,4,1,6.0,5,1,78
202400037460,2024-02-21,Evening,4,1,1.0,5,2,69
202400037461,2024-01-14,Night,4,1,2.0,3,1,94
202400037462,2024-05-12,Evening,3,1,2.0,4,1,92
202400037464,2024-04-05,Night,4,1,3.0,5,2,94
202400037465,2024-05-14,Afternoon,4,2,7.0,1,1,95
202400037466,2024-02-24,Morning,3,1,3.0,1,2,68
202400037468,2024-05-14,Afternoon,4,2,6.0,1,1,95
202400037469,2024-04-06,Night,4,1,1.0,5,2,94
202400037470,2024-02-24,Morning,3,1,3.0,1,2,67
202400037471,2024-01-14,Afternoon,3,1,3.0,2,2,83
202400037472,2024-05-14,Morning,4,2,2.0,1,1,95
202400037473,2024-04-06,Evening,4,1,3.0,1,2,93
202400037474,2024-05-14,Morning,4,3,7.0,1,1,92
202400037475,2024-02-28,Afternoon,4,2,6.0,1,2,66
202400037476,2024-04-06,Night,4,1,6.0,3,2,93
202400037477,2024-01-13,Afternoon,4,1,3.0,5,2,70
202400037478,2024-05-13,Night,4,1,2.0,3,1,93
202400037479,2024-01-14,Night,4,2,6.0,5,2,64
202400037480,2024-04-06,Evening,4,1,3.0,1,2,93
202400037481,2024-02-24,Afternoon,4,1,2.0,1,1,66
202400037482,2024-05-14,Morning,4,3,3.0,1,1,94
202400037483,2024-01-14,Night,3,5,6.0,3,2,63
202400037484,2024-04-06,Night,4,1,6.0,5,2,93
202400037485,2024-02-21,Afternoon,4,1,2.0,1,1,66
202400037486,2024-02-17,Afternoon,4,1,2.0,1,1,83
202400037487,2024-01-13,Evening,4,1,3.0,5,2,62
202400037488,2024-02-16,Afternoon,3,1,6.0,1,2,83
202400037489,2024-01-14,Afternoon,4,1,6.0,1,1,35
202400037490,2024-02-20,Morning,4,1,3.0,1,2,66
202400037491,2024-04-06,Afternoon,4,1,3.0,1,2,93
202400037492,2024-02-24,Morning,3,2,6.0,1,2,57
202400037493,2024-01-14,Night,4,2,6.0,3,2,22
202400037494,2024-04-06,Night,4,2,1.0,5,2,93
202400037495,2024-02-19,Afternoon,4,1,3.0,1,1,66
202400037496,2024-01-13,Night,4,1,7.0,3,2,14
202400037498,2024-04-06,Afternoon,4,1,7.0,1,2,92
202400037499,2024-02-19,Evening,3,1,1.0,1,1,65
202400037500,2024-01-13,Evening,4,1,3.0,5,2,13
202400037501,2024-05-13,Afternoon,4,1,3.0,1,2,69
202400037502,2024-02-26,Morning,4,1,7.0,2,2,64
202400037503,2024-01-13,Evening,3,1,3.0,5,2,13
202400037504,2024-04-06,Afternoon,4,1,3.0,1,2,92
202400037506,2024-01-14,Evening,4,1,2.0,5,2,75
202400037507,2024-02-27,Morning,4,3,3.0,2,2,64
202400037508,2024-04-07,Afternoon,3,7,6.0,1,2,76
202400037509,2024-05-13,Evening,4,1,3.0,1,1,91
202400037510,2024-01-14,Afternoon,4,1,6.0,1,2,75
202400037511,2024-02-24,Evening,4,2,7.0,5,2,64
202400037512,2024-05-13,Afternoon,4,1,6.0,1,2,91
202400037513,2024-04-07,Afternoon,2,1,7.0,1,2,62
202400037514,2024-01-14,Morning,4,1,2.0,1,2,75
202400037515,2024-02-19,Afternoon,4,2,3.0,1,2,64
202400037516,2024-05-13,Afternoon,4,1,3.0,1,2,91
202400037517,2024-01-14,Morning,4,1,6.0,1,2,75
202400037518,2024-04-07,Afternoon,3,1,3.0,1,2,06
202400037519,2024-02-24,Afternoon,3,2,6.0,1,2,64
202400037520,2024-01-14,Morning,4,1,6.0,3,2,75
202400037521,2024-04-07,Morning,3,1,6.0,2,1,21
202400037522,2024-05-13,Morning,4,1,3.0,1,2,91
202400037523,2024-02-24,Night,4,2,3.0,5,2,64
202400037524,2024-05-13,Evening,4,1,6.0,1,2,91
202400037525,2024-02-20,Afternoon,4,1,2.0,1,2,64
202400037526,2024-04-07,Night,3,1,1.0,5,1,81
202400037527,2024-01-14,Night,4,1,3.0,5,2,75
202400037528,2024-05-13,Morning,4,1,3.0,1,2,87
202400037529,2024-02-20,Afternoon,4,1,2.0,1,2,64
202400037530,2024-04-05,Morning,4,1,3.0,1,1,83
202400037531,2024-05-12,Evening,4,2,1.0,1,2,87
202400037532,2024-01-13,Morning,4,1,3.0,1,2,75
202400037533,2024-02-26,Morning,4,1,3.0,1,2,63
202400037534,2024-04-05,Afternoon,3,1,2.0,1,1,83
202400037535,2024-02-21,Afternoon,4,1,7.0,1,1,63
202400037536,2024-05-12,Evening,4,1,3.0,1,2,87
202400037537,2024-04-06,Afternoon,3,7,6.0,1,2,51
202400037538,2024-01-14,Afternoon,4,1,2.0,1,2,75
202400037539,2024-02-19,Evening,4,1,6.0,1,1,63
202400037540,2024-04-07,Afternoon,2,1,6.0,1,2,83
202400037541,2024-01-12,Evening,4,1,3.0,5,2,75
202400037542,2024-05-11,Afternoon,4,1,3.0,1,1,87
202400037543,2024-07-20,Morning,4,1,2.0,1,2,75
202400037544,2024-04-06,Evening,3,1,7.0,1,1,63
202400037545,2024-01-14,Evening,4,1,6.0,5,2,75
202400037546,2024-02-26,Morning,4,1,3.0,5,2,63
202400037547,2024-05-08,Morning,4,1,3.0,1,2,87
202400037548,2024-04-06,Afternoon,3,1,3.0,1,1,14
202400037549,2024-07-20,Morning,4,1,3.0,1,2,75
202400037550,2024-02-24,Morning,3,1,7.0,1,2,63
202400037551,2024-01-13,Night,4,1,7.0,5,2,75
202400037552,2024-05-07,Night,4,1,3.0,5,2,87
202400037553,2024-04-06,Morning,4,1,2.0,1,1,06
202400037554,2024-02-23,Evening,4,1,3.0,1,2,63
202400037555,2024-07-20,Evening,4,1,6.0,1,2,75
202400037556,2024-05-10,Evening,4,1,2.0,1,2,86
202400037557,2024-04-07,Night,2,1,6.0,3,1,06
202400037558,2024-05-12,Evening,4,2,1.0,1,2,80
202400037559,2024-07-20,Night,4,1,6.0,5,2,75
202400037560,2024-02-22,Evening,4,3,6.0,5,2,63
202400037562,2024-05-06,Evening,4,1,1.0,1,1,78
202400037563,2024-02-22,Afternoon,2,1,6.0,1,2,63
202400037564,2024-07-20,Afternoon,4,1,2.0,1,2,94
202400037565,2024-04-06,Evening,3,1,7.0,1,1,83
202400037566,2024-07-20,Night,3,1,6.0,2,2,94
202400037567,2024-05-13,Evening,4,1,3.0,1,2,78
202400037568,2024-02-20,Afternoon,4,1,3.0,1,2,63
202400037569,2024-05-11,Evening,4,1,6.0,1,2,76
202400037570,2024-07-19,Evening,3,1,2.0,1,1,93
202400037571,2024-05-11,Morning,4,1,6.0,1,2,76
202400037572,2024-02-19,Afternoon,4,1,3.0,1,2,63
202400037573,2024-04-06,Afternoon,3,1,1.0,1,1,38
202400037574,2024-05-10,Night,4,1,2.0,5,2,76
202400037575,2024-07-20,Morning,4,1,1.0,1,2,93
202400037576,2024-02-20,Evening,4,1,6.0,5,2,62
202400037577,2024-04-07,Night,4,1,6.0,3,1,2B
202400037578,2024-05-12,Evening,4,2,6.0,1,2,71
202400037579,2024-02-21,Afternoon,3,1,6.0,1,2,62
202400037580,2024-07-20,Morning,4,1,3.0,1,2,93
202400037581,2024-04-07,Night,4,1,1.0,3,2,83
202400037582,2024-05-13,Evening,3,1,1.0,1,2,69
202400037583,2024-02-19,Afternoon,3,2,3.0,2,2,61
202400037584,2024-07-20,Morning,4,1,6.0,1,2,93
202400037585,2024-02-20,Evening,4,1,6.0,5,2,60
202400037586,2024-04-07,Night,3,1,1.0,3,1,44
202400037587,2024-05-13,Morning,4,1,2.0,1,2,66
202400037588,2024-02-27,Night,4,1,3.0,5,2,59
202400037589,2024-04-06,Afternoon,3,1,7.0,1,1,51
202400037590,2024-05-11,Evening,4,1,6.0,1,2,64
202400037591,2024-02-22,Night,4,2,6.0,5,2,59
202400037592,2024-05-11,Afternoon,4,1,7.0,1,2,64
202400037593,2024-07-20,Afternoon,4,1,4.0,1,2,93
202400037594,2024-02-21,Afternoon,4,2,2.0,1,1,59
202400037595,2024-04-06,Morning,3,1,3.0,1,1,19
202400037596,2024-05-13,Afternoon,4,1,7.0,1,2,64
202400037597,2024-07-19,Night,4,1,7.0,3,1,92