Num_Acc,date,time_of_day,max_severity,weather,collision_type,lighting,urban_area,department
202400037598,2024-02-28,Night,4,1,6.0,5,2,59
202400037599,2024-05-13,Afternoon,4,1,3.0,1,2,64
202400037600,2024-04-07,Morning,3,1,6.0,1,1,56
202400037601,2024-02-27,Afternoon,3,1,6.0,1,2,59
202400037602,2024-07-20,Evening,3,1,6.0,1,2,92
202400037603,2024-05-13,Morning,4,1,3.0,1,2,63
202400037604,2024-02-23,Afternoon,4,3,6.0,1,2,59
202400037605,2024-04-07,Night,4,1,6.0,3,1,56
202400037606,2024-07-20,Afternoon,4,1,2.0,1,2,92
202400037607,2024-05-13,Morning,4,1,3.0,1,2,63
202400037608,2024-02-21,Evening,4,2,3.0,5,2,59
202400037609,2024-04-07,Morning,3,1,6.0,1,2,56
202400037610,2024-07-20,Afternoon,3,1,6.0,1,2,92
202400037611,2024-02-25,Night,4,2,3.0,5,2,59
202400037612,2024-07-14,Evening,4,1,6.0,1,2,92
202400037613,2024-05-13,Night,4,1,3.0,2,2,61
202400037614,2024-02-28,Evening,4,1,6.0,5,2,59
202400037615,2024-04-07,Night,3,2,1.0,3,1,76
202400037616,2024-05-02,Evening,2,1,3.0,1,2,59
202400037617,2024-02-22,Evening,2,6,6.0,5,2,59
202400037618,2024-07-20,Evening,4,1,3.0,1,2,92
202400037619,2024-05-13,Morning,4,2,3.0,1,2,59
202400037620,2024-04-06,Night,4,1,5.0,3,1,32
202400037621,2024-05-14,Night,4,1,6.0,5,2,59
202400037622,2024-07-20,Morning,4,1,6.0,1,2,92
202400037623,2024-04-06,Evening,3,1,6.0,1,2,63
202400037624,2024-05-13,Afternoon,4,1,6.0,1,2,59
202400037625,2024-02-20,Morning,4,1,2.0,1,2,59
202400037626,2024-07-21,Morning,3,1,7.0,1,1,60
202400037627,2024-05-13,Morning,4,1,1.0,1,2,59
202400037628,2024-04-06,Afternoon,2,1,7.0,1,1,63
202400037629,2024-02-19,Morning,4,1,3.0,1,2,59
202400037630,2024-05-11,Afternoon,4,7,6.0,1,1,59
202400037631,2024-07-21,Night,3,1,1.0,3,1,34
202400037632,2024-04-06,Morning,4,1,6.0,1,1,12
202400037633,2024-02-28,Evening,3,1,1.0,2,2,59
202400037634,2024-04-07,Afternoon,3,1,1.0,1,1,42
202400037635,2024-05-13,Morning,4,2,2.0,1,2,56
202400037636,2024-02-27,Morning,4,1,6.0,1,1,59
202400037638,2024-02-23,Evening,3,2,6.0,5,2,59
202400037639,2024-07-19,Evening,3,7,3.0,1,2,62
202400037640,2024-04-06,Afternoon,3,1,7.0,1,1,68
202400037641,2024-02-26,Afternoon,3,8,6.0,1,2,59
202400037642,2024-07-21,Night,2,1,6.0,3,1,38
202400037643,2024-04-07,Afternoon,3,1,3.0,1,1,22
202400037644,2024-02-26,Evening,3,1,3.0,2,2,59
202400037645,2024-07-19,Evening,2,1,7.0,2,1,68
202400037646,2024-02-20,Evening,4,1,2.0,2,2,58
202400037647,2024-05-13,Afternoon,4,1,2.0,1,2,51
202400037648,2024-02-23,Afternoon,3,1,1.0,1,2,56
202400037649,2024-05-12,Morning,3,1,2.0,1,2,50
202400037650,2024-07-20,Evening,4,1,3.0,1,1,30
202400037651,2024-04-06,Afternoon,3,1,5.0,1,1,44
202400037652,2024-02-20,Morning,3,1,6.0,1,2,56
202400037653,2024-05-13,Morning,4,1,2.0,1,2,45
202400037654,2024-02-24,Afternoon,4,2,7.0,1,1,56
202400037655,2024-07-20,Morning,4,1,1.0,1,1,91
202400037656,2024-05-13,Night,4,2,2.0,5,2,44
202400037657,2024-04-06,Evening,3,1,6.0,3,1,02
202400037658,2024-02-16,Evening,4,2,1.0,5,2,55
202400037659,2024-07-17,Afternoon,3,1,6.0,1,1,56
202400037660,2024-04-19,Evening,4,1,3.0,1,2,42
202400037661,2024-02-27,Night,4,1,6.0,5,1,54
202400037662,2024-04-06,Afternoon,4,1,6.0,1,1,84
202400037663,2024-02-27,Morning,4,1,3.0,1,2,54
202400037664,2024-07-19,Evening,3,1,6.0,1,2,78
202400037665,2024-04-04,Afternoon,3,1,6.0,1,1,06
202400037666,2024-02-22,Evening,4,2,6.0,5,2,54
202400037667,2024-04-06,Evening,4,1,1.0,1,2,06
202400037668,2024-07-20,Evening,4,1,7.0,2,1,76
202400037669,2024-02-22,Afternoon,4,2,2.0,1,2,54
202400037670,2024-02-22,Afternoon,4,8,6.0,1,2,54
202400037671,2024-07-21,Morning,3,1,3.0,1,2,32
202400037672,2024-04-06,Night,4,1,2.0,3,1,16
202400037673,2024-02-26,Morning,4,2,2.0,1,2,53
202400037674,2024-07-20,Evening,4,1,2.0,1,2,71
202400037675,2024-04-06,Afternoon,3,1,1.0,1,1,16
202400037676,2024-02-27,Morning,4,2,3.0,1,2,51
202400037677,2024-04-06,Afternoon,4,1,7.0,1,1,07
202400037678,2024-02-23,Afternoon,4,1,2.0,1,2,51
202400037679,2024-07-21,Night,4,6,6.0,3,1,63
202400037680,2024-04-06,Morning,4,1,6.0,1,1,85
202400037681,2024-02-21,Afternoon,4,1,3.0,1,2,51
202400037682,2024-07-20,Afternoon,4,1,6.0,1,1,61
202400037683,2024-02-20,Night,4,1,6.0,5,2,51
202400037684,2024-04-07,Night,2,1,6.0,3,2,27
202400037685,2024-02-20,Evening,4,1,7.0,5,2,51
202400037686,2024-04-06,Afternoon,3,1,7.0,1,1,17
202400037687,2024-02-21,Afternoon,4,2,3.0,1,2,50
202400037688,2024-04-06,Afternoon,3,1,7.0,1,1,87
202400037689,2024-07-20,Afternoon,4,1,5.0,1,1,42
202400037690,2024-02-20,Morning,4,1,6.0,2,2,50
202400037691,2024-04-06,Evening,4,1,6.0,3,2,30
202400037692,2024-07-21,Afternoon,3,1,1.0,1,1,42
202400037693,2024-02-17,Afternoon,4,1,3.0,1,2,50
202400037694,2024-04-06,Afternoon,4,1,3.0,1,1,78
202400037695,2024-02-27,Evening,3,1,6.0,1,2,49
202400037696,2024-07-20,Evening,3,1,3.0,1,1,86
202400037697,2024-07-20,Afternoon,4,1,6.0,1,1,68
202400037698,2024-02-26,Morning,4,2,1.0,1,1,49
202400037699,2024-04-05,Evening,4,1,2.0,1,1,01
202400037700,2024-02-25,Afternoon,4,2,3.0,1,2,49
202400037701,2024-07-21,Morning,3,1,3.0,1,1,44
202400037702,2024-02-25,Morning,4,2,6.0,3,1,49
202400037703,2024-04-07,Morning,2,1,2.0,2,1,01
202400037704,2024-07-16,Evening,4,1,2.0,1,2,29
202400037705,2024-02-22,Morning,4,2,2.0,1,2,49
202400037706,2024-07-21,Morning,4,2,6.0,2,2,38
202400037707,2024-02-20,Morning,3,1,3.0,1,2,49
202400037708,2024-04-07,Afternoon,3,1,2.0,1,1,33
202400037709,2024-07-20,Afternoon,3,1,1.0,1,1,38
202400037710,2024-04-07,Morning,3,1,7.0,2,1,51
202400037711,2024-02-20,Morning,4,1,3.0,5,2,49
202400037712,2024-07-20,Afternoon,3,1,6.0,1,1,13
202400037713,2024-02-28,Evening,4,1,3.0,5,2,46
202400037714,2024-04-06,Afternoon,4,1,6.0,1,1,11
202400037715,2024-07-21,Night,3,1,6.0,5,2,02
202400037716,2024-02-23,Afternoon,4,2,3.0,1,2,46
202400037717,2024-04-07,Morning,4,1,3.0,5,2,25
202400037718,2024-08-26,Afternoon,4,1,2.0,1,2,75
202400037720,2024-07-21,Night,4,3,1.0,5,2,15
202400037721,2024-08-27,Evening,4,1,6.0,1,2,75
202400037722,2024-07-20,Afternoon,3,1,7.0,1,1,14
202400037723,2024-04-06,Afternoon,4,1,3.0,1,2,91
202400037724,2024-07-18,Afternoon,3,1,3.0,1,1,14
202400037725,2024-04-07,Morning,4,1,6.0,3,1,66
202400037726,2024-08-27,Evening,4,1,3.0,1,2,75
202400037727,2024-04-07,Night,4,1,6.0,3,1,11
202400037728,2024-08-27,Morning,4,1,6.0,1,2,75
202400037729,2024-04-07,Morning,4,1,6.0,1,1,05
202400037730,2024-07-21,Night,3,1,3.0,4,1,05
202400037731,2024-08-27,Afternoon,4,1,3.0,1,2,75
202400037732,2024-04-07,Afternoon,3,1,1.0,1,1,68
202400037733,2024-07-21,Afternoon,4,2,3.0,1,1,83
202400037734,2024-08-27,Evening,4,1,2.0,1,2,75
202400037735,2024-07-20,Morning,4,1,1.0,3,1,09
202400037736,2024-03-28,Evening,3,1,7.0,1,1,03
202400037737,2024-08-27,Morning,4,1,3.0,1,2,75
202400037738,2024-07-21,Morning,4,1,3.0,1,1,09
202400037739,2024-04-07,Afternoon,4,6,3.0,1,1,38
202400037740,2024-07-20,Afternoon,3,1,6.0,1,2,64
202400037741,2024-08-27,Evening,4,1,3.0,1,2,75
202400037742,2024-04-07,Afternoon,3,1,7.0,1,1,38
202400037743,2024-07-21,Afternoon,3,1,6.0,1,2,73
202400037744,2024-04-06,Morning,3,1,7.0,1,1,26
202400037745,2024-07-21,Night,4,3,7.0,3,1,18
202400037746,2024-08-26,Afternoon,4,1,4.0,1,2,75
202400037747,2024-04-07,Night,2,2,6.0,4,2,17
202400037748,2024-07-20,Evening,4,1,7.0,1,1,10
202400037749,2024-08-26,Morning,4,1,6.0,1,2,75
202400037750,2024-07-20,Night,3,3,1.0,5,2,10
202400037751,2024-08-25,Evening,4,1,3.0,5,2,75
202400037752,2024-04-06,Evening,3,1,1.0,1,2,57
202400037753,2024-07-20,Afternoon,3,1,6.0,1,1,53
202400037754,2024-08-26,Afternoon,4,1,2.0,1,2,75
202400037755,2024-07-19,Morning,4,1,6.0,1,2,17
202400037756,2024-04-05,Afternoon,4,1,4.0,1,1,13
202400037757,2024-07-20,Afternoon,3,1,1.0,1,1,37
202400037758,2024-08-27,Afternoon,4,1,3.0,1,2,75
202400037759,2024-04-05,Morning,4,1,3.0,1,1,13
202400037760,2024-04-06,Night,4,1,6.0,5,1,69
202400037761,2024-07-19,Afternoon,4,1,3.0,1,1,30
202400037762,2024-08-27,Afternoon,3,1,6.0,1,2,75
202400037763,2024-04-06,Evening,4,1,7.0,1,1,91
202400037764,2024-08-27,Afternoon,4,1,6.0,1,2,75
202400037765,2024-04-06,Afternoon,4,1,4.0,1,1,94
202400037766,2024-07-20,Afternoon,3,7,6.0,1,1,88
202400037767,2024-04-06,Afternoon,4,1,2.0,1,1,94
202400037768,2024-08-26,Night,3,1,6.0,5,2,75
202400037770,2024-04-06,Morning,4,1,3.0,2,1,94
202400037771,2024-08-27,Evening,4,1,3.0,1,2,75
202400037772,2024-04-05,Evening,4,1,3.0,1,1,92
202400037773,2024-07-20,Morning,3,1,3.0,1,2,77
202400037774,2024-04-06,Morning,4,1,7.0,1,1,92
202400037775,2024-04-06,Morning,4,1,6.0,1,1,92
202400037776,2024-08-27,Afternoon,4,1,3.0,1,2,75
202400037777,2024-07-20,Afternoon,4,1,4.0,1,1,30
202400037778,2024-04-05,Evening,4,2,2.0,1,1,78
202400037779,2024-08-26,Morning,4,1,6.0,1,2,94
202400037780,2024-04-05,Afternoon,2,1,7.0,1,1,78
202400037781,2024-08-27,Morning,4,1,6.0,1,2,94
202400037782,2024-07-21,Morning,3,1,2.0,1,1,04
202400037783,2024-08-26,Night,3,1,6.0,5,2,94
202400037784,2024-04-05,Afternoon,4,2,4.0,1,1,92
202400037785,2024-07-21,Afternoon,3,1,6.0,1,2,21
202400037786,2024-04-06,Evening,4,1,7.0,2,1,95
202400037787,2024-08-26,Evening,4,1,2.0,1,2,94
202400037788,2024-07-21,Afternoon,4,1,3.0,1,2,01
202400037789,2024-04-06,Evening,4,1,3.0,1,1,93
202400037790,2024-07-20,Evening,2,1,6.0,2,1,33
202400037791,2024-04-06,Afternoon,4,1,7.0,1,1,93
202400037792,2024-08-25,Night,3,1,3.0,5,2,94
202400037793,2024-04-05,Evening,4,1,2.0,3,1,95
202400037794,2024-07-20,Afternoon,4,3,3.0,1,1,22
202400037795,2024-08-26,Morning,4,1,3.0,1,2,94
202400037796,2024-07-19,Evening,3,1,6.0,1,1,35
202400037797,2024-04-05,Morning,4,1,4.0,1,1,93
202400037798,2024-07-15,Night,4,1,6.0,2,1,76
202400037799,2024-04-06,Afternoon,4,1,6.0,1,1,93
202400037800,2024-08-27,Afternoon,4,1,2.0,1,2,94
202400037801,2024-01-19,Morning,4,1,2.0,1,2,32
202400037802,2024-07-19,Morning,4,1,6.0,1,2,62
202400037804,2024-08-27,Night,4,1,6.0,5,2,93
202400037805,2024-07-19,Morning,4,1,3.0,1,1,62
202400037807,2024-08-27,Night,4,1,6.0,5,2,93
202400037808,2024-07-21,Night,3,1,1.0,3,1,59
202400037810,2024-08-26,Evening,4,1,3.0,5,2,93
202400037812,2024-07-19,Afternoon,4,1,2.0,1,1,13
202400037814,2024-08-26,Morning,4,1,3.0,1,2,92
202400037816,2024-08-27,Night,4,1,7.0,5,2,92
202400037817,2024-07-20,Afternoon,4,1,4.0,1,1,33
202400037820,2024-07-20,Afternoon,4,1,2.0,1,1,91
202400037822,2024-08-26,Morning,4,1,2.0,1,2,94
202400037823,2024-04-05,Evening,4,1,3.0,2,2,69
202400037824,2024-08-27,Afternoon,3,1,2.0,1,1,78
202400037825,2024-04-05,Afternoon,4,1,6.0,1,2,69
202400037826,2024-07-19,Afternoon,4,1,4.0,1,1,94
202400037827,2024-04-05,Afternoon,4,1,6.0,1,2,69
202400037828,2024-08-27,Evening,3,1,3.0,1,2,09
202400037829,2024-03-17,Evening,4,2,6.0,2,2,69
202400037832,2024-08-28,Morning,4,7,1.0,1,1,33
202400037833,2024-04-06,Night,4,1,6.0,5,1,2A
202400037835,2024-04-05,Evening,4,2,5.0,1,1,95
202400037836,2024-08-22,Afternoon,3,1,3.0,1,1,68
202400037837,2024-04-05,Afternoon,4,1,3.0,1,2,95
202400037839,2024-04-04,Afternoon,4,1,2.0,1,2,95
202400037840,2024-08-27,Evening,3,1,3.0,5,1,85
202400037842,2024-04-05,Morning,4,1,2.0,5,2,91
202400037843,2024-08-26,Evening,4,1,1.0,1,2,62
202400037844,2024-04-05,Afternoon,4,1,3.0,1,2,91
202400037846,2024-08-28,Night,4,1,7.0,4,2,34
202400037847,2024-04-05,Afternoon,4,1,3.0,1,2,90
202400037848,2024-07-19,Evening,4,1,3.0,1,2,69
202400037849,2024-08-22,Afternoon,3,1,3.0,1,1,67
202400037850,2024-07-19,Afternoon,4,1,6.0,1,2,69
202400037851,2024-08-27,Morning,3,1,6.0,1,1,81
202400037852,2024-04-05,Afternoon,4,1,2.0,1,1,89
202400037853,2024-08-27,Morning,3,7,6.0,2,2,11
202400037854,2024-07-19,Evening,3,1,3.0,1,2,69
202400037855,2024-08-28,Afternoon,3,1,3.0,1,2,61
202400037856,2024-07-19,Afternoon,4,1,3.0,1,1,69
202400037857,2024-08-25,Evening,4,1,2.0,2,1,12
202400037858,2024-07-19,Morning,3,1,3.0,1,2,69
202400037859,2024-08-27,Afternoon,3,1,3.0,1,2,44
202400037860,2024-07-19,Evening,4,1,3.0,1,2,2B
202400037861,2024-08-28,Night,3,1,6.0,3,1,03
202400037863,2024-08-27,Afternoon,4,1,1.0,1,1,01
202400037864,2024-07-19,Afternoon,4,1,3.0,1,2,2A
202400037865,2024-08-01,Evening,4,1,6.0,1,2,72
202400037866,2024-08-27,Afternoon,4,7,3.0,1,1,72
202400037867,2024-07-19,Morning,2,1,4.0,1,1,95
202400037868,2024-07-18,Evening,2,1,3.0,1,2,91
202400037869,2024-07-19,Evening,4,1,6.0,1,2,91
202400037870,2024-08-28,Morning,4,1,3.0,1,1,60
202400037871,2024-07-18,Morning,4,1,3.0,1,2,89
202400037872,2024-08-26,Afternoon,3,1,3.0,1,2,73
202400037873,2024-08-28,Afternoon,3,1,7.0,1,2,18
202400037874,2024-07-14,Afternoon,4,2,3.0,1,2,89
202400037875,2024-08-28,Night,4,1,6.0,3,2,36
202400037876,2024-08-28,Morning,3,1,7.0,1,1,07
202400037877,2024-07-18,Evening,4,1,3.0,1,2,88
202400037878,2024-08-27,Night,2,1,6.0,5,2,24
202400037879,2024-07-18,Evening,3,7,3.0,1,1,88
202400037880,2024-08-28,Afternoon,3,1,5.0,1,1,85
202400037881,2024-07-18,Afternoon,3,1,6.0,1,2,87
202400037882,2024-08-28,Morning,3,1,3.0,1,1,30
202400037883,2024-07-18,Evening,4,1,3.0,2,2,86
202400037884,2024-08-26,Night,3,1,7.0,3,1,89
202400037885,2024-07-18,Night,4,1,5.0,5,2,86
202400037886,2024-07-19,Morning,3,1,3.0,1,2,83
202400037887,2024-07-18,Afternoon,3,1,6.0,1,2,83
202400037888,2024-08-28,Afternoon,3,1,1.0,1,1,11
202400037889,2024-07-19,Morning,4,1,3.0,1,2,83
202400037890,2024-08-28,Afternoon,3,1,6.0,1,2,11
202400037891,2024-07-19,Morning,3,1,6.0,1,2,83
202400037892,2024-08-28,Night,4,1,6.0,3,2,77
202400037893,2024-07-19,Evening,4,1,2.0,1,2,80
202400037894,2024-08-28,Afternoon,4,1,1.0,1,1,77
202400037895,2024-08-27,Afternoon,3,1,7.0,1,1,13
202400037896,2024-07-19,Evening,4,1,6.0,1,2,78
202400037897,2024-08-28,Morning,3,1,6.0,1,1,38
202400037898,2024-08-25,Afternoon,4,1,3.0,1,1,38
202400037899,2024-07-19,Evening,4,1,1.0,1,1,77
202400037900,2024-08-27,Afternoon,4,1,6.0,1,2,19
202400037901,2024-07-18,Evening,4,1,2.0,1,1,77
202400037902,2024-08-27,Evening,4,1,3.0,1,2,14
202400037903,2024-07-19,Night,4,1,3.0,5,2,76
202400037904,2024-08-26,Afternoon,3,1,3.0,1,2,56
202400037905,2024-08-27,Afternoon,3,1,7.0,1,1,22
202400037906,2024-07-19,Night,4,1,2.0,5,2,76
202400037907,2024-08-26,Evening,3,1,6.0,1,2,60
202400037908,2024-08-23,Afternoon,4,1,7.0,1,1,59
202400037909,2024-07-16,Afternoon,4,1,4.0,1,1,73
202400037910,2024-07-17,Afternoon,4,7,3.0,1,2,71
202400037911,2024-08-27,Afternoon,4,1,4.0,1,1,13
202400037912,2024-07-19,Afternoon,3,7,6.0,1,2,71
202400037913,2024-08-27,Morning,4,1,2.0,1,1,13
202400037914,2024-07-19,Afternoon,4,1,3.0,1,2,68
202400037915,2024-08-26,Afternoon,4,1,2.0,1,1,13
202400037916,2024-07-19,Evening,4,1,6.0,5,2,67
202400037917,2024-07-19,Evening,3,1,7.0,2,2,64
202400037918,2024-08-26,Afternoon,4,1,2.0,1,1,13
202400037919,2024-07-19,Morning,4,1,3.0,1,2,64
202400037920,2024-08-27,Afternoon,4,1,3.0,1,1,83
202400037921,2024-07-18,Afternoon,4,1,3.0,1,2,64
202400037922,2024-08-25,Night,4,1,2.0,5,1,33
202400037923,2024-07-17,Night,4,1,3.0,5,2,64
202400037924,2024-08-26,Evening,4,1,5.0,1,1,91
202400037925,2024-07-16,Afternoon,4,1,6.0,1,2,62
202400037926,2024-07-12,Afternoon,3,1,6.0,1,2,62
202400037927,2024-08-26,Evening,4,1,2.0,2,1,91
202400037928,2024-07-19,Evening,4,1,2.0,1,2,59
202400037929,2024-08-27,Afternoon,4,1,2.0,1,1,92
202400037930,2024-07-18,Evening,4,1,6.0,1,2,56
202400037931,2024-08-27,Afternoon,4,1,4.0,1,1,95
202400037932,2024-07-18,Evening,4,1,6.0,1,2,54
202400037933,2024-08-26,Evening,4,1,3.0,2,1,93
202400037934,2024-08-26,Evening,3,1,2.0,1,1,93
202400037935,2024-07-19,Night,4,1,7.0,5,2,51
202400037936,2024-08-26,Afternoon,4,1,6.0,1,1,95
202400037937,2024-07-19,Afternoon,4,1,3.0,1,2,51
202400037938,2024-08-26,Morning,4,1,2.0,1,1,92
202400037939,2024-07-18,Evening,4,1,3.0,1,2,51
202400037940,2024-08-25,Night,4,1,6.0,3,1,93
202400037941,2024-07-19,Afternoon,4,1,3.0,1,2,51
202400037942,2024-08-25,Night,3,1,3.0,3,1,93
202400037943,2024-08-27,Afternoon,4,1,3.0,1,1,93
202400037944,2024-07-19,Afternoon,4,1,3.0,1,2,51
202400037945,2024-08-26,Morning,4,1,2.0,1,1,94
202400037946,2024-07-19,Night,3,1,3.0,5,2,50
202400037947,2024-07-17,Afternoon,3,1,7.0,1,1,49
202400037948,2024-05-28,Morning,4,1,3.0,1,1,84
202400037949,2024-07-19,Afternoon,3,1,3.0,1,2,49
202400037950,2024-05-26,Morning,3,1,2.0,1,1,84
202400037951,2024-04-20,Afternoon,4,1,4.0,1,2,19
202400037952,2024-07-16,Night,2,1,6.0,5,2,48
202400037953,2024-04-11,Evening,3,1,6.0,1,2,19
202400037954,2024-07-18,Evening,4,1,1.0,1,2,47
202400037955,2024-06-15,Afternoon,3,1,6.0,1,2,57
202400037956,2024-07-19,Afternoon,4,1,3.0,1,2,45
202400037957,2024-06-12,Night,4,1,1.0,1,1,57
202400037958,2024-07-19,Morning,4,1,6.0,1,1,45
202400037959,2024-06-27,Afternoon,3,1,6.0,1,2,57
202400037960,2024-06-11,Morning,4,7,6.0,1,2,57
202400037961,2024-07-19,Night,4,1,6.0,3,2,44
202400037962,2024-06-10,Morning,4,1,6.0,1,1,57
202400037963,2024-07-19,Afternoon,4,1,3.0,1,2,35
202400037965,2024-07-19,Morning,3,1,6.0,1,2,35
202400037966,2024-08-26,Afternoon,4,1,4.0,1,2,69
202400037967,2024-08-26,Morning,4,1,3.0,1,2,69
202400037968,2024-07-19,Afternoon,4,1,3.0,1,2,33
202400037969,2024-08-26,Afternoon,4,1,2.0,1,1,2B
202400037970,2024-07-18,Afternoon,4,1,6.0,1,2,32
202400037971,2024-07-19,Morning,4,1,6.0,1,2,29
202400037973,2024-07-18,Evening,4,1,3.0,1,2,29
202400037974,2024-08-26,Afternoon,4,1,3.0,1,2,91
202400037975,2024-07-18,Afternoon,4,1,6.0,1,2,29
202400037976,2024-08-21,Evening,4,1,7.0,5,2,87
202400037977,2024-08-23,Night,4,1,6.0,5,2,87
202400037978,2024-07-19,Afternoon,4,1,3.0,1,2,19
202400037979,2024-08-24,Night,4,1,3.0,5,1,87
202400037980,2024-07-20,Night,4,1,7.0,5,2,18
202400037981,2024-08-23,Afternoon,4,1,6.0,1,2,85
202400037982,2024-07-19,Evening,4,1,2.0,1,1,17
202400037983,2024-08-26,Morning,3,1,6.0,1,2,83
202400037984,2024-07-17,Evening,3,1,1.0,1,2,16
202400037985,2024-08-24,Afternoon,4,1,1.0,1,2,83
202400037986,2024-07-18,Morning,4,1,7.0,1,2,15
202400037987,2024-08-26,Afternoon,4,1,1.0,1,1,78
202400037988,2024-07-19,Evening,4,1,1.0,1,2,13
202400037989,2024-05-25,Night,4,1,2.0,2,1,13
202400037990,2024-08-26,Evening,4,1,3.0,1,2,77
202400037991,2024-07-19,Night,3,1,6.0,5,2,13
202400037992,2024-08-26,Afternoon,4,1,3.0,1,2,77
202400037993,2024-08-25,Evening,3,1,6.0,1,2,73
202400037994,2024-08-26,Night,4,1,6.0,5,2,72
202400037995,2024-08-25,Afternoon,4,1,6.0,1,2,72
202400037996,2024-09-30,Evening,4,1,6.0,1,2,11
202400037997,2024-08-25,Morning,4,2,7.0,1,1,72
202400037998,2024-07-19,Evening,4,1,3.0,1,2,13
202400037999,2024-08-26,Afternoon,4,1,4.0,1,2,69
202400038000,2024-07-18,Afternoon,3,7,6.0,1,2,10
202400038001,2024-09-30,Afternoon,4,1,3.0,1,2,11
202400038002,2024-08-19,Afternoon,3,1,3.0,1,2,68
202400038003,2024-10-01,Afternoon,4,1,1.0,1,2,09
202400038004,2024-07-18,Afternoon,4,1,3.0,1,2,10
202400038005,2024-08-25,Night,4,1,3.0,5,2,67
202400038006,2024-08-26,Morning,4,1,6.0,1,2,66
202400038007,2024-09-30,Afternoon,4,1,3.0,1,2,07
202400038008,2024-07-18,Afternoon,4,1,1.0,1,2,06
202400038009,2024-08-26,Morning,4,1,1.0,1,2,64
202400038010,2024-08-26,Night,4,1,6.0,5,1,64
202400038011,2024-08-26,Evening,4,1,3.0,1,2,64
202400038012,2024-07-19,Evening,4,1,6.0,1,2,75
202400038013,2024-08-26,Evening,4,1,6.0,1,2,62
202400038014,2024-10-01,Evening,3,1,3.0,2,1,06
202400038015,2024-08-25,Evening,4,1,6.0,1,2,60
202400038016,2024-07-19,Morning,4,1,7.0,1,2,75
202400038017,2024-08-26,Night,4,1,3.0,5,2,59
202400038018,2024-10-01,Evening,4,1,6.0,1,2,06
202400038019,2024-07-18,Night,4,1,2.0,5,2,75
202400038020,2024-08-26,Night,3,1,6.0,5,2,59
202400038021,2024-09-30,Afternoon,3,1,3.0,1,2,06
202400038022,2024-07-18,Afternoon,4,1,2.0,1,2,75
202400038023,2024-10-01,Afternoon,4,1,2.0,1,2,75
202400038024,2024-08-26,Evening,4,1,3.0,5,2,56
202400038025,2024-07-18,Afternoon,4,1,4.0,1,2,75
202400038026,2024-09-30,Evening,4,1,5.0,5,2,75
202400038027,2024-07-19,Afternoon,3,1,2.0,1,2,75
202400038028,2024-08-25,Evening,4,1,3.0,1,2,54
202400038029,2024-07-19,Night,4,1,3.0,5,2,75
202400038030,2024-10-01,Evening,4,1,3.0,5,2,75
202400038031,2024-08-25,Morning,4,1,3.0,1,2,51
202400038032,2024-09-30,Night,3,1,1.0,5,2,75
202400038033,2024-07-19,Afternoon,4,1,1.0,1,2,75
202400038034,2024-10-01,Morning,4,1,3.0,1,2,75
202400038035,2024-08-23,Afternoon,3,1,7.0,1,1,49
202400038036,2024-07-17,Evening,4,1,3.0,1,2,75
202400038037,2024-10-01,Evening,4,1,3.0,1,2,75
202400038038,2024-08-26,Night,4,1,2.0,3,1,44
202400038039,2024-07-19,Evening,4,1,3.0,1,2,75
202400038040,2024-10-01,Evening,4,1,3.0,2,2,75
202400038041,2024-09-30,Evening,4,2,7.0,1,2,75
202400038042,2024-07-19,Afternoon,4,1,2.0,1,2,75
202400038043,2024-08-25,Evening,4,1,5.0,1,2,44
202400038044,2024-10-01,Evening,4,1,6.0,1,2,94
202400038045,2024-07-19,Afternoon,4,1,6.0,1,2,75
202400038046,2024-10-01,Afternoon,4,1,6.0,1,2,94
202400038047,2024-07-19,Morning,4,1,3.0,1,2,94
202400038048,2024-08-24,Evening,3,1,3.0,1,2,41
202400038049,2024-09-30,Morning,4,2,7.0,1,2,94
202400038050,2024-07-19,Afternoon,2,9,6.0,1,2,94
202400038051,2024-10-01,Afternoon,4,1,6.0,1,2,93
202400038052,2024-07-18,Morning,4,1,3.0,1,2,94
202400038053,2024-08-26,Afternoon,4,1,3.0,1,2,37
202400038054,2024-09-30,Afternoon,4,1,6.0,1,2,93
202400038055,2024-07-19,Afternoon,4,1,3.0,1,2,94
202400038056,2024-10-01,Afternoon,4,1,3.0,1,2,93
202400038057,2024-08-26,Evening,3,1,3.0,1,2,33
202400038058,2024-10-01,Morning,4,1,3.0,1,2,93
202400038059,2024-07-19,Evening,4,1,3.0,1,2,94
202400038060,2024-08-26,Morning,4,1,3.0,1,2,33
202400038061,2024-10-01,Morning,3,1,6.0,1,2,93
202400038062,2024-07-19,Morning,4,1,3.0,1,2,94
202400038063,2024-10-01,Evening,4,1,6.0,5,2,93
202400038064,2024-08-26,Evening,4,1,3.0,1,2,30
202400038065,2024-07-19,Evening,4,1,3.0,1,2,94
202400038066,2024-10-01,Morning,4,1,3.0,1,2,92
202400038067,2024-08-25,Morning,2,1,3.0,1,2,29
202400038068,2024-07-19,Afternoon,4,1,2.0,1,2,94
202400038069,2024-10-01,Morning,4,1,3.0,1,2,92
202400038070,2024-08-25,Evening,4,1,3.0,1,2,19