Num_Acc,date,time_of_day,max_severity,weather,collision_type,lighting,urban_area,department
202400038071,2024-07-18,Afternoon,4,1,2.0,1,2,94
202400038072,2024-09-23,Morning,4,2,6.0,1,2,92
202400038073,2024-07-17,Morning,3,1,6.0,1,2,94
202400038074,2024-08-26,Afternoon,4,1,3.0,1,2,17
202400038075,2024-10-01,Morning,4,1,6.0,2,2,92
202400038076,2024-10-01,Night,3,1,7.0,4,2,37
202400038077,2024-07-19,Morning,4,1,3.0,1,2,94
202400038078,2024-08-26,Morning,4,1,1.0,2,2,14
202400038079,2024-09-27,Evening,3,1,7.0,3,1,84
202400038080,2024-08-25,Night,4,1,7.0,5,2,14
202400038081,2024-07-14,Night,4,1,6.0,5,2,94
202400038082,2024-10-01,Morning,3,1,6.0,2,2,31
202400038083,2024-08-26,Night,4,1,3.0,5,2,13
202400038084,2024-07-19,Afternoon,4,1,3.0,1,2,93
202400038085,2024-08-26,Morning,4,1,2.0,2,2,13
202400038086,2024-10-01,Evening,4,2,6.0,3,1,54
202400038087,2024-07-19,Afternoon,4,1,3.0,1,2,93
202400038088,2024-08-22,Evening,4,1,3.0,5,2,13
202400038089,2024-10-01,Afternoon,4,1,6.0,1,1,22
202400038090,2024-07-19,Morning,4,1,2.0,1,2,93
202400038091,2024-10-01,Evening,4,1,1.0,3,1,83
202400038092,2024-07-19,Evening,4,1,3.0,1,2,93
202400038093,2024-08-24,Afternoon,4,1,2.0,1,2,10
202400038094,2024-10-01,Afternoon,4,2,6.0,1,2,01
202400038095,2024-08-26,Morning,4,1,6.0,1,1,06
202400038096,2024-07-18,Afternoon,3,1,3.0,1,2,93
202400038097,2024-10-01,Evening,3,3,1.0,3,1,62
202400038098,2024-08-26,Morning,4,1,4.0,1,2,75
202400038099,2024-07-19,Night,4,1,3.0,5,2,93
202400038100,2024-10-02,Night,4,2,6.0,5,2,57
202400038101,2024-08-26,Morning,4,1,2.0,1,2,75
202400038102,2024-07-19,Morning,4,1,3.0,1,2,92
202400038103,2024-09-30,Morning,4,2,3.0,1,2,51
202400038104,2024-08-25,Evening,4,1,2.0,1,2,75
202400038105,2024-09-30,Evening,3,1,1.0,1,1,19
202400038106,2024-07-18,Afternoon,4,1,3.0,1,2,92
202400038107,2024-08-26,Night,4,1,3.0,5,2,75
202400038108,2024-10-01,Afternoon,2,1,3.0,1,1,56
202400038109,2024-07-19,Night,4,1,3.0,5,2,92
202400038110,2024-10-01,Morning,4,3,2.0,2,1,79
202400038111,2024-07-19,Evening,4,1,6.0,1,2,92
202400038112,2024-08-26,Afternoon,4,1,2.0,1,2,75
202400038113,2024-10-01,Morning,4,1,2.0,1,2,2B
202400038114,2024-07-19,Morning,4,1,6.0,1,1,60
202400038115,2024-10-01,Afternoon,3,3,6.0,1,2,71
202400038116,2024-07-19,Evening,4,1,1.0,1,1,60
202400038117,2024-08-26,Morning,4,1,3.0,1,2,75
202400038118,2024-10-01,Afternoon,4,2,1.0,1,1,63
202400038119,2024-08-26,Night,4,1,6.0,5,2,75
202400038120,2024-10-02,Afternoon,4,1,6.0,1,2,49
202400038121,2024-08-25,Evening,4,1,6.0,1,2,75
202400038122,2024-06-18,Morning,4,1,2.0,1,2,77
202400038123,2024-10-01,Night,4,2,5.0,3,1,12
202400038124,2024-08-26,Night,4,1,6.0,5,2,75
202400038125,2024-08-26,Afternoon,4,1,6.0,1,2,94
202400038126,2024-06-18,Morning,4,2,3.0,1,2,76
202400038127,2024-10-01,Afternoon,3,1,6.0,1,2,46
202400038128,2024-08-26,Afternoon,4,1,3.0,1,2,94
202400038129,2024-06-18,Afternoon,4,1,6.0,1,2,74
202400038130,2024-10-01,Evening,4,3,1.0,3,1,68
202400038131,2024-08-26,Afternoon,4,1,6.0,1,2,93
202400038132,2024-06-18,Afternoon,4,1,2.0,1,1,73
202400038133,2024-08-26,Evening,4,1,6.0,1,2,93
202400038134,2024-10-01,Evening,3,3,3.0,2,2,39
202400038135,2024-08-26,Evening,4,1,3.0,1,2,93
202400038136,2024-06-18,Morning,4,1,2.0,1,2,67
202400038137,2024-10-02,Afternoon,4,1,1.0,1,2,29
202400038138,2024-08-25,Night,4,1,3.0,5,2,93
202400038139,2024-06-17,Afternoon,4,1,3.0,1,2,67
202400038140,2024-10-01,Afternoon,4,3,2.0,1,1,03
202400038141,2024-09-30,Afternoon,3,1,7.0,1,1,03
202400038142,2024-06-17,Afternoon,4,1,2.0,1,2,64
202400038143,2024-08-26,Afternoon,4,1,2.0,1,2,93
202400038144,2024-08-26,Morning,4,1,6.0,1,2,92
202400038145,2024-10-02,Morning,3,1,5.0,1,1,58
202400038146,2024-06-18,Afternoon,4,1,3.0,1,2,64
202400038147,2024-08-27,Morning,3,7,3.0,1,1,76
202400038148,2024-09-28,Night,4,8,3.0,3,1,72
202400038149,2024-06-17,Afternoon,3,1,3.0,1,2,61
202400038151,2024-10-01,Night,4,2,6.0,3,1,14
202400038152,2024-06-17,Afternoon,3,1,3.0,1,2,61
202400038153,2024-08-27,Night,3,1,5.0,2,1,69
202400038154,2024-10-02,Afternoon,4,1,3.0,1,1,50
202400038155,2024-08-20,Evening,3,1,6.0,1,1,40
202400038156,2024-06-18,Morning,4,1,3.0,1,2,59
202400038158,2024-06-18,Evening,4,2,3.0,1,2,59
202400038159,2024-09-29,Afternoon,4,1,1.0,1,1,83
202400038160,2024-08-24,Afternoon,3,2,7.0,1,1,63
202400038161,2024-06-17,Afternoon,4,1,6.0,1,1,54
202400038162,2024-10-01,Evening,4,2,7.0,1,2,40
202400038163,2024-06-17,Evening,4,1,6.0,1,1,54
202400038164,2024-08-27,Night,4,1,2.0,3,1,19
202400038165,2024-06-18,Morning,4,1,6.0,1,2,54
202400038166,2024-08-26,Afternoon,3,1,7.0,1,1,30
202400038167,2024-10-01,Afternoon,3,1,3.0,1,1,30
202400038168,2024-03-20,Morning,3,1,6.0,1,2,87
202400038169,2024-06-17,Afternoon,4,1,4.0,1,2,51
202400038170,2024-10-02,Afternoon,2,1,3.0,1,1,38
202400038171,2024-08-22,Afternoon,3,1,3.0,1,1,83
202400038172,2024-06-17,Morning,4,1,3.0,1,2,51
202400038173,2024-08-27,Evening,3,1,2.0,1,1,30
202400038174,2024-06-17,Evening,4,1,2.0,1,2,49
202400038175,2024-08-26,Evening,4,1,7.0,1,1,91
202400038176,2024-06-17,Afternoon,3,2,1.0,1,2,49
202400038177,2024-08-18,Morning,4,1,6.0,1,1,56
202400038178,2024-10-02,Morning,4,1,2.0,1,1,63
202400038179,2024-06-14,Afternoon,4,1,6.0,1,2,49
202400038180,2024-08-25,Afternoon,4,1,3.0,1,1,56
202400038181,2024-10-01,Afternoon,3,3,7.0,1,1,21
202400038182,2024-08-22,Morning,4,7,6.0,1,2,56
202400038183,2024-10-02,Morning,3,1,2.0,1,1,59
202400038184,2024-06-18,Morning,4,3,1.0,1,2,45
202400038185,2024-08-26,Evening,3,1,7.0,1,1,76
202400038187,2024-08-26,Afternoon,4,1,1.0,1,1,80
202400038188,2024-09-26,Morning,3,1,2.0,2,1,83
202400038189,2024-06-19,Night,4,1,3.0,5,2,44
202400038190,2024-08-26,Evening,2,1,6.0,1,1,65
202400038191,2024-08-20,Afternoon,4,1,6.0,1,1,11
202400038192,2024-06-17,Afternoon,4,1,6.0,1,2,42
202400038193,2024-10-01,Evening,4,3,6.0,3,1,42
202400038194,2024-08-25,Afternoon,4,1,7.0,1,2,63
202400038195,2024-10-02,Afternoon,2,1,3.0,1,1,26
202400038196,2024-06-15,Evening,4,1,3.0,2,2,40
202400038197,2024-08-26,Morning,4,1,3.0,1,2,63
202400038198,2024-06-18,Afternoon,3,1,6.0,1,2,38
202400038199,2024-10-01,Evening,3,1,3.0,1,2,85
202400038200,2024-08-25,Evening,3,1,3.0,1,1,63
202400038201,2024-06-18,Morning,4,8,3.0,1,1,37
202400038202,2024-08-27,Night,4,1,3.0,3,1,49
202400038203,2024-06-17,Afternoon,4,2,2.0,1,2,37
202400038204,2024-08-26,Evening,3,1,7.0,1,2,46
202400038205,2024-06-18,Afternoon,2,1,6.0,1,2,35
202400038206,2024-08-26,Evening,3,1,7.0,1,1,47
202400038207,2024-06-18,Morning,4,2,3.0,1,2,35
202400038208,2024-08-26,Afternoon,3,1,1.0,1,1,47
202400038209,2024-10-01,Night,3,1,7.0,3,1,22
202400038210,2024-06-18,Morning,4,1,1.0,1,2,34
202400038211,2024-08-15,Night,4,1,5.0,3,1,34
202400038212,2024-06-18,Morning,4,1,6.0,1,2,34
202400038213,2024-10-02,Morning,4,1,4.0,1,2,60
202400038214,2024-06-17,Afternoon,4,1,2.0,1,2,34
202400038215,2024-08-24,Evening,4,8,1.0,3,1,34
202400038216,2024-10-02,Night,4,3,7.0,3,1,60
202400038217,2024-06-18,Afternoon,4,1,6.0,1,2,33
202400038218,2024-10-02,Afternoon,4,1,1.0,1,2,60
202400038219,2024-10-01,Night,4,1,1.0,3,1,60
202400038220,2024-08-27,Afternoon,2,1,6.0,1,1,22
202400038221,2024-06-18,Afternoon,4,1,6.0,1,2,33
202400038222,2024-08-26,Night,4,1,6.0,3,1,44
202400038223,2024-09-30,Afternoon,4,2,2.0,1,1,59
202400038224,2024-06-18,Morning,4,1,3.0,1,2,33
202400038225,2024-06-16,Night,3,1,2.0,5,2,33
202400038226,2024-09-30,Night,4,1,6.0,3,1,59
202400038227,2024-06-18,Evening,4,1,3.0,1,2,31
202400038228,2024-06-17,Afternoon,4,2,5.0,1,2,29
202400038229,2024-06-18,Morning,4,2,6.0,1,2,27
202400038230,2024-06-17,Morning,2,1,6.0,1,2,14
202400038231,2024-09-02,Morning,4,1,4.0,1,1,59
202400038232,2024-06-18,Morning,3,1,1.0,1,2,13
202400038233,2024-06-17,Afternoon,3,1,3.0,1,2,13
202400038234,2024-10-01,Evening,4,1,3.0,1,1,91
202400038235,2024-06-18,Morning,3,1,3.0,1,2,13
202400038236,2024-06-18,Afternoon,4,1,3.0,1,2,11
202400038237,2024-10-01,Morning,4,1,4.0,1,1,94
202400038238,2024-06-17,Evening,4,1,5.0,1,2,06
202400038239,2024-06-17,Afternoon,4,1,3.0,1,1,03
202400038240,2024-06-17,Evening,4,2,6.0,2,2,75
202400038241,2024-09-30,Evening,4,2,2.0,3,1,77
202400038242,2024-06-16,Night,3,1,5.0,5,2,75
202400038243,2024-09-30,Morning,4,2,3.0,1,1,78
202400038244,2024-06-18,Morning,4,2,3.0,1,2,75
202400038245,2024-06-17,Night,4,1,1.0,5,2,75
202400038246,2024-06-17,Night,4,1,1.0,5,2,75
202400038247,2024-09-28,Afternoon,4,1,4.0,1,1,92
202400038248,2024-06-18,Morning,4,1,3.0,1,2,75
202400038249,2024-09-30,Night,4,2,2.0,3,1,95
202400038250,2024-06-18,Night,4,1,6.0,5,2,75
202400038251,2024-06-18,Morning,4,2,1.0,1,2,75
202400038252,2024-06-17,Evening,4,1,3.0,1,2,75
202400038253,2024-09-30,Evening,4,1,3.0,1,1,92
202400038254,2024-06-17,Evening,4,1,3.0,2,2,75
202400038255,2024-09-30,Morning,4,1,2.0,1,1,95
202400038256,2024-06-18,Afternoon,4,8,3.0,1,2,75
202400038257,2024-06-18,Afternoon,4,1,2.0,1,2,75
202400038258,2024-09-29,Evening,4,1,6.0,2,1,95
202400038259,2024-06-18,Morning,4,2,3.0,1,2,75
202400038260,2024-09-27,Evening,4,2,5.0,1,1,95
202400038261,2024-06-18,Morning,4,2,3.0,1,2,75
202400038262,2024-10-01,Morning,4,1,2.0,1,1,77
202400038263,2024-06-18,Night,4,1,3.0,5,2,75
202400038264,2024-06-17,Morning,4,1,3.0,1,2,75
202400038265,2024-04-26,Evening,3,1,6.0,1,2,38
202400038266,2024-06-18,Morning,4,2,6.0,1,2,75
202400038267,2024-06-18,Morning,4,2,3.0,1,2,75
202400038268,2024-06-18,Morning,4,2,7.0,1,2,75
202400038269,2024-04-25,Morning,3,1,2.0,1,2,38
202400038270,2024-06-18,Afternoon,4,1,6.0,1,2,94
202400038271,2024-09-01,Afternoon,2,1,6.0,1,2,06
202400038272,2024-06-17,Afternoon,4,1,1.0,1,2,94
202400038273,2024-06-17,Evening,4,3,3.0,1,2,94
202400038275,2024-06-18,Morning,4,2,6.0,1,2,94
202400038276,2024-09-25,Morning,4,1,3.0,2,2,44
202400038277,2024-06-18,Evening,4,1,6.0,1,2,94
202400038278,2024-06-18,Afternoon,4,1,6.0,1,2,94
202400038279,2024-06-19,Afternoon,3,1,7.0,1,1,14
202400038281,2024-06-17,Morning,4,1,2.0,1,2,94
202400038282,2024-03-04,Evening,3,2,6.0,5,2,14
202400038284,2024-06-18,Afternoon,4,1,2.0,1,2,93
202400038285,2024-05-03,Evening,3,1,1.0,2,1,50
202400038286,2024-06-18,Morning,4,1,3.0,1,2,93
202400038287,2024-06-17,Evening,4,1,3.0,1,2,93
202400038288,2024-11-04,Afternoon,4,1,3.0,1,2,69
202400038290,2024-06-15,Night,4,1,1.0,5,2,93
202400038292,2024-06-17,Morning,4,1,5.0,1,2,93
202400038295,2024-06-18,Morning,4,2,3.0,1,2,92
202400038296,2024-06-18,Evening,4,1,6.0,1,2,92
202400038298,2024-06-18,Morning,3,1,6.0,1,2,92
202400038299,2024-10-01,Night,4,1,3.0,3,2,69
202400038300,2024-06-18,Afternoon,4,1,3.0,1,2,92
202400038301,2024-11-05,Evening,4,1,3.0,3,2,2A
202400038302,2024-09-30,Evening,4,1,2.0,1,2,69
202400038303,2024-06-18,Afternoon,4,1,7.0,1,2,92
202400038304,2024-11-05,Afternoon,4,1,6.0,1,2,2A
202400038305,2024-06-18,Morning,4,3,4.0,1,2,92
202400038306,2024-10-27,Night,4,1,6.0,5,2,2A
202400038307,2024-09-30,Morning,4,1,3.0,1,2,69
202400038308,2024-06-18,Night,4,1,6.0,5,2,92
202400038309,2024-06-17,Afternoon,4,1,2.0,1,2,92
202400038310,2024-11-05,Morning,4,5,3.0,1,2,91
202400038312,2024-06-18,Afternoon,4,1,6.0,1,2,92
202400038313,2024-11-05,Afternoon,4,8,6.0,1,2,91
202400038314,2024-06-18,Morning,4,2,6.0,1,2,92
202400038315,2024-11-05,Morning,4,5,4.0,1,2,91
202400038316,2024-06-18,Morning,4,2,2.0,1,2,92
202400038318,2024-06-17,Afternoon,4,1,3.0,1,2,92
202400038319,2024-11-03,Night,4,1,6.0,5,2,87
202400038320,2024-06-17,Morning,4,1,3.0,1,2,92
202400038321,2024-09-30,Evening,4,1,4.0,5,2,69
202400038322,2024-06-18,Morning,4,2,3.0,1,1,80
202400038323,2024-10-27,Afternoon,4,1,6.0,1,1,84
202400038324,2024-06-18,Afternoon,3,1,3.0,1,1,57
202400038325,2024-06-19,Afternoon,3,1,7.0,1,2,76
202400038328,2024-09-30,Afternoon,4,1,3.0,1,2,91
202400038329,2024-06-16,Evening,4,2,2.0,2,1,21
202400038330,2024-11-04,Afternoon,3,1,6.0,1,1,77
202400038331,2024-05-05,Night,3,1,6.0,3,1,06
202400038332,2024-09-29,Afternoon,4,1,7.0,1,2,91
202400038333,2024-11-05,Morning,3,1,6.0,1,2,72
202400038334,2024-06-18,Afternoon,3,1,1.0,1,1,47
202400038335,2024-11-04,Afternoon,4,1,3.0,5,2,71
202400038336,2024-09-30,Night,3,1,3.0,5,2,91
202400038337,2024-06-19,Morning,3,1,6.0,1,2,62
202400038338,2024-09-30,Morning,3,1,3.0,2,2,89
202400038339,2024-10-30,Afternoon,4,1,3.0,1,2,70
202400038340,2024-09-29,Afternoon,4,1,6.0,1,2,87
202400038341,2024-06-14,Night,3,1,7.0,3,1,32
202400038342,2024-11-04,Evening,4,5,3.0,3,1,69
202400038343,2024-06-19,Evening,4,1,3.0,1,1,71
202400038344,2024-09-27,Morning,4,1,6.0,1,2,87
202400038345,2024-06-17,Afternoon,3,1,6.0,1,2,12
202400038346,2024-11-05,Evening,4,1,1.0,5,2,67
202400038347,2024-06-18,Morning,3,1,7.0,1,1,68
202400038348,2024-09-30,Afternoon,4,1,3.0,1,2,83
202400038349,2024-06-16,Morning,3,1,3.0,1,1,26
202400038350,2024-11-05,Afternoon,4,1,3.0,1,2,67
202400038351,2024-09-30,Morning,3,1,3.0,1,2,83
202400038352,2024-06-16,Morning,3,1,3.0,1,1,73
202400038353,2024-11-04,Morning,4,8,6.0,1,2,67
202400038354,2024-09-30,Afternoon,4,1,7.0,1,2,82
202400038355,2024-06-18,Morning,4,1,6.0,1,2,10
202400038356,2024-11-05,Afternoon,3,1,6.0,1,2,65
202400038357,2024-06-18,Afternoon,4,7,1.0,1,2,07
202400038358,2024-11-05,Evening,4,1,3.0,2,2,64
202400038359,2024-06-18,Morning,2,1,1.0,1,1,40
202400038360,2024-11-04,Evening,4,1,6.0,5,2,64
202400038361,2024-06-11,Afternoon,3,1,6.0,1,2,27
202400038362,2024-09-30,Evening,4,8,3.0,1,2,80
202400038363,2024-06-18,Morning,3,1,7.0,1,1,30
202400038364,2024-11-05,Afternoon,4,1,1.0,1,2,64
202400038365,2024-09-30,Evening,4,8,3.0,5,2,76
202400038367,2024-11-05,Morning,4,1,6.0,2,2,59
202400038368,2024-09-28,Evening,4,1,1.0,5,2,71
202400038369,2024-11-05,Evening,4,1,6.0,3,2,56
202400038370,2024-06-18,Afternoon,4,1,5.0,1,1,49
202400038371,2024-09-29,Evening,4,1,1.0,5,2,69
202400038372,2024-11-04,Evening,3,8,3.0,5,2,56
202400038374,2024-09-28,Morning,3,2,7.0,1,2,69
202400038375,2024-06-18,Evening,3,1,7.0,1,1,38
202400038376,2024-11-04,Morning,4,1,3.0,1,2,56
202400038377,2024-09-30,Afternoon,4,1,3.0,1,1,68
202400038378,2024-06-19,Evening,3,1,6.0,1,1,91
202400038379,2024-11-05,Evening,4,5,6.0,5,2,54
202400038380,2024-09-27,Morning,4,3,3.0,1,2,62
202400038383,2024-09-30,Morning,4,1,3.0,1,2,59
202400038384,2024-11-05,Evening,4,1,6.0,5,2,54
202400038386,2024-09-27,Afternoon,2,1,6.0,1,2,57
202400038387,2024-11-04,Afternoon,4,1,6.0,5,2,51
202400038388,2024-06-18,Morning,4,3,7.0,1,1,77
202400038389,2024-09-27,Evening,4,1,6.0,5,2,56
202400038390,2024-11-04,Afternoon,4,1,7.0,5,2,51
202400038391,2024-09-29,Evening,3,1,6.0,1,2,54
202400038392,2024-06-18,Night,4,1,6.0,1,1,77
202400038393,2024-10-26,Night,4,8,1.0,3,1,49
202400038394,2024-09-29,Night,4,1,3.0,5,2,51
202400038395,2024-06-19,Morning,4,1,1.0,1,1,77
202400038396,2024-09-29,Evening,4,1,2.0,5,2,51
202400038397,2024-11-04,Morning,4,5,4.0,2,1,49
202400038398,2024-06-18,Evening,3,1,3.0,1,2,66
202400038399,2024-06-17,Morning,3,1,6.0,1,2,83
202400038400,2024-11-05,Evening,4,1,6.0,5,2,47
202400038401,2024-09-29,Morning,4,8,1.0,5,2,51
202400038402,2024-06-19,Night,3,1,1.0,3,1,13
202400038403,2024-09-30,Afternoon,4,1,3.0,1,2,50
202400038404,2024-06-19,Afternoon,3,1,2.0,1,1,26
202400038405,2024-09-28,Morning,4,1,7.0,5,2,50
202400038406,2024-06-19,Evening,4,2,1.0,1,1,58
202400038407,2024-09-30,Evening,4,1,6.0,1,2,47
202400038408,2024-06-08,Morning,3,1,6.0,1,1,57
202400038409,2024-09-26,Afternoon,4,2,1.0,1,2,45
202400038410,2024-11-05,Afternoon,4,1,3.0,1,1,42
202400038411,2024-06-18,Morning,3,7,1.0,1,1,26
202400038412,2024-09-30,Afternoon,4,1,3.0,1,2,44
202400038413,2024-11-05,Evening,4,2,3.0,5,2,38
202400038414,2024-06-19,Evening,4,1,3.0,1,1,07
202400038415,2024-09-30,Morning,4,2,7.0,1,2,44
202400038416,2024-06-19,Morning,3,1,6.0,1,2,69
202400038417,2024-09-30,Morning,4,2,3.0,1,2,35
202400038418,2024-11-05,Morning,4,1,3.0,2,2,38
202400038419,2024-06-18,Afternoon,4,1,3.0,1,2,33
202400038420,2024-09-26,Evening,4,2,6.0,1,1,35
202400038421,2024-09-26,Evening,4,1,7.0,1,1,34
202400038422,2024-06-08,Night,3,1,1.0,3,1,35
202400038423,2024-11-05,Evening,4,5,6.0,5,2,35
202400038424,2024-09-30,Afternoon,4,1,3.0,1,2,33
202400038425,2024-06-18,Afternoon,4,1,1.0,1,2,60
202400038426,2024-11-04,Afternoon,3,8,3.0,1,2,34
202400038427,2024-09-30,Afternoon,4,1,2.0,1,2,29
202400038428,2024-06-15,Night,4,1,1.0,3,1,59
202400038429,2024-06-19,Afternoon,4,1,7.0,1,2,59
202400038430,2024-06-18,Morning,4,2,2.0,1,1,13
202400038431,2024-09-29,Afternoon,3,2,3.0,1,2,27
202400038432,2024-09-30,Evening,4,1,3.0,5,2,26
202400038433,2024-11-05,Evening,4,1,3.0,5,2,33
202400038434,2024-09-30,Morning,4,1,1.0,1,2,17
202400038435,2024-06-18,Morning,4,1,2.0,1,1,13
202400038436,2024-09-28,Evening,4,1,3.0,1,2,10
202400038437,2024-09-30,Afternoon,4,2,3.0,1,2,08
202400038438,2024-11-05,Morning,4,1,3.0,1,2,33
202400038439,2024-09-30,Morning,4,1,3.0,2,2,75
202400038440,2024-06-17,Afternoon,4,1,3.0,1,1,13
202400038441,2024-11-05,Morning,4,2,7.0,5,2,29
202400038442,2024-09-29,Evening,3,1,5.0,5,2,75
202400038443,2024-09-29,Night,3,1,2.0,5,2,75
202400038444,2024-06-17,Morning,4,1,2.0,1,1,13
202400038445,2024-09-29,Evening,3,1,3.0,2,2,75
202400038446,2024-11-05,Evening,4,8,3.0,5,2,26
202400038447,2024-09-30,Morning,4,2,6.0,1,2,75
202400038448,2024-06-18,Morning,4,1,6.0,1,1,83
202400038449,2024-09-30,Morning,4,8,7.0,1,2,75
202400038450,2024-09-30,Morning,4,1,3.0,1,2,75
202400038451,2024-06-18,Afternoon,4,1,3.0,1,1,33
202400038452,2024-11-04,Afternoon,4,1,3.0,1,2,19
202400038453,2024-09-30,Afternoon,4,1,2.0,1,2,75
202400038454,2024-09-30,Afternoon,4,2,6.0,1,2,75
202400038455,2024-06-17,Afternoon,3,1,2.0,1,1,59
202400038456,2024-09-30,Afternoon,4,2,3.0,1,2,75
202400038457,2024-06-14,Night,4,2,2.0,3,1,59
202400038458,2024-09-30,Evening,4,2,6.0,5,2,94
202400038459,2024-11-05,Evening,4,1,4.0,5,1,17
202400038460,2024-06-18,Morning,4,3,2.0,1,1,78
202400038461,2024-09-30,Afternoon,4,1,6.0,1,2,94
202400038462,2024-06-17,Afternoon,4,1,2.0,1,1,92
202400038463,2024-09-28,Night,4,1,2.0,5,2,94
202400038464,2024-11-04,Afternoon,4,1,1.0,1,2,16
202400038465,2024-06-18,Morning,4,2,2.0,1,1,95
202400038466,2024-09-30,Evening,4,1,2.0,1,2,94
202400038467,2024-06-18,Night,4,1,2.0,3,1,93
202400038468,2024-09-30,Evening,4,2,6.0,5,2,93
202400038469,2024-11-04,Afternoon,4,1,3.0,1,2,13
202400038470,2024-06-17,Evening,4,1,3.0,1,1,93
202400038471,2024-09-29,Afternoon,4,1,2.0,1,2,93
202400038472,2024-06-17,Evening,4,1,2.0,1,1,93
202400038473,2024-11-04,Morning,4,1,2.0,1,2,13
202400038474,2024-06-17,Afternoon,4,1,3.0,1,1,93
202400038475,2024-09-30,Afternoon,3,1,1.0,1,2,93
202400038476,2024-09-30,Night,4,2,6.0,5,2,93
202400038477,2024-06-16,Night,4,1,3.0,3,1,93
202400038478,2024-11-06,Night,3,1,6.0,5,2,13
202400038479,2024-06-17,Afternoon,3,1,5.0,1,1,77
202400038480,2024-09-30,Morning,4,1,4.0,1,2,92
202400038481,2024-09-30,Morning,4,1,7.0,1,2,92
202400038482,2024-06-17,Morning,3,1,2.0,1,1,77
202400038483,2024-09-29,Morning,4,8,7.0,1,1,92
202400038484,2024-05-31,Morning,4,1,3.0,1,2,44
202400038485,2024-09-30,Morning,4,1,3.0,1,2,92
202400038486,2024-11-05,Evening,4,1,1.0,5,2,13
202400038487,2024-05-29,Afternoon,4,1,3.0,1,2,44
202400038488,2024-09-29,Afternoon,4,1,1.0,1,2,92
202400038489,2024-05-28,Morning,4,1,2.0,1,2,44
202400038490,2024-11-05,Morning,4,3,6.0,2,2,11
202400038491,2024-09-30,Morning,4,8,2.0,1,2,92
202400038492,2024-05-27,Morning,4,1,7.0,1,2,44
202400038493,2024-09-30,Afternoon,4,1,3.0,1,2,92
202400038494,2024-04-24,Night,4,8,7.0,3,1,44
202400038495,2024-11-05,Morning,4,2,6.0,2,2,11
202400038496,2024-10-01,Afternoon,4,2,6.0,1,1,37
202400038498,2024-09-30,Morning,4,1,5.0,1,1,38
202400038499,2024-11-04,Afternoon,4,1,3.0,3,2,11
202400038500,2024-09-30,Morning,3,1,7.0,3,1,06
202400038501,2024-10-01,Afternoon,4,8,7.0,1,1,02
202400038503,2024-11-04,Evening,3,1,3.0,5,2,06
202400038504,2024-09-27,Afternoon,3,2,6.0,1,2,63
202400038506,2024-10-01,Afternoon,4,7,3.0,1,1,22
202400038508,2024-09-30,Morning,4,2,2.0,1,1,59
202400038509,2024-11-05,Afternoon,4,1,3.0,5,2,75
202400038510,2024-06-17,Morning,4,1,3.0,1,1,69
202400038511,2024-09-30,Afternoon,4,1,3.0,1,1,34
202400038512,2024-06-17,Afternoon,4,1,6.0,1,2,69
202400038513,2024-10-01,Afternoon,4,1,7.0,1,1,41
202400038514,2024-11-05,Afternoon,4,1,2.0,1,2,75
202400038515,2024-09-30,Morning,4,2,6.0,1,2,56
202400038516,2024-11-05,Morning,4,1,7.0,1,2,75
202400038517,2024-09-30,Morning,3,1,1.0,1,1,31
202400038518,2024-11-05,Afternoon,3,1,6.0,1,2,75
202400038519,2024-10-01,Morning,3,8,6.0,2,1,71
202400038520,2024-06-17,Afternoon,4,1,3.0,1,1,2B
202400038521,2024-09-28,Night,3,1,6.0,3,1,89
202400038522,2024-11-05,Morning,3,1,6.0,5,2,75
202400038523,2024-09-30,Night,4,1,6.0,5,2,12
202400038524,2024-06-17,Evening,4,2,3.0,1,2,91
202400038525,2024-11-05,Morning,4,8,6.0,2,2,75
202400038526,2024-09-30,Afternoon,4,1,3.0,1,1,47
202400038527,2024-06-15,Night,3,1,6.0,5,2,87
202400038528,2024-09-18,Evening,4,2,1.0,1,1,41
202400038529,2024-06-17,Morning,4,1,6.0,1,1,77
202400038530,2024-10-01,Morning,3,3,7.0,1,2,86
202400038531,2024-11-04,Afternoon,4,1,3.0,1,2,75
202400038532,2024-06-16,Evening,4,2,3.0,2,2,77
202400038533,2024-09-30,Evening,4,8,1.0,1,1,25
202400038534,2024-06-17,Evening,4,3,6.0,1,2,77
202400038535,2024-06-16,Night,4,1,6.0,5,2,76
202400038536,2024-09-23,Afternoon,3,3,6.0,1,1,29
202400038537,2024-11-05,Evening,4,1,3.0,5,2,75
202400038538,2024-06-15,Morning,4,1,1.0,1,2,76
202400038539,2024-09-30,Afternoon,4,1,1.0,1,1,29
202400038540,2024-06-15,Afternoon,4,3,2.0,1,1,76
202400038541,2024-09-30,Evening,4,1,6.0,3,1,31
202400038542,2024-11-05,Morning,4,1,3.0,1,2,75
202400038543,2024-06-16,Afternoon,4,2,3.0,1,2,72
202400038544,2024-09-30,Afternoon,4,1,1.0,1,2,83
202400038545,2024-09-30,Evening,2,1,1.0,2,1,64
202400038546,2024-06-17,Afternoon,4,1,5.0,1,2,71