Num_Acc,date,time_of_day,max_severity,weather,collision_type,lighting,urban_area,department
202400038547,2024-11-04,Afternoon,4,1,6.0,1,2,75
202400038548,2024-09-30,Evening,4,1,3.0,2,2,18
202400038549,2024-06-16,Night,4,1,6.0,5,2,69
202400038550,2024-09-30,Afternoon,3,1,7.0,1,1,18
202400038551,2024-06-17,Afternoon,4,1,6.0,1,2,69
202400038552,2024-10-01,Morning,4,2,7.0,1,2,36
202400038553,2024-11-04,Afternoon,4,1,3.0,1,2,75
202400038554,2024-09-30,Evening,3,1,6.0,1,2,07
202400038555,2024-06-17,Night,4,1,3.0,5,2,67
202400038556,2024-11-03,Evening,4,1,3.0,5,2,75
202400038557,2024-12-11,Night,2,1,2.0,3,1,38
202400038558,2024-06-17,Morning,4,1,6.0,1,2,66
202400038559,2024-12-11,Afternoon,4,8,3.0,1,2,35
202400038560,2024-11-04,Afternoon,4,1,1.0,1,2,94
202400038561,2024-06-17,Afternoon,4,1,2.0,1,2,64
202400038562,2024-12-11,Morning,4,1,6.0,5,2,35
202400038563,2024-06-14,Afternoon,4,1,6.0,1,2,59
202400038564,2024-11-04,Morning,4,1,3.0,1,2,94
202400038565,2024-12-11,Morning,4,1,3.0,5,2,35
202400038566,2024-11-05,Morning,4,1,6.0,2,2,94
202400038567,2024-12-11,Evening,4,1,5.0,5,2,34
202400038568,2024-11-05,Afternoon,4,1,3.0,1,2,93
202400038569,2024-12-10,Afternoon,4,1,7.0,1,2,34
202400038570,2024-06-14,Morning,4,1,6.0,1,2,59
202400038571,2024-12-11,Evening,4,1,7.0,5,2,33
202400038572,2024-11-04,Night,4,1,5.0,5,2,93
202400038573,2024-06-16,Night,4,1,7.0,3,2,55
202400038574,2024-12-11,Afternoon,3,8,3.0,1,2,31
202400038575,2024-11-05,Morning,4,1,3.0,1,2,93
202400038576,2024-06-16,Evening,4,3,6.0,2,2,54
202400038577,2024-12-10,Afternoon,4,1,2.0,1,2,29
202400038578,2024-11-05,Afternoon,4,1,6.0,5,2,93
202400038579,2024-06-15,Afternoon,4,1,6.0,1,2,54
202400038580,2024-11-05,Afternoon,3,8,3.0,1,2,93
202400038581,2024-12-11,Morning,4,1,6.0,1,2,25
202400038582,2024-11-05,Morning,3,5,3.0,5,2,93
202400038583,2024-06-13,Afternoon,3,1,6.0,1,2,50
202400038584,2024-12-11,Afternoon,3,1,3.0,1,2,13
202400038585,2024-06-16,Afternoon,4,2,3.0,1,1,49
202400038586,2024-12-11,Afternoon,3,1,1.0,1,2,13
202400038587,2024-11-05,Afternoon,4,1,3.0,1,2,93
202400038588,2024-12-11,Evening,3,1,3.0,5,2,13
202400038589,2024-06-17,Evening,3,1,3.0,1,2,45
202400038590,2024-11-05,Morning,4,5,2.0,2,2,92
202400038591,2024-12-11,Morning,3,1,1.0,1,2,13
202400038592,2024-06-17,Morning,4,2,4.0,1,2,45
202400038593,2024-11-04,Afternoon,4,1,4.0,5,2,92
202400038594,2024-12-11,Evening,4,1,1.0,5,2,13
202400038595,2024-06-17,Morning,4,1,6.0,1,2,43
202400038596,2024-12-09,Afternoon,4,1,7.0,1,2,75
202400038597,2024-11-04,Morning,4,1,6.0,1,2,92
202400038598,2024-12-11,Morning,4,2,6.0,2,2,75
202400038599,2024-06-16,Evening,4,1,6.0,1,2,37
202400038600,2024-11-05,Evening,3,1,6.0,5,2,92
202400038601,2024-12-11,Evening,4,1,2.0,5,2,75
202400038602,2024-11-05,Afternoon,4,1,7.0,1,2,92
202400038603,2024-06-17,Evening,3,1,6.0,1,1,35
202400038604,2024-11-05,Evening,4,1,6.0,5,2,92
202400038605,2024-06-15,Morning,4,1,2.0,2,2,34
202400038606,2024-06-17,Evening,4,1,7.0,1,1,32
202400038607,2024-11-01,Afternoon,3,1,3.0,1,1,33
202400038608,2024-12-11,Morning,4,2,6.0,2,2,75
202400038609,2024-06-17,Night,4,1,3.0,5,2,31
202400038610,2024-11-05,Afternoon,3,1,6.0,1,2,24
202400038611,2024-11-05,Afternoon,4,1,3.0,1,2,09
202400038612,2024-12-10,Morning,4,1,6.0,1,2,75
202400038613,2024-11-04,Afternoon,3,1,6.0,1,2,63
202400038614,2024-12-11,Night,4,2,2.0,5,2,75
202400038615,2024-11-03,Evening,4,1,4.0,3,1,21
202400038616,2024-11-05,Morning,3,1,7.0,1,1,30
202400038617,2024-10-31,Afternoon,4,1,1.0,1,1,37
202400038618,2024-12-10,Afternoon,4,2,4.0,5,2,75
202400038619,2024-12-11,Morning,4,2,6.0,1,2,75
202400038620,2024-11-05,Afternoon,3,1,1.0,3,1,91
202400038621,2024-12-11,Morning,4,2,3.0,1,2,75
202400038622,2024-12-11,Morning,4,2,3.0,1,2,94
202400038623,2024-12-11,Morning,4,2,3.0,3,2,94
202400038624,2024-11-06,Morning,4,2,1.0,2,1,59
202400038625,2024-12-11,Evening,4,1,6.0,2,2,94
202400038626,2024-11-05,Evening,3,5,1.0,3,2,56
202400038627,2024-12-11,Afternoon,4,1,3.0,1,2,93
202400038628,2024-12-11,Morning,4,2,6.0,5,2,93
202400038629,2024-11-05,Evening,3,5,1.0,3,1,56
202400038630,2024-12-09,Night,4,1,2.0,5,2,93
202400038631,2024-12-11,Evening,4,1,3.0,5,2,93
202400038632,2024-12-11,Morning,4,2,1.0,5,2,93
202400038633,2024-11-06,Night,3,1,2.0,3,1,59
202400038634,2024-12-10,Afternoon,4,2,3.0,2,2,93
202400038635,2024-12-11,Night,4,1,3.0,5,2,93
202400038636,2024-12-11,Evening,4,1,6.0,5,2,93
202400038637,2024-12-10,Afternoon,4,2,6.0,2,2,93
202400038638,2024-11-05,Afternoon,3,1,1.0,5,2,76
202400038639,2024-12-11,Evening,4,1,6.0,5,2,92
202400038640,2024-11-06,Afternoon,4,7,3.0,1,1,71
202400038641,2024-12-11,Afternoon,4,1,3.0,5,2,92
202400038642,2024-12-11,Evening,4,1,1.0,5,2,92
202400038643,2024-11-02,Morning,3,5,3.0,1,1,71
202400038644,2024-12-11,Morning,4,2,6.0,1,2,92
202400038645,2024-12-11,Afternoon,4,1,6.0,5,2,92
202400038646,2024-11-06,Morning,3,5,1.0,1,1,49
202400038647,2024-11-05,Afternoon,4,1,1.0,2,1,12
202400038648,2024-12-10,Evening,4,2,1.0,5,2,92
202400038649,2024-11-06,Afternoon,2,1,6.0,1,1,12
202400038650,2024-12-11,Evening,4,1,6.0,5,2,92
202400038651,2024-11-05,Evening,4,1,3.0,3,2,29
202400038652,2024-12-09,Afternoon,4,2,2.0,3,2,92
202400038653,2024-12-11,Morning,4,2,6.0,1,2,92
202400038654,2024-11-06,Night,2,5,6.0,3,1,02
202400038655,2024-12-07,Evening,4,1,1.0,5,2,67
202400038656,2024-11-05,Evening,4,5,6.0,3,1,58
202400038657,2024-11-05,Morning,3,5,1.0,3,1,72
202400038659,2024-11-04,Evening,3,1,1.0,5,2,72
202400038660,2024-12-12,Afternoon,3,1,3.0,1,1,83
202400038661,2024-11-03,Evening,2,8,6.0,3,1,36
202400038662,2024-12-11,Night,3,1,6.0,5,2,59
202400038663,2024-11-06,Evening,3,1,1.0,3,1,21
202400038664,2024-12-12,Evening,3,1,1.0,3,1,67
202400038665,2024-11-05,Night,3,5,7.0,3,2,24
202400038666,2024-12-12,Morning,3,1,6.0,1,2,82
202400038667,2024-11-06,Afternoon,3,5,6.0,1,2,27
202400038668,2024-12-10,Afternoon,2,2,6.0,5,2,61
202400038669,2024-12-11,Evening,3,1,6.0,3,1,61
202400038670,2024-11-04,Evening,4,5,5.0,3,1,37
202400038671,2024-12-12,Morning,4,1,6.0,2,2,12
202400038672,2024-11-06,Night,4,1,3.0,3,1,13
202400038673,2024-12-04,Afternoon,4,1,1.0,1,1,34
202400038674,2024-11-11,Evening,4,9,1.0,3,1,25
202400038676,2024-12-11,Afternoon,2,1,7.0,1,2,29
202400038678,2024-12-12,Afternoon,4,5,1.0,2,1,02
202400038679,2024-12-12,Night,3,1,6.0,3,2,03
202400038680,2024-11-04,Afternoon,3,1,1.0,1,2,45
202400038681,2024-12-12,Morning,3,1,2.0,1,1,26
202400038682,2024-11-05,Morning,4,5,5.0,1,1,77
202400038683,2024-12-12,Morning,4,1,3.0,2,1,14
202400038684,2024-11-03,Evening,3,1,7.0,5,2,77
202400038685,2024-12-12,Afternoon,4,1,1.0,1,1,30
202400038686,2024-10-09,Afternoon,3,3,1.0,1,1,78
202400038687,2024-12-12,Morning,3,1,7.0,4,2,30
202400038688,2024-12-11,Afternoon,4,1,1.0,1,1,11
202400038689,2024-11-05,Evening,4,1,3.0,3,2,2B
202400038690,2024-11-06,Afternoon,3,1,3.0,1,2,83
202400038691,2024-12-10,Afternoon,3,1,3.0,1,1,13
202400038692,2024-12-11,Night,3,1,7.0,3,1,34
202400038693,2024-11-05,Evening,2,1,1.0,5,2,83
202400038694,2024-11-06,Afternoon,4,1,2.0,1,2,13
202400038695,2024-12-11,Afternoon,4,1,2.0,1,2,68
202400038696,2024-12-11,Afternoon,4,1,3.0,5,2,68
202400038697,2024-12-12,Evening,3,1,7.0,3,1,26
202400038698,2024-12-12,Morning,4,2,4.0,2,1,60
202400038699,2024-11-04,Afternoon,3,1,3.0,1,1,33
202400038700,2024-12-07,Evening,4,2,6.0,5,2,59
202400038701,2024-11-05,Afternoon,3,1,1.0,1,2,62
202400038702,2024-12-10,Afternoon,4,1,3.0,3,2,59
202400038703,2024-12-11,Morning,4,1,7.0,1,1,33
202400038704,2024-11-05,Afternoon,4,2,6.0,1,1,59
202400038705,2024-12-09,Morning,4,1,3.0,1,1,59
202400038706,2024-11-12,Afternoon,3,1,7.0,3,1,62
202400038707,2024-11-05,Afternoon,4,2,2.0,4,1,59
202400038708,2024-12-11,Morning,4,1,2.0,1,1,91
202400038709,2024-11-05,Morning,4,1,2.0,5,1,13
202400038710,2024-12-11,Morning,4,1,4.0,2,1,91
202400038711,2024-11-02,Evening,4,1,3.0,3,1,69
202400038712,2024-12-11,Morning,4,2,2.0,2,1,95
202400038713,2024-11-05,Night,4,1,2.0,3,1,33
202400038714,2024-12-10,Evening,4,2,1.0,3,1,92
202400038715,2024-11-05,Afternoon,4,1,2.0,1,1,33
202400038716,2024-12-10,Night,4,1,6.0,3,1,95
202400038717,2024-11-04,Night,4,1,6.0,3,1,33
202400038718,2024-12-09,Evening,4,1,2.0,3,1,93
202400038719,2024-11-05,Night,4,1,6.0,3,1,59
202400038720,2024-12-09,Morning,3,1,7.0,1,1,95
202400038721,2024-12-09,Morning,4,2,7.0,3,1,95
202400038722,2024-12-09,Night,4,1,7.0,3,1,93
202400038723,2024-11-14,Afternoon,4,1,3.0,5,2,44
202400038724,2024-11-03,Evening,3,1,6.0,3,1,62
202400038725,2024-11-09,Afternoon,4,1,7.0,1,2,44
202400038726,2024-11-08,Evening,4,1,7.0,5,2,44
202400038727,2024-11-04,Evening,4,1,2.0,5,1,92
202400038728,2024-11-08,Morning,4,1,3.0,1,2,44
202400038729,2024-11-04,Evening,4,1,4.0,5,1,92
202400038730,2024-11-06,Afternoon,4,1,6.0,1,2,44
202400038731,2024-09-28,Afternoon,4,1,3.0,1,2,50
202400038732,2024-11-04,Morning,4,1,2.0,1,1,92
202400038733,2024-12-02,Morning,4,1,2.0,1,2,44
202400038734,2024-11-04,Night,4,1,6.0,3,1,77
202400038735,2024-09-26,Morning,3,8,1.0,1,1,91
202400038736,2024-11-04,Morning,4,1,2.0,1,1,94
202400038737,2024-09-20,Afternoon,3,1,3.0,1,1,91
202400038738,2024-11-04,Morning,4,1,2.0,2,1,94
202400038739,2024-06-28,Night,4,1,6.0,3,1,73
202400038740,2024-12-09,Morning,4,8,3.0,1,2,62
202400038741,2024-03-29,Morning,4,8,6.0,1,2,73
202400038742,2024-10-15,Afternoon,2,1,7.0,1,2,82
202400038743,2024-06-28,Night,2,1,6.0,3,2,34
202400038744,2024-07-09,Evening,4,1,4.0,1,1,77
202400038745,2024-07-27,Night,3,1,1.0,2,2,14
202400038746,2024-08-18,Night,4,1,2.0,5,2,40
202400038751,2024-11-05,Evening,4,1,6.0,5,2,69
202400038753,2024-11-04,Evening,4,1,3.0,5,2,69
202400038757,2024-11-04,Evening,4,1,6.0,5,2,2B
202400038759,2024-12-10,Night,4,1,3.0,5,2,69
202400038765,2024-11-04,Morning,4,1,2.0,1,2,2A
202400038766,2024-12-10,Evening,4,2,6.0,5,2,95
202400038767,2024-12-09,Afternoon,4,2,6.0,5,2,95
202400038768,2024-11-04,Morning,4,1,3.0,1,2,95
202400038769,2024-12-10,Morning,4,1,6.0,2,1,91
202400038770,2024-11-04,Morning,4,1,6.0,5,2,91
202400038771,2024-11-04,Evening,4,1,3.0,3,2,91
202400038772,2024-12-09,Evening,3,1,6.0,5,2,91
202400038773,2024-10-31,Afternoon,3,1,6.0,1,2,87
202400038774,2024-12-10,Afternoon,4,1,6.0,1,2,91
202400038775,2024-10-31,Morning,4,1,2.0,1,1,87
202400038776,2024-12-06,Afternoon,4,1,3.0,1,2,87
202400038777,2024-12-06,Morning,3,1,3.0,1,2,85
202400038778,2024-11-04,Afternoon,3,1,1.0,1,1,83
202400038779,2024-12-10,Night,4,1,6.0,5,2,84
202400038780,2024-11-04,Afternoon,4,1,6.0,1,2,83
202400038781,2024-11-03,Evening,4,1,5.0,3,1,83
202400038782,2024-12-10,Afternoon,4,1,7.0,1,1,77
202400038783,2024-11-04,Afternoon,3,1,2.0,1,2,78
202400038784,2024-12-09,Morning,4,2,6.0,1,2,77
202400038785,2024-11-04,Evening,4,1,6.0,3,1,78
202400038786,2024-12-10,Evening,3,2,4.0,3,1,77
202400038787,2024-12-09,Evening,4,1,6.0,5,2,77
202400038788,2024-10-31,Afternoon,4,1,6.0,2,2,77
202400038789,2024-12-09,Afternoon,3,2,6.0,5,2,77
202400038790,2024-11-03,Night,3,1,6.0,3,2,77
202400038791,2024-12-10,Morning,3,1,6.0,1,1,77
202400038792,2024-11-04,Afternoon,4,1,6.0,1,2,77
202400038793,2024-12-08,Evening,2,2,6.0,5,2,76
202400038794,2024-11-04,Morning,4,1,3.0,1,2,77
202400038795,2024-12-09,Morning,3,1,6.0,1,2,76
202400038796,2024-11-04,Afternoon,4,1,6.0,1,1,76
202400038797,2024-12-09,Afternoon,4,1,2.0,3,1,73
202400038798,2024-11-03,Night,4,1,6.0,5,2,76
202400038799,2024-12-08,Afternoon,4,2,3.0,1,1,69
202400038800,2024-10-31,Evening,4,1,6.0,2,2,76
202400038801,2024-12-10,Afternoon,4,1,6.0,5,2,67
202400038802,2024-12-10,Night,4,1,3.0,5,2,67
202400038803,2024-11-04,Morning,4,1,3.0,1,2,73
202400038804,2024-12-09,Morning,4,8,6.0,1,2,67
202400038805,2024-11-04,Morning,4,1,2.0,1,2,72
202400038806,2024-12-09,Morning,4,8,7.0,1,2,67
202400038807,2024-11-03,Afternoon,4,1,6.0,1,2,69
202400038808,2024-12-09,Afternoon,4,1,1.0,1,1,67
202400038809,2024-11-02,Evening,4,1,3.0,5,2,68
202400038810,2024-12-09,Afternoon,4,2,3.0,4,2,64
202400038811,2024-12-10,Morning,4,8,7.0,1,2,64
202400038812,2024-11-01,Night,4,1,2.0,4,2,65
202400038813,2024-11-04,Evening,4,1,3.0,1,2,64
202400038814,2024-12-09,Evening,4,2,4.0,3,2,64
202400038815,2024-11-04,Afternoon,4,1,4.0,1,2,64
202400038816,2024-12-09,Morning,4,2,3.0,5,2,64
202400038817,2024-12-10,Morning,4,1,7.0,2,2,64
202400038818,2024-11-04,Afternoon,4,1,6.0,1,2,62
202400038819,2024-11-03,Night,2,1,7.0,5,2,62
202400038820,2024-12-10,Morning,4,1,6.0,2,2,63
202400038821,2024-11-01,Night,2,2,6.0,5,2,62
202400038822,2024-12-10,Afternoon,4,1,6.0,1,1,60
202400038823,2024-11-04,Morning,4,5,2.0,2,1,59
202400038824,2024-12-09,Morning,4,1,,1,2,59
202400038825,2024-11-04,Afternoon,4,1,6.0,1,2,59
202400038826,2024-12-10,Afternoon,4,1,3.0,1,2,56
202400038827,2024-11-03,Night,3,1,6.0,3,1,57
202400038828,2024-11-03,Afternoon,4,1,6.0,2,1,56
202400038829,2024-12-09,Afternoon,4,2,5.0,1,2,56
202400038830,2024-11-04,Afternoon,4,1,6.0,1,2,54
202400038831,2024-12-06,Morning,4,1,2.0,5,2,56
202400038832,2024-11-01,Morning,4,5,1.0,1,1,49
202400038833,2024-12-09,Evening,4,1,6.0,5,2,54
202400038834,2024-12-09,Morning,4,8,6.0,2,2,54
202400038835,2024-12-10,Afternoon,4,1,3.0,1,2,51
202400038836,2024-12-07,Evening,4,2,6.0,2,2,51
202400038837,2024-12-06,Afternoon,4,1,6.0,1,2,50
202400038838,2024-12-09,Afternoon,4,1,3.0,4,2,49
202400038839,2024-12-09,Morning,4,1,3.0,1,2,49
202400038840,2024-12-10,Afternoon,3,2,3.0,5,2,45
202400038841,2024-11-12,Afternoon,4,2,6.0,5,2,42
202400038842,2024-12-10,Morning,4,1,6.0,1,2,35
202400038843,2024-12-10,Morning,4,1,2.0,2,1,35
202400038844,2024-12-05,Evening,4,1,1.0,5,2,30
202400038845,2024-12-10,Night,4,1,6.0,5,2,23
202400038846,2024-12-09,Morning,4,1,5.0,3,1,18
202400038847,2024-12-09,Afternoon,3,1,6.0,1,2,16
202400038848,2024-12-10,Morning,4,1,1.0,1,1,13
202400038849,2024-12-10,Night,4,1,2.0,5,2,13
202400038850,2024-12-09,Afternoon,4,1,3.0,1,2,13
202400038851,2024-12-06,Night,4,1,7.0,5,2,07
202400038852,2024-12-10,Afternoon,4,1,3.0,1,2,03
202400038853,2024-12-10,Evening,4,2,3.0,5,2,75
202400038854,2024-12-10,Evening,4,1,3.0,5,2,75
202400038855,2024-12-09,Evening,4,1,6.0,5,2,75
202400038856,2024-12-09,Afternoon,4,2,2.0,5,2,75
202400038857,2024-12-09,Afternoon,3,8,6.0,1,2,75
202400038858,2024-12-10,Night,4,2,1.0,5,2,75
202400038859,2024-12-10,Evening,4,2,6.0,5,2,75
202400038860,2024-12-10,Afternoon,4,2,3.0,5,2,75
202400038861,2024-12-10,Afternoon,4,1,6.0,1,2,75
202400038862,2024-12-10,Evening,4,2,2.0,5,2,75
202400038863,2024-12-09,Afternoon,4,1,6.0,1,2,75
202400038864,2024-12-06,Night,4,1,3.0,5,2,75
202400038865,2024-12-09,Afternoon,4,2,2.0,2,2,75
202400038866,2024-12-09,Evening,4,9,3.0,5,2,75
202400038867,2024-12-09,Afternoon,4,1,3.0,1,2,75
202400038868,2024-12-10,Morning,4,1,6.0,1,2,75
202400038869,2024-12-10,Afternoon,3,2,6.0,1,2,75
202400038870,2024-12-10,Evening,4,2,3.0,5,2,75
202400038871,2024-12-10,Afternoon,4,8,7.0,1,2,75
202400038872,2024-12-10,Evening,4,2,6.0,5,2,75
202400038873,2024-12-10,Morning,4,2,3.0,1,2,75
202400038874,2024-12-10,Afternoon,4,1,2.0,1,2,75
202400038875,2024-12-10,Morning,4,1,3.0,1,2,75
202400038876,2024-12-10,Evening,4,2,2.0,5,2,75
202400038877,2024-12-10,Afternoon,4,2,6.0,1,2,75
202400038878,2024-12-10,Morning,4,2,6.0,1,2,75
202400038879,2024-12-10,Morning,3,1,2.0,1,2,94
202400038880,2024-11-18,Afternoon,4,2,6.0,2,2,94
202400038881,2024-12-09,Afternoon,4,2,3.0,5,2,94
202400038882,2024-12-10,Evening,4,2,6.0,5,2,94
202400038883,2024-12-08,Afternoon,4,2,3.0,1,2,94
202400038884,2024-12-10,Evening,4,8,6.0,5,2,94
202400038885,2024-12-10,Morning,4,2,3.0,1,2,94
202400038886,2024-12-10,Afternoon,4,1,6.0,2,2,93
202400038887,2024-12-10,Morning,4,1,6.0,1,2,93
202400038888,2024-12-10,Evening,4,2,3.0,5,2,93
202400038889,2024-01-14,Afternoon,4,8,6.0,1,2,94
202400038890,2024-01-14,Morning,4,1,3.0,5,2,94
202400038891,2024-01-14,Evening,4,1,3.0,5,2,94
202400038892,2024-01-14,Evening,4,1,3.0,5,2,94
202400038893,2024-01-14,Evening,4,1,2.0,5,2,93
202400038894,2024-01-13,Evening,4,8,3.0,5,2,93
202400038895,2024-01-14,Evening,4,1,3.0,5,2,93
202400038896,2024-01-14,Afternoon,4,8,3.0,1,2,93
202400038897,2024-01-14,Night,4,1,7.0,5,2,93
202400038898,2024-01-14,Night,4,1,2.0,5,2,92
202400038899,2024-01-14,Morning,4,8,2.0,1,2,92
202400038900,2024-01-12,Morning,3,7,6.0,2,1,37
202400038901,2024-01-14,Evening,3,2,3.0,5,2,35
202400038902,2024-01-15,Night,4,1,3.0,5,2,45
202400038903,2024-01-09,Afternoon,4,8,2.0,1,1,77
202400038904,2024-01-15,Morning,3,1,6.0,1,2,83
202400038905,2024-01-11,Morning,4,1,3.0,2,1,57
202400038906,2024-01-09,Afternoon,3,1,6.0,3,1,57
202400038907,2024-01-14,Morning,3,9,7.0,2,1,51
202400038908,2024-01-13,Afternoon,3,1,6.0,1,2,82
202400038909,2024-01-14,Evening,4,1,5.0,2,1,61
202400038910,2024-01-14,Night,2,4,7.0,3,1,55
202400038911,2024-01-12,Morning,3,1,1.0,1,1,22
202400038912,2024-01-15,Afternoon,4,1,6.0,1,1,29
202400038913,2024-01-14,Evening,3,1,6.0,3,2,15
202400038914,2024-01-14,Afternoon,3,1,6.0,1,1,43
202400038915,2024-01-14,Evening,3,1,2.0,3,1,43
202400038916,2024-01-14,Morning,3,2,6.0,1,1,36
202400038917,2024-01-14,Evening,2,9,6.0,3,1,36
202400038918,2024-01-14,Evening,3,1,6.0,3,1,24
202400038919,2024-01-13,Night,3,1,6.0,3,1,49
202400038922,2024-01-11,Evening,4,1,3.0,5,2,13
202400038923,2024-01-15,Night,4,1,2.0,3,1,01
202400038925,2024-01-15,Afternoon,4,1,1.0,1,1,06
202400038926,2024-01-15,Morning,4,4,1.0,1,1,73
202400038927,2024-01-14,Evening,3,1,5.0,3,1,38
202400038928,2024-01-14,Evening,4,1,5.0,3,1,38
202400038930,2024-01-15,Morning,3,1,6.0,1,1,95
202400038931,2024-01-14,Evening,4,1,1.0,3,1,2B
202400038932,2024-01-14,Afternoon,3,1,6.0,1,1,03
202400038933,2024-01-14,Evening,4,1,1.0,3,1,26
202400038934,2024-01-15,Morning,4,2,6.0,1,2,69
202400038935,2024-01-14,Evening,3,2,3.0,3,1,09
202400038936,2024-01-13,Afternoon,3,1,3.0,1,1,17
202400038937,2024-01-15,Afternoon,3,1,7.0,1,1,86
202400038938,2024-01-13,Afternoon,2,1,6.0,1,1,33
202400038939,2024-01-14,Afternoon,3,2,6.0,2,1,44
202400038940,2024-01-12,Morning,3,1,1.0,1,1,59
202400038941,2024-01-14,Night,4,1,6.0,5,1,13
202400038942,2024-01-13,Night,3,9,3.0,3,1,67
202400038943,2024-01-14,Night,4,5,6.0,3,1,33
202400038944,2024-01-14,Morning,4,8,4.0,1,1,91
202400038945,2024-01-14,Morning,4,8,6.0,3,1,94
202400038946,2024-01-14,Afternoon,4,1,2.0,1,1,92
202400038947,2024-01-14,Night,4,1,2.0,3,1,92
202400038948,2024-01-14,Morning,4,1,7.0,1,1,93
202400038949,2024-01-13,Evening,4,1,2.0,3,1,95
202400038953,2024-01-13,Evening,4,1,5.0,5,2,69
202400038956,2024-01-13,Evening,4,1,,5,2,2B
202400038957,2024-01-13,Morning,4,1,2.0,1,2,2B
202400038960,2024-01-12,Afternoon,4,1,6.0,1,2,95
202400038961,2024-01-11,Morning,3,1,6.0,1,2,95
202400038962,2024-01-13,Morning,4,8,3.0,1,2,91
202400038963,2024-01-13,Morning,4,1,2.0,1,2,82
202400038964,2024-01-13,Morning,4,1,3.0,2,2,78
202400038965,2024-01-14,Night,4,1,7.0,5,2,77
202400038966,2024-01-13,Morning,4,1,6.0,1,2,77
202400038967,2024-01-13,Night,4,5,6.0,3,2,77
202400038968,2024-01-13,Morning,4,1,1.0,1,2,76
202400038969,2024-01-13,Night,4,1,2.0,5,2,76
202400038970,2024-01-13,Evening,4,1,6.0,5,2,69
202400038971,2024-01-12,Afternoon,4,1,3.0,1,2,69
202400038972,2024-05-13,Afternoon,3,1,3.0,1,2,38
202400038973,2024-05-13,Morning,4,1,7.0,1,2,37
202400038974,2024-01-13,Afternoon,4,8,6.0,1,2,67
202400038975,2024-05-13,Morning,3,1,3.0,1,2,35
202400038976,2024-01-13,Evening,4,1,4.0,5,2,64
202400038977,2024-05-10,Afternoon,3,1,3.0,1,2,30
202400038978,2024-01-13,Night,3,5,2.0,3,1,63
202400038979,2024-05-13,Morning,4,3,3.0,1,2,29
202400038980,2024-01-13,Afternoon,4,1,6.0,1,2,63
202400038981,2024-04-26,Evening,3,1,3.0,5,2,28
202400038982,2024-01-12,Evening,3,8,6.0,5,1,62
202400038983,2024-01-12,Afternoon,4,1,1.0,1,2,62
202400038984,2024-05-13,Afternoon,4,1,2.0,1,2,22
202400038985,2024-01-13,Afternoon,3,7,6.0,1,2,48
202400038986,2024-05-13,Afternoon,4,1,3.0,1,2,17
202400038987,2024-01-12,Morning,4,5,7.0,3,1,47
202400038988,2024-05-12,Evening,4,1,1.0,5,2,13
202400038989,2024-01-13,Morning,4,8,6.0,1,2,47
202400038990,2024-05-13,Night,3,1,1.0,5,2,13
202400038991,2024-01-12,Afternoon,4,1,6.0,1,2,47
202400038992,2024-05-13,Evening,4,1,6.0,1,2,09
202400038993,2024-02-28,Morning,4,1,6.0,1,2,45
202400038994,2024-01-13,Afternoon,3,1,6.0,1,2,38
202400038995,2024-05-13,Afternoon,4,1,6.0,1,2,01
202400038996,2024-01-13,Afternoon,4,8,2.0,1,2,37
202400038997,2024-02-25,Night,3,2,6.0,5,2,45
202400038998,2024-05-12,Afternoon,4,1,6.0,1,2,75
202400038999,2024-01-13,Afternoon,4,8,3.0,1,2,35
202400039000,2024-05-13,Night,3,1,6.0,5,2,75
202400039001,2024-02-24,Evening,4,1,3.0,5,2,45
202400039002,2024-01-12,Afternoon,4,1,3.0,1,2,35
202400039003,2024-05-13,Evening,4,1,3.0,1,2,75
202400039004,2024-02-28,Evening,3,2,3.0,5,2,44
202400039005,2024-01-13,Evening,4,1,3.0,5,2,33
202400039006,2024-05-13,Night,4,1,6.0,5,2,75
202400039007,2024-04-05,Morning,4,3,3.0,1,2,85
202400039008,2024-01-13,Morning,3,1,6.0,1,2,31
202400039009,2024-02-23,Morning,4,1,7.0,1,2,44
202400039010,2024-05-12,Afternoon,4,1,6.0,1,2,75
202400039011,2024-01-12,Afternoon,4,8,6.0,2,2,29
202400039012,2024-04-05,Afternoon,4,1,3.0,1,2,84
202400039013,2024-02-21,Afternoon,4,3,3.0,1,2,44
202400039014,2024-05-13,Afternoon,4,1,3.0,1,2,75
202400039015,2024-04-05,Morning,4,1,3.0,1,2,83
202400039016,2024-01-13,Evening,4,1,4.0,5,2,29
202400039017,2024-02-19,Evening,4,1,6.0,5,2,44
202400039018,2024-05-13,Morning,4,1,6.0,1,2,75
202400039019,2024-02-26,Afternoon,4,2,3.0,1,2,43
202400039020,2024-01-13,Morning,4,1,3.0,1,2,29
202400039021,2024-04-05,Morning,4,8,6.0,1,2,77
202400039022,2024-05-13,Morning,4,1,3.0,1,2,75
202400039023,2024-01-12,Afternoon,3,1,2.0,1,2,15
202400039024,2024-02-26,Afternoon,4,1,3.0,1,2,43
202400039025,2024-04-05,Morning,4,2,6.0,3,2,76
202400039026,2024-05-13,Evening,4,1,6.0,1,2,75