Num_Acc,date,time_of_day,max_severity,weather,collision_type,lighting,urban_area,department
202400039027,2024-01-13,Afternoon,3,1,6.0,3,1,13
202400039028,2024-04-04,Evening,3,2,6.0,5,2,76
202400039029,2024-01-13,Afternoon,4,1,1.0,1,2,13
202400039030,2024-05-12,Morning,4,1,1.0,1,2,75
202400039031,2024-04-04,Afternoon,4,1,3.0,1,2,76
202400039032,2024-01-13,Night,4,1,3.0,5,2,13
202400039033,2024-02-23,Morning,3,1,3.0,1,2,41
202400039034,2024-01-13,Night,4,9,3.0,5,2,13
202400039035,2024-05-13,Night,4,1,3.0,5,2,94
202400039036,2024-04-03,Morning,4,2,3.0,2,2,71
202400039037,2024-01-12,Afternoon,3,1,3.0,5,2,13
202400039038,2024-02-19,Afternoon,4,1,6.0,1,2,41
202400039039,2024-04-05,Evening,4,1,1.0,5,2,69
202400039040,2024-01-12,Afternoon,4,1,1.0,1,2,13
202400039041,2024-02-21,Afternoon,4,1,6.0,1,2,39
202400039042,2024-01-12,Morning,4,1,6.0,1,2,11
202400039043,2024-02-21,Evening,4,1,6.0,1,2,39
202400039044,2024-04-05,Morning,4,1,3.0,1,2,69
202400039045,2024-05-13,Morning,4,1,6.0,1,2,94
202400039046,2024-01-09,Afternoon,4,1,6.0,1,2,11
202400039047,2024-01-13,Morning,4,5,6.0,2,1,11
202400039048,2024-04-05,Afternoon,3,1,3.0,1,2,69
202400039049,2024-05-13,Afternoon,4,1,3.0,1,2,93
202400039050,2024-02-26,Afternoon,4,1,3.0,1,2,38
202400039051,2024-04-05,Afternoon,4,6,7.0,1,2,69
202400039052,2024-01-13,Evening,4,1,6.0,2,2,06
202400039053,2024-05-13,Afternoon,4,1,6.0,1,2,93
202400039054,2024-02-28,Evening,4,8,2.0,5,2,37
202400039055,2024-01-12,Afternoon,3,1,6.0,1,2,02
202400039056,2024-04-04,Afternoon,4,1,1.0,1,2,69
202400039057,2024-05-13,Night,4,1,3.0,5,2,93
202400039058,2024-05-13,Afternoon,4,1,6.0,1,2,93
202400039059,2024-02-28,Morning,4,1,3.0,1,2,37
202400039060,2024-04-04,Afternoon,4,1,3.0,1,2,69
202400039061,2024-01-12,Evening,4,1,4.0,5,2,75
202400039062,2024-02-25,Night,4,2,6.0,3,2,37
202400039063,2024-01-13,Night,3,1,7.0,5,2,75
202400039064,2024-04-05,Afternoon,4,1,3.0,1,2,67
202400039065,2024-05-12,Night,4,1,3.0,5,2,93
202400039066,2024-01-13,Afternoon,4,1,3.0,1,2,75
202400039067,2024-02-24,Morning,4,1,1.0,1,2,37
202400039068,2024-04-05,Night,3,1,6.0,3,1,66
202400039069,2024-05-12,Afternoon,4,1,3.0,1,2,93
202400039070,2024-02-23,Night,4,2,6.0,5,2,37
202400039071,2024-04-05,Morning,4,1,6.0,1,2,66
202400039072,2024-01-13,Afternoon,4,8,6.0,1,2,75
202400039073,2024-05-13,Afternoon,4,1,3.0,1,2,93
202400039074,2024-04-05,Morning,4,7,3.0,1,2,65
202400039075,2024-02-23,Afternoon,4,1,6.0,1,2,37
202400039076,2024-01-13,Morning,4,8,1.0,1,2,75
202400039077,2024-05-12,Evening,4,1,3.0,2,2,92
202400039078,2024-04-05,Evening,4,1,3.0,1,2,64
202400039079,2024-02-23,Afternoon,4,8,3.0,1,2,37
202400039080,2024-01-12,Evening,4,1,2.0,5,2,75
202400039081,2024-05-13,Afternoon,4,1,6.0,1,2,92
202400039082,2024-04-05,Morning,3,1,3.0,1,2,64
202400039083,2024-01-13,Morning,4,1,6.0,2,2,75
202400039084,2024-05-13,Evening,4,1,6.0,1,2,92
202400039085,2024-02-22,Afternoon,4,2,3.0,1,2,37
202400039086,2024-01-13,Morning,4,1,7.0,2,2,75
202400039087,2024-04-04,Evening,4,1,1.0,1,2,62
202400039088,2024-05-13,Afternoon,4,1,3.0,1,2,92
202400039089,2024-02-22,Afternoon,4,3,6.0,1,2,37
202400039090,2024-01-13,Evening,4,8,6.0,5,2,94
202400039091,2024-04-05,Afternoon,4,2,1.0,1,2,61
202400039092,2024-05-13,Afternoon,4,1,7.0,1,2,92
202400039093,2024-02-22,Morning,4,3,3.0,1,2,37
202400039094,2024-04-05,Evening,4,1,3.0,1,2,59
202400039095,2024-05-14,Morning,4,2,1.0,1,1,60
202400039096,2024-02-22,Morning,4,3,7.0,1,1,37
202400039097,2024-01-13,Afternoon,4,1,4.0,1,2,94
202400039098,2024-05-14,Afternoon,3,3,6.0,1,1,62
202400039099,2024-05-11,Morning,3,7,7.0,1,2,62
202400039100,2024-04-05,Evening,4,1,3.0,1,2,59
202400039101,2024-02-23,Morning,4,1,3.0,1,2,36
202400039102,2024-01-13,Night,3,1,6.0,5,2,94
202400039103,2024-01-13,Night,4,2,6.0,5,2,94
202400039104,2024-02-27,Evening,3,1,3.0,5,2,35
202400039105,2024-05-13,Night,4,1,3.0,5,2,51
202400039106,2024-04-05,Morning,4,1,4.0,1,2,54
202400039107,2024-01-13,Evening,4,8,3.0,5,2,94
202400039108,2024-05-13,Morning,4,1,3.0,1,1,71
202400039109,2024-04-04,Night,4,2,6.0,5,2,54
202400039110,2024-02-27,Afternoon,4,1,2.0,1,1,35
202400039111,2024-01-13,Evening,4,1,3.0,5,2,93
202400039112,2024-05-14,Morning,3,3,3.0,1,2,31
202400039113,2024-02-26,Evening,4,6,6.0,3,1,35
202400039114,2024-04-04,Afternoon,4,2,6.0,1,2,54
202400039115,2024-01-13,Afternoon,4,1,2.0,1,2,93
202400039116,2024-04-05,Morning,4,2,7.0,2,1,54
202400039117,2024-02-26,Morning,4,2,6.0,5,2,35
202400039118,2024-05-13,Night,3,1,6.0,3,1,84
202400039119,2024-05-13,Afternoon,4,1,2.0,1,1,21
202400039120,2024-01-13,Night,4,1,4.0,5,2,93
202400039121,2024-02-23,Afternoon,4,1,3.0,1,2,35
202400039122,2024-05-12,Evening,3,1,3.0,1,1,28
202400039123,2024-04-05,Morning,4,1,2.0,1,2,51
202400039124,2024-01-12,Evening,3,1,2.0,3,1,35
202400039125,2024-02-23,Night,3,2,6.0,5,2,35
202400039126,2024-01-09,Afternoon,3,1,6.0,1,2,31
202400039127,2024-05-13,Afternoon,4,1,1.0,1,1,01
202400039128,2024-04-04,Afternoon,4,1,3.0,1,2,49
202400039129,2024-02-21,Afternoon,4,2,3.0,1,2,35
202400039130,2024-01-13,Afternoon,3,1,3.0,1,2,31
202400039131,2024-05-13,Evening,4,1,3.0,1,2,01
202400039132,2024-01-13,Afternoon,2,1,6.0,1,1,54
202400039133,2024-04-04,Morning,3,3,6.0,5,2,49
202400039134,2024-02-20,Morning,4,1,4.0,1,1,35
202400039135,2024-05-14,Morning,2,3,7.0,1,1,34
202400039136,2024-01-13,Afternoon,4,1,6.0,1,2,83
202400039137,2024-05-10,Night,4,1,3.0,3,1,37
202400039138,2024-02-19,Evening,4,2,4.0,2,1,35
202400039139,2024-04-06,Night,4,1,3.0,5,2,45
202400039140,2024-01-14,Afternoon,3,8,7.0,1,1,63
202400039141,2024-05-13,Morning,4,7,5.0,2,1,34
202400039142,2024-04-05,Afternoon,4,1,3.0,1,2,45
202400039143,2024-02-24,Evening,4,1,3.0,5,2,34
202400039144,2024-05-07,Morning,4,1,6.0,2,2,51
202400039145,2024-01-13,Afternoon,3,1,1.0,1,1,51
202400039146,2024-04-05,Night,4,1,6.0,5,2,44
202400039147,2024-05-13,Evening,4,1,6.0,1,2,77
202400039148,2024-02-24,Night,4,1,2.0,5,2,34
202400039149,2024-04-05,Evening,4,1,2.0,1,2,43
202400039150,2024-05-09,Afternoon,2,1,7.0,1,2,2A
202400039151,2024-01-13,Evening,2,1,6.0,3,1,76
202400039152,2024-02-23,Evening,4,1,2.0,3,1,34
202400039153,2024-03-22,Afternoon,4,1,3.0,1,2,42
202400039154,2024-01-13,Afternoon,3,1,3.0,1,2,82
202400039155,2024-02-23,Evening,4,1,3.0,5,2,34
202400039156,2024-05-14,Afternoon,3,1,6.0,1,1,81
202400039157,2024-01-13,Afternoon,2,1,6.0,1,1,33
202400039158,2024-04-05,Night,3,1,1.0,4,2,42
202400039159,2024-05-13,Evening,3,1,6.0,1,1,89
202400039160,2024-01-14,Morning,2,1,6.0,3,1,89
202400039161,2024-02-23,Evening,4,1,6.0,5,2,34
202400039162,2024-04-05,Evening,4,1,1.0,1,2,42
202400039163,2024-05-13,Evening,3,1,7.0,1,1,63
202400039164,2024-01-14,Evening,3,1,6.0,3,1,63
202400039165,2024-02-27,Afternoon,3,2,6.0,1,2,34
202400039166,2024-04-05,Afternoon,4,8,6.0,1,2,37
202400039167,2024-05-13,Night,4,2,6.0,3,1,42
202400039168,2024-04-05,Morning,3,1,3.0,1,2,34
202400039169,2024-05-14,Evening,3,1,2.0,1,1,68
202400039170,2024-01-13,Afternoon,3,9,7.0,1,2,12
202400039171,2024-02-28,Morning,4,1,2.0,1,1,33
202400039172,2024-04-03,Morning,3,1,3.0,1,2,34
202400039173,2024-05-14,Night,4,8,1.0,3,1,29
202400039174,2024-01-12,Evening,3,1,6.0,3,1,42
202400039175,2024-04-05,Evening,4,1,6.0,5,2,33
202400039176,2024-02-26,Evening,4,2,6.0,5,2,33
202400039177,2024-01-14,Morning,3,5,7.0,3,1,68
202400039178,2024-04-05,Afternoon,3,1,3.0,1,2,33
202400039179,2024-04-27,Afternoon,3,1,3.0,1,1,29
202400039180,2024-01-07,Evening,4,8,1.0,4,2,01
202400039181,2024-04-05,Morning,4,1,6.0,1,2,33
202400039182,2024-02-24,Evening,4,2,2.0,5,2,33
202400039183,2024-05-13,Evening,4,9,1.0,1,1,29
202400039184,2024-04-05,Morning,4,1,6.0,1,2,33
202400039185,2024-05-13,Evening,3,1,2.0,1,1,18
202400039186,2024-03-15,Night,4,1,3.0,3,2,30
202400039187,2024-01-13,Evening,4,1,5.0,3,2,06
202400039188,2024-05-12,Evening,3,3,6.0,1,1,10
202400039189,2024-01-13,Afternoon,2,1,7.0,1,1,50
202400039190,2024-05-13,Afternoon,3,1,6.0,1,2,36
202400039191,2024-02-24,Evening,4,2,6.0,5,2,33
202400039192,2024-04-05,Morning,4,1,6.0,1,2,29
202400039193,2024-05-14,Morning,2,1,3.0,1,1,16
202400039194,2024-01-13,Evening,4,9,3.0,3,2,36
202400039195,2024-02-23,Afternoon,3,2,3.0,1,2,33
202400039196,2024-04-04,Evening,4,1,6.0,1,2,29
202400039197,2024-01-13,Night,4,5,6.0,3,1,24
202400039198,2024-05-12,Afternoon,4,7,1.0,1,2,17
202400039199,2024-04-05,Morning,4,1,7.0,1,2,14
202400039200,2024-05-14,Night,4,2,6.0,3,1,37
202400039201,2024-02-22,Evening,4,2,3.0,5,2,33
202400039202,2024-04-05,Evening,4,1,3.0,3,2,13
202400039203,2024-05-13,Evening,3,1,1.0,2,1,67
202400039204,2024-01-14,Morning,4,8,7.0,1,1,45
202400039205,2024-01-14,Morning,4,1,6.0,1,1,77
202400039206,2024-04-05,Night,4,1,3.0,5,2,13
202400039207,2024-05-13,Afternoon,4,1,4.0,1,1,06
202400039208,2024-02-22,Morning,4,1,3.0,1,2,33
202400039210,2024-04-05,Afternoon,3,1,3.0,1,2,13
202400039211,2024-01-14,Morning,3,9,2.0,1,1,03
202400039212,2024-02-21,Evening,4,1,3.0,1,2,33
202400039213,2024-05-12,Afternoon,4,1,5.0,1,1,73
202400039214,2024-04-02,Afternoon,4,1,5.0,1,2,11
202400039215,2024-01-13,Morning,3,1,3.0,1,2,38
202400039216,2024-02-21,Morning,4,1,3.0,1,2,33
202400039217,2024-04-05,Evening,3,1,6.0,5,2,06
202400039218,2024-05-13,Afternoon,4,1,2.0,1,1,69
202400039219,2024-01-14,Morning,4,8,4.0,1,1,03
202400039220,2024-04-05,Afternoon,4,1,3.0,1,2,06
202400039221,2024-02-21,Morning,4,1,3.0,2,2,33
202400039222,2024-05-13,Afternoon,4,1,1.0,1,1,28
202400039223,2024-01-14,Evening,3,2,6.0,3,1,64
202400039224,2024-04-03,Evening,4,1,3.0,1,2,05
202400039225,2024-02-20,Morning,4,1,7.0,1,2,33
202400039226,2024-05-13,Afternoon,3,1,6.0,1,2,21
202400039227,2024-02-27,Morning,2,2,7.0,1,2,32
202400039228,2024-04-05,Night,4,1,4.0,5,2,75
202400039229,2024-05-13,Evening,3,1,1.0,1,2,57
202400039230,2024-02-28,Evening,4,1,2.0,3,2,31
202400039231,2024-04-04,Night,4,1,2.0,5,2,75
202400039233,2024-02-27,Evening,4,2,3.0,2,2,31
202400039234,2024-04-03,Afternoon,4,1,3.0,1,2,75
202400039235,2024-02-26,Evening,4,2,3.0,5,2,31
202400039236,2024-05-13,Afternoon,4,1,2.0,1,2,38
202400039237,2024-04-04,Morning,4,3,3.0,1,2,75
202400039238,2024-02-24,Night,4,1,7.0,5,1,31
202400039239,2024-01-02,Afternoon,3,6,7.0,1,1,77
202400039240,2024-05-13,Afternoon,3,1,2.0,1,2,38
202400039241,2024-04-05,Afternoon,4,2,6.0,1,2,75
202400039242,2024-04-05,Night,4,1,7.0,5,2,75
202400039243,2024-01-13,Afternoon,4,1,1.0,1,1,78
202400039244,2024-05-14,Morning,4,2,1.0,1,1,46
202400039245,2024-04-04,Morning,4,2,6.0,1,2,75
202400039246,2024-02-20,Evening,3,1,3.0,2,2,31
202400039247,2024-05-13,Evening,3,1,7.0,1,1,17
202400039248,2024-04-05,Afternoon,4,1,2.0,1,2,75
202400039249,2024-02-20,Afternoon,4,1,3.0,2,2,31
202400039250,2024-01-14,Morning,4,1,7.0,2,2,30
202400039251,2024-04-05,Morning,4,2,6.0,1,2,75
202400039252,2024-05-13,Evening,3,2,3.0,1,1,33
202400039253,2024-02-19,Night,4,1,3.0,4,1,31
202400039254,2024-05-14,Afternoon,2,1,1.0,1,1,22
202400039255,2024-01-13,Afternoon,4,1,1.0,1,1,84
202400039256,2024-04-04,Afternoon,4,1,2.0,1,2,94
202400039257,2024-05-10,Evening,3,1,4.0,1,1,83
202400039258,2024-04-04,Afternoon,4,1,3.0,1,2,94
202400039259,2024-02-18,Afternoon,4,1,5.0,1,1,31
202400039260,2024-04-26,Afternoon,4,1,3.0,1,1,69
202400039261,2024-04-05,Afternoon,4,1,3.0,1,2,94
202400039262,2024-01-14,Night,4,9,6.0,5,2,54
202400039263,2024-05-12,Afternoon,4,2,6.0,1,1,33
202400039264,2024-02-20,Night,3,1,1.0,3,1,30
202400039265,2024-04-05,Afternoon,4,1,3.0,1,2,94
202400039266,2024-05-06,Evening,4,1,7.0,1,1,62
202400039267,2024-01-13,Evening,3,1,7.0,5,1,38
202400039268,2024-04-05,Night,4,1,6.0,5,2,94
202400039269,2024-05-13,Morning,4,1,3.0,1,1,91
202400039270,2024-02-27,Morning,4,1,6.0,1,2,29
202400039271,2024-01-14,Afternoon,4,1,6.0,1,1,81
202400039272,2024-04-05,Evening,4,1,6.0,1,2,94
202400039273,2024-01-14,Night,3,1,7.0,4,1,47
202400039274,2024-05-11,Evening,4,1,2.0,2,1,92
202400039275,2024-02-23,Morning,4,2,2.0,1,1,29
202400039276,2024-04-05,Afternoon,4,1,3.0,1,2,93
202400039277,2024-05-13,Afternoon,4,1,3.0,1,1,93
202400039278,2024-01-13,Evening,4,8,1.0,3,1,35
202400039279,2024-04-04,Evening,3,1,6.0,1,2,93
202400039280,2024-02-22,Afternoon,4,2,3.0,1,2,29
202400039281,2024-02-08,Afternoon,2,2,6.0,1,2,75
202400039282,2024-01-14,Night,4,1,6.0,3,1,35
202400039283,2024-04-05,Afternoon,4,1,2.0,1,2,93
202400039285,2024-02-21,Evening,4,3,3.0,5,2,29
202400039286,2024-01-14,Night,4,9,6.0,3,1,02
202400039287,2024-04-05,Morning,4,1,3.0,2,2,93
202400039289,2024-01-14,Morning,3,9,7.0,5,2,59
202400039290,2024-02-20,Morning,4,2,2.0,1,2,29
202400039291,2024-04-05,Evening,4,1,3.0,1,2,93
202400039292,2024-02-20,Morning,4,2,3.0,5,2,29
202400039293,2024-01-12,Morning,4,1,4.0,1,1,83
202400039295,2024-04-05,Afternoon,4,1,6.0,1,2,93
202400039296,2024-01-13,Night,4,1,2.0,5,1,69
202400039297,2024-02-24,Afternoon,4,1,2.0,1,2,29
202400039299,2024-04-05,Afternoon,4,1,3.0,1,2,92
202400039300,2024-01-13,Evening,4,1,6.0,4,1,33
202400039301,2024-04-05,Morning,4,2,2.0,1,1,92
202400039302,2024-02-22,Afternoon,4,1,3.0,1,2,29
202400039303,2024-05-12,Evening,4,1,3.0,1,2,69
202400039304,2024-04-05,Afternoon,4,1,1.0,1,2,92
202400039306,2024-02-20,Evening,4,1,6.0,5,2,29
202400039307,2024-01-13,Evening,4,1,4.0,5,1,33
202400039308,2024-04-04,Afternoon,4,1,2.0,1,2,92
202400039309,2024-05-12,Night,4,1,3.0,5,2,91
202400039310,2024-02-24,Morning,4,1,5.0,3,2,28
202400039311,2024-04-04,Evening,4,1,2.0,2,2,92
202400039312,2024-05-12,Morning,4,1,2.0,1,2,91
202400039313,2024-02-22,Night,4,2,7.0,5,2,28
202400039314,2024-01-13,Morning,4,5,4.0,1,1,33
202400039315,2024-05-12,Night,4,1,6.0,5,2,91
202400039316,2024-04-04,Afternoon,4,1,3.0,1,2,92
202400039317,2024-01-12,Night,4,1,6.0,3,1,91
202400039318,2024-02-25,Afternoon,4,2,7.0,1,2,27
202400039319,2024-05-12,Night,4,1,2.0,5,2,89
202400039320,2024-04-06,Night,3,1,6.0,3,1,39
202400039321,2024-04-06,Evening,2,1,6.0,1,2,2A
202400039322,2024-02-27,Afternoon,4,1,3.0,1,2,27
202400039323,2024-01-12,Evening,4,1,4.0,3,1,78
202400039324,2024-04-06,Morning,4,1,1.0,1,2,51
202400039325,2024-02-23,Afternoon,4,1,3.0,1,2,27
202400039326,2024-01-13,Night,4,1,2.0,4,1,93
202400039327,2024-05-12,Afternoon,4,1,4.0,1,2,83
202400039329,2024-02-20,Afternoon,4,1,2.0,1,2,27
202400039330,2024-04-05,Afternoon,4,1,3.0,1,1,01
202400039332,2024-04-05,Afternoon,4,1,2.0,1,1,68
202400039333,2024-01-12,Afternoon,4,8,3.0,1,2,69
202400039335,2024-02-27,Evening,4,1,1.0,5,2,25
202400039337,2024-04-06,Afternoon,3,1,6.0,1,2,76
202400039338,2024-01-12,Night,4,1,6.0,5,2,69
202400039339,2024-02-27,Morning,3,1,3.0,1,2,25
202400039340,2024-04-05,Evening,4,1,1.0,2,1,67
202400039341,2024-01-12,Morning,4,1,6.0,1,2,2B
202400039342,2024-02-24,Afternoon,4,1,3.0,1,2,25
202400039343,2024-04-05,Afternoon,4,1,3.0,1,2,74
202400039345,2024-05-11,Night,4,1,6.0,5,2,79
202400039346,2024-02-22,Afternoon,3,6,6.0,1,2,25
202400039347,2024-01-11,Morning,4,1,6.0,1,2,95
202400039348,2024-04-05,Morning,4,1,3.0,1,2,42
202400039349,2024-05-10,Afternoon,3,7,3.0,1,1,78
202400039350,2024-02-21,Afternoon,4,2,3.0,1,1,23
202400039351,2024-01-12,Evening,3,1,3.0,2,2,95
202400039352,2024-05-12,Afternoon,3,8,3.0,1,1,77
202400039353,2024-04-05,Morning,3,2,2.0,1,1,44
202400039354,2024-01-12,Evening,4,1,3.0,3,1,91
202400039355,2024-04-06,Morning,3,1,6.0,1,2,59
202400039356,2024-02-20,Morning,3,8,3.0,5,2,19
202400039357,2024-01-12,Evening,4,1,6.0,5,2,91
202400039358,2024-05-12,Afternoon,4,1,1.0,1,2,77
202400039359,2024-02-24,Afternoon,4,8,3.0,1,2,19
202400039360,2024-05-10,Afternoon,4,1,3.0,1,1,76
202400039361,2024-04-05,Evening,4,1,1.0,3,1,30
202400039362,2024-05-12,Night,4,1,6.0,5,2,73
202400039363,2024-01-13,Night,4,1,6.0,3,2,85
202400039364,2024-04-06,Afternoon,3,1,7.0,1,1,04
202400039365,2024-02-22,Afternoon,4,1,3.0,1,2,19
202400039366,2024-04-06,Afternoon,3,1,3.0,1,2,91
202400039367,2024-05-12,Evening,4,1,3.0,1,1,69
202400039368,2024-01-11,Morning,3,2,1.0,1,1,83
202400039369,2024-04-06,Afternoon,4,1,7.0,1,2,74
202400039370,2024-02-20,Evening,4,1,1.0,5,2,19
202400039371,2024-05-12,Evening,3,1,6.0,1,2,69
202400039372,2024-01-12,Morning,4,1,6.0,1,2,83
202400039373,2024-02-18,Night,4,1,6.0,4,2,19
202400039374,2024-04-06,Evening,3,1,3.0,1,1,82
202400039375,2024-05-12,Afternoon,4,2,7.0,1,1,63
202400039376,2024-01-12,Evening,3,1,3.0,5,2,83
202400039377,2024-05-11,Morning,3,7,6.0,1,1,62
202400039378,2024-02-16,Evening,4,1,3.0,5,2,19
202400039379,2024-03-27,Afternoon,4,1,1.0,1,1,33
202400039380,2024-01-12,Evening,3,1,6.0,5,2,80
202400039381,2024-04-05,Afternoon,3,6,7.0,1,2,32
202400039382,2024-02-26,Afternoon,4,2,6.0,1,1,18
202400039383,2024-01-12,Night,4,1,7.0,3,1,79
202400039384,2024-05-12,Afternoon,4,1,2.0,1,2,61
202400039385,2024-04-06,Afternoon,4,1,6.0,1,2,71
202400039386,2024-01-12,Evening,4,1,6.0,3,2,76
202400039387,2024-02-23,Afternoon,4,2,3.0,1,2,17
202400039388,2024-04-06,Morning,3,1,3.0,1,1,63
202400039389,2024-05-12,Evening,4,1,3.0,1,2,59
202400039390,2024-04-06,Morning,4,1,7.0,1,1,55
202400039391,2024-02-22,Afternoon,4,6,3.0,1,2,17
202400039392,2024-05-12,Night,4,1,3.0,5,2,59
202400039393,2024-04-06,Afternoon,3,1,3.0,1,1,12
202400039394,2024-02-19,Evening,2,1,6.0,1,2,16
202400039395,2024-04-05,Afternoon,3,1,1.0,1,1,42
202400039396,2024-05-12,Morning,4,1,3.0,1,2,58
202400039397,2024-02-27,Morning,3,1,6.0,1,2,15
202400039398,2024-04-06,Afternoon,3,1,7.0,1,1,42
202400039399,2024-04-05,Afternoon,4,1,6.0,1,1,46
202400039400,2024-05-12,Morning,4,1,3.0,1,2,57
202400039401,2024-02-26,Afternoon,4,2,1.0,1,2,15
202400039402,2024-03-27,Afternoon,3,1,3.0,1,1,34
202400039403,2024-05-12,Afternoon,4,1,3.0,1,2,54
202400039404,2024-04-06,Night,3,1,6.0,2,2,39
202400039405,2024-02-24,Morning,4,1,7.0,1,2,14
202400039406,2024-04-06,Afternoon,3,1,3.0,1,1,25
202400039407,2024-02-22,Afternoon,3,2,3.0,1,2,14
202400039408,2024-05-12,Night,4,1,3.0,3,1,54
202400039409,2024-04-05,Afternoon,3,2,5.0,1,1,29
202400039410,2024-05-12,Morning,4,1,1.0,1,2,54
202400039411,2024-02-27,Morning,4,8,3.0,1,2,14
202400039412,2024-05-11,Evening,4,1,6.0,1,2,51
202400039413,2024-04-06,Afternoon,4,1,3.0,1,1,31
202400039414,2024-02-24,Evening,3,8,3.0,3,1,14
202400039415,2024-04-06,Afternoon,3,1,1.0,1,1,38
202400039416,2024-02-22,Afternoon,4,2,3.0,1,2,14
202400039417,2024-05-12,Evening,3,7,6.0,2,2,45
202400039418,2024-04-06,Evening,3,1,6.0,3,1,02
202400039419,2024-02-27,Afternoon,4,1,3.0,1,2,13
202400039420,2024-04-05,Afternoon,3,1,3.0,1,2,72
202400039421,2024-05-12,Afternoon,4,1,2.0,1,2,45
202400039422,2024-04-06,Afternoon,3,1,1.0,1,1,14
202400039423,2024-02-27,Morning,4,1,3.0,1,2,13
202400039424,2024-05-12,Evening,4,1,3.0,1,2,38
202400039425,2024-03-30,Afternoon,4,1,3.0,1,2,64
202400039426,2024-02-24,Evening,4,1,1.0,1,2,13
202400039427,2024-04-06,Evening,4,1,7.0,1,1,07
202400039428,2024-05-11,Morning,4,1,3.0,1,2,38
202400039429,2024-02-27,Evening,4,2,3.0,3,1,13
202400039430,2024-04-03,Afternoon,4,1,5.0,1,1,40
202400039431,2024-05-12,Morning,4,1,7.0,1,2,34
202400039432,2024-02-22,Afternoon,3,1,3.0,1,2,13
202400039433,2024-04-05,Evening,3,1,3.0,2,1,17
202400039434,2024-05-12,Night,3,1,3.0,5,2,33
202400039435,2024-02-21,Morning,3,1,1.0,1,2,13
202400039436,2024-02-16,Morning,2,1,6.0,1,1,13
202400039437,2024-05-12,Evening,4,1,3.0,5,2,33
202400039438,2024-04-06,Afternoon,3,1,6.0,1,1,09
202400039439,2024-05-11,Afternoon,4,1,3.0,1,2,33
202400039440,2024-02-27,Evening,2,2,1.0,5,2,13
202400039442,2024-05-12,Morning,4,1,1.0,1,2,31
202400039443,2024-02-26,Night,4,2,6.0,5,2,13
202400039444,2024-04-06,Night,3,1,6.0,3,1,34
202400039445,2024-05-12,Morning,4,1,3.0,1,2,31
202400039446,2024-02-24,Afternoon,4,1,3.0,1,2,13
202400039447,2024-05-12,Night,4,1,3.0,3,2,31
202400039448,2024-02-24,Night,4,1,2.0,5,2,13
202400039449,2024-05-11,Afternoon,3,1,2.0,1,2,31
202400039450,2024-02-22,Evening,4,2,3.0,5,2,13
202400039452,2024-05-12,Night,4,1,6.0,5,2,30
202400039453,2024-02-19,Evening,4,1,3.0,5,2,13
202400039454,2024-05-11,Morning,4,1,7.0,1,1,28
202400039456,2024-02-23,Afternoon,4,1,3.0,1,2,13
202400039457,2024-04-05,Night,3,1,6.0,3,1,91
202400039458,2024-05-10,Evening,4,1,7.0,1,2,22
202400039459,2024-02-22,Evening,3,1,1.0,3,1,13
202400039460,2024-04-05,Evening,2,1,6.0,1,2,78
202400039461,2024-05-12,Morning,4,1,3.0,1,2,13
202400039462,2024-02-26,Afternoon,4,1,4.0,1,2,13
202400039463,2024-04-06,Afternoon,4,1,1.0,1,1,34
202400039464,2024-02-23,Morning,4,1,3.0,1,2,13
202400039465,2024-05-12,Night,4,1,3.0,5,2,13
202400039466,2024-04-05,Afternoon,3,1,1.0,1,2,84
202400039467,2024-02-20,Afternoon,4,1,2.0,1,2,13
202400039468,2024-07-19,Night,4,1,6.0,3,2,08
202400039469,2024-05-12,Night,4,1,6.0,4,2,08
202400039470,2024-02-26,Night,4,1,1.0,5,2,13
202400039471,2024-05-12,Morning,4,1,6.0,1,2,06
202400039472,2024-07-17,Afternoon,4,1,3.0,1,1,01
202400039473,2024-02-27,Morning,4,8,6.0,1,1,13
202400039474,2024-05-12,Afternoon,4,1,3.0,1,1,01
202400039475,2024-02-26,Evening,4,2,3.0,5,2,13
202400039476,2024-04-06,Morning,3,1,4.0,1,1,13
202400039477,2024-02-24,Night,3,1,1.0,5,2,13
202400039478,2024-05-12,Afternoon,4,6,3.0,1,2,75
202400039479,2024-07-20,Afternoon,4,1,6.0,1,1,80
202400039480,2024-04-06,Morning,3,1,6.0,2,1,70
202400039481,2024-02-21,Afternoon,4,1,1.0,1,1,13
202400039482,2024-07-20,Night,4,1,7.0,3,1,68
202400039483,2024-05-11,Night,4,1,2.0,5,2,75
202400039484,2024-04-05,Night,4,1,6.0,3,2,69
202400039485,2024-05-12,Evening,4,1,3.0,1,2,75
202400039486,2024-02-18,Morning,4,1,3.0,5,2,12
202400039487,2024-06-29,Morning,3,1,3.0,1,1,33
202400039488,2024-05-12,Afternoon,4,2,3.0,1,2,75
202400039489,2024-02-22,Afternoon,3,1,6.0,1,2,12
202400039490,2024-05-12,Morning,4,1,6.0,1,2,75
202400039491,2024-04-06,Morning,4,1,1.0,1,1,09
202400039492,2024-02-23,Morning,4,1,6.0,1,2,11
202400039493,2024-05-12,Morning,4,1,6.0,1,2,75
202400039494,2024-02-21,Morning,4,1,6.0,1,2,11