Num_Acc,date,time_of_day,max_severity,weather,collision_type,lighting,urban_area,department
202400039495,2024-04-05,Afternoon,3,7,6.0,1,1,23
202400039496,2024-07-20,Night,4,1,1.0,2,1,51
202400039497,2024-02-26,Afternoon,4,2,6.0,1,2,10
202400039498,2024-05-12,Night,4,1,3.0,5,2,75
202400039499,2024-02-25,Evening,4,1,3.0,5,2,10
202400039500,2024-04-05,Afternoon,4,1,1.0,1,1,14
202400039501,2024-02-20,Morning,3,2,7.0,5,2,10
202400039502,2024-04-05,Night,3,1,6.0,3,1,56
202400039503,2024-02-22,Evening,4,3,2.0,5,2,10
202400039504,2024-04-05,Afternoon,3,1,6.0,1,2,22
202400039506,2024-02-21,Afternoon,4,1,6.0,1,2,10
202400039507,2024-05-12,Afternoon,4,1,4.0,1,2,75
202400039508,2024-02-19,Evening,4,1,3.0,5,2,10
202400039509,2024-05-12,Night,4,1,2.0,5,2,75
202400039510,2024-02-23,Afternoon,4,1,6.0,1,2,09
202400039511,2024-04-05,Night,4,1,3.0,4,1,35
202400039512,2024-02-23,Morning,3,1,6.0,1,2,09
202400039514,2024-05-12,Afternoon,4,2,6.0,2,2,75
202400039515,2024-02-04,Night,4,1,1.0,3,1,60
202400039516,2024-05-12,Evening,4,8,3.0,5,2,75
202400039517,2024-02-28,Afternoon,4,1,3.0,1,2,06
202400039518,2024-02-22,Night,3,3,6.0,5,2,06
202400039519,2024-07-19,Evening,3,1,2.0,1,1,35
202400039520,2024-04-06,Night,4,1,6.0,3,1,59
202400039521,2024-02-22,Morning,2,2,6.0,1,2,06
202400039522,2024-05-12,Afternoon,4,1,3.0,1,2,75
202400039523,2024-02-19,Evening,3,1,6.0,5,2,06
202400039524,2024-07-19,Afternoon,3,1,2.0,1,1,86
202400039525,2024-04-04,Morning,4,1,2.0,1,1,13
202400039526,2024-05-11,Afternoon,4,1,6.0,1,2,75
202400039527,2024-02-27,Morning,4,1,2.0,1,2,06
202400039528,2024-07-16,Night,3,1,6.0,3,2,06
202400039529,2024-02-23,Morning,4,1,6.0,1,1,06
202400039530,2024-05-12,Afternoon,4,1,3.0,1,2,94
202400039531,2024-02-21,Morning,4,1,2.0,1,2,06
202400039532,2024-02-24,Night,4,1,6.0,3,1,05
202400039533,2024-04-04,Evening,4,1,4.0,1,1,13
202400039534,2024-07-20,Afternoon,4,1,5.0,1,1,58
202400039535,2024-02-21,Night,4,3,6.0,5,2,02
202400039536,2024-04-04,Afternoon,4,1,2.0,1,1,13
202400039537,2024-05-12,Evening,4,1,3.0,1,2,93
202400039538,2024-02-26,Afternoon,4,2,1.0,1,1,02
202400039539,2024-07-20,Morning,3,1,6.0,2,2,01
202400039540,2024-02-23,Afternoon,4,1,6.0,1,2,02
202400039541,2024-05-12,Afternoon,4,3,3.0,1,2,92
202400039542,2024-07-14,Morning,4,1,7.0,1,1,41
202400039543,2024-05-12,Evening,3,1,7.0,1,1,80
202400039544,2024-02-22,Evening,4,1,3.0,3,1,01
202400039545,2024-05-12,Evening,2,8,3.0,1,2,47
202400039546,2024-07-12,Afternoon,4,1,2.0,1,1,30
202400039547,2024-02-28,Afternoon,3,1,3.0,1,2,75
202400039548,2024-05-12,Evening,3,1,7.0,1,1,41
202400039549,2024-02-28,Afternoon,4,1,7.0,1,2,75
202400039550,2024-04-04,Morning,4,1,5.0,1,1,13
202400039551,2024-05-11,Afternoon,3,1,3.0,1,1,42
202400039552,2024-04-05,Night,4,1,6.0,3,1,33
202400039553,2024-02-28,Morning,4,1,2.0,1,2,75
202400039555,2024-07-19,Afternoon,3,1,3.0,1,1,41
202400039556,2024-02-27,Afternoon,4,1,6.0,1,2,75
202400039557,2024-04-05,Afternoon,4,1,7.0,1,1,33
202400039558,2024-07-17,Morning,2,1,6.0,1,2,31
202400039559,2024-05-11,Afternoon,4,1,3.0,1,1,35
202400039560,2024-02-28,Morning,4,1,3.0,1,2,75
202400039561,2024-04-03,Afternoon,3,1,2.0,1,1,62
202400039562,2024-02-28,Afternoon,4,1,6.0,1,2,75
202400039563,2024-07-20,Morning,4,1,3.0,1,2,51
202400039564,2024-04-05,Morning,4,1,4.0,1,1,92
202400039565,2024-05-12,Afternoon,4,1,4.0,1,1,26
202400039566,2024-02-27,Morning,4,1,2.0,1,2,75
202400039567,2024-07-19,Evening,2,1,7.0,1,1,56
202400039568,2024-05-11,Evening,4,1,7.0,2,1,23
202400039569,2024-02-28,Morning,4,1,6.0,1,2,75
202400039570,2024-04-05,Morning,4,1,3.0,5,1,94
202400039572,2024-02-28,Morning,4,1,6.0,1,2,75
202400039573,2024-05-11,Afternoon,4,1,7.0,1,1,14
202400039574,2024-02-28,Afternoon,4,1,6.0,1,2,75
202400039575,2024-04-05,Afternoon,4,1,2.0,1,1,92
202400039576,2024-07-17,Evening,4,1,3.0,1,1,78
202400039577,2024-05-12,Evening,4,1,1.0,1,2,69
202400039578,2024-04-05,Morning,4,2,7.0,1,1,78
202400039579,2024-02-28,Afternoon,4,1,6.0,1,2,75
202400039580,2024-07-19,Evening,3,1,3.0,1,2,79
202400039581,2024-04-05,Morning,4,1,3.0,5,1,92
202400039582,2024-05-13,Evening,3,1,2.0,1,1,84
202400039583,2024-02-28,Afternoon,4,1,6.0,1,2,75
202400039584,2024-08-26,Morning,4,1,3.0,1,1,29
202400039585,2024-07-18,Evening,3,1,3.0,1,1,79
202400039586,2024-05-12,Evening,4,1,6.0,3,1,83
202400039587,2024-08-27,Evening,3,1,7.0,1,1,38
202400039588,2024-02-28,Morning,4,1,2.0,1,2,94
202400039589,2024-04-04,Afternoon,4,1,3.0,1,1,75
202400039590,2024-07-20,Night,4,1,6.0,2,1,2B
202400039591,2024-02-28,Afternoon,4,1,6.0,1,2,94
202400039592,2024-05-11,Afternoon,3,1,3.0,1,2,72
202400039593,2024-08-27,Afternoon,4,1,3.0,1,2,03
202400039594,2024-07-19,Evening,4,1,2.0,1,1,65
202400039595,2024-04-05,Afternoon,4,1,5.0,1,1,93
202400039596,2024-02-28,Afternoon,4,1,2.0,1,2,94
202400039597,2024-08-25,Afternoon,4,1,7.0,1,1,01
202400039598,2024-04-05,Night,4,1,6.0,3,1,95
202400039599,2024-05-12,Afternoon,4,1,3.0,1,1,44
202400039600,2024-02-28,Afternoon,3,1,6.0,1,2,94
202400039601,2024-08-25,Night,3,1,6.0,3,2,58
202400039602,2024-07-20,Evening,4,1,2.0,1,1,71
202400039603,2024-04-04,Afternoon,4,1,3.0,1,1,93
202400039604,2024-07-20,Morning,3,1,6.0,2,1,63
202400039605,2024-02-28,Afternoon,4,1,2.0,1,2,94
202400039606,2024-05-12,Afternoon,4,1,2.0,1,1,14
202400039607,2024-07-16,Evening,3,1,6.0,1,2,12
202400039608,2024-04-04,Morning,4,2,3.0,1,1,93
202400039609,2024-08-27,Morning,4,7,1.0,2,1,54
202400039610,2024-05-13,Afternoon,4,1,6.0,1,2,62
202400039611,2024-02-28,Morning,4,8,3.0,2,2,94
202400039612,2024-04-04,Morning,4,3,7.0,1,1,93
202400039613,2024-07-20,Afternoon,2,1,1.0,1,1,42
202400039614,2024-02-28,Morning,4,1,6.0,1,2,93
202400039615,2024-04-25,Afternoon,4,1,2.0,1,1,66
202400039616,2024-02-04,Night,4,1,7.0,5,2,64
202400039617,2024-08-26,Evening,4,1,2.0,1,2,09
202400039618,2024-07-20,Morning,2,1,6.0,1,1,46
202400039619,2024-02-28,Afternoon,4,1,6.0,1,2,93
202400039620,2024-05-03,Morning,3,1,3.0,1,2,56
202400039621,2024-08-26,Night,3,1,2.0,5,1,07
202400039623,2024-05-13,Morning,4,2,6.0,2,1,89
202400039624,2024-02-28,Afternoon,4,1,3.0,1,2,93
202400039625,2024-08-27,Night,4,1,6.0,3,1,40
202400039626,2024-07-20,Night,4,1,6.0,3,1,47
202400039627,2024-05-11,Evening,3,1,3.0,1,1,49
202400039629,2024-02-28,Evening,4,1,3.0,5,2,92
202400039630,2024-05-11,Afternoon,3,7,7.0,1,1,49
202400039631,2024-07-20,Afternoon,3,1,1.0,1,1,41
202400039632,2024-08-27,Morning,2,1,1.0,1,2,24
202400039634,2024-05-12,Night,2,3,6.0,5,2,68
202400039635,2024-02-28,Morning,4,1,3.0,1,2,92
202400039636,2024-08-25,Afternoon,4,1,6.0,1,1,04
202400039637,2024-02-28,Afternoon,4,1,1.0,1,2,92
202400039638,2024-07-15,Afternoon,3,1,1.0,1,1,44
202400039640,2024-05-11,Evening,4,1,3.0,1,1,22
202400039641,2024-02-28,Morning,4,1,3.0,1,2,92
202400039642,2024-08-26,Evening,3,1,1.0,2,1,85
202400039643,2024-05-12,Evening,3,1,6.0,1,1,29
202400039644,2024-07-19,Night,3,1,2.0,3,1,38
202400039646,2024-05-13,Night,3,1,6.0,3,1,38
202400039647,2024-02-28,Evening,4,1,3.0,1,2,92
202400039648,2024-07-19,Evening,2,1,7.0,1,1,84
202400039649,2024-02-28,Afternoon,4,1,6.0,1,2,92
202400039650,2024-07-20,Afternoon,4,1,6.0,1,1,15
202400039651,2024-04-04,Evening,4,1,3.0,1,2,69
202400039652,2024-08-24,Night,4,1,4.0,3,1,30
202400039653,2024-05-13,Morning,3,1,3.0,1,2,01
202400039654,2024-07-19,Afternoon,3,1,7.0,1,1,26
202400039655,2024-02-28,Afternoon,4,1,3.0,1,1,47
202400039656,2024-04-04,Afternoon,4,1,6.0,1,2,69
202400039658,2024-02-27,Afternoon,3,1,6.0,1,1,51
202400039659,2024-04-03,Morning,4,1,2.0,1,2,2B
202400039660,2024-05-11,Night,4,1,6.0,3,2,70
202400039661,2024-07-19,Afternoon,4,1,3.0,1,1,72
202400039662,2024-05-13,Evening,4,1,6.0,2,2,66
202400039663,2024-08-25,Afternoon,3,1,6.0,1,2,77
202400039664,2024-02-28,Afternoon,3,8,3.0,1,2,18
202400039665,2024-04-04,Afternoon,4,1,3.0,1,2,2A
202400039666,2024-07-17,Evening,3,1,1.0,1,1,72
202400039667,2024-05-13,Morning,4,1,1.0,1,2,54
202400039668,2024-08-26,Morning,3,1,6.0,1,1,11
202400039670,2024-07-19,Evening,3,1,6.0,1,1,06
202400039671,2024-04-04,Morning,3,1,3.0,1,2,2A
202400039672,2024-02-28,Night,3,2,6.0,3,1,44
202400039673,2024-05-12,Evening,3,7,7.0,1,1,54
202400039674,2024-04-04,Afternoon,4,1,3.0,1,2,95
202400039675,2024-08-26,Evening,4,1,1.0,1,1,04
202400039676,2024-07-19,Afternoon,4,1,1.0,1,1,14
202400039677,2024-02-28,Morning,4,1,2.0,1,1,51
202400039678,2024-05-13,Night,3,1,7.0,3,2,50
202400039679,2024-07-20,Night,3,1,7.0,3,1,50
202400039680,2024-04-03,Morning,4,2,3.0,1,2,95
202400039681,2024-08-26,Afternoon,4,1,2.0,1,1,26
202400039682,2024-05-09,Afternoon,3,1,7.0,1,1,45
202400039683,2024-02-28,Afternoon,3,1,1.0,1,2,67
202400039684,2024-07-19,Afternoon,3,1,3.0,1,1,64
202400039685,2024-05-11,Night,3,1,6.0,4,1,16
202400039686,2024-08-26,Morning,4,1,6.0,1,1,07
202400039687,2024-04-04,Night,4,1,3.0,5,2,91
202400039688,2024-02-28,Morning,4,1,3.0,1,2,71
202400039689,2024-07-19,Evening,4,7,6.0,2,1,07
202400039690,2024-02-29,Afternoon,4,1,3.0,1,1,71
202400039691,2024-07-12,Afternoon,4,1,7.0,1,1,21
202400039692,2024-05-11,Afternoon,3,1,6.0,1,1,27
202400039693,2024-04-04,Afternoon,4,1,4.0,1,2,91
202400039694,2024-07-19,Evening,4,1,7.0,1,1,21
202400039695,2024-07-19,Afternoon,4,7,3.0,1,2,85
202400039696,2024-02-28,Evening,3,1,7.0,1,1,63
202400039697,2024-08-27,Morning,3,1,3.0,2,1,69
202400039698,2024-05-12,Afternoon,3,1,7.0,1,1,17
202400039699,2024-07-19,Afternoon,4,1,6.0,1,1,27
202400039700,2024-04-04,Morning,4,3,6.0,1,2,91
202400039701,2024-02-28,Morning,4,1,3.0,1,2,61
202400039702,2024-08-27,Morning,3,1,3.0,1,2,65
202400039703,2024-05-11,Afternoon,4,1,1.0,1,1,17
202400039704,2024-07-19,Evening,3,1,6.0,1,2,30
202400039705,2024-04-04,Morning,3,3,1.0,1,2,91
202400039706,2024-08-27,Morning,3,1,6.0,1,1,09
202400039707,2024-05-13,Morning,4,1,7.0,1,2,30
202400039708,2024-02-28,Evening,4,1,3.0,3,1,47
202400039709,2024-02-27,Afternoon,3,1,3.0,1,2,90
202400039710,2024-04-03,Afternoon,4,1,6.0,1,2,87
202400039711,2024-08-27,Evening,3,7,1.0,2,1,87
202400039712,2024-02-29,Afternoon,4,1,3.0,1,2,07
202400039713,2024-04-03,Morning,4,2,6.0,1,2,87
202400039714,2024-07-20,Afternoon,4,7,1.0,1,1,08
202400039715,2024-08-27,Afternoon,3,1,3.0,1,2,17
202400039716,2024-02-29,Morning,4,2,3.0,4,2,85
202400039717,2024-04-02,Afternoon,4,1,6.0,1,2,87
202400039718,2024-07-20,Afternoon,3,1,3.0,1,1,35
202400039719,2024-02-28,Afternoon,4,1,6.0,1,1,28
202400039720,2024-08-27,Night,3,1,7.0,3,2,17
202400039721,2024-02-26,Afternoon,2,1,6.0,2,1,37
202400039722,2024-04-04,Morning,4,1,3.0,1,2,84
202400039723,2024-07-20,Evening,4,1,2.0,1,1,06
202400039724,2024-08-26,Night,3,1,2.0,3,1,33
202400039725,2024-07-20,Night,3,1,6.0,4,1,06
202400039726,2024-02-25,Evening,4,3,4.0,3,1,04
202400039727,2024-04-03,Evening,4,1,3.0,1,2,83
202400039728,2024-02-24,Afternoon,3,1,3.0,1,1,57
202400039729,2024-08-12,Afternoon,4,1,4.0,1,2,85
202400039731,2024-04-04,Morning,3,3,6.0,3,2,77
202400039732,2024-02-29,Morning,2,1,2.0,1,1,11
202400039733,2024-08-25,Night,3,1,6.0,3,1,22
202400039734,2024-04-03,Afternoon,3,2,7.0,1,2,77
202400039735,2024-07-19,Afternoon,4,1,3.0,1,2,69
202400039736,2024-02-28,Afternoon,3,1,6.0,1,1,77
202400039737,2024-04-04,Morning,4,3,6.0,3,1,77
202400039738,2024-08-26,Afternoon,4,1,7.0,1,1,76
202400039739,2024-02-28,Afternoon,3,8,6.0,2,1,28
202400039741,2024-04-04,Morning,3,1,6.0,1,2,76
202400039742,2024-08-25,Afternoon,3,1,3.0,1,2,80
202400039743,2024-08-27,Morning,4,1,7.0,2,1,80
202400039744,2024-04-03,Evening,4,1,6.0,1,2,76
202400039745,2024-04-04,Morning,4,1,3.0,1,2,74
202400039746,2024-07-20,Night,3,1,7.0,3,1,34
202400039747,2024-08-26,Morning,2,1,3.0,1,1,59
202400039748,2024-07-19,Morning,3,1,1.0,1,1,04
202400039749,2024-04-04,Morning,4,1,7.0,1,2,74
202400039750,2024-08-26,Night,2,1,6.0,3,1,69
202400039751,2024-07-20,Afternoon,3,1,1.0,1,1,13
202400039752,2024-07-20,Afternoon,3,7,7.0,1,1,89
202400039753,2024-08-23,Night,3,1,2.0,3,1,59
202400039754,2024-07-19,Night,3,1,6.0,5,2,21
202400039755,2024-04-03,Night,4,2,6.0,5,2,71
202400039756,2024-07-19,Afternoon,4,1,7.0,1,1,52
202400039757,2024-08-26,Evening,3,1,2.0,1,1,94
202400039758,2024-04-04,Morning,4,1,3.0,1,2,69
202400039759,2024-08-26,Morning,4,1,7.0,1,1,75
202400039760,2024-07-19,Evening,3,1,3.0,1,2,88
202400039761,2024-07-19,Afternoon,3,1,7.0,1,1,73
202400039762,2024-04-04,Morning,4,1,3.0,5,2,69
202400039763,2024-08-26,Morning,3,1,2.0,1,1,92
202400039764,2024-07-20,Morning,4,1,6.0,1,2,38
202400039765,2024-04-03,Afternoon,3,8,1.0,1,2,69
202400039766,2024-08-25,Night,4,1,6.0,3,1,78
202400039767,2024-08-26,Afternoon,4,1,3.0,1,1,94
202400039768,2024-07-19,Afternoon,4,1,5.0,1,1,38
202400039769,2024-07-20,Evening,4,2,7.0,1,1,69
202400039770,2024-06-10,Morning,3,1,3.0,1,2,74
202400039771,2024-07-19,Night,3,1,3.0,3,1,69
202400039772,2024-05-10,Morning,3,1,2.0,1,2,74
202400039773,2024-07-20,Night,4,1,1.0,5,1,69
202400039774,2024-07-20,Night,3,1,6.0,5,2,69
202400039775,2024-04-14,Afternoon,4,1,1.0,1,1,74
202400039776,2024-06-08,Morning,4,1,1.0,1,2,74
202400039777,2024-07-20,Morning,4,1,1.0,2,1,81
202400039778,2024-07-15,Night,3,1,6.0,3,1,32
202400039779,2024-05-20,Afternoon,3,1,1.0,1,2,74
202400039780,2024-07-16,Evening,3,1,2.0,1,1,31
202400039781,2024-05-26,Night,3,1,6.0,3,1,74
202400039782,2024-07-20,Morning,3,1,3.0,1,2,31
202400039783,2024-07-19,Night,2,1,6.0,3,1,24
202400039784,2024-05-30,Evening,4,8,6.0,1,1,74
202400039785,2024-07-08,Afternoon,3,1,2.0,1,1,33
202400039786,2024-07-08,Afternoon,3,1,2.0,1,1,33
202400039787,2024-07-20,Night,3,1,7.0,3,2,33
202400039788,2024-04-30,Evening,4,1,4.0,1,2,74
202400039789,2024-07-20,Afternoon,3,1,7.0,1,2,76
202400039790,2024-06-09,Afternoon,4,2,2.0,1,2,74
202400039791,2024-07-19,Afternoon,4,1,3.0,1,2,76
202400039792,2024-07-19,Morning,4,1,3.0,1,2,76
202400039793,2024-07-20,Afternoon,4,1,7.0,1,2,60
202400039794,2024-07-19,Evening,3,1,7.0,1,2,62
202400039795,2024-05-18,Afternoon,3,1,1.0,1,1,74
202400039796,2024-07-17,Night,3,1,6.0,3,1,13
202400039797,2024-05-27,Morning,3,1,6.0,1,2,74
202400039798,2024-07-19,Morning,4,1,6.0,1,1,57
202400039799,2024-07-19,Afternoon,4,1,4.0,1,1,33
202400039800,2024-03-28,Afternoon,3,1,2.0,1,1,74
202400039801,2024-07-19,Afternoon,4,1,4.0,1,1,33
202400039802,2024-03-25,Morning,4,1,6.0,1,1,74
202400039803,2024-07-15,Evening,4,1,2.0,1,1,59
202400039804,2024-07-19,Afternoon,4,1,3.0,1,1,91
202400039805,2024-08-25,Afternoon,4,1,1.0,1,2,59
202400039806,2024-07-19,Afternoon,4,1,2.0,1,1,91
202400039807,2024-07-19,Evening,4,1,6.0,1,1,78
202400039809,2024-07-19,Afternoon,4,1,4.0,1,1,78
202400039811,2024-07-19,Evening,4,1,3.0,1,1,95
202400039813,2024-07-19,Afternoon,4,1,1.0,1,1,93
202400039814,2024-07-19,Morning,4,1,6.0,1,1,93
202400039816,2024-07-19,Morning,4,1,2.0,1,1,94
202400039818,2024-08-24,Afternoon,3,1,1.0,1,2,95
202400039821,2024-08-25,Afternoon,4,1,4.0,1,2,91
202400039824,2024-08-25,Night,4,3,2.0,4,1,88
202400039827,2024-08-25,Evening,4,1,3.0,1,1,85
202400039828,2024-07-18,Afternoon,4,1,3.0,1,2,2A
202400039829,2024-07-17,Afternoon,4,1,4.0,1,1,95
202400039830,2024-08-25,Afternoon,4,1,6.0,1,2,84
202400039831,2024-07-18,Evening,4,1,1.0,1,2,91
202400039832,2024-07-16,Afternoon,4,1,3.0,1,1,87
202400039833,2024-08-25,Morning,4,1,7.0,1,2,83
202400039834,2024-07-17,Evening,4,1,6.0,1,2,85
202400039835,2024-07-18,Night,4,1,3.0,5,2,80
202400039836,2024-06-12,Morning,2,1,6.0,1,2,78
202400039837,2024-08-24,Night,3,1,3.0,5,2,78
202400039838,2024-06-15,Evening,4,1,3.0,1,2,77
202400039839,2024-08-25,Night,4,1,2.0,5,2,77
202400039840,2024-07-17,Morning,4,1,6.0,1,2,77
202400039841,2024-08-25,Evening,4,1,6.0,2,2,71
202400039842,2024-07-17,Morning,4,1,3.0,1,2,77
202400039843,2024-07-18,Evening,4,1,7.0,1,1,76
202400039844,2024-08-25,Night,4,2,6.0,2,2,65
202400039845,2024-07-17,Night,4,1,2.0,5,2,72
202400039846,2024-07-18,Night,3,1,2.0,3,2,69
202400039847,2024-08-25,Evening,4,2,3.0,1,2,64
202400039848,2024-07-18,Morning,4,1,6.0,1,2,69
202400039849,2024-08-24,Afternoon,4,3,1.0,1,2,62
202400039850,2024-07-17,Evening,4,1,6.0,1,2,69
202400039851,2024-07-18,Morning,4,1,6.0,1,2,64
202400039852,2024-08-25,Night,4,1,6.0,5,2,60
202400039853,2024-08-25,Night,4,2,7.0,3,1,59
202400039854,2024-07-17,Afternoon,4,1,3.0,1,2,64
202400039855,2024-08-24,Afternoon,3,2,7.0,1,2,59
202400039856,2024-07-18,Afternoon,4,1,3.0,1,2,63
202400039857,2024-07-17,Afternoon,3,1,6.0,1,2,63
202400039858,2024-08-24,Afternoon,4,3,3.0,1,2,59
202400039859,2024-07-18,Evening,4,1,3.0,1,2,62
202400039860,2024-08-25,Evening,4,1,3.0,1,2,57
202400039861,2024-08-25,Afternoon,4,1,6.0,1,1,56
202400039862,2024-07-18,Morning,4,1,3.0,1,2,62
202400039863,2024-08-24,Afternoon,4,1,3.0,1,1,47
202400039864,2024-07-18,Night,4,1,3.0,5,1,59
202400039865,2024-06-19,Afternoon,4,1,6.0,1,2,42
202400039866,2024-07-18,Night,3,1,7.0,5,2,59
202400039867,2024-08-25,Afternoon,4,1,4.0,1,1,36
202400039868,2024-07-17,Evening,4,1,2.0,1,2,57
202400039869,2024-08-25,Afternoon,4,1,6.0,1,2,36
202400039870,2024-07-18,Afternoon,4,1,3.0,1,2,54
202400039871,2024-08-26,Night,4,1,6.0,3,1,35
202400039872,2024-07-18,Morning,4,1,3.0,1,2,54
202400039873,2024-08-25,Morning,4,1,3.0,1,2,34
202400039874,2024-07-18,Afternoon,4,1,7.0,1,2,54
202400039875,2024-07-17,Night,3,1,6.0,5,2,51
202400039876,2024-08-25,Night,4,1,6.0,5,2,31
202400039877,2024-07-18,Evening,3,1,6.0,1,2,50
202400039878,2024-08-25,Afternoon,4,1,6.0,1,2,27
202400039879,2024-07-18,Afternoon,3,1,7.0,1,2,50
202400039880,2024-08-24,Afternoon,4,3,7.0,1,2,27
202400039881,2024-08-24,Evening,4,1,6.0,1,2,26
202400039882,2024-07-17,Evening,4,1,3.0,1,2,50
202400039883,2024-08-25,Night,3,1,7.0,5,2,14
202400039884,2024-08-25,Morning,3,1,1.0,5,2,13
202400039885,2024-07-17,Evening,4,1,3.0,1,2,50
202400039886,2024-08-24,Afternoon,4,1,2.0,1,2,13
202400039887,2024-07-17,Evening,4,1,3.0,1,2,49
202400039888,2024-07-17,Morning,4,1,3.0,2,2,42
202400039889,2024-07-17,Afternoon,4,1,3.0,1,2,42
202400039890,2024-08-24,Afternoon,4,1,5.0,1,2,13
202400039891,2024-07-17,Evening,4,1,1.0,2,2,38
202400039892,2024-08-25,Afternoon,4,1,3.0,1,2,10
202400039893,2024-06-14,Afternoon,4,1,1.0,1,1,21
202400039894,2024-08-24,Morning,3,7,3.0,1,2,01
202400039895,2024-07-18,Afternoon,4,7,3.0,1,2,37
202400039896,2024-08-25,Afternoon,4,1,2.0,1,2,75
202400039897,2024-05-29,Afternoon,3,8,6.0,1,2,19
202400039898,2024-07-18,Afternoon,4,1,6.0,1,2,37
202400039899,2024-06-17,Afternoon,4,1,3.0,1,2,19
202400039900,2024-06-16,Afternoon,4,1,6.0,1,2,14
202400039901,2024-07-18,Evening,4,1,2.0,1,1,35
202400039902,2024-08-24,Afternoon,4,1,5.0,1,2,75
202400039903,2024-06-17,Morning,4,1,2.0,1,1,13
202400039904,2024-08-23,Afternoon,4,1,4.0,1,2,75
202400039905,2024-07-18,Morning,4,1,3.0,1,2,35
202400039906,2024-06-17,Evening,3,1,7.0,1,1,13
202400039907,2024-08-23,Morning,4,1,2.0,1,2,75
202400039908,2024-06-17,Morning,4,1,1.0,1,2,13
202400039909,2024-07-18,Morning,3,1,3.0,1,2,34
202400039910,2024-06-13,Evening,3,1,7.0,1,2,13
202400039911,2024-08-23,Morning,4,1,3.0,1,2,75
202400039912,2024-07-18,Evening,4,1,2.0,1,2,33
202400039913,2024-06-17,Night,4,1,2.0,5,2,13
202400039914,2024-08-24,Afternoon,2,1,2.0,1,2,75
202400039915,2024-06-12,Morning,4,1,6.0,1,2,06
202400039916,2024-08-25,Morning,3,1,6.0,1,2,75
202400039917,2024-06-17,Morning,3,1,3.0,1,2,02
202400039918,2024-07-18,Afternoon,4,1,4.0,1,2,33
202400039919,2024-08-25,Morning,4,1,3.0,1,2,75
202400039920,2024-06-17,Morning,4,1,2.0,1,2,01
202400039921,2024-08-24,Afternoon,4,1,6.0,1,2,75
202400039922,2024-07-18,Morning,4,1,6.0,1,2,33
202400039923,2024-08-25,Night,4,1,6.0,5,2,75
202400039924,2024-06-17,Evening,4,1,4.0,1,2,75
202400039925,2024-07-17,Evening,4,1,6.0,1,2,33
202400039926,2024-08-25,Night,4,1,3.0,5,2,75
202400039927,2024-06-17,Morning,4,1,4.0,1,2,75
202400039928,2024-07-18,Afternoon,3,1,3.0,1,2,31
202400039929,2024-06-17,Morning,4,1,3.0,1,2,75
202400039930,2024-08-25,Evening,4,1,5.0,2,2,93
202400039931,2024-07-18,Morning,4,1,6.0,1,2,29
202400039932,2024-08-24,Afternoon,4,1,6.0,1,2,93
202400039933,2024-06-17,Morning,4,1,3.0,1,2,75
202400039934,2024-07-17,Afternoon,4,1,2.0,1,2,29
202400039935,2024-06-17,Morning,4,1,3.0,1,2,75
202400039936,2024-07-17,Morning,3,1,6.0,1,2,29
202400039937,2024-08-24,Afternoon,4,1,3.0,1,2,93
202400039938,2024-06-17,Morning,4,1,3.0,1,2,75
202400039939,2024-07-18,Evening,4,1,2.0,1,2,27
202400039940,2024-08-24,Evening,4,1,3.0,5,2,93
202400039941,2024-06-17,Afternoon,4,1,3.0,1,2,75
202400039942,2024-07-17,Evening,4,1,1.0,2,2,26
202400039943,2024-08-25,Night,4,1,6.0,5,2,93
202400039944,2024-06-17,Morning,4,1,6.0,1,2,94
202400039945,2024-08-26,Morning,2,1,7.0,1,1,34
202400039946,2024-08-25,Evening,2,1,6.0,1,1,47
202400039947,2024-06-17,Evening,3,1,6.0,1,2,94
202400039948,2024-07-18,Afternoon,4,1,4.0,1,2,17
202400039949,2024-06-17,Afternoon,4,1,3.0,1,2,94
202400039950,2024-08-26,Afternoon,3,1,3.0,1,2,62
202400039951,2024-07-17,Afternoon,4,1,2.0,1,1,14
202400039952,2024-08-26,Afternoon,4,1,6.0,1,1,28
202400039954,2024-07-17,Morning,4,7,3.0,1,2,14
202400039955,2024-06-16,Night,4,1,5.0,5,2,93
202400039957,2024-07-17,Afternoon,3,1,3.0,1,1,13
202400039958,2024-06-17,Morning,4,1,6.0,1,2,93
202400039959,2024-08-26,Morning,4,1,7.0,1,1,26
202400039960,2024-06-17,Afternoon,4,1,7.0,1,2,92
202400039961,2024-07-18,Afternoon,3,1,1.0,1,2,13
202400039962,2024-08-26,Evening,2,1,2.0,1,2,01
202400039963,2024-06-17,Afternoon,4,1,1.0,1,2,92
202400039964,2024-06-17,Evening,4,1,3.0,1,2,92
202400039965,2024-07-14,Evening,4,1,1.0,1,2,13
202400039966,2024-08-25,Afternoon,4,7,3.0,1,1,86
202400039967,2024-06-17,Evening,4,1,3.0,1,2,92
202400039968,2024-06-17,Afternoon,4,1,6.0,1,2,92
202400039970,2024-06-17,Morning,3,1,6.0,1,2,92
202400039971,2024-07-17,Night,4,1,2.0,3,1,13
202400039972,2024-08-24,Night,4,1,6.0,3,1,84