Num_Acc,date,time_of_day,max_severity,weather,collision_type,lighting,urban_area,department
202400039973,2024-06-17,Morning,4,1,7.0,1,2,92
202400039974,2024-07-18,Night,3,1,6.0,4,2,11
202400039975,2024-08-25,Morning,3,1,2.0,1,1,2A
202400039976,2024-06-17,Afternoon,4,1,2.0,1,2,92
202400039977,2024-08-23,Evening,3,1,6.0,5,2,82
202400039978,2024-06-17,Afternoon,4,1,3.0,1,2,92
202400039979,2024-07-17,Evening,4,1,2.0,1,2,10
202400039980,2024-08-26,Morning,4,8,2.0,1,1,65
202400039981,2024-06-16,Night,3,1,6.0,5,2,92
202400039982,2024-06-18,Night,4,2,6.0,3,2,95
202400039983,2024-08-26,Morning,3,1,1.0,1,2,33
202400039984,2024-07-17,Morning,4,1,2.0,1,2,10
202400039985,2024-05-30,Morning,3,2,3.0,1,2,40
202400039986,2024-06-17,Morning,3,1,7.0,1,1,05
202400039987,2024-07-18,Morning,4,1,3.0,1,2,06
202400039988,2024-08-26,Afternoon,2,1,3.0,1,1,69
202400039989,2024-08-25,Night,2,1,6.0,3,1,86
202400039991,2024-07-18,Afternoon,4,1,3.0,1,2,06
202400039992,2024-08-25,Evening,2,1,3.0,1,2,34
202400039993,2024-06-18,Evening,3,1,2.0,1,1,51
202400039994,2024-07-18,Afternoon,3,1,3.0,1,2,01
202400039995,2024-06-16,Morning,3,2,6.0,1,1,62
202400039996,2024-08-25,Evening,4,7,1.0,2,1,34
202400039997,2024-06-14,Afternoon,3,2,6.0,1,2,80
202400039998,2024-07-18,Evening,4,1,2.0,1,2,75
202400039999,2024-08-23,Morning,4,1,3.0,1,2,68
202400040000,2024-06-18,Morning,4,1,1.0,1,1,80
202400040001,2024-07-18,Afternoon,4,1,3.0,1,2,75
202400040002,2024-08-19,Evening,3,7,2.0,2,1,68
202400040003,2024-06-05,Morning,4,7,6.0,2,2,69
202400040004,2024-07-18,Afternoon,4,1,2.0,1,2,75
202400040005,2024-09-19,Evening,3,1,7.0,2,1,24
202400040006,2024-08-24,Afternoon,4,1,3.0,1,1,39
202400040007,2024-08-18,Afternoon,4,3,6.0,1,1,01
202400040008,2024-07-18,Morning,4,1,3.0,1,2,75
202400040009,2024-06-17,Afternoon,4,1,2.0,1,2,11
202400040010,2024-08-24,Morning,4,1,6.0,1,2,39
202400040011,2024-06-17,Evening,3,1,6.0,1,1,89
202400040012,2024-07-17,Evening,4,1,3.0,1,2,75
202400040013,2024-09-30,Afternoon,3,1,4.0,1,1,06
202400040014,2024-06-17,Evening,4,7,1.0,1,1,42
202400040015,2024-08-26,Afternoon,4,1,7.0,1,1,39
202400040016,2024-07-17,Evening,4,1,4.0,1,2,75
202400040017,2024-08-25,Morning,2,1,7.0,1,1,29
202400040018,2024-06-18,Afternoon,4,1,1.0,1,1,46
202400040019,2024-10-01,Morning,2,1,2.0,3,1,34
202400040020,2024-08-26,Morning,2,1,6.0,1,2,29
202400040021,2024-06-16,Afternoon,4,3,2.0,1,1,41
202400040022,2024-07-05,Morning,3,1,7.0,1,1,03
202400040024,2024-07-17,Evening,4,1,6.0,1,2,75
202400040025,2024-08-25,Afternoon,4,1,3.0,1,2,01
202400040026,2024-06-18,Afternoon,3,1,7.0,1,1,34
202400040027,2024-08-24,Afternoon,3,7,7.0,1,1,70
202400040029,2024-07-18,Morning,4,1,4.0,1,2,75
202400040030,2024-08-25,Evening,3,1,1.0,1,1,26
202400040031,2024-06-17,Evening,3,1,1.0,2,1,68
202400040032,2024-09-30,Afternoon,4,1,2.0,1,2,77
202400040033,2024-07-17,Afternoon,4,1,3.0,1,2,75
202400040034,2024-08-25,Evening,4,1,7.0,1,1,26
202400040035,2024-06-13,Afternoon,3,2,3.0,1,1,29
202400040036,2024-07-18,Afternoon,4,1,7.0,1,2,75
202400040037,2024-08-26,Afternoon,3,1,6.0,1,2,66
202400040038,2024-09-30,Afternoon,2,1,1.0,1,1,26
202400040039,2024-06-18,Afternoon,4,8,6.0,1,1,29
202400040040,2024-07-17,Morning,4,1,6.0,1,2,75
202400040041,2024-08-25,Afternoon,4,1,1.0,1,1,06
202400040042,2024-06-18,Afternoon,3,1,6.0,1,1,38
202400040043,2024-09-29,Afternoon,3,1,3.0,1,1,69
202400040044,2024-07-18,Afternoon,4,1,3.0,1,2,75
202400040045,2024-08-26,Evening,3,1,3.0,1,1,50
202400040046,2024-08-25,Afternoon,3,1,7.0,1,1,73
202400040047,2024-06-17,Evening,4,1,3.0,2,2,02
202400040048,2024-07-18,Morning,3,1,6.0,1,2,75
202400040049,2024-10-01,Morning,4,3,6.0,1,2,85
202400040050,2024-07-17,Afternoon,4,1,3.0,1,2,75
202400040051,2024-08-26,Afternoon,4,1,1.0,1,1,36
202400040052,2024-06-18,Afternoon,3,1,3.0,1,2,01
202400040053,2024-09-23,Morning,4,1,6.0,1,2,50
202400040054,2024-06-17,Morning,3,1,3.0,1,2,72
202400040055,2024-07-18,Night,4,1,3.0,5,2,75
202400040056,2024-08-25,Evening,4,1,1.0,1,1,07
202400040057,2024-06-17,Evening,3,1,3.0,1,2,60
202400040058,2024-07-18,Afternoon,4,1,3.0,1,2,75
202400040059,2024-08-25,Night,3,1,6.0,5,2,85
202400040060,2024-10-01,Morning,4,1,7.0,1,1,50
202400040061,2024-04-20,Night,4,1,1.0,5,1,64
202400040062,2024-07-17,Morning,4,1,6.0,1,2,75
202400040063,2024-08-25,Afternoon,4,1,1.0,1,1,87
202400040064,2024-10-01,Afternoon,4,1,7.0,1,2,14
202400040065,2024-06-18,Morning,3,1,3.0,1,1,73
202400040066,2024-07-18,Night,4,1,3.0,5,2,75
202400040067,2024-10-01,Morning,3,1,6.0,1,1,62
202400040068,2024-06-17,Morning,3,1,7.0,1,1,10
202400040069,2024-08-25,Afternoon,4,1,1.0,1,1,37
202400040070,2024-06-18,Afternoon,4,1,7.0,1,1,07
202400040071,2024-07-18,Night,4,1,1.0,5,2,75
202400040072,2024-07-27,Morning,4,1,6.0,2,1,30
202400040073,2024-06-17,Afternoon,3,1,6.0,1,1,21
202400040074,2024-07-17,Morning,4,1,6.0,1,2,94
202400040075,2024-06-17,Evening,2,1,6.0,2,1,42
202400040076,2024-07-17,Night,4,1,2.0,3,2,94
202400040077,2024-09-30,Afternoon,3,1,6.0,1,2,13
202400040078,2024-06-17,Evening,3,1,2.0,1,1,34
202400040079,2024-07-18,Afternoon,4,1,3.0,1,2,94
202400040080,2024-08-25,Evening,3,7,1.0,1,1,95
202400040081,2024-09-28,Afternoon,4,1,2.0,1,1,59
202400040082,2024-07-17,Evening,4,1,3.0,1,2,94
202400040084,2024-08-25,Night,4,2,2.0,3,1,30
202400040085,2024-06-17,Afternoon,4,1,6.0,1,1,69
202400040086,2024-07-18,Evening,4,1,2.0,1,2,94
202400040087,2024-09-27,Night,4,1,2.0,3,1,59
202400040088,2024-06-16,Night,3,1,6.0,3,1,45
202400040089,2024-07-18,Afternoon,4,1,6.0,1,2,93
202400040090,2024-06-16,Evening,3,3,1.0,2,1,91
202400040092,2024-06-18,Afternoon,4,1,7.0,1,2,91
202400040093,2024-09-26,Afternoon,4,1,5.0,1,1,62
202400040094,2024-07-18,Afternoon,4,1,6.0,1,2,93
202400040095,2024-08-25,Morning,4,1,6.0,1,1,28
202400040096,2024-06-17,Afternoon,4,1,2.0,1,1,66
202400040098,2024-09-30,Evening,4,8,4.0,1,1,91
202400040099,2024-06-16,Evening,3,1,3.0,1,2,66
202400040101,2024-06-17,Afternoon,2,1,6.0,1,2,34
202400040102,2024-09-30,Evening,4,2,3.0,1,1,78
202400040103,2024-06-17,Morning,3,1,7.0,1,1,34
202400040104,2024-08-25,Evening,4,1,3.0,1,1,29
202400040105,2024-06-10,Afternoon,4,1,3.0,1,1,83
202400040106,2024-08-26,Afternoon,3,1,1.0,1,1,95
202400040107,2024-06-17,Afternoon,4,1,2.0,1,2,68
202400040108,2024-08-25,Night,3,1,6.0,3,1,95
202400040109,2024-09-29,Evening,4,8,4.0,3,1,78
202400040110,2024-06-18,Afternoon,4,1,3.0,1,2,68
202400040111,2024-06-07,Night,3,1,6.0,3,1,42
202400040112,2024-08-26,Night,3,1,5.0,5,2,66
202400040113,2024-06-10,Afternoon,4,2,6.0,1,2,44
202400040114,2024-08-26,Afternoon,3,1,7.0,1,1,04
202400040115,2024-09-29,Evening,4,2,4.0,2,1,78
202400040116,2024-06-17,Afternoon,3,1,1.0,1,2,33
202400040117,2024-08-25,Evening,4,1,7.0,1,1,13
202400040118,2024-09-29,Afternoon,4,8,2.0,1,1,78
202400040119,2024-06-18,Afternoon,4,1,3.0,1,1,60
202400040120,2024-08-25,Evening,4,1,1.0,1,1,13
202400040121,2024-08-26,Evening,4,1,6.0,1,2,71
202400040122,2024-06-04,Afternoon,4,1,2.0,1,2,60
202400040123,2024-09-28,Night,4,1,2.0,3,1,92
202400040124,2024-08-24,Afternoon,3,1,2.0,1,2,21
202400040125,2024-06-17,Afternoon,3,1,6.0,1,2,59
202400040126,2024-06-17,Afternoon,4,1,2.0,1,1,13
202400040127,2024-09-29,Morning,3,1,2.0,3,1,93
202400040128,2024-08-24,Evening,3,2,1.0,3,1,03
202400040129,2024-06-16,Morning,3,1,6.0,1,1,59
202400040130,2024-08-26,Morning,4,1,1.0,5,1,73
202400040131,2024-06-17,Afternoon,4,1,4.0,1,1,91
202400040132,2024-09-29,Night,4,1,2.0,3,1,93
202400040133,2024-08-17,Morning,4,1,6.0,1,1,73
202400040134,2024-06-17,Morning,4,1,2.0,1,1,91
202400040135,2024-08-25,Afternoon,4,1,3.0,1,2,01
202400040136,2024-09-28,Afternoon,4,1,3.0,1,1,93
202400040137,2024-06-16,Afternoon,4,1,4.0,1,1,78
202400040138,2024-08-25,Afternoon,4,1,1.0,1,2,01
202400040139,2024-06-16,Night,4,1,6.0,3,1,78
202400040140,2024-09-30,Evening,4,1,7.0,5,1,94
202400040141,2024-06-15,Night,4,1,2.0,3,1,78
202400040142,2024-08-23,Afternoon,3,2,7.0,1,1,22
202400040143,2024-09-30,Afternoon,4,1,3.0,1,1,94
202400040144,2024-08-26,Afternoon,3,1,2.0,1,1,22
202400040145,2024-06-17,Afternoon,4,1,4.0,1,1,93
202400040146,2024-05-25,Afternoon,4,1,6.0,1,2,91
202400040147,2024-06-17,Morning,4,1,2.0,1,1,93
202400040148,2024-08-26,Afternoon,4,1,4.0,1,1,02
202400040149,2024-06-17,Morning,2,1,6.0,1,1,95
202400040150,2024-08-25,Morning,4,1,6.0,1,2,02
202400040151,2024-05-13,Evening,4,1,4.0,1,1,91
202400040152,2024-03-28,Evening,4,2,7.0,1,1,29
202400040153,2024-08-24,Night,4,1,2.0,3,2,59
202400040154,2024-03-10,Afternoon,4,1,2.0,1,2,14
202400040155,2024-05-11,Afternoon,3,7,1.0,1,2,28
202400040156,2024-08-26,Night,3,1,5.0,5,2,59
202400040159,2024-02-07,Morning,4,2,3.0,1,2,93
202400040161,2024-06-16,Evening,4,1,7.0,2,1,13
202400040162,2024-07-26,Afternoon,4,1,6.0,1,2,57
202400040165,2024-06-16,Morning,4,1,6.0,1,2,95
202400040166,2024-09-29,Morning,4,1,6.0,1,2,69
202400040167,2024-08-25,Afternoon,4,1,4.0,1,1,33
202400040168,2024-09-29,Morning,4,1,3.0,1,2,69
202400040169,2024-06-16,Afternoon,4,2,2.0,1,2,91
202400040170,2024-08-25,Afternoon,4,1,4.0,1,1,91
202400040171,2024-06-16,Afternoon,4,8,2.0,1,2,88
202400040172,2024-09-29,Afternoon,4,1,1.0,1,1,95
202400040173,2024-08-24,Night,4,1,6.0,3,1,91
202400040174,2024-06-11,Afternoon,4,1,3.0,1,1,86
202400040175,2024-08-25,Evening,4,1,2.0,1,1,92
202400040176,2024-09-27,Afternoon,4,1,3.0,1,2,95
202400040177,2024-06-16,Evening,4,1,6.0,1,1,84
202400040178,2024-08-25,Morning,4,1,6.0,1,1,78
202400040179,2024-06-16,Afternoon,4,1,3.0,1,2,77
202400040180,2024-08-25,Morning,4,1,7.0,1,1,92
202400040181,2024-09-29,Afternoon,4,1,3.0,1,2,91
202400040182,2024-09-28,Afternoon,3,1,6.0,1,2,83
202400040183,2024-08-25,Afternoon,4,1,5.0,1,1,94
202400040184,2024-06-15,Afternoon,4,2,1.0,1,1,77
202400040185,2024-09-29,Night,4,1,3.0,5,2,83
202400040188,2024-09-29,Afternoon,4,1,1.0,1,2,83
202400040189,2024-06-16,Evening,4,1,1.0,1,2,74
202400040190,2024-08-24,Evening,3,1,6.0,5,2,69
202400040192,2024-09-27,Afternoon,4,1,3.0,1,2,83
202400040193,2024-06-16,Afternoon,3,1,3.0,1,2,74
202400040194,2024-06-15,Afternoon,4,1,2.0,1,1,74
202400040195,2024-08-24,Morning,4,1,4.0,1,2,69
202400040196,2024-06-15,Afternoon,4,1,6.0,1,2,69
202400040198,2024-09-29,Afternoon,4,1,6.0,1,2,77
202400040199,2024-06-16,Morning,4,1,1.0,1,2,66
202400040200,2024-09-29,Evening,4,1,3.0,1,2,74
202400040202,2024-06-16,Afternoon,4,1,3.0,1,2,65
202400040203,2024-08-24,Evening,4,1,3.0,1,2,2A
202400040204,2024-09-29,Afternoon,4,1,2.0,1,1,71
202400040205,2024-06-16,Afternoon,4,1,5.0,1,2,65
202400040206,2024-09-29,Afternoon,4,1,3.0,1,2,71
202400040207,2024-08-24,Afternoon,3,1,3.0,1,2,91
202400040208,2024-06-16,Afternoon,4,1,3.0,1,2,63
202400040209,2024-09-28,Morning,4,8,3.0,1,2,69
202400040210,2024-08-24,Evening,4,8,6.0,1,1,91
202400040211,2024-06-16,Morning,3,1,6.0,1,2,62
202400040212,2024-09-29,Evening,4,8,6.0,1,2,66
202400040213,2024-06-15,Evening,3,8,3.0,1,2,59
202400040214,2024-08-24,Morning,4,1,6.0,1,2,91
202400040215,2024-06-11,Morning,3,1,6.0,1,2,59
202400040216,2024-09-29,Morning,3,1,6.0,1,2,63
202400040217,2024-08-24,Night,4,1,1.0,5,2,91
202400040218,2024-09-29,Morning,3,1,6.0,1,2,63
202400040219,2024-06-15,Evening,4,1,3.0,1,2,57
202400040220,2024-09-28,Afternoon,3,1,6.0,1,2,62
202400040221,2024-06-16,Night,4,1,6.0,3,2,51
202400040222,2024-08-24,Night,4,1,5.0,5,2,83
202400040223,2024-06-15,Evening,4,1,1.0,1,2,51
202400040224,2024-09-29,Night,4,1,3.0,5,2,59
202400040225,2024-06-16,Afternoon,4,2,3.0,1,2,49
202400040226,2024-08-23,Afternoon,4,1,5.0,1,2,78
202400040227,2024-09-29,Morning,4,1,3.0,2,1,59
202400040228,2024-06-15,Afternoon,3,1,7.0,1,2,47
202400040229,2024-06-15,Afternoon,4,1,3.0,1,2,42
202400040230,2024-09-27,Evening,4,2,6.0,2,2,51
202400040231,2024-06-14,Afternoon,4,1,6.0,1,2,41
202400040232,2024-06-16,Night,4,1,1.0,3,1,38
202400040233,2024-09-29,Evening,4,1,3.0,2,2,45
202400040234,2024-06-16,Night,3,1,3.0,5,2,38
202400040235,2024-09-28,Afternoon,4,1,6.0,1,2,37
202400040236,2024-06-16,Night,4,2,3.0,5,2,37
202400040237,2024-09-29,Afternoon,4,1,3.0,1,2,34
202400040238,2024-06-16,Evening,4,1,3.0,5,2,33
202400040239,2024-09-27,Afternoon,4,1,2.0,1,2,34
202400040240,2024-09-29,Morning,3,1,6.0,1,2,31
202400040241,2024-06-15,Afternoon,4,1,1.0,1,2,25
202400040242,2024-09-29,Afternoon,4,2,7.0,1,2,29
202400040243,2024-06-14,Evening,3,3,6.0,1,2,19
202400040244,2024-06-16,Afternoon,4,1,7.0,1,2,13
202400040245,2024-09-29,Night,4,1,6.0,5,2,25
202400040246,2024-06-15,Night,4,1,3.0,3,1,13
202400040247,2024-06-16,Morning,4,1,3.0,1,1,09
202400040248,2024-09-29,Morning,3,1,1.0,1,2,17
202400040249,2024-06-14,Afternoon,4,1,6.0,1,2,09
202400040250,2024-09-28,Afternoon,4,1,3.0,1,1,14
202400040251,2024-06-15,Morning,4,8,1.0,1,1,07
202400040252,2024-06-16,Afternoon,3,1,3.0,1,2,06
202400040253,2024-09-29,Night,4,1,3.0,5,2,13
202400040254,2024-06-16,Morning,4,1,3.0,1,2,06
202400040255,2024-09-29,Afternoon,4,1,3.0,1,2,13
202400040256,2024-06-16,Morning,3,1,6.0,1,2,06
202400040257,2024-09-27,Morning,4,1,3.0,1,2,12
202400040258,2024-06-02,Morning,3,1,6.0,1,2,05
202400040259,2024-09-28,Evening,3,1,2.0,1,1,07
202400040260,2024-06-16,Afternoon,4,2,3.0,1,2,75
202400040261,2024-09-28,Afternoon,4,1,2.0,1,2,75
202400040262,2024-06-16,Night,4,1,2.0,5,2,75
202400040263,2024-06-15,Night,4,1,6.0,5,2,75
202400040264,2024-09-29,Afternoon,4,1,6.0,1,2,75
202400040265,2024-06-16,Afternoon,4,1,2.0,1,2,75
202400040266,2024-09-29,Evening,4,1,3.0,5,2,75
202400040267,2024-06-15,Afternoon,4,1,3.0,1,2,75
202400040268,2024-09-29,Evening,4,1,3.0,2,2,75
202400040269,2024-06-16,Afternoon,4,2,3.0,1,2,75
202400040270,2024-09-29,Morning,3,1,7.0,1,2,75
202400040271,2024-06-16,Afternoon,4,1,6.0,1,2,75
202400040272,2024-09-28,Afternoon,4,1,4.0,1,2,75
202400040273,2024-06-16,Evening,4,1,6.0,1,2,75
202400040274,2024-09-28,Afternoon,4,1,5.0,1,2,75
202400040275,2024-06-16,Afternoon,4,1,3.0,1,2,75
202400040276,2024-09-29,Morning,4,1,1.0,1,2,75
202400040277,2024-06-16,Night,4,2,2.0,5,2,75
202400040278,2024-09-28,Afternoon,4,1,3.0,1,2,75
202400040279,2024-06-16,Night,4,2,6.0,5,2,75
202400040280,2024-09-29,Evening,4,1,1.0,1,2,75
202400040281,2024-06-16,Afternoon,4,2,2.0,1,2,94
202400040282,2024-09-29,Afternoon,4,1,3.0,1,2,94
202400040283,2024-06-16,Night,3,1,3.0,5,2,94
202400040284,2024-09-28,Night,4,1,1.0,5,2,94
202400040285,2024-06-16,Morning,4,2,6.0,1,2,94
202400040286,2024-09-29,Evening,4,1,3.0,1,2,93
202400040287,2024-09-29,Night,4,1,3.0,5,2,93
202400040288,2024-06-16,Morning,4,2,3.0,1,2,93
202400040289,2024-09-29,Afternoon,4,1,1.0,1,2,93
202400040290,2024-06-15,Morning,4,1,4.0,1,2,93
202400040291,2024-09-29,Evening,4,1,4.0,2,2,92
202400040292,2024-09-29,Evening,4,2,2.0,5,2,92
202400040293,2024-06-16,Morning,4,2,4.0,1,2,92
202400040294,2024-06-16,Afternoon,4,2,6.0,1,2,92
202400040295,2024-06-16,Night,3,2,6.0,3,1,72
202400040296,2024-09-29,Afternoon,4,1,2.0,1,2,92
202400040297,2024-09-27,Night,3,2,2.0,3,1,95
202400040298,2024-06-17,Morning,4,1,3.0,1,2,63
202400040299,2024-09-26,Morning,3,1,7.0,1,1,2A
202400040300,2024-06-16,Afternoon,3,1,7.0,1,2,63
202400040301,2024-09-22,Night,3,1,6.0,3,2,31
202400040302,2024-06-13,Morning,4,1,3.0,1,2,95
202400040303,2024-09-26,Afternoon,3,1,6.0,1,1,81
202400040304,2024-09-29,Afternoon,4,1,6.0,1,2,62
202400040305,2024-06-15,Afternoon,4,8,2.0,1,1,77
202400040306,2024-12-10,Afternoon,4,8,3.0,1,2,93
202400040307,2024-09-29,Afternoon,3,1,6.0,1,1,54
202400040308,2024-06-17,Afternoon,3,1,2.0,1,1,23
202400040309,2024-12-10,Afternoon,4,2,6.0,5,1,92
202400040310,2024-12-08,Evening,4,2,6.0,5,2,92
202400040311,2024-06-17,Morning,4,1,1.0,1,1,12
202400040312,2024-09-29,Afternoon,4,1,3.0,1,1,68
202400040313,2024-12-10,Morning,4,8,6.0,2,2,92
202400040314,2024-06-16,Afternoon,4,1,6.0,1,1,22
202400040315,2024-09-29,Evening,3,1,6.0,1,1,36
202400040316,2024-11-27,Evening,4,1,6.0,5,2,92
202400040317,2024-12-09,Evening,4,2,4.0,5,2,92
202400040318,2024-06-16,Morning,3,1,7.0,1,1,30
202400040319,2024-09-29,Evening,3,1,1.0,3,1,30
202400040320,2024-12-09,Morning,4,2,6.0,2,2,92
202400040321,2024-09-30,Afternoon,4,8,6.0,1,1,22
202400040322,2024-12-10,Afternoon,4,2,1.0,5,2,92
202400040323,2024-09-26,Night,3,2,6.0,3,1,51
202400040324,2024-06-17,Morning,4,2,5.0,1,2,44
202400040325,2024-12-10,Evening,4,1,7.0,5,2,92
202400040326,2024-09-27,Evening,3,3,1.0,2,2,59
202400040327,2024-12-10,Morning,4,5,3.0,5,2,92
202400040328,2024-06-17,Morning,3,8,1.0,1,1,41
202400040329,2024-12-09,Afternoon,4,2,7.0,5,2,92
202400040330,2024-09-29,Afternoon,3,1,1.0,1,1,59
202400040331,2024-06-17,Evening,4,1,6.0,1,1,51
202400040332,2024-11-28,Afternoon,4,1,6.0,1,2,92
202400040333,2024-06-11,Evening,3,1,7.0,1,2,59
202400040334,2024-11-24,Night,4,1,3.0,5,2,92
202400040335,2024-09-28,Afternoon,3,1,3.0,1,1,76
202400040336,2024-06-16,Afternoon,4,1,7.0,1,1,19
202400040337,2024-12-11,Afternoon,3,1,3.0,2,1,22
202400040338,2024-06-08,Morning,3,1,2.0,1,1,2B
202400040339,2024-12-11,Morning,4,1,3.0,2,2,33
202400040340,2024-09-29,Afternoon,3,1,3.0,1,1,12
202400040341,2024-06-16,Afternoon,4,1,7.0,1,1,82
202400040343,2024-06-16,Afternoon,4,1,1.0,1,1,65
202400040344,2024-09-29,Evening,4,1,5.0,3,1,86
202400040345,2024-12-11,Afternoon,3,8,3.0,1,2,11
202400040346,2024-12-10,Afternoon,3,1,7.0,2,2,34
202400040347,2024-06-16,Evening,3,1,7.0,1,1,81
202400040348,2024-09-29,Morning,3,1,3.0,1,1,22
202400040349,2024-06-16,Night,3,1,6.0,3,1,11
202400040350,2024-12-11,Morning,4,1,2.0,1,1,24
202400040351,2024-12-10,Evening,4,1,7.0,3,1,82
202400040352,2024-06-17,Afternoon,3,2,3.0,1,2,71
202400040353,2024-12-11,Evening,3,1,3.0,5,2,65
202400040354,2024-06-17,Afternoon,3,1,6.0,1,2,63
202400040355,2024-12-11,Afternoon,4,2,1.0,2,1,65
202400040356,2024-09-27,Afternoon,4,1,2.0,1,1,29
202400040357,2024-12-10,Afternoon,3,1,2.0,1,1,81
202400040358,2024-06-16,Afternoon,3,1,6.0,1,1,63
202400040359,2024-09-27,Morning,4,2,1.0,2,1,01
202400040360,2024-12-11,Morning,4,1,1.0,1,1,55
202400040361,2024-09-29,Evening,4,1,6.0,3,1,70
202400040362,2024-06-16,Evening,3,8,1.0,1,2,39
202400040363,2024-12-11,Afternoon,3,1,3.0,1,1,46
202400040364,2024-09-03,Morning,3,1,1.0,1,1,26
202400040365,2024-06-16,Night,3,1,1.0,3,2,25
202400040366,2024-11-20,Evening,4,2,6.0,3,1,47
202400040367,2024-09-28,Afternoon,4,1,1.0,1,2,06
202400040368,2024-12-11,Morning,3,8,3.0,2,2,44
202400040369,2024-06-15,Afternoon,3,1,6.0,1,1,31
202400040370,2024-09-26,Afternoon,4,2,1.0,1,2,06
202400040371,2024-12-10,Morning,3,2,2.0,1,1,29
202400040372,2024-09-29,Morning,3,7,6.0,1,1,06
202400040373,2024-12-10,Evening,3,1,1.0,5,2,29
202400040374,2024-06-15,Afternoon,4,1,3.0,1,1,14
202400040375,2024-12-07,Morning,4,3,3.0,1,1,31
202400040376,2024-06-16,Afternoon,2,1,6.0,1,1,05
202400040377,2024-12-10,Evening,4,1,1.0,3,1,84
202400040378,2024-09-30,Morning,4,2,5.0,1,1,05
202400040379,2024-06-17,Afternoon,3,1,7.0,1,1,64
202400040380,2024-06-17,Afternoon,3,1,6.0,1,1,36
202400040381,2024-09-29,Evening,3,1,7.0,1,1,04
202400040382,2024-12-10,Night,3,1,6.0,3,1,66
202400040383,2024-09-30,Evening,3,1,1.0,1,1,23
202400040384,2024-06-17,Afternoon,4,1,4.0,1,2,07
202400040385,2024-12-09,Morning,4,2,3.0,2,1,90
202400040386,2024-09-29,Afternoon,3,1,6.0,1,1,37
202400040387,2024-06-16,Evening,4,1,7.0,1,1,07
202400040388,2024-09-30,Evening,4,1,7.0,1,2,30
202400040389,2024-06-17,Afternoon,2,1,6.0,1,2,53
202400040390,2024-11-15,Afternoon,4,1,3.0,1,2,45
202400040391,2024-06-15,Night,2,2,6.0,5,2,08
202400040392,2024-09-29,Evening,4,1,4.0,2,1,65
202400040393,2024-12-11,Morning,4,1,2.0,1,1,18
202400040394,2024-09-29,Night,4,1,6.0,3,1,01
202400040395,2024-06-17,Morning,3,1,3.0,1,1,24
202400040396,2024-09-25,Afternoon,3,1,6.0,1,2,66
202400040397,2024-12-11,Afternoon,3,1,1.0,1,2,53
202400040398,2024-06-16,Evening,4,2,6.0,1,1,77
202400040399,2024-12-11,Afternoon,4,1,6.0,3,1,85
202400040400,2024-09-30,Morning,3,1,1.0,1,1,13
202400040401,2024-06-13,Afternoon,2,2,2.0,1,1,35
202400040402,2024-12-10,Night,3,1,2.0,3,1,27
202400040403,2024-09-22,Morning,3,1,2.0,1,2,11
202400040404,2024-06-15,Evening,3,1,6.0,1,2,07
202400040405,2024-09-29,Morning,3,1,6.0,2,1,38
202400040406,2024-06-14,Afternoon,4,1,6.0,1,2,31
202400040407,2024-12-10,Evening,3,1,6.0,3,2,37
202400040408,2024-09-30,Morning,4,1,1.0,1,1,38
202400040409,2024-06-11,Morning,3,1,3.0,1,2,33
202400040410,2024-12-11,Afternoon,3,1,7.0,1,1,30
202400040411,2024-11-01,Afternoon,3,8,6.0,1,2,49
202400040413,2024-06-16,Evening,3,1,7.0,1,1,34
202400040414,2024-08-06,Morning,3,1,6.0,1,2,46
202400040415,2024-12-11,Morning,4,1,4.0,2,1,31
202400040417,2024-11-04,Morning,4,8,3.0,1,2,45
202400040418,2024-09-26,Morning,4,1,6.0,1,1,29
202400040419,2024-12-11,Morning,2,1,6.0,2,1,21
202400040420,2024-11-04,Afternoon,4,1,2.0,1,2,43
202400040421,2024-09-29,Evening,3,1,6.0,2,1,84
202400040422,2024-12-10,Night,3,1,6.0,3,1,21
202400040423,2024-11-04,Morning,4,7,4.0,1,2,43
202400040425,2024-09-29,Afternoon,4,1,3.0,1,2,13
202400040427,2024-09-30,Evening,2,1,6.0,1,1,03
202400040428,2024-11-01,Evening,4,1,3.0,5,2,42
202400040430,2024-09-28,Afternoon,4,1,2.0,1,1,33
202400040431,2024-11-04,Morning,4,5,3.0,1,2,35
202400040432,2024-09-30,Evening,2,1,6.0,1,1,85
202400040433,2024-12-10,Evening,2,1,1.0,3,2,45
202400040434,2024-11-04,Evening,3,1,2.0,5,2,34
202400040435,2024-12-05,Night,4,1,6.0,4,1,77
202400040436,2024-09-23,Afternoon,4,2,2.0,1,2,29
202400040437,2024-12-11,Morning,3,3,7.0,3,1,2B
202400040438,2024-11-04,Afternoon,4,1,3.0,1,2,33
202400040439,2024-09-30,Morning,4,8,3.0,1,1,35
202400040440,2024-12-11,Afternoon,3,5,1.0,1,1,71
202400040441,2024-11-04,Afternoon,4,1,6.0,1,2,33
202400040442,2024-09-29,Afternoon,4,1,1.0,1,1,59
202400040443,2024-12-11,Afternoon,4,1,3.0,3,1,50
202400040444,2024-11-04,Morning,4,1,3.0,1,2,33
202400040445,2024-12-10,Morning,3,2,6.0,3,1,29
202400040446,2024-09-29,Afternoon,4,1,2.0,1,1,13