Num_Acc,date,time_of_day,max_severity,weather,collision_type,lighting,urban_area,department
202400040447,2024-11-04,Afternoon,4,1,2.0,1,2,31
202400040448,2024-09-29,Morning,4,1,2.0,1,2,13
202400040449,2024-11-04,Morning,2,1,7.0,2,2,30
202400040450,2024-12-09,Evening,4,1,4.0,5,1,13
202400040451,2024-09-28,Night,4,1,7.0,3,1,13
202400040452,2024-11-04,Morning,4,5,3.0,4,2,29
202400040453,2024-12-05,Morning,4,1,3.0,1,1,13
202400040454,2024-09-28,Evening,4,1,4.0,3,2,13
202400040455,2024-11-04,Afternoon,4,1,3.0,1,2,28
202400040456,2024-12-10,Morning,4,1,5.0,1,1,83
202400040457,2024-09-29,Night,4,1,2.0,3,1,69
202400040458,2024-11-04,Morning,3,1,6.0,2,2,14
202400040459,2024-12-09,Evening,3,1,2.0,3,1,83
202400040460,2024-09-29,Evening,4,1,2.0,1,1,33
202400040461,2024-12-07,Evening,3,8,6.0,3,1,42
202400040462,2024-11-02,Evening,3,1,3.0,4,2,14
202400040463,2024-09-29,Evening,4,1,6.0,1,1,91
202400040464,2024-11-04,Afternoon,4,1,2.0,1,2,13
202400040465,2024-12-05,Afternoon,4,2,3.0,3,1,67
202400040466,2024-09-29,Morning,4,1,6.0,1,1,91
202400040467,2024-09-29,Night,4,1,7.0,3,1,91
202400040468,2024-11-04,Afternoon,3,1,2.0,1,1,13
202400040469,2024-12-05,Night,2,1,6.0,3,1,62
202400040470,2024-09-29,Night,4,1,7.0,3,1,91
202400040471,2024-11-03,Evening,4,1,3.0,1,2,10
202400040472,2024-12-10,Evening,4,2,2.0,5,1,94
202400040473,2024-09-29,Evening,2,1,6.0,3,1,77
202400040474,2024-11-04,Afternoon,3,1,3.0,1,2,06
202400040475,2024-12-10,Morning,4,1,5.0,2,1,94
202400040476,2024-09-29,Evening,4,1,4.0,3,1,75
202400040477,2024-10-31,Morning,2,1,2.0,1,2,06
202400040478,2024-12-09,Morning,4,1,4.0,1,1,78
202400040479,2024-09-29,Afternoon,4,1,3.0,1,1,94
202400040480,2024-11-04,Morning,4,1,6.0,1,2,75
202400040481,2024-11-04,Evening,4,1,6.0,5,2,75
202400040482,2024-12-10,Afternoon,4,2,4.0,2,1,93
202400040483,2024-05-12,Morning,4,1,1.0,1,1,45
202400040484,2024-12-08,Morning,4,2,6.0,1,1,95
202400040485,2024-11-04,Afternoon,4,1,6.0,1,2,75
202400040486,2024-09-24,Afternoon,4,1,6.0,1,2,44
202400040487,2024-10-05,Morning,4,1,2.0,1,2,13
202400040488,2024-11-03,Night,4,1,3.0,5,2,75
202400040489,2024-03-31,Night,4,1,3.0,5,2,73
202400040490,2024-08-15,Night,4,1,6.0,3,1,27
202400040491,2024-08-08,Morning,3,1,7.0,1,1,13
202400040492,2024-11-03,Evening,4,1,2.0,4,2,94
202400040493,2024-09-23,Morning,4,1,3.0,1,2,44
202400040494,2024-08-01,Morning,4,1,1.0,1,1,13
202400040495,2024-06-24,Afternoon,4,1,7.0,1,1,43
202400040496,2024-11-04,Morning,3,1,5.0,1,2,94
202400040498,2024-09-23,Morning,4,1,3.0,2,2,44
202400040499,2024-11-04,Afternoon,4,1,6.0,1,2,93
202400040501,2024-09-21,Morning,4,1,3.0,1,2,44
202400040502,2024-11-04,Morning,4,1,3.0,1,2,92
202400040504,2024-11-04,Morning,4,1,3.0,1,2,92
202400040505,2024-05-03,Afternoon,2,3,6.0,1,2,19
202400040506,2024-09-21,Morning,4,1,6.0,2,2,44
202400040508,2024-11-04,Morning,4,1,3.0,1,2,92
202400040509,2024-09-20,Morning,4,1,3.0,2,2,44
202400040510,2024-11-05,Afternoon,3,5,7.0,1,1,95
202400040512,2024-09-19,Afternoon,4,1,2.0,1,2,44
202400040513,2024-11-04,Evening,3,1,6.0,5,2,95
202400040515,2024-11-03,Evening,3,1,6.0,5,2,63
202400040516,2024-05-18,Night,2,1,3.0,3,1,62
202400040518,2024-11-04,Evening,2,8,2.0,3,1,01
202400040519,2024-10-31,Afternoon,4,1,6.0,2,1,62
202400040521,2024-07-28,Evening,3,1,3.0,5,2,74
202400040522,2024-11-02,Night,3,1,6.0,3,1,59
202400040525,2024-11-05,Afternoon,3,1,3.0,1,1,76
202400040526,2024-12-09,Morning,4,8,1.0,1,2,2A
202400040528,2024-10-27,Night,4,1,3.0,5,2,2A
202400040529,2024-12-09,Afternoon,4,8,3.0,1,2,95
202400040531,2024-11-03,Morning,3,1,3.0,1,1,2B
202400040532,2024-12-09,Evening,4,2,6.0,5,2,91
202400040533,2024-11-05,Morning,4,5,1.0,1,1,80
202400040535,2024-11-30,Afternoon,4,2,2.0,5,2,91
202400040536,2024-11-05,Morning,3,5,3.0,2,1,80
202400040538,2024-12-09,Afternoon,4,1,3.0,1,2,91
202400040539,2024-11-04,Evening,4,1,1.0,3,1,89
202400040540,2024-12-07,Morning,3,3,3.0,1,2,90
202400040541,2024-09-28,Night,4,1,4.0,5,2,69
202400040542,2024-11-03,Afternoon,4,1,1.0,2,2,12
202400040543,2024-12-08,Evening,4,2,6.0,5,2,87
202400040544,2024-09-28,Morning,4,1,3.0,1,2,2A
202400040545,2024-12-07,Evening,4,1,7.0,2,2,80
202400040546,2024-10-24,Morning,4,1,3.0,1,2,29
202400040547,2024-09-28,Evening,4,1,3.0,1,2,91
202400040548,2024-12-09,Night,3,1,7.0,5,2,79
202400040549,2024-11-03,Afternoon,3,5,6.0,1,1,22
202400040550,2024-12-09,Evening,4,2,6.0,5,2,78
202400040551,2024-09-28,Morning,4,1,3.0,1,2,91
202400040552,2024-11-05,Afternoon,3,1,2.0,1,2,44
202400040553,2024-12-08,Afternoon,4,2,6.0,5,2,78
202400040554,2024-09-27,Morning,4,1,6.0,1,2,78
202400040555,2024-11-05,Afternoon,3,1,5.0,1,1,45
202400040556,2024-09-28,Evening,4,1,6.0,2,2,78
202400040557,2024-11-03,Afternoon,3,1,7.0,1,1,18
202400040558,2024-11-03,Morning,3,1,6.0,1,2,40
202400040559,2024-12-08,Afternoon,4,2,6.0,3,2,77
202400040560,2024-11-03,Afternoon,4,1,1.0,1,1,40
202400040561,2024-12-08,Evening,4,2,6.0,5,1,77
202400040562,2024-09-28,Afternoon,4,1,4.0,1,2,77
202400040563,2024-11-04,Afternoon,3,1,6.0,1,2,04
202400040564,2024-12-09,Evening,4,1,3.0,5,2,77
202400040565,2024-09-28,Afternoon,4,1,3.0,1,2,77
202400040566,2024-11-04,Afternoon,3,1,6.0,1,2,04
202400040567,2024-12-09,Evening,4,2,1.0,5,2,76
202400040568,2024-09-27,Afternoon,4,2,3.0,1,2,77
202400040569,2024-12-09,Morning,4,8,6.0,2,2,76
202400040570,2024-09-28,Morning,4,1,7.0,1,2,77
202400040571,2024-11-04,Afternoon,4,1,3.0,1,1,85
202400040572,2024-10-30,Evening,3,1,1.0,3,1,87
202400040573,2024-09-28,Morning,3,8,1.0,1,2,69
202400040574,2024-12-08,Evening,4,3,2.0,5,2,72
202400040575,2024-11-05,Morning,3,8,6.0,1,1,11
202400040576,2024-09-28,Morning,3,2,6.0,1,2,68
202400040577,2024-12-09,Afternoon,4,8,3.0,1,2,71
202400040578,2024-11-05,Morning,3,1,6.0,1,2,34
202400040579,2024-11-05,Afternoon,4,1,6.0,1,2,83
202400040580,2024-12-09,Morning,4,8,6.0,5,2,69
202400040581,2024-09-28,Evening,4,1,3.0,1,1,65
202400040582,2024-10-26,Afternoon,3,1,1.0,1,1,13
202400040583,2024-12-09,Morning,3,2,3.0,2,2,64
202400040584,2024-09-28,Morning,4,1,3.0,1,2,64
202400040585,2024-11-04,Evening,4,1,1.0,5,2,13
202400040586,2024-09-28,Night,4,3,6.0,5,2,64
202400040587,2024-12-09,Morning,4,2,3.0,1,2,64
202400040588,2024-11-04,Afternoon,4,1,1.0,1,2,21
202400040589,2024-09-28,Evening,4,1,3.0,5,2,63
202400040590,2024-12-09,Morning,4,1,6.0,1,2,59
202400040591,2024-11-01,Afternoon,4,1,6.0,2,1,68
202400040592,2024-09-19,Morning,4,1,6.0,1,2,62
202400040593,2024-11-05,Morning,3,1,7.0,1,1,38
202400040594,2024-09-27,Afternoon,4,1,6.0,1,2,60
202400040595,2024-10-31,Morning,4,1,2.0,1,1,33
202400040596,2024-12-09,Morning,4,1,3.0,2,2,51
202400040597,2024-09-28,Morning,3,1,7.0,1,1,59
202400040598,2024-12-08,Afternoon,4,2,7.0,2,2,51
202400040599,2024-11-04,Evening,2,1,1.0,3,2,33
202400040600,2024-09-28,Evening,3,1,3.0,1,2,54
202400040601,2024-10-14,Evening,4,1,3.0,1,2,33
202400040602,2024-12-09,Morning,4,8,3.0,1,2,51
202400040603,2024-09-28,Afternoon,4,7,3.0,1,2,51
202400040604,2024-12-06,Morning,4,1,7.0,5,2,49
202400040605,2024-09-27,Afternoon,4,1,7.0,1,2,51
202400040606,2024-11-03,Evening,3,1,5.0,3,1,35
202400040607,2024-12-08,Afternoon,4,2,3.0,1,2,47
202400040608,2024-09-29,Night,4,1,3.0,5,2,50
202400040609,2024-11-04,Night,4,1,7.0,3,1,13
202400040610,2024-12-09,Morning,4,3,3.0,1,1,43
202400040611,2024-09-27,Afternoon,4,2,1.0,1,1,47
202400040612,2024-11-04,Evening,4,1,2.0,3,1,91
202400040613,2024-12-09,Evening,4,1,1.0,5,2,42
202400040614,2024-09-28,Night,2,1,6.0,5,2,44
202400040615,2024-11-04,Afternoon,4,1,2.0,1,1,94
202400040616,2024-09-28,Night,4,3,6.0,3,1,36
202400040617,2024-11-04,Night,4,1,7.0,3,1,91
202400040618,2024-12-09,Evening,4,1,3.0,5,2,37
202400040619,2024-04-27,Night,3,2,7.0,3,1,32
202400040620,2024-09-28,Afternoon,4,1,2.0,1,1,35
202400040621,2024-12-08,Afternoon,4,1,2.0,1,2,37
202400040622,2024-02-25,Night,4,1,6.0,3,2,73
202400040623,2024-12-09,Night,4,1,3.0,5,2,34
202400040625,2024-09-28,Night,4,1,3.0,5,2,34
202400040626,2024-12-08,Morning,3,1,3.0,5,2,34
202400040628,2024-09-28,Night,4,1,5.0,5,2,34
202400040629,2024-12-06,Evening,3,1,2.0,2,1,34
202400040630,2024-09-28,Afternoon,4,1,7.0,1,2,34
202400040632,2024-12-09,Evening,4,2,6.0,5,2,33
202400040634,2024-11-03,Afternoon,4,1,2.0,2,2,95
202400040635,2024-12-09,Morning,3,1,3.0,1,2,33
202400040636,2024-11-02,Evening,4,1,3.0,5,2,91
202400040637,2024-12-09,Morning,4,1,6.0,1,2,33
202400040638,2024-12-09,Morning,3,1,2.0,3,2,24
202400040639,2024-11-03,Evening,4,1,1.0,5,2,76
202400040640,2024-12-02,Evening,4,8,2.0,2,2,14
202400040641,2024-11-03,Afternoon,4,1,3.0,1,2,71
202400040642,2024-12-09,Morning,3,1,3.0,5,2,13
202400040643,2024-11-03,Evening,4,1,3.0,5,2,69
202400040644,2024-12-09,Morning,4,8,6.0,1,2,11
202400040645,2024-12-08,Evening,3,2,7.0,5,2,10
202400040646,2024-11-02,Evening,4,1,3.0,2,2,65
202400040647,2024-12-09,Afternoon,4,1,3.0,5,2,06
202400040648,2024-11-02,Morning,3,1,3.0,1,2,65
202400040649,2024-12-09,Afternoon,4,1,6.0,1,2,06
202400040650,2024-11-03,Afternoon,3,1,3.0,1,2,64
202400040651,2024-12-05,Night,3,1,3.0,3,2,06
202400040652,2024-11-03,Night,4,8,1.0,3,1,60
202400040653,2024-11-27,Morning,4,1,6.0,1,2,05
202400040654,2024-11-02,Night,4,2,2.0,3,1,59
202400040655,2024-11-03,Evening,4,1,1.0,5,2,54
202400040656,2024-12-07,Afternoon,4,2,4.0,2,2,75
202400040657,2024-12-09,Afternoon,4,1,3.0,1,2,75
202400040658,2024-11-03,Night,4,1,4.0,3,1,44
202400040659,2024-11-02,Night,4,1,6.0,5,2,37
202400040660,2024-12-09,Evening,4,1,6.0,5,2,75
202400040661,2024-11-03,Afternoon,4,1,2.0,1,2,36
202400040662,2024-12-08,Evening,4,2,3.0,5,2,75
202400040663,2024-11-03,Morning,4,1,3.0,5,2,33
202400040664,2024-12-09,Evening,4,2,3.0,5,2,75
202400040665,2024-11-02,Afternoon,4,1,3.0,1,2,33
202400040666,2024-12-09,Afternoon,4,1,3.0,1,2,75
202400040667,2024-10-24,Morning,3,1,3.0,1,2,22
202400040668,2024-12-09,Afternoon,3,1,3.0,1,2,75
202400040669,2024-11-02,Evening,4,1,1.0,5,2,19
202400040670,2024-12-09,Evening,4,2,3.0,5,2,75
202400040671,2024-11-03,Night,4,8,7.0,5,2,17
202400040672,2024-11-02,Morning,4,8,6.0,1,2,14
202400040673,2024-12-09,Afternoon,4,1,3.0,5,2,94
202400040674,2024-11-03,Afternoon,3,1,3.0,1,2,13
202400040675,2024-12-08,Afternoon,4,2,2.0,1,2,94
202400040676,2024-11-03,Afternoon,4,1,2.0,1,2,13
202400040677,2024-11-03,Afternoon,4,1,2.0,1,2,13
202400040678,2024-12-08,Afternoon,4,2,3.0,1,2,93
202400040679,2024-11-03,Morning,4,1,2.0,1,2,13
202400040680,2024-12-09,Evening,4,2,2.0,5,2,93
202400040681,2024-10-29,Morning,4,1,2.0,1,2,13
202400040682,2024-12-09,Afternoon,4,2,6.0,5,2,93
202400040683,2024-11-03,Afternoon,4,1,6.0,1,1,13
202400040684,2024-12-09,Evening,4,2,3.0,5,2,93
202400040685,2024-11-03,Afternoon,4,1,3.0,1,2,11
202400040686,2024-12-09,Afternoon,4,2,6.0,5,2,93
202400040687,2024-10-23,Afternoon,3,1,6.0,1,2,11
202400040688,2024-12-09,Afternoon,4,1,6.0,1,2,93
202400040689,2024-11-03,Afternoon,4,1,2.0,5,2,75
202400040690,2024-12-09,Afternoon,4,8,3.0,1,2,93
202400040691,2024-11-03,Afternoon,4,1,6.0,1,2,75
202400040692,2024-12-09,Morning,4,2,6.0,2,2,93
202400040693,2024-11-03,Afternoon,4,1,3.0,1,2,75
202400040694,2024-12-09,Evening,3,2,6.0,5,2,93
202400040695,2024-11-03,Afternoon,4,8,2.0,1,2,75
202400040696,2024-12-09,Afternoon,3,2,6.0,2,2,93
202400040697,2024-11-03,Night,3,1,6.0,5,2,75
202400040698,2024-12-09,Evening,4,2,6.0,5,2,92
202400040699,2024-11-02,Night,4,1,6.0,5,2,75
202400040700,2024-11-02,Morning,4,1,6.0,1,2,75
202400040701,2024-12-09,Evening,4,1,3.0,3,2,92
202400040702,2024-11-02,Night,4,1,3.0,5,2,94
202400040703,2024-12-09,Morning,4,8,3.0,1,2,92
202400040704,2024-11-03,Evening,4,1,7.0,3,1,93
202400040705,2024-12-09,Afternoon,4,3,6.0,3,1,09
202400040706,2024-11-03,Afternoon,4,1,3.0,1,2,93
202400040707,2024-12-10,Morning,4,8,2.0,1,1,60
202400040708,2024-11-03,Afternoon,4,1,3.0,5,2,93
202400040709,2024-12-08,Morning,3,1,7.0,1,1,06
202400040710,2024-11-03,Morning,4,1,1.0,1,2,93
202400040711,2024-11-03,Morning,4,1,6.0,1,2,92
202400040712,2024-11-02,Evening,3,1,6.0,5,2,92
202400040713,2024-11-03,Night,4,1,6.0,5,2,92
202400040714,2024-11-03,Morning,4,1,3.0,2,2,92
202400040715,2024-11-09,Afternoon,3,2,1.0,2,1,72
202400040716,2024-11-03,Morning,4,8,6.0,5,2,35
202400040717,2024-12-10,Afternoon,3,8,1.0,1,1,51
202400040718,2024-11-04,Morning,4,1,1.0,2,1,47
202400040719,2024-12-10,Morning,3,1,5.0,3,1,51
202400040721,2024-12-10,Afternoon,4,1,7.0,1,2,56
202400040723,2024-11-04,Night,3,1,6.0,3,1,86
202400040724,2024-12-09,Evening,3,1,4.0,3,1,56
202400040725,2024-12-10,Evening,3,1,6.0,5,2,56
202400040726,2024-12-10,Morning,4,1,7.0,2,1,77
202400040727,2024-11-04,Afternoon,4,5,6.0,1,1,50
202400040728,2024-11-02,Afternoon,4,1,6.0,1,1,62
202400040729,2024-12-10,Evening,4,2,6.0,3,1,76
202400040730,2024-12-09,Evening,3,3,6.0,3,1,65
202400040731,2024-11-03,Afternoon,3,1,1.0,1,1,35
202400040732,2024-11-03,Night,3,1,6.0,4,2,56
202400040733,2024-11-14,Evening,3,1,1.0,3,2,11
202400040734,2024-11-03,Morning,4,1,6.0,3,1,56
202400040735,2024-12-09,Evening,3,1,2.0,3,1,71
202400040736,2024-11-03,Afternoon,3,1,7.0,1,1,56
202400040737,2024-12-09,Evening,2,2,1.0,3,1,49
202400040738,2024-12-09,Afternoon,4,2,3.0,1,1,22
202400040739,2024-11-04,Morning,4,5,3.0,2,1,76
202400040740,2024-12-10,Morning,3,1,3.0,3,1,35
202400040741,2024-11-03,Afternoon,4,1,1.0,1,1,80
202400040742,2024-12-09,Morning,3,8,6.0,2,2,29
202400040743,2024-11-03,Evening,3,5,6.0,3,1,61
202400040744,2024-12-09,Afternoon,4,3,6.0,1,1,29
202400040745,2024-11-04,Evening,2,1,6.0,2,2,42
202400040746,2024-12-09,Afternoon,4,2,3.0,5,2,31
202400040747,2024-11-02,Afternoon,3,5,3.0,1,1,42
202400040748,2024-11-16,Night,4,1,6.0,3,1,02
202400040749,2024-10-28,Afternoon,3,7,1.0,1,2,42
202400040750,2024-12-09,Afternoon,2,1,7.0,1,1,84
202400040751,2024-11-04,Morning,4,1,6.0,1,2,34
202400040752,2024-12-09,Afternoon,4,1,7.0,1,1,26
202400040753,2024-10-22,Morning,3,5,2.0,1,1,22
202400040754,2024-12-09,Afternoon,4,1,2.0,5,2,06
202400040755,2024-11-04,Afternoon,3,1,2.0,1,1,38
202400040756,2024-12-09,Afternoon,3,8,2.0,1,2,14
202400040757,2024-11-02,Afternoon,3,1,6.0,2,1,15
202400040758,2024-11-04,Afternoon,3,1,6.0,1,2,01
202400040759,2024-12-10,Afternoon,3,6,6.0,1,1,50
202400040760,2024-11-03,Afternoon,4,1,6.0,1,1,66
202400040761,2024-12-10,Afternoon,2,1,3.0,1,1,16
202400040762,2024-11-03,Afternoon,4,1,3.0,2,2,50
202400040763,2024-11-03,Afternoon,4,1,7.0,1,2,90
202400040764,2024-12-09,Evening,4,1,1.0,3,1,53
202400040765,2024-11-01,Afternoon,3,1,3.0,1,1,43
202400040766,2024-12-07,Morning,4,2,1.0,1,1,40
202400040767,2024-11-04,Afternoon,3,1,7.0,1,1,07
202400040768,2024-12-07,Afternoon,3,1,6.0,1,1,85
202400040769,2024-11-04,Morning,3,5,3.0,1,1,07
202400040770,2024-12-08,Evening,3,2,6.0,3,1,23
202400040771,2024-11-03,Morning,3,1,5.0,1,1,40
202400040772,2024-12-09,Afternoon,3,8,6.0,1,1,52
202400040773,2024-11-03,Afternoon,3,1,7.0,1,1,17
202400040774,2024-12-10,Morning,4,1,5.0,1,1,13
202400040775,2024-11-04,Morning,4,5,3.0,1,1,37
202400040776,2024-12-10,Morning,2,1,4.0,1,2,06
202400040779,2024-12-09,Afternoon,3,1,1.0,1,1,27
202400040780,2024-11-03,Night,3,1,6.0,5,2,06
202400040781,2024-12-09,Morning,4,1,4.0,1,1,76
202400040782,2024-10-24,Night,4,1,2.0,3,1,01
202400040785,2024-11-04,Afternoon,3,1,7.0,1,1,38
202400040786,2024-12-03,Afternoon,3,2,6.0,1,2,28
202400040787,2024-11-04,Afternoon,4,1,2.0,1,1,78
202400040788,2024-12-10,Morning,4,2,1.0,3,1,95
202400040790,2024-12-09,Morning,3,1,6.0,3,1,34
202400040791,2024-11-27,Morning,3,1,6.0,1,1,70
202400040792,2024-11-02,Morning,4,1,6.0,1,1,77
202400040793,2024-11-02,Night,3,1,6.0,3,1,66
202400040794,2024-12-10,Afternoon,4,1,2.0,1,1,89
202400040795,2024-11-04,Morning,4,1,1.0,1,2,66
202400040796,2024-12-03,Evening,4,2,3.0,5,2,51
202400040797,2024-11-03,Afternoon,3,1,1.0,2,1,30
202400040798,2024-12-10,Morning,4,1,2.0,2,1,68
202400040799,2024-11-03,Afternoon,3,1,7.0,1,2,34
202400040800,2024-11-02,Morning,4,1,7.0,2,1,13
202400040801,2024-11-03,Afternoon,3,7,3.0,1,2,13
202400040802,2024-11-03,Evening,2,1,6.0,3,1,70
202400040803,2024-10-28,Afternoon,2,1,7.0,1,2,67
202400040804,2024-11-02,Morning,4,5,6.0,1,1,26
202400040805,2024-11-01,Afternoon,4,1,1.0,1,1,01
202400040806,2024-11-01,Evening,2,1,6.0,3,1,09
202400040807,2024-11-03,Afternoon,4,1,6.0,1,1,14
202400040808,2024-11-03,Evening,4,1,2.0,3,1,13
202400040809,2024-10-29,Afternoon,4,1,2.0,1,1,13
202400040810,2024-11-01,Afternoon,4,1,4.0,1,1,13
202400040811,2024-11-03,Evening,4,1,4.0,3,1,91
202400040812,2024-11-03,Afternoon,4,1,2.0,1,1,94
202400040813,2024-11-03,Evening,4,1,2.0,3,1,78
202400040814,2024-11-02,Evening,4,1,4.0,3,1,78
202400040815,2024-11-02,Evening,4,1,2.0,3,1,78
202400040816,2024-11-03,Night,4,1,3.0,3,1,95
202400040817,2024-11-03,Night,4,1,6.0,3,1,77
202400040818,2024-11-02,Morning,4,1,2.0,1,1,94
202400040819,2024-05-09,Night,4,1,7.0,5,2,73
202400040820,2024-01-14,Night,3,1,6.0,3,1,73
202400040821,2024-10-22,Afternoon,4,1,1.0,2,2,44
202400040822,2024-10-22,Afternoon,4,1,6.0,2,2,44
202400040823,2024-10-19,Afternoon,4,1,6.0,1,2,44
202400040824,2024-07-09,Afternoon,4,2,2.0,1,1,62
202400040825,2024-06-26,Evening,4,1,3.0,1,2,62
202400040826,2024-10-18,Night,4,1,6.0,5,2,44
202400040827,2024-01-11,Afternoon,4,1,2.0,1,1,76
202400040828,2024-01-12,Evening,2,1,6.0,5,2,72
202400040829,2024-01-11,Morning,4,1,6.0,1,2,71
202400040830,2024-01-12,Morning,4,8,6.0,5,2,69
202400040831,2024-01-12,Afternoon,4,1,4.0,1,1,66
202400040832,2024-01-11,Morning,4,2,2.0,1,1,66
202400040833,2024-01-12,Afternoon,4,1,3.0,1,2,64
202400040834,2024-01-12,Morning,4,8,4.0,2,1,64
202400040835,2024-01-13,Night,4,5,7.0,5,2,64
202400040836,2024-01-12,Night,3,9,3.0,5,2,59
202400040837,2024-01-10,Afternoon,4,1,7.0,1,2,58
202400040838,2024-01-12,Afternoon,4,8,6.0,1,2,51
202400040839,2024-01-12,Afternoon,4,1,3.0,1,2,49
202400040840,2024-01-11,Evening,4,1,2.0,5,1,49
202400040841,2024-01-11,Evening,4,1,3.0,5,2,49
202400040842,2024-01-12,Night,4,1,3.0,5,2,45
202400040843,2024-01-12,Afternoon,3,1,6.0,1,2,44
202400040844,2024-01-12,Afternoon,4,1,3.0,1,2,37
202400040845,2024-01-12,Morning,4,1,2.0,5,2,37
202400040846,2024-01-09,Evening,4,1,6.0,5,2,35
202400040847,2024-01-12,Morning,4,1,3.0,1,2,34
202400040848,2024-01-12,Evening,4,1,3.0,5,2,33
202400040849,2024-01-12,Morning,4,8,6.0,1,2,33
202400040850,2024-01-10,Afternoon,4,2,1.0,1,2,33
202400040851,2024-01-12,Afternoon,4,8,5.0,1,1,31
202400040852,2024-01-12,Morning,4,1,7.0,1,2,30
202400040853,2024-01-12,Night,4,1,6.0,5,2,29
202400040854,2024-01-12,Morning,4,1,3.0,5,2,29
202400040855,2024-01-12,Morning,4,1,6.0,5,2,29
202400040856,2024-01-11,Evening,4,1,6.0,5,2,29
202400040857,2024-01-11,Evening,4,1,3.0,5,2,29
202400040858,2024-01-12,Night,4,1,3.0,5,2,27
202400040859,2024-01-12,Afternoon,4,1,3.0,1,2,27
202400040860,2024-01-12,Morning,4,1,1.0,1,2,26
202400040861,2024-01-12,Night,4,1,6.0,3,2,25
202400040862,2024-01-12,Night,4,1,6.0,4,2,23
202400040863,2024-01-10,Afternoon,4,4,2.0,1,2,19
202400040864,2024-01-12,Evening,4,8,3.0,3,2,17
202400040865,2024-01-12,Afternoon,3,1,5.0,1,2,13
202400040866,2024-01-12,Morning,4,8,3.0,1,2,13
202400040867,2024-01-13,Night,4,1,6.0,3,2,11
202400040868,2024-01-12,Afternoon,4,1,6.0,1,2,11
202400040869,2024-01-12,Morning,4,1,3.0,1,2,10
202400040870,2024-01-11,Morning,4,7,3.0,1,2,10
202400040871,2024-01-11,Night,4,1,2.0,5,2,75
202400040872,2024-01-12,Afternoon,4,1,3.0,2,2,75
202400040873,2024-01-12,Morning,4,1,6.0,1,2,75
202400040874,2024-01-12,Morning,4,1,3.0,5,2,75
202400040875,2024-01-12,Morning,4,1,7.0,5,2,75
202400040876,2024-01-12,Night,4,1,6.0,5,2,75
202400040877,2024-01-12,Morning,4,8,6.0,1,2,75
202400040878,2024-01-11,Evening,4,1,6.0,5,2,75
202400040879,2024-01-12,Evening,4,1,3.0,5,2,75
202400040880,2024-01-12,Night,4,8,3.0,5,2,75
202400040881,2024-01-12,Afternoon,4,1,6.0,1,2,94
202400040882,2024-01-12,Morning,4,8,6.0,1,2,94
202400040883,2024-01-11,Afternoon,4,1,3.0,1,2,94
202400040884,2024-01-12,Afternoon,4,1,3.0,2,2,93
202400040885,2024-01-12,Morning,4,1,6.0,1,2,93
202400040886,2024-01-12,Night,4,1,3.0,5,2,93
202400040887,2024-01-12,Afternoon,4,1,3.0,1,2,93
202400040888,2024-01-12,Morning,4,1,6.0,5,2,93
202400040889,2024-01-12,Morning,4,1,1.0,1,2,93
202400040890,2024-01-10,Night,4,1,3.0,5,2,92
202400040891,2024-01-11,Evening,2,1,7.0,5,2,92
202400040892,2024-01-12,Afternoon,4,8,6.0,1,2,92
202400040893,2024-01-12,Morning,4,1,3.0,5,2,92
202400040894,2024-01-12,Afternoon,4,1,2.0,1,2,92
202400040895,2024-01-12,Evening,4,1,6.0,5,2,92
202400040896,2024-01-11,Evening,4,1,6.0,5,2,92
202400040897,2024-01-12,Afternoon,4,8,6.0,1,2,92
202400040898,2024-01-12,Morning,3,1,1.0,1,1,39
202400040899,2024-01-13,Afternoon,2,1,3.0,1,1,26
202400040900,2024-01-13,Evening,4,8,3.0,5,1,86
202400040901,2024-04-04,Afternoon,4,2,3.0,1,2,67
202400040902,2024-01-13,Morning,4,8,3.0,1,1,41
202400040903,2024-01-13,Morning,3,5,6.0,1,1,28
202400040904,2024-04-04,Afternoon,4,2,3.0,1,2,67
202400040905,2024-01-13,Morning,4,8,1.0,2,2,86
202400040906,2024-04-04,Afternoon,3,1,6.0,1,2,65
202400040907,2024-01-12,Afternoon,4,1,2.0,1,1,21
202400040908,2024-01-11,Evening,3,8,3.0,5,1,62
202400040909,2024-04-03,Afternoon,4,1,3.0,1,2,65
202400040911,2024-04-03,Evening,4,1,2.0,1,2,64
202400040912,2024-01-13,Afternoon,4,1,1.0,1,1,59
202400040913,2024-04-03,Morning,4,1,2.0,1,2,64
202400040914,2024-01-11,Afternoon,3,1,6.0,1,2,44
202400040915,2024-04-03,Morning,4,1,3.0,1,2,64
202400040916,2024-01-12,Night,4,1,7.0,4,1,51
202400040917,2024-01-12,Morning,4,1,1.0,1,1,65
202400040918,2024-05-12,Afternoon,4,1,4.0,1,1,80
202400040919,2024-04-03,Afternoon,4,1,2.0,1,2,61
202400040920,2024-01-11,Afternoon,4,8,3.0,1,1,42
202400040921,2024-05-12,Afternoon,3,8,7.0,1,1,47
202400040922,2024-04-03,Afternoon,3,2,6.0,1,2,58
202400040923,2024-05-12,Evening,2,1,6.0,3,1,13
202400040924,2024-01-13,Evening,4,1,1.0,5,2,44