Num_Acc,date,time_of_day,max_severity,weather,collision_type,lighting,urban_area,department
202400040925,2024-01-12,Evening,3,1,6.0,3,1,03
202400040926,2024-02-18,Morning,3,8,3.0,1,1,57
202400040928,2024-01-13,Night,3,1,6.0,3,2,72
202400040929,2024-04-04,Afternoon,4,1,6.0,1,2,56
202400040930,2024-01-13,Night,4,1,6.0,5,2,06
202400040931,2024-01-13,Night,4,1,6.0,3,1,05
202400040933,2024-04-03,Evening,4,1,6.0,1,2,51
202400040934,2024-05-13,Morning,4,1,6.0,1,1,2B
202400040935,2024-01-11,Morning,4,1,1.0,1,2,90
202400040936,2024-04-03,Morning,3,1,6.0,1,2,51
202400040937,2024-01-13,Night,3,1,7.0,3,2,64
202400040938,2024-01-13,Night,4,5,6.0,5,2,10
202400040939,2024-05-12,Afternoon,3,1,7.0,1,1,30
202400040940,2024-05-12,Evening,3,1,6.0,1,1,34
202400040941,2024-01-12,Afternoon,4,8,3.0,1,1,36
202400040942,2024-04-03,Afternoon,4,1,3.0,1,2,49
202400040943,2024-01-12,Evening,3,9,1.0,3,1,16
202400040944,2024-04-04,Afternoon,4,2,3.0,1,2,45
202400040945,2024-05-12,Afternoon,4,1,3.0,1,2,84
202400040946,2024-01-12,Afternoon,3,8,5.0,1,1,53
202400040947,2024-04-04,Afternoon,3,1,6.0,1,2,42
202400040948,2024-05-13,Night,4,1,6.0,3,1,89
202400040949,2024-01-13,Afternoon,3,7,3.0,1,1,04
202400040950,2024-03-25,Afternoon,4,1,3.0,1,2,42
202400040951,2024-01-13,Afternoon,4,1,3.0,5,2,13
202400040952,2024-05-11,Evening,4,1,2.0,1,2,71
202400040953,2024-04-04,Morning,4,1,1.0,1,2,35
202400040954,2024-01-12,Morning,4,4,2.0,1,1,68
202400040955,2024-05-11,Night,4,1,7.0,3,1,44
202400040956,2024-04-04,Afternoon,4,1,6.0,1,2,34
202400040957,2024-05-12,Night,3,1,6.0,3,1,07
202400040958,2024-04-04,Morning,3,1,1.0,1,2,34
202400040959,2024-05-12,Night,4,1,1.0,3,1,69
202400040960,2024-01-13,Afternoon,4,1,5.0,1,2,38
202400040961,2024-05-13,Morning,2,1,6.0,1,1,31
202400040962,2024-01-13,Morning,4,5,2.0,1,1,77
202400040963,2024-05-11,Afternoon,3,1,7.0,1,2,17
202400040964,2024-04-04,Afternoon,4,1,3.0,1,2,34
202400040966,2024-04-03,Afternoon,4,1,6.0,1,2,34
202400040967,2024-05-12,Morning,3,8,7.0,1,2,64
202400040969,2024-05-11,Evening,4,1,2.0,1,1,49
202400040970,2024-01-13,Night,4,1,2.0,3,1,84
202400040971,2024-05-10,Evening,4,1,6.0,1,2,27
202400040972,2024-04-03,Afternoon,4,1,2.0,1,2,34
202400040973,2024-01-11,Morning,4,7,6.0,1,2,21
202400040974,2024-04-05,Night,3,1,6.0,3,2,33
202400040975,2024-01-12,Afternoon,4,4,6.0,1,2,68
202400040976,2024-05-12,Evening,4,1,3.0,1,1,62
202400040977,2024-04-04,Evening,3,1,3.0,1,2,33
202400040978,2024-01-12,Afternoon,3,1,3.0,2,1,29
202400040979,2024-04-04,Morning,4,1,3.0,5,2,33
202400040980,2024-05-11,Evening,4,1,2.0,1,1,13
202400040981,2024-01-12,Afternoon,4,1,1.0,2,1,22
202400040982,2024-05-11,Afternoon,4,1,6.0,1,1,13
202400040983,2024-01-12,Afternoon,3,8,1.0,1,1,35
202400040984,2024-05-11,Afternoon,4,1,6.0,1,1,13
202400040985,2024-01-13,Morning,4,1,6.0,1,2,02
202400040986,2024-04-03,Afternoon,4,1,4.0,1,1,33
202400040987,2024-05-12,Afternoon,4,1,6.0,1,1,83
202400040988,2024-04-03,Afternoon,4,1,2.0,1,2,33
202400040989,2024-05-12,Night,4,1,4.0,5,1,69
202400040990,2024-01-11,Morning,4,3,2.0,1,1,13
202400040991,2024-05-12,Morning,4,1,6.0,1,1,91
202400040992,2024-04-03,Morning,4,1,3.0,1,2,33
202400040993,2024-01-12,Morning,4,8,4.0,1,1,69
202400040994,2024-04-04,Afternoon,4,1,3.0,1,2,33
202400040995,2024-05-12,Morning,4,1,4.0,1,1,92
202400040996,2024-01-12,Evening,4,1,2.0,3,1,33
202400040997,2024-05-12,Evening,4,2,7.0,1,1,95
202400040998,2024-04-04,Morning,4,2,7.0,5,2,29
202400040999,2024-05-11,Afternoon,4,1,4.0,1,1,93
202400041000,2024-04-04,Afternoon,4,2,2.0,1,2,29
202400041001,2024-05-11,Night,4,1,5.0,3,1,95
202400041002,2024-04-04,Afternoon,4,2,3.0,1,2,29
202400041003,2024-05-12,Evening,4,1,3.0,4,1,77
202400041004,2024-01-12,Night,4,1,6.0,3,1,33
202400041005,2024-04-03,Evening,4,2,2.0,1,2,29
202400041006,2024-02-28,Night,4,1,2.0,3,1,45
202400041007,2024-05-12,Afternoon,4,1,6.0,1,1,77
202400041008,2024-01-08,Night,3,1,2.0,4,1,59
202400041009,2024-05-12,Morning,4,1,6.0,1,1,94
202400041010,2024-04-04,Morning,4,2,2.0,1,1,29
202400041011,2024-02-28,Afternoon,4,8,1.0,1,1,2B
202400041012,2024-05-12,Morning,4,1,6.0,1,1,94
202400041013,2024-01-12,Evening,4,1,3.0,3,1,91
202400041014,2024-03-01,Afternoon,3,2,1.0,2,1,74
202400041015,2024-01-12,Morning,4,1,4.0,1,1,91
202400041016,2024-02-28,Night,4,1,6.0,3,1,71
202400041017,2024-03-26,Afternoon,4,2,6.0,1,2,28
202400041018,2024-02-27,Morning,3,8,5.0,1,1,74
202400041019,2024-02-24,Night,3,1,6.0,5,2,74
202400041020,2024-04-04,Morning,4,2,2.0,1,2,27
202400041021,2024-01-12,Morning,4,1,4.0,1,1,91
202400041022,2024-01-12,Morning,4,1,6.0,3,1,91
202400041023,2024-04-04,Morning,4,2,3.0,1,1,27
202400041024,2024-02-29,Morning,4,1,6.0,2,2,01
202400041025,2024-02-21,Morning,4,1,2.0,1,1,74
202400041026,2024-01-12,Night,4,1,6.0,3,1,91
202400041027,2024-04-04,Afternoon,4,1,3.0,1,2,25
202400041028,2024-02-04,Night,3,5,6.0,3,1,74
202400041029,2024-02-28,Morning,3,2,7.0,1,1,85
202400041030,2024-01-12,Evening,4,1,4.0,3,1,78
202400041031,2024-04-03,Afternoon,4,1,3.0,1,2,24
202400041032,2024-02-23,Afternoon,3,2,6.0,1,1,14
202400041033,2024-02-28,Afternoon,3,2,6.0,1,1,76
202400041034,2024-04-04,Morning,4,1,3.0,1,2,17
202400041035,2024-01-12,Afternoon,4,1,2.0,4,1,92
202400041036,2024-01-12,Morning,4,9,7.0,1,1,14
202400041037,2024-02-23,Morning,3,1,3.0,1,1,13
202400041038,2024-03-03,Afternoon,3,1,2.0,1,2,17
202400041039,2024-01-11,Night,4,1,3.0,5,1,92
202400041040,2024-04-04,Afternoon,4,1,3.0,1,2,14
202400041041,2024-02-19,Morning,4,1,3.0,1,2,77
202400041042,2024-02-28,Morning,4,1,2.0,3,1,13
202400041043,2024-04-03,Morning,3,8,7.0,1,2,14
202400041045,2024-01-11,Evening,4,1,4.0,3,1,92
202400041046,2024-04-04,Morning,4,1,3.0,1,2,13
202400041048,2024-04-04,Afternoon,4,1,2.0,1,2,13
202400041049,2024-04-03,Evening,4,1,3.0,1,2,13
202400041050,2024-02-23,Evening,4,3,4.0,4,1,59
202400041051,2024-01-12,Afternoon,4,1,4.0,1,1,93
202400041053,2024-04-03,Afternoon,4,1,1.0,1,1,13
202400041054,2024-02-28,Afternoon,3,1,2.0,1,1,91
202400041055,2024-01-12,Morning,4,1,3.0,1,1,94
202400041056,2024-04-04,Morning,4,1,3.0,1,2,13
202400041057,2024-02-28,Morning,4,1,6.0,2,1,78
202400041060,2024-04-03,Evening,4,1,3.0,1,2,12
202400041061,2024-02-27,Morning,4,8,3.0,1,1,92
202400041062,2024-04-03,Morning,4,1,6.0,1,2,11
202400041065,2024-03-29,Night,4,2,7.0,5,2,10
202400041066,2024-04-04,Night,4,1,7.0,5,2,07
202400041067,2024-05-11,Evening,4,1,3.0,1,2,69
202400041069,2024-02-27,Morning,3,8,4.0,3,1,92
202400041070,2024-04-04,Evening,4,1,3.0,1,2,06
202400041071,2024-05-11,Afternoon,4,1,6.0,1,2,69
202400041073,2024-02-27,Morning,4,1,6.0,1,1,95
202400041074,2024-04-04,Morning,4,8,3.0,1,2,06
202400041075,2024-05-11,Afternoon,4,1,3.0,1,2,69
202400041076,2024-04-03,Afternoon,3,1,1.0,1,2,06
202400041077,2024-02-27,Morning,4,1,2.0,2,1,95
202400041078,2024-05-11,Morning,4,1,6.0,1,2,69
202400041080,2024-04-04,Afternoon,3,1,3.0,1,2,04
202400041081,2024-02-26,Night,4,2,6.0,3,1,93
202400041084,2024-04-04,Morning,4,2,4.0,1,2,75
202400041085,2024-02-26,Evening,4,2,2.0,3,1,95
202400041086,2024-04-04,Afternoon,4,8,6.0,1,2,75
202400041088,2024-01-11,Morning,4,8,1.0,5,2,69
202400041089,2024-02-26,Afternoon,4,2,6.0,1,1,95
202400041090,2024-05-11,Evening,4,1,6.0,1,2,95
202400041091,2024-04-04,Morning,4,3,3.0,2,2,75
202400041092,2024-01-11,Afternoon,4,1,2.0,5,1,2B
202400041093,2024-05-11,Evening,3,1,1.0,1,1,95
202400041094,2024-02-26,Afternoon,4,2,4.0,2,1,95
202400041095,2024-04-04,Night,3,1,2.0,5,2,75
202400041096,2024-05-11,Afternoon,4,1,2.0,1,2,95
202400041097,2024-01-10,Night,4,2,3.0,5,2,2B
202400041098,2024-04-03,Evening,4,1,6.0,2,2,75
202400041099,2024-02-27,Afternoon,2,1,6.0,1,2,75
202400041101,2024-04-04,Afternoon,4,1,6.0,1,2,75
202400041102,2024-05-11,Evening,4,1,6.0,2,2,91
202400041103,2024-02-26,Afternoon,4,8,3.0,1,2,75
202400041104,2024-05-11,Evening,4,1,6.0,1,2,91
202400041105,2024-04-04,Morning,4,2,2.0,1,2,75
202400041106,2024-01-11,Afternoon,3,1,3.0,1,2,91
202400041107,2024-02-27,Afternoon,4,1,6.0,1,2,75
202400041108,2024-05-11,Afternoon,4,1,2.0,1,1,91
202400041109,2024-04-04,Morning,4,3,7.0,1,2,75
202400041110,2024-01-10,Afternoon,4,1,3.0,2,2,91
202400041111,2024-05-11,Evening,4,1,7.0,2,2,80
202400041112,2024-02-27,Night,4,2,6.0,5,2,75
202400041113,2024-04-03,Morning,4,2,3.0,1,2,75
202400041114,2024-01-11,Night,4,8,7.0,5,2,87
202400041115,2024-04-02,Evening,4,8,2.0,1,2,75
202400041116,2024-02-26,Evening,3,3,3.0,5,2,75
202400041117,2024-04-04,Morning,4,2,3.0,1,2,75
202400041118,2024-01-10,Afternoon,4,2,6.0,1,2,84
202400041119,2024-02-26,Night,4,2,6.0,5,2,75
202400041120,2024-04-04,Afternoon,4,1,6.0,1,2,75
202400041121,2024-05-10,Morning,4,1,3.0,1,1,74
202400041122,2024-01-10,Evening,4,2,3.0,5,2,83
202400041123,2024-05-11,Evening,4,1,6.0,1,2,69
202400041124,2024-02-27,Evening,4,1,1.0,5,2,75
202400041125,2024-05-11,Afternoon,4,1,3.0,1,2,69
202400041126,2024-01-11,Evening,4,1,6.0,5,2,78
202400041127,2024-04-04,Morning,4,3,2.0,1,2,75
202400041128,2024-02-27,Morning,3,1,7.0,1,2,75
202400041129,2024-04-04,Night,3,1,6.0,5,2,75
202400041130,2024-05-11,Morning,4,1,6.0,1,2,64
202400041131,2024-01-11,Morning,3,8,6.0,1,2,76
202400041132,2024-04-04,Afternoon,4,1,6.0,1,2,75
202400041133,2024-02-27,Evening,4,1,2.0,5,2,75
202400041134,2024-01-11,Morning,4,1,6.0,1,2,76
202400041135,2024-05-11,Morning,4,1,6.0,1,2,54
202400041136,2024-02-20,Afternoon,4,1,6.0,1,2,75
202400041137,2024-01-11,Morning,4,1,3.0,1,2,76
202400041138,2024-04-04,Morning,4,3,6.0,1,2,75
202400041139,2024-02-27,Evening,4,1,7.0,5,2,75
202400041140,2024-01-10,Afternoon,4,1,2.0,1,2,76
202400041141,2024-04-04,Night,4,1,7.0,5,2,75
202400041142,2024-01-10,Afternoon,4,1,7.0,5,2,76
202400041143,2024-02-27,Afternoon,4,1,2.0,1,2,94
202400041144,2024-05-11,Evening,4,1,3.0,1,1,54
202400041145,2024-04-04,Morning,4,2,6.0,1,2,75
202400041146,2024-01-11,Morning,4,1,3.0,1,1,73
202400041147,2024-04-04,Afternoon,4,2,4.0,1,2,94
202400041148,2024-02-26,Morning,4,2,3.0,1,2,94
202400041149,2024-01-10,Evening,4,1,3.0,5,2,72
202400041150,2024-04-03,Afternoon,3,2,6.0,1,2,94
202400041151,2024-05-11,Evening,4,1,3.0,1,2,45
202400041152,2024-01-10,Evening,4,1,6.0,3,2,71
202400041153,2024-02-26,Morning,4,2,4.0,1,2,94
202400041154,2024-04-04,Afternoon,4,1,6.0,1,2,94
202400041155,2024-01-11,Evening,4,2,6.0,5,2,69
202400041156,2024-02-26,Afternoon,3,2,6.0,1,1,93
202400041157,2024-01-10,Evening,3,2,3.0,5,2,69
202400041158,2024-04-04,Morning,4,3,6.0,2,2,94
202400041159,2024-05-11,Afternoon,4,1,3.0,1,2,33
202400041160,2024-01-10,Evening,4,2,3.0,5,2,69
202400041161,2024-04-04,Afternoon,4,1,6.0,1,2,94
202400041162,2024-02-27,Afternoon,4,1,3.0,1,2,93
202400041163,2024-05-11,Morning,4,1,6.0,1,2,33
202400041164,2024-01-11,Evening,4,1,6.0,2,2,65
202400041165,2024-04-04,Afternoon,4,1,3.0,1,2,94
202400041166,2024-02-27,Morning,4,1,6.0,2,2,93
202400041167,2024-05-11,Night,3,1,2.0,3,1,31
202400041168,2024-01-11,Evening,4,2,7.0,5,2,64
202400041169,2024-01-05,Afternoon,4,2,6.0,5,2,62
202400041170,2024-05-11,Afternoon,4,1,6.0,1,1,29
202400041171,2024-04-04,Afternoon,4,1,7.0,1,2,93
202400041172,2024-02-26,Afternoon,4,2,6.0,1,2,93
202400041173,2024-01-10,Afternoon,4,1,3.0,1,2,60
202400041174,2024-04-04,Afternoon,4,1,3.0,1,2,93
202400041175,2024-02-26,Afternoon,4,2,3.0,1,2,93
202400041176,2024-05-11,Night,4,1,3.0,3,1,29
202400041177,2024-01-11,Morning,4,1,6.0,2,2,59
202400041178,2024-05-11,Afternoon,4,1,6.0,1,2,29
202400041179,2024-04-03,Night,4,1,3.0,5,2,93
202400041180,2024-01-11,Morning,3,1,6.0,2,2,57
202400041181,2024-02-27,Afternoon,4,1,2.0,1,2,93
202400041182,2024-05-11,Evening,3,1,3.0,1,2,29
202400041183,2024-04-04,Morning,4,3,6.0,4,2,93
202400041184,2024-01-11,Morning,4,1,2.0,1,2,54
202400041185,2024-02-27,Afternoon,4,1,3.0,1,2,92
202400041186,2024-01-11,Afternoon,4,1,7.0,2,2,54
202400041187,2024-04-04,Morning,4,2,2.0,1,2,92
202400041188,2024-02-27,Evening,4,1,7.0,5,2,92
202400041189,2024-05-11,Night,4,1,3.0,5,2,25
202400041190,2024-04-03,Evening,4,1,3.0,1,2,92
202400041191,2024-01-11,Morning,3,1,3.0,3,1,52
202400041192,2024-02-26,Evening,4,8,6.0,5,2,92
202400041193,2024-05-11,Night,4,1,3.0,5,2,19
202400041194,2024-04-02,Afternoon,4,1,6.0,1,2,92
202400041195,2024-01-11,Morning,4,1,6.0,1,2,51
202400041196,2024-02-27,Evening,3,1,3.0,5,2,92
202400041197,2024-04-03,Evening,4,1,3.0,1,2,92
202400041198,2024-05-11,Night,3,1,7.0,5,2,18
202400041199,2024-01-11,Morning,4,4,7.0,1,2,49
202400041200,2024-02-27,Afternoon,4,8,3.0,1,2,92
202400041201,2024-05-11,Evening,4,1,7.0,1,2,17
202400041202,2024-04-04,Afternoon,2,1,6.0,1,2,92
202400041203,2024-01-11,Morning,4,2,7.0,2,2,49
202400041204,2024-02-26,Evening,4,1,6.0,5,2,92
202400041205,2024-01-11,Afternoon,4,1,6.0,1,2,45
202400041206,2024-04-03,Evening,4,1,6.0,1,2,92
202400041207,2024-05-11,Evening,4,7,3.0,1,2,15
202400041208,2024-02-27,Morning,4,1,3.0,1,2,92
202400041209,2024-04-04,Evening,3,1,6.0,5,2,92
202400041210,2024-01-10,Evening,4,1,3.0,5,2,44
202400041211,2024-05-10,Afternoon,3,1,6.0,1,2,15
202400041212,2024-04-04,Evening,3,1,1.0,4,2,49
202400041213,2024-02-27,Night,4,1,6.0,5,2,92
202400041214,2024-01-10,Morning,4,8,2.0,1,2,38
202400041215,2024-02-22,Evening,4,2,6.0,5,2,06
202400041216,2024-04-03,Afternoon,4,1,1.0,1,1,42
202400041217,2024-01-11,Morning,4,1,2.0,1,2,37
202400041218,2024-02-27,Afternoon,4,1,6.0,1,1,16
202400041219,2024-05-10,Morning,4,1,2.0,1,1,14
202400041220,2024-04-05,Morning,2,1,7.0,2,1,52
202400041221,2024-02-28,Morning,3,1,7.0,1,1,45
202400041222,2024-01-10,Night,4,1,3.0,5,2,37
202400041223,2024-05-10,Morning,4,1,2.0,1,1,14
202400041224,2024-02-28,Afternoon,2,1,6.0,1,1,36
202400041225,2024-04-05,Afternoon,3,1,1.0,1,1,67
202400041227,2024-01-10,Morning,4,1,3.0,2,2,37
202400041228,2024-04-04,Night,2,1,1.0,3,2,62
202400041229,2024-05-11,Morning,3,1,3.0,1,1,30
202400041231,2024-01-11,Morning,4,1,3.0,2,2,35
202400041232,2024-03-25,Morning,2,1,6.0,1,2,83
202400041233,2024-05-11,Afternoon,4,1,3.0,1,2,13
202400041234,2024-01-11,Morning,4,2,6.0,1,2,34
202400041235,2024-04-04,Afternoon,4,1,2.0,1,1,37
202400041236,2024-05-11,Night,4,1,1.0,5,2,13
202400041237,2024-02-27,Morning,4,5,3.0,1,1,63
202400041238,2024-01-11,Evening,3,1,2.0,5,2,33
202400041239,2024-05-11,Afternoon,4,1,6.0,1,2,13
202400041240,2024-04-03,Afternoon,4,2,5.0,1,1,74
202400041241,2024-02-22,Morning,3,3,6.0,2,2,49
202400041242,2024-04-05,Night,3,2,6.0,5,2,76
202400041243,2024-02-27,Morning,2,1,7.0,1,2,68
202400041244,2024-04-05,Morning,3,1,6.0,1,1,80
202400041245,2024-05-11,Morning,4,1,2.0,1,2,13
202400041246,2024-01-11,Afternoon,4,1,5.0,2,2,33
202400041247,2024-02-27,Afternoon,4,1,3.0,1,1,29
202400041248,2024-04-05,Afternoon,3,1,7.0,1,1,33
202400041249,2024-04-04,Afternoon,3,1,7.0,1,1,32
202400041250,2024-02-27,Evening,3,1,6.0,2,2,84
202400041251,2024-02-27,Morning,3,1,6.0,1,2,07
202400041252,2024-02-27,Afternoon,3,1,7.0,1,1,87
202400041253,2024-02-28,Afternoon,4,1,2.0,1,1,31
202400041254,2024-01-11,Morning,4,8,3.0,2,2,33
202400041255,2024-05-10,Afternoon,4,1,3.0,1,2,13
202400041256,2024-04-03,Afternoon,3,1,3.0,1,2,63
202400041257,2024-02-27,Afternoon,4,2,3.0,1,1,06
202400041258,2024-01-11,Evening,4,1,1.0,3,1,31
202400041259,2024-03-31,Afternoon,4,1,6.0,1,1,61
202400041260,2024-02-28,Morning,4,1,2.0,1,1,06
202400041261,2024-03-30,Evening,3,1,6.0,2,1,61
202400041262,2024-01-11,Morning,3,8,2.0,1,2,31
202400041263,2024-05-11,Night,4,1,3.0,5,2,06
202400041265,2024-03-17,Evening,3,1,1.0,1,1,49
202400041266,2024-01-11,Night,4,8,6.0,5,2,31
202400041267,2024-05-10,Afternoon,4,1,1.0,1,1,05
202400041268,2024-04-04,Afternoon,2,1,6.0,1,1,46
202400041269,2024-07-18,Evening,4,1,3.0,1,2,93
202400041270,2024-05-10,Afternoon,3,1,7.0,1,1,01
202400041271,2024-01-11,Afternoon,3,1,2.0,1,1,29
202400041272,2024-02-27,Night,2,1,7.0,5,2,21
202400041273,2024-04-05,Morning,3,1,3.0,1,2,22
202400041274,2024-07-18,Morning,4,1,3.0,1,2,93
202400041275,2024-05-11,Afternoon,4,1,3.0,1,2,75
202400041276,2024-02-28,Morning,4,1,3.0,1,1,78
202400041277,2024-05-11,Evening,4,1,6.0,1,2,75
202400041278,2024-04-02,Morning,4,7,2.0,1,1,38
202400041279,2024-07-18,Morning,3,1,6.0,1,2,93
202400041280,2024-05-10,Afternoon,4,1,6.0,1,2,75
202400041281,2024-02-02,Morning,4,1,6.0,1,2,34
202400041282,2024-01-10,Afternoon,4,8,1.0,1,2,16
202400041283,2024-04-05,Evening,3,1,3.0,1,2,03
202400041284,2024-07-18,Morning,4,1,2.0,1,2,93
202400041285,2024-05-10,Afternoon,4,1,6.0,1,2,75
202400041286,2024-04-01,Evening,4,3,6.0,2,1,58
202400041287,2024-02-27,Afternoon,4,1,3.0,1,1,67
202400041288,2024-01-11,Morning,3,7,7.0,1,2,14
202400041289,2024-07-17,Afternoon,4,1,3.0,1,2,92
202400041290,2024-04-05,Afternoon,3,1,3.0,1,1,72
202400041291,2024-05-11,Evening,4,1,7.0,1,2,75
202400041292,2024-01-12,Night,4,1,3.0,5,2,13
202400041293,2024-02-26,Afternoon,4,1,3.0,1,2,57
202400041294,2024-04-04,Afternoon,4,1,2.0,1,2,09
202400041295,2024-05-11,Afternoon,4,1,3.0,1,2,75
202400041296,2024-02-27,Afternoon,4,1,6.0,1,2,69
202400041297,2024-04-04,Afternoon,4,8,2.0,1,1,45
202400041298,2024-05-11,Afternoon,4,1,6.0,1,2,75
202400041299,2024-07-18,Evening,4,1,3.0,1,2,92
202400041300,2024-02-27,Morning,4,1,6.0,1,1,35
202400041301,2024-04-05,Afternoon,2,1,2.0,1,1,64
202400041302,2024-01-11,Afternoon,4,1,1.0,5,2,13
202400041303,2024-05-11,Afternoon,4,1,3.0,1,2,94
202400041304,2024-04-05,Morning,3,1,7.0,3,1,64
202400041305,2024-02-27,Afternoon,3,1,7.0,1,1,76
202400041306,2024-07-18,Morning,4,1,2.0,1,2,92
202400041307,2024-05-11,Evening,4,1,6.0,1,2,94
202400041308,2024-01-11,Afternoon,4,1,1.0,1,2,13
202400041309,2024-02-27,Afternoon,4,1,7.0,1,1,33
202400041310,2024-07-18,Evening,4,1,6.0,1,2,92
202400041311,2024-04-05,Morning,3,1,1.0,2,1,18
202400041312,2024-02-26,Night,4,8,6.0,3,1,59
202400041313,2024-05-11,Afternoon,4,1,3.0,1,2,94
202400041314,2024-04-04,Morning,3,1,2.0,1,2,36
202400041315,2024-07-18,Morning,4,1,3.0,1,2,92
202400041316,2024-01-11,Afternoon,4,2,3.0,1,2,13
202400041317,2024-02-26,Evening,4,2,2.0,3,1,92
202400041318,2024-05-10,Night,4,1,2.0,3,2,94
202400041319,2024-07-17,Evening,4,1,2.0,1,2,92
202400041320,2024-04-05,Afternoon,4,1,6.0,1,2,07
202400041321,2024-02-26,Morning,4,1,6.0,1,1,92
202400041322,2024-01-11,Afternoon,4,1,6.0,1,1,13
202400041323,2024-05-10,Evening,4,1,3.0,1,2,93
202400041324,2024-07-18,Night,3,1,6.0,5,2,92
202400041325,2024-04-03,Afternoon,3,1,3.0,1,2,40
202400041326,2024-02-27,Afternoon,4,1,4.0,1,1,95
202400041327,2024-01-11,Afternoon,4,2,6.0,1,2,11
202400041328,2024-05-11,Evening,4,1,2.0,1,2,93
202400041329,2024-04-03,Afternoon,3,1,6.0,1,2,67
202400041330,2024-07-19,Afternoon,4,1,1.0,1,2,60
202400041331,2024-01-11,Morning,4,2,6.0,1,2,11
202400041332,2024-05-11,Evening,4,1,6.0,1,2,93
202400041333,2024-02-27,Morning,4,1,5.0,1,1,93
202400041334,2024-05-10,Night,3,1,7.0,5,2,93
202400041335,2024-07-18,Morning,3,1,3.0,1,1,37
202400041336,2024-01-10,Afternoon,4,2,2.0,1,2,11
202400041337,2024-02-26,Morning,4,2,2.0,1,1,92
202400041338,2024-04-05,Morning,4,1,3.0,1,2,42
202400041339,2024-05-10,Night,4,1,2.0,5,2,93
202400041340,2024-01-11,Evening,4,1,7.0,5,2,06
202400041341,2024-07-18,Morning,2,1,3.0,1,1,67
202400041343,2024-02-26,Morning,4,2,2.0,1,1,93
202400041344,2024-01-11,Afternoon,4,1,2.0,2,2,06
202400041345,2024-05-11,Morning,4,1,3.0,1,2,93
202400041346,2024-07-18,Morning,4,1,6.0,1,2,52
202400041347,2024-02-27,Morning,4,1,3.0,1,1,94
202400041348,2024-07-18,Morning,4,1,6.0,1,1,22
202400041349,2024-04-04,Evening,4,1,5.0,1,1,44
202400041350,2024-01-11,Afternoon,4,7,3.0,1,2,06
202400041351,2024-05-11,Afternoon,4,1,6.0,1,2,93
202400041352,2024-02-26,Afternoon,4,2,2.0,1,1,94
202400041353,2024-04-05,Afternoon,4,2,7.0,1,1,51
202400041354,2024-07-09,Afternoon,3,1,6.0,1,2,85
202400041355,2024-01-09,Morning,4,2,7.0,2,2,06
202400041356,2024-05-12,Afternoon,3,1,7.0,1,1,60
202400041357,2024-07-18,Afternoon,3,1,7.0,1,1,41
202400041358,2024-02-26,Evening,4,2,6.0,5,2,75
202400041359,2024-04-04,Afternoon,4,1,1.0,1,1,11
202400041360,2024-01-11,Afternoon,4,1,4.0,5,2,75
202400041361,2024-07-18,Afternoon,4,1,3.0,1,1,01
202400041363,2024-05-12,Afternoon,4,1,4.0,1,1,28
202400041364,2024-02-26,Morning,4,2,2.0,1,2,75
202400041365,2024-01-11,Morning,4,1,2.0,1,2,75
202400041366,2024-05-10,Evening,4,1,6.0,2,1,83
202400041369,2024-02-26,Afternoon,4,2,3.0,1,2,75
202400041370,2024-07-17,Morning,3,1,6.0,1,1,23
202400041371,2024-05-10,Morning,3,1,3.0,1,1,28
202400041373,2024-07-18,Night,3,1,7.0,3,1,56
202400041374,2024-02-26,Morning,4,2,2.0,1,2,75
202400041375,2024-05-12,Afternoon,4,1,2.0,1,1,67
202400041377,2024-07-17,Evening,4,1,1.0,1,2,2A
202400041378,2024-02-26,Afternoon,4,2,6.0,1,2,75
202400041379,2024-04-05,Morning,4,2,6.0,1,2,77
202400041380,2024-07-17,Afternoon,3,1,1.0,1,2,2A
202400041381,2024-05-11,Evening,4,1,3.0,1,1,35
202400041382,2024-02-26,Afternoon,4,2,6.0,1,2,75
202400041383,2024-07-18,Morning,3,1,1.0,1,1,82
202400041384,2024-04-05,Morning,2,1,6.0,2,1,78
202400041385,2024-05-11,Afternoon,3,1,1.0,1,1,41
202400041386,2024-02-26,Morning,4,2,6.0,1,2,75
202400041387,2024-07-19,Night,4,1,6.0,3,2,65
202400041388,2024-03-22,Morning,4,1,6.0,1,2,2B
202400041389,2024-05-11,Night,4,1,1.0,3,1,89
202400041390,2024-04-05,Evening,3,1,7.0,1,1,30
202400041391,2024-05-11,Afternoon,3,1,6.0,1,2,91
202400041392,2024-07-17,Afternoon,2,1,3.0,1,2,33
202400041393,2024-02-25,Morning,4,2,3.0,1,2,94
202400041394,2024-05-11,Night,3,1,6.0,3,2,19
202400041395,2024-04-05,Evening,3,1,3.0,1,2,84
202400041396,2024-02-25,Night,4,1,6.0,5,2,94
202400041397,2024-05-07,Evening,4,2,6.0,1,2,65
202400041398,2024-04-05,Night,4,1,6.0,5,2,84
202400041399,2024-05-12,Afternoon,3,1,7.0,1,2,71
202400041400,2024-02-26,Afternoon,4,2,6.0,1,2,94
202400041401,2024-05-05,Morning,4,1,6.0,2,1,63
202400041402,2024-01-15,Morning,4,1,7.0,1,1,83