Num_Acc,date,time_of_day,max_severity,weather,collision_type,lighting,urban_area,department
202400041403,2024-02-26,Morning,4,2,6.0,5,2,94
202400041404,2024-07-19,Morning,3,1,2.0,1,1,71
202400041405,2024-05-12,Morning,2,1,1.0,1,1,63
202400041406,2024-02-25,Morning,4,8,6.0,2,2,94
202400041407,2024-04-05,Evening,4,1,2.0,1,1,04
202400041408,2024-05-11,Morning,3,7,3.0,1,1,76
202400041409,2024-02-26,Evening,4,2,3.0,5,2,94
202400041410,2024-05-11,Evening,4,7,7.0,1,1,55
202400041411,2024-03-20,Morning,3,1,3.0,2,2,13
202400041412,2024-02-23,Afternoon,4,2,2.0,1,1,94
202400041413,2024-04-03,Evening,4,1,1.0,1,1,13
202400041414,2024-02-26,Morning,4,8,6.0,2,2,94
202400041415,2024-07-18,Evening,2,1,3.0,1,1,61
202400041416,2024-04-05,Morning,4,7,6.0,1,2,54
202400041417,2024-02-26,Afternoon,4,2,6.0,2,2,94
202400041418,2024-05-12,Morning,4,1,1.0,1,1,12
202400041419,2024-04-05,Afternoon,3,1,6.0,1,2,26
202400041420,2024-05-10,Afternoon,3,1,7.0,1,2,29
202400041421,2024-02-25,Afternoon,4,2,4.0,1,2,94
202400041422,2024-04-04,Night,4,1,6.0,3,1,26
202400041423,2024-05-11,Afternoon,3,1,7.0,1,1,29
202400041424,2024-04-05,Morning,3,1,1.0,1,1,01
202400041425,2024-02-26,Morning,4,2,5.0,1,1,93
202400041426,2024-05-12,Evening,2,1,1.0,1,1,38
202400041427,2024-04-05,Evening,4,1,1.0,5,2,69
202400041428,2024-05-11,Night,3,1,6.0,5,2,02
202400041429,2024-02-26,Afternoon,4,2,2.0,1,2,93
202400041430,2024-07-18,Evening,2,1,5.0,1,1,55
202400041431,2024-04-04,Afternoon,3,1,3.0,1,2,31
202400041432,2024-05-12,Evening,3,2,6.0,1,1,02
202400041433,2024-07-19,Afternoon,4,1,3.0,1,1,49
202400041434,2024-03-26,Afternoon,4,3,6.0,1,2,72
202400041435,2024-05-11,Afternoon,4,7,1.0,1,2,03
202400041436,2024-04-02,Evening,3,2,6.0,1,2,14
202400041437,2024-07-18,Afternoon,4,7,3.0,1,1,46
202400041438,2024-05-11,Night,4,1,1.0,3,2,03
202400041439,2024-02-26,Afternoon,4,3,3.0,1,2,93
202400041440,2024-04-03,Afternoon,4,1,4.0,1,1,13
202400041441,2024-07-17,Morning,3,1,3.0,1,1,29
202400041442,2024-05-11,Morning,3,1,7.0,1,1,15
202400041443,2024-02-26,Morning,4,2,3.0,2,2,93
202400041444,2024-07-18,Evening,4,1,3.0,1,1,68
202400041445,2024-05-11,Evening,4,1,2.0,1,2,01
202400041446,2024-04-03,Afternoon,4,1,2.0,1,1,13
202400041447,2024-02-25,Evening,4,2,3.0,5,2,93
202400041448,2024-07-18,Morning,3,1,3.0,1,1,25
202400041449,2024-05-12,Afternoon,4,7,3.0,1,1,01
202400041450,2024-04-03,Afternoon,4,1,4.0,1,1,83
202400041451,2024-05-12,Morning,4,1,3.0,1,1,26
202400041452,2024-02-26,Afternoon,4,2,6.0,1,2,93
202400041453,2024-07-19,Afternoon,4,1,2.0,1,2,29
202400041454,2024-02-25,Night,4,2,3.0,3,2,93
202400041455,2024-07-18,Evening,3,1,6.0,1,1,15
202400041456,2024-04-02,Evening,4,1,2.0,1,1,83
202400041457,2024-02-26,Evening,4,2,6.0,5,2,93
202400041458,2024-05-12,Morning,3,1,3.0,1,2,58
202400041459,2024-04-04,Evening,4,1,7.0,1,1,93
202400041460,2024-02-26,Morning,4,2,2.0,1,2,93
202400041461,2024-07-19,Morning,3,1,3.0,1,2,70
202400041462,2024-04-04,Afternoon,3,1,2.0,1,2,95
202400041463,2024-05-11,Night,3,1,6.0,3,1,50
202400041464,2024-02-26,Afternoon,4,2,3.0,1,2,92
202400041465,2024-05-12,Morning,3,1,3.0,1,1,50
202400041466,2024-04-03,Afternoon,4,1,4.0,1,1,93
202400041467,2024-07-19,Morning,4,1,3.0,1,1,66
202400041468,2024-02-26,Afternoon,4,3,3.0,1,2,92
202400041469,2024-04-03,Morning,4,3,6.0,3,1,95
202400041470,2024-05-11,Afternoon,3,7,3.0,1,2,45
202400041471,2024-02-26,Afternoon,4,3,6.0,1,2,92
202400041472,2024-07-19,Afternoon,4,1,6.0,1,1,05
202400041473,2024-04-02,Evening,4,2,4.0,1,1,95
202400041474,2024-02-26,Morning,4,2,3.0,1,2,92
202400041475,2024-07-18,Evening,3,1,6.0,1,1,83
202400041476,2024-05-10,Afternoon,4,1,2.0,1,2,73
202400041477,2024-04-02,Morning,4,1,2.0,1,1,95
202400041478,2024-07-19,Afternoon,2,1,6.0,1,1,73
202400041480,2024-05-11,Afternoon,4,1,3.0,1,2,40
202400041481,2024-04-03,Morning,4,3,3.0,1,1,94
202400041482,2024-02-26,Morning,3,1,3.0,1,2,43
202400041483,2024-05-12,Morning,3,2,6.0,1,1,24
202400041484,2024-07-17,Afternoon,4,1,3.0,1,2,36
202400041485,2024-05-09,Morning,3,1,6.0,1,2,85
202400041488,2024-05-10,Evening,4,7,1.0,1,2,85
202400041490,2024-07-19,Afternoon,3,1,3.0,1,2,07
202400041491,2024-02-26,Evening,3,1,4.0,3,1,21
202400041493,2024-07-18,Night,3,1,7.0,3,1,53
202400041494,2024-05-12,Morning,4,1,5.0,1,1,27
202400041495,2024-02-27,Morning,3,1,6.0,1,2,62
202400041497,2024-05-10,Evening,4,1,6.0,1,1,28
202400041498,2024-07-18,Afternoon,3,1,1.0,1,1,24
202400041499,2024-02-26,Afternoon,4,1,7.0,1,2,30
202400041501,2024-05-12,Morning,3,2,3.0,1,1,87
202400041502,2024-07-18,Afternoon,4,1,3.0,1,1,04
202400041504,2024-05-12,Morning,2,2,7.0,1,1,37
202400041505,2024-05-11,Evening,4,1,6.0,1,2,88
202400041506,2024-08-24,Evening,4,2,1.0,1,2,77
202400041507,2024-07-18,Night,3,1,1.0,3,1,85
202400041508,2024-02-25,Morning,4,2,2.0,2,1,91
202400041509,2024-04-03,Afternoon,3,1,3.0,1,2,84
202400041510,2024-05-12,Night,2,1,1.0,4,2,88
202400041511,2024-08-24,Morning,4,1,6.0,1,2,71
202400041512,2024-02-23,Afternoon,2,2,6.0,1,1,51
202400041513,2024-07-19,Morning,4,1,1.0,1,1,17
202400041514,2024-02-27,Night,2,2,6.0,3,1,51
202400041515,2024-07-19,Morning,3,1,6.0,1,1,23
202400041516,2024-05-11,Evening,4,1,6.0,3,1,01
202400041517,2024-07-18,Afternoon,3,1,7.0,1,1,48
202400041518,2024-02-26,Afternoon,4,1,3.0,1,1,56
202400041519,2024-05-10,Morning,3,1,6.0,1,2,78
202400041520,2024-08-24,Night,4,1,3.0,5,2,67
202400041521,2024-07-17,Morning,4,1,7.0,1,1,48
202400041522,2024-02-27,Morning,3,1,7.0,1,2,76
202400041523,2024-07-18,Afternoon,3,1,6.0,1,1,48
202400041524,2024-05-11,Afternoon,4,1,6.0,1,1,63
202400041525,2024-02-27,Evening,3,2,1.0,5,2,63
202400041526,2024-08-24,Night,4,1,6.0,5,2,64
202400041527,2024-04-03,Night,4,1,6.0,3,2,74
202400041528,2024-02-27,Afternoon,3,1,6.0,1,1,61
202400041529,2024-07-19,Afternoon,4,7,3.0,1,2,88
202400041530,2024-05-10,Afternoon,4,1,4.0,1,1,13
202400041531,2024-02-23,Evening,3,2,6.0,3,1,49
202400041532,2024-07-19,Afternoon,3,1,6.0,1,1,24
202400041533,2024-05-10,Evening,4,1,3.0,1,2,66
202400041534,2024-08-24,Night,4,1,6.0,3,1,63
202400041536,2024-02-26,Afternoon,4,2,3.0,1,1,46
202400041537,2024-05-11,Evening,2,1,6.0,3,1,84
202400041538,2024-05-11,Afternoon,3,1,6.0,1,2,68
202400041539,2024-04-02,Morning,4,1,3.0,1,2,71
202400041540,2024-07-19,Afternoon,4,1,1.0,1,1,77
202400041541,2024-02-26,Afternoon,4,2,5.0,1,1,86
202400041542,2024-05-10,Evening,3,1,7.0,1,1,67
202400041543,2024-08-22,Afternoon,3,1,6.0,1,2,63
202400041544,2024-05-10,Afternoon,3,1,7.0,1,1,88
202400041545,2024-07-18,Night,3,1,6.0,3,1,69
202400041546,2024-02-27,Morning,2,1,3.0,1,1,35
202400041547,2024-05-12,Afternoon,4,1,7.0,1,1,55
202400041548,2024-02-26,Evening,3,1,6.0,4,2,29
202400041549,2024-04-03,Morning,4,3,1.0,1,2,69
202400041550,2024-02-27,Night,3,1,6.0,3,1,29
202400041551,2024-05-11,Morning,3,1,2.0,1,1,63
202400041553,2024-08-24,Afternoon,4,1,3.0,1,2,63
202400041554,2024-02-27,Evening,3,1,7.0,3,1,72
202400041555,2024-04-03,Night,4,1,1.0,5,2,69
202400041556,2024-08-24,Morning,4,1,6.0,1,2,63
202400041557,2024-04-02,Night,4,1,6.0,5,1,69
202400041558,2024-08-24,Night,3,2,7.0,3,2,62
202400041559,2024-02-27,Morning,4,7,2.0,2,1,50
202400041560,2024-04-03,Night,4,1,7.0,5,2,64
202400041561,2024-05-12,Afternoon,4,1,2.0,1,1,42
202400041563,2024-08-24,Night,4,1,3.0,2,2,59
202400041564,2024-02-27,Afternoon,2,2,3.0,1,1,64
202400041565,2024-03-02,Evening,3,3,6.0,3,1,62
202400041566,2024-05-10,Afternoon,4,1,1.0,1,1,26
202400041567,2024-02-27,Night,4,1,1.0,5,2,10
202400041568,2024-08-23,Afternoon,4,1,2.0,1,2,59
202400041569,2024-05-12,Afternoon,3,1,6.0,1,1,50
202400041570,2024-04-03,Morning,4,1,6.0,1,2,56
202400041571,2024-04-28,Afternoon,3,2,3.0,1,1,22
202400041572,2024-02-27,Afternoon,4,8,7.0,1,2,07
202400041573,2024-07-18,Night,4,1,3.0,3,2,13
202400041574,2024-05-11,Evening,3,1,3.0,1,1,76
202400041575,2024-04-02,Evening,4,2,4.0,1,2,56
202400041576,2024-07-16,Morning,4,1,3.0,1,2,91
202400041577,2024-02-26,Evening,3,3,1.0,3,1,85
202400041578,2024-08-24,Morning,3,1,3.0,1,2,59
202400041579,2024-02-27,Morning,3,8,6.0,1,1,03
202400041580,2024-05-10,Afternoon,3,1,3.0,1,2,80
202400041581,2024-07-19,Afternoon,4,1,1.0,1,1,30
202400041582,2024-04-02,Afternoon,4,1,6.0,1,2,54
202400041583,2024-05-09,Afternoon,4,1,2.0,1,2,59
202400041584,2024-08-24,Afternoon,4,1,3.0,1,2,54
202400041585,2024-07-19,Morning,4,1,1.0,1,1,84
202400041586,2024-05-10,Evening,4,1,2.0,1,1,13
202400041587,2024-04-02,Morning,4,1,3.0,1,2,54
202400041588,2024-07-19,Evening,4,1,1.0,1,1,83
202400041589,2024-05-10,Evening,4,1,2.0,1,1,13
202400041590,2024-08-24,Afternoon,4,1,3.0,1,2,51
202400041591,2024-03-29,Morning,4,1,2.0,1,2,49
202400041592,2024-07-18,Afternoon,4,1,7.0,1,1,13
202400041593,2024-08-24,Afternoon,4,3,7.0,1,2,50
202400041594,2024-04-03,Afternoon,4,1,1.0,1,2,43
202400041595,2024-05-11,Night,4,1,4.0,3,1,33
202400041596,2024-07-18,Afternoon,3,1,5.0,1,1,70
202400041597,2024-08-23,Evening,4,1,6.0,3,1,42
202400041598,2024-05-11,Evening,4,1,6.0,1,1,75
202400041599,2024-07-19,Night,4,1,7.0,3,1,63
202400041600,2024-02-23,Morning,4,1,3.0,1,2,55
202400041601,2024-02-27,Morning,4,2,6.0,1,1,51
202400041602,2024-07-18,Afternoon,2,1,6.0,1,1,73
202400041603,2024-05-11,Morning,4,1,7.0,1,1,91
202400041604,2024-04-02,Afternoon,4,1,6.0,1,2,38
202400041605,2024-05-11,Morning,4,1,3.0,1,1,91
202400041606,2024-07-14,Morning,3,1,3.0,1,2,42
202400041607,2024-02-26,Afternoon,4,1,3.0,2,1,73
202400041608,2024-04-03,Evening,4,1,2.0,1,2,34
202400041609,2024-05-11,Afternoon,4,1,2.0,1,1,92
202400041610,2024-02-26,Evening,4,1,3.0,5,2,33
202400041611,2024-07-19,Afternoon,3,1,1.0,1,1,07
202400041612,2024-05-11,Evening,4,1,3.0,1,1,93
202400041613,2024-03-29,Afternoon,4,1,6.0,1,2,29
202400041614,2024-02-26,Evening,4,2,6.0,5,2,77
202400041615,2024-02-23,Afternoon,4,2,6.0,1,1,77
202400041616,2024-07-13,Afternoon,4,1,1.0,1,2,07
202400041617,2024-08-24,Morning,4,1,3.0,1,2,31
202400041618,2024-05-11,Night,4,1,5.0,5,1,93
202400041619,2024-08-24,Morning,2,1,6.0,1,1,31
202400041620,2024-07-18,Night,3,1,1.0,3,1,69
202400041621,2024-05-11,Afternoon,4,1,2.0,1,1,94
202400041622,2024-02-27,Afternoon,4,2,1.0,1,1,2B
202400041623,2024-04-03,Evening,4,1,2.0,1,2,27
202400041624,2024-07-18,Afternoon,3,7,7.0,1,1,69
202400041625,2024-02-26,Morning,4,8,1.0,1,1,42
202400041626,2024-08-24,Morning,4,1,2.0,1,1,17
202400041627,2024-05-11,Afternoon,4,1,4.0,1,1,77
202400041628,2024-04-02,Morning,3,1,6.0,1,2,21
202400041629,2024-06-10,Afternoon,3,1,6.0,1,2,09
202400041630,2024-02-22,Afternoon,4,1,3.0,1,1,81
202400041631,2024-05-11,Afternoon,4,1,4.0,1,1,94
202400041632,2024-08-24,Morning,4,1,6.0,1,2,17
202400041633,2024-07-18,Afternoon,3,1,6.0,1,2,31
202400041634,2024-04-02,Afternoon,4,1,3.0,1,2,18
202400041635,2024-02-26,Afternoon,3,2,4.0,1,2,85
202400041637,2024-02-24,Night,4,2,7.0,3,1,72
202400041638,2024-08-23,Afternoon,4,2,7.0,1,2,14
202400041639,2024-07-19,Morning,3,1,1.0,1,1,64
202400041640,2024-04-02,Afternoon,4,1,3.0,1,2,18
202400041642,2024-08-24,Night,4,1,6.0,5,2,14
202400041644,2024-07-19,Night,3,1,6.0,3,1,33
202400041645,2024-02-27,Afternoon,4,1,3.0,1,1,59
202400041647,2024-04-02,Morning,4,1,3.0,1,1,14
202400041648,2024-07-16,Afternoon,3,1,3.0,1,2,72
202400041649,2024-08-24,Morning,4,1,3.0,1,2,13
202400041650,2024-02-26,Night,4,2,2.0,5,1,13
202400041652,2024-04-02,Evening,3,1,7.0,1,2,07
202400041653,2024-02-26,Afternoon,4,2,2.0,1,1,91
202400041654,2024-07-19,Morning,2,1,3.0,1,1,50
202400041656,2024-02-26,Morning,4,2,3.0,1,1,92
202400041657,2024-07-19,Evening,4,1,7.0,1,1,22
202400041658,2024-08-24,Morning,4,1,5.0,1,2,13
202400041659,2024-02-25,Afternoon,4,1,4.0,1,1,95
202400041660,2024-07-18,Evening,3,1,7.0,1,2,27
202400041661,2024-02-25,Morning,4,8,7.0,1,1,95
202400041662,2024-02-24,Evening,4,2,2.0,3,1,94
202400041663,2024-07-18,Afternoon,4,7,3.0,1,1,80
202400041664,2024-07-17,Night,4,1,2.0,3,1,13
202400041665,2024-02-24,Night,4,2,2.0,3,1,94
202400041666,2024-08-21,Afternoon,4,1,5.0,1,1,12
202400041667,2024-02-25,Morning,4,1,6.0,2,2,75
202400041668,2024-07-09,Afternoon,4,1,4.0,1,1,54
202400041669,2024-02-25,Morning,4,1,2.0,5,2,75
202400041670,2024-02-25,Night,4,2,7.0,5,2,75
202400041671,2024-07-18,Morning,4,1,2.0,1,1,33
202400041672,2024-02-25,Evening,4,2,6.0,5,2,75
202400041673,2024-02-25,Afternoon,4,3,3.0,1,2,75
202400041674,2024-07-14,Night,4,1,2.0,2,1,62
202400041675,2024-08-23,Afternoon,4,1,4.0,1,2,10
202400041676,2024-02-24,Evening,4,8,7.0,5,2,75
202400041677,2024-07-18,Evening,4,1,4.0,1,1,91
202400041678,2024-08-24,Night,4,1,7.0,5,2,07
202400041679,2024-02-25,Night,4,1,5.0,5,2,75
202400041680,2024-07-18,Morning,4,1,3.0,1,1,91
202400041681,2024-02-25,Afternoon,4,8,3.0,1,2,75
202400041682,2024-07-17,Morning,4,1,7.0,1,1,75
202400041683,2024-02-25,Afternoon,4,2,1.0,1,2,75
202400041684,2024-08-24,Evening,4,1,2.0,1,2,01
202400041685,2024-07-18,Morning,4,1,4.0,1,1,93
202400041686,2024-02-25,Afternoon,4,2,3.0,1,2,93
202400041687,2024-02-25,Evening,4,2,6.0,5,2,93
202400041688,2024-07-17,Afternoon,4,1,2.0,1,1,93
202400041689,2024-08-23,Evening,4,1,4.0,1,2,75
202400041690,2024-02-25,Night,4,3,7.0,5,2,93
202400041691,2024-07-17,Afternoon,4,1,4.0,1,1,77
202400041692,2024-04-27,Morning,4,1,6.0,1,2,29
202400041693,2024-07-09,Afternoon,4,8,6.0,1,1,44
202400041694,2024-07-09,Morning,4,1,3.0,1,2,44
202400041695,2024-07-09,Night,4,8,6.0,5,2,44
202400041696,2024-02-25,Afternoon,4,2,3.0,1,2,92
202400041697,2024-02-25,Afternoon,4,2,3.0,1,2,92
202400041698,2024-08-24,Afternoon,4,1,2.0,1,2,75
202400041699,2024-05-04,Morning,4,1,2.0,1,1,74
202400041700,2024-02-25,Afternoon,4,2,3.0,2,2,92
202400041701,2024-04-30,Night,4,1,7.0,3,1,74
202400041702,2024-02-25,Afternoon,4,3,3.0,1,2,92
202400041703,2024-06-26,Afternoon,4,1,6.0,1,2,44
202400041704,2024-02-25,Afternoon,4,2,6.0,1,2,92
202400041705,2024-08-24,Afternoon,4,1,3.0,1,2,75
202400041706,2024-02-25,Afternoon,4,3,3.0,1,1,76
202400041707,2024-05-10,Morning,3,1,3.0,1,2,74
202400041708,2024-08-23,Night,4,1,1.0,5,2,75
202400041709,2024-02-24,Afternoon,4,1,3.0,1,1,14
202400041710,2024-05-01,Afternoon,4,1,5.0,1,1,74
202400041711,2024-08-23,Evening,4,1,6.0,1,2,75
202400041712,2024-02-14,Afternoon,4,2,2.0,1,2,86
202400041713,2024-05-01,Afternoon,3,1,6.0,1,1,74
202400041714,2024-02-25,Night,2,2,6.0,3,1,67
202400041716,2024-04-23,Morning,3,1,2.0,1,1,74
202400041717,2024-02-23,Morning,4,1,3.0,1,2,68
202400041718,2024-04-21,Afternoon,3,1,3.0,1,2,45
202400041719,2024-02-24,Afternoon,3,2,1.0,1,1,22
202400041720,2024-02-23,Afternoon,3,7,6.0,1,2,59
202400041721,2024-08-24,Afternoon,4,2,4.0,1,2,75
202400041722,2024-03-22,Morning,3,7,3.0,1,2,01
202400041723,2024-02-26,Night,4,2,7.0,3,1,67
202400041724,2024-02-24,Afternoon,3,3,6.0,1,1,2B
202400041725,2024-02-25,Afternoon,3,8,7.0,1,2,81
202400041727,2024-08-24,Morning,4,1,3.0,1,2,75
202400041728,2024-02-26,Evening,4,2,6.0,2,1,71
202400041730,2024-02-26,Afternoon,4,1,1.0,1,2,71
202400041732,2024-08-24,Morning,4,1,6.0,1,2,75
202400041734,2024-02-26,Afternoon,4,1,3.0,1,2,71
202400041736,2024-02-19,Morning,4,8,3.0,1,1,41
202400041737,2024-07-17,Morning,4,1,2.0,1,2,2A
202400041738,2024-08-24,Night,4,1,6.0,5,2,75
202400041739,2024-02-11,Evening,4,1,6.0,2,2,44
202400041740,2024-02-24,Night,3,2,6.0,3,1,31
202400041741,2024-08-24,Evening,4,1,3.0,1,2,94
202400041742,2024-07-17,Night,3,1,3.0,4,2,95
202400041743,2024-02-26,Afternoon,2,1,2.0,1,1,26
202400041744,2024-08-24,Afternoon,4,1,6.0,1,2,94
202400041745,2024-07-18,Night,3,1,7.0,5,2,91
202400041746,2024-07-17,Afternoon,3,1,1.0,1,2,91
202400041747,2024-08-24,Afternoon,3,1,4.0,1,2,93
202400041748,2024-07-17,Afternoon,4,1,3.0,1,2,91
202400041749,2024-08-23,Night,4,1,6.0,5,2,93
202400041750,2024-07-16,Afternoon,4,1,3.0,1,2,86
202400041751,2024-05-17,Afternoon,4,1,6.0,1,2,84
202400041752,2024-08-24,Night,4,1,1.0,5,2,93
202400041753,2024-07-17,Afternoon,4,1,1.0,1,2,84
202400041754,2024-08-24,Afternoon,4,1,6.0,1,2,92
202400041755,2024-07-17,Evening,3,1,3.0,1,2,83
202400041756,2024-08-24,Afternoon,4,1,3.0,1,2,92
202400041757,2024-07-17,Morning,4,1,6.0,1,2,83
202400041758,2024-07-16,Night,3,1,6.0,5,2,83
202400041759,2024-08-24,Afternoon,4,1,7.0,1,2,92
202400041760,2024-07-14,Afternoon,4,1,6.0,1,2,83
202400041762,2024-07-16,Night,3,1,7.0,3,2,77
202400041763,2024-07-15,Afternoon,3,1,1.0,1,2,76
202400041764,2024-07-17,Morning,4,1,6.0,1,2,72
202400041765,2024-08-24,Afternoon,4,1,3.0,1,1,68
202400041766,2024-07-17,Evening,3,1,6.0,1,2,68
202400041767,2024-08-24,Night,3,6,6.0,5,2,28
202400041768,2024-08-24,Night,3,1,6.0,3,1,85
202400041769,2024-07-17,Morning,4,1,2.0,1,1,66
202400041770,2024-08-25,Afternoon,2,1,6.0,1,1,23
202400041771,2024-07-17,Evening,3,1,6.0,1,2,64
202400041772,2024-07-17,Evening,4,1,3.0,1,2,64
202400041773,2024-08-24,Afternoon,4,1,3.0,1,1,01
202400041774,2024-07-16,Morning,4,1,2.0,1,2,64
202400041775,2024-07-17,Morning,4,1,3.0,1,2,63
202400041776,2024-08-25,Morning,4,1,3.0,3,1,12
202400041777,2024-07-14,Night,4,1,6.0,4,2,62
202400041778,2024-07-17,Evening,3,1,1.0,1,2,59
202400041779,2024-08-25,Afternoon,3,8,1.0,1,1,01
202400041780,2024-07-12,Afternoon,3,1,6.0,1,2,59
202400041781,2024-08-24,Afternoon,4,1,1.0,1,1,34
202400041782,2024-07-17,Afternoon,4,1,6.0,1,2,54
202400041783,2024-08-25,Morning,4,1,7.0,1,2,30
202400041784,2024-08-25,Afternoon,3,1,6.0,1,1,51
202400041785,2024-07-16,Evening,4,1,3.0,1,2,51
202400041786,2024-06-16,Evening,3,1,6.0,1,2,83
202400041787,2024-02-02,Evening,4,1,3.0,3,1,2A
202400041788,2024-06-15,Night,3,1,6.0,3,1,08
202400041789,2024-06-15,Afternoon,4,1,3.0,1,2,68
202400041790,2024-08-25,Afternoon,3,1,1.0,1,2,80
202400041791,2024-07-16,Evening,4,1,4.0,1,2,51
202400041792,2024-08-24,Evening,4,2,3.0,1,2,81
202400041793,2024-06-16,Afternoon,4,1,1.0,1,1,68
202400041794,2024-06-13,Afternoon,3,1,3.0,1,1,73
202400041795,2024-07-17,Night,4,1,2.0,3,2,47
202400041796,2024-06-14,Afternoon,3,1,6.0,1,2,38
202400041797,2024-08-24,Night,4,1,5.0,3,2,89
202400041798,2024-07-15,Afternoon,3,1,3.0,1,1,38
202400041799,2024-06-17,Afternoon,4,1,3.0,1,2,38
202400041800,2024-08-23,Night,4,1,1.0,3,1,63
202400041801,2024-07-17,Morning,4,1,6.0,1,2,34
202400041802,2024-06-16,Evening,3,1,1.0,1,2,26
202400041803,2024-07-14,Night,4,1,6.0,4,2,27
202400041804,2024-06-17,Afternoon,3,1,7.0,1,1,26
202400041805,2024-07-17,Afternoon,4,1,6.0,1,2,25
202400041806,2024-06-13,Morning,3,1,3.0,1,1,07
202400041807,2024-08-25,Morning,4,1,4.0,3,1,49
202400041808,2024-07-17,Night,4,1,2.0,5,2,17
202400041809,2024-06-16,Night,3,1,6.0,5,2,65
202400041810,2024-06-16,Night,4,1,6.0,3,2,65
202400041811,2024-08-25,Morning,4,1,1.0,1,1,49
202400041812,2024-06-05,Evening,3,1,6.0,1,2,31
202400041813,2024-07-17,Night,4,1,1.0,5,2,13
202400041814,2024-08-24,Evening,4,1,6.0,1,1,47
202400041815,2024-06-17,Morning,3,1,1.0,1,1,64
202400041816,2024-07-17,Evening,4,1,2.0,1,2,11
202400041817,2024-06-16,Evening,4,1,1.0,1,1,33
202400041818,2024-08-25,Afternoon,4,1,1.0,1,2,68
202400041819,2024-07-17,Afternoon,4,1,5.0,1,2,11
202400041820,2024-06-16,Evening,4,1,3.0,1,1,72
202400041821,2024-08-24,Evening,3,1,1.0,3,1,44
202400041822,2024-06-16,Night,4,2,6.0,3,1,14
202400041823,2024-07-17,Morning,4,1,2.0,1,2,11
202400041824,2024-08-24,Afternoon,4,1,7.0,1,2,29
202400041825,2024-07-16,Morning,4,1,3.0,1,1,11
202400041826,2024-06-17,Afternoon,4,1,4.0,1,2,60
202400041827,2024-08-24,Night,4,1,6.0,3,1,38
202400041828,2024-07-17,Night,4,1,7.0,5,2,07
202400041829,2024-08-25,Morning,3,2,7.0,3,1,26
202400041830,2024-07-16,Evening,4,1,2.0,1,2,75
202400041831,2024-06-17,Afternoon,3,1,7.0,1,1,80
202400041832,2024-07-17,Afternoon,4,1,7.0,1,2,75
202400041833,2024-08-25,Night,3,1,3.0,3,1,58
202400041834,2024-06-14,Night,4,1,3.0,3,1,13
202400041835,2024-07-17,Evening,4,1,3.0,1,2,75
202400041836,2024-08-24,Morning,3,1,6.0,1,1,66
202400041837,2024-06-16,Night,4,1,2.0,5,1,83
202400041838,2024-08-25,Morning,4,1,6.0,1,1,50
202400041839,2024-07-17,Evening,4,1,5.0,1,2,75
202400041840,2024-06-15,Evening,4,1,4.0,1,1,69
202400041841,2024-08-24,Night,3,1,6.0,5,1,73
202400041842,2024-07-17,Afternoon,4,1,2.0,1,2,75
202400041843,2024-06-16,Afternoon,4,2,7.0,1,1,91
202400041844,2024-08-24,Afternoon,3,1,3.0,1,1,43
202400041845,2024-06-16,Night,4,1,3.0,3,1,94
202400041846,2024-07-17,Morning,4,1,3.0,1,2,75
202400041847,2024-08-21,Night,2,1,7.0,3,1,04
202400041848,2024-06-16,Night,4,1,7.0,3,1,91
202400041849,2024-08-25,Morning,4,1,6.0,2,1,28
202400041850,2024-07-17,Morning,4,1,3.0,1,2,75
202400041851,2024-06-15,Afternoon,4,1,4.0,1,1,91
202400041852,2024-08-25,Morning,3,1,7.0,1,1,88
202400041853,2024-07-17,Afternoon,4,1,6.0,1,2,75
202400041854,2024-06-16,Afternoon,4,1,5.0,1,1,92
202400041855,2024-08-25,Evening,4,1,2.0,1,1,45
202400041856,2024-07-17,Afternoon,4,1,2.0,1,2,75
202400041857,2024-06-16,Morning,4,2,2.0,1,1,92
202400041859,2024-07-17,Afternoon,4,1,3.0,1,2,75
202400041860,2024-06-16,Evening,4,1,6.0,1,2,92
202400041862,2024-06-16,Evening,4,1,2.0,1,1,93
202400041863,2024-07-17,Afternoon,4,1,6.0,1,2,75
202400041864,2024-08-25,Morning,3,1,3.0,1,2,2B
202400041865,2024-06-16,Afternoon,4,8,3.0,1,1,93
202400041866,2024-07-17,Afternoon,4,1,6.0,1,2,94
202400041867,2024-06-16,Afternoon,4,1,6.0,1,1,95
202400041868,2024-08-25,Night,2,8,6.0,3,1,34
202400041869,2024-06-16,Morning,4,2,6.0,1,1,95
202400041870,2024-08-25,Night,3,8,6.0,3,1,34
202400041871,2024-07-17,Evening,4,1,2.0,1,2,94
202400041872,2024-07-15,Evening,2,1,6.0,1,2,94
202400041873,2024-06-16,Night,4,8,2.0,3,1,93
202400041874,2024-08-24,Night,3,1,6.0,3,1,83
202400041875,2024-06-15,Night,4,1,7.0,2,2,75
202400041876,2024-08-24,Evening,3,1,7.0,1,1,83
202400041877,2024-07-17,Evening,4,1,2.0,1,2,94
202400041878,2024-06-15,Afternoon,4,1,2.0,1,1,95
202400041879,2024-07-17,Afternoon,4,1,1.0,1,2,94
202400041880,2024-08-25,Morning,3,1,2.0,1,2,83