Num_Acc,date,time_of_day,max_severity,weather,collision_type,lighting,urban_area,department
202400041881,2024-06-16,Evening,4,2,6.0,1,1,77
202400041882,2024-08-25,Afternoon,3,1,6.0,1,1,05
202400041883,2024-06-15,Night,4,1,7.0,2,1,77
202400041884,2024-07-17,Morning,4,1,3.0,1,2,93
202400041886,2024-08-25,Night,2,3,7.0,3,1,67
202400041887,2024-06-11,Evening,4,1,2.0,1,2,92
202400041888,2024-07-17,Afternoon,3,1,3.0,1,2,93
202400041889,2024-08-25,Morning,3,1,6.0,1,1,73
202400041890,2024-06-05,Afternoon,4,1,2.0,1,1,15
202400041891,2024-08-23,Evening,3,1,7.0,2,2,38
202400041892,2024-06-04,Morning,4,1,2.0,1,2,44
202400041893,2024-07-06,Evening,4,2,1.0,1,2,93
202400041894,2024-08-24,Evening,3,1,6.0,1,1,69
202400041895,2024-02-22,Evening,3,2,6.0,3,2,84
202400041896,2024-08-25,Night,3,1,6.0,3,1,81
202400041897,2024-07-17,Night,4,1,3.0,5,2,93
202400041898,2024-08-24,Evening,3,1,7.0,1,1,56
202400041899,2024-02-17,Afternoon,3,1,3.0,1,2,84
202400041900,2024-07-17,Afternoon,4,1,1.0,1,2,93
202400041901,2024-08-25,Afternoon,3,1,3.0,1,1,29
202400041902,2024-02-03,Afternoon,4,1,1.0,1,2,84
202400041903,2024-08-25,Night,3,1,2.0,3,1,60
202400041904,2024-07-16,Morning,4,1,3.0,1,2,93
202400041906,2024-07-17,Morning,4,1,6.0,1,2,92
202400041907,2024-08-25,Afternoon,3,1,3.0,1,2,59
202400041909,2024-07-16,Afternoon,4,1,6.0,1,2,92
202400041911,2024-08-23,Evening,3,1,2.0,5,1,13
202400041913,2024-07-17,Morning,4,1,6.0,1,2,92
202400041914,2024-06-15,Night,3,9,6.0,3,2,69
202400041915,2024-08-22,Night,4,1,2.0,3,1,13
202400041916,2024-07-17,Night,4,1,2.0,5,2,92
202400041917,2024-08-23,Afternoon,4,1,3.0,1,1,67
202400041918,2024-07-17,Afternoon,4,1,6.0,1,2,92
202400041919,2024-06-15,Evening,4,1,3.0,1,2,69
202400041920,2024-07-17,Night,4,8,7.0,5,2,92
202400041921,2024-08-24,Afternoon,4,1,2.0,1,1,33
202400041922,2024-06-15,Night,3,2,3.0,5,2,69
202400041923,2024-07-16,Morning,4,1,3.0,1,2,92
202400041925,2024-08-24,Night,4,1,2.0,3,1,92
202400041926,2024-07-17,Morning,3,1,7.0,1,1,34
202400041927,2024-06-14,Evening,3,1,6.0,1,2,91
202400041928,2024-08-23,Evening,2,1,6.0,1,1,78
202400041929,2024-07-18,Afternoon,4,1,5.0,1,1,35
202400041930,2024-06-15,Night,4,1,3.0,3,1,86
202400041931,2024-09-27,Afternoon,4,2,3.0,1,2,33
202400041932,2024-05-21,Night,4,1,2.0,3,1,93
202400041933,2024-07-14,Morning,3,1,7.0,1,2,67
202400041934,2024-06-16,Night,4,1,6.0,3,1,81
202400041935,2024-08-23,Afternoon,4,1,2.0,1,1,93
202400041936,2024-07-16,Evening,3,1,7.0,2,1,71
202400041937,2024-06-15,Evening,4,7,2.0,1,1,81
202400041938,2024-07-17,Morning,3,1,6.0,1,2,33
202400041939,2024-09-28,Morning,4,1,3.0,1,2,31
202400041940,2024-06-15,Night,4,1,1.0,4,1,78
202400041941,2024-08-24,Afternoon,4,1,2.0,1,1,94
202400041942,2024-07-09,Morning,4,1,2.0,1,2,33
202400041943,2024-06-14,Morning,3,1,3.0,1,2,78
202400041944,2024-09-28,Night,4,1,1.0,3,2,29
202400041945,2024-08-23,Evening,4,1,2.0,1,1,94
202400041946,2024-07-18,Afternoon,3,1,3.0,1,1,68
202400041947,2024-08-22,Night,4,1,1.0,3,1,77
202400041948,2024-06-15,Evening,4,1,1.0,1,1,77
202400041949,2024-09-28,Evening,4,1,6.0,2,2,27
202400041950,2024-05-04,Afternoon,3,1,3.0,1,2,68
202400041951,2024-06-15,Afternoon,4,1,6.0,1,2,74
202400041952,2024-06-24,Night,3,1,7.0,5,1,57
202400041953,2024-07-18,Morning,4,1,2.0,1,1,67
202400041954,2024-09-27,Afternoon,4,1,3.0,1,2,17
202400041955,2024-06-15,Night,4,2,1.0,5,2,69
202400041957,2024-07-17,Evening,3,7,3.0,1,1,42
202400041958,2024-06-15,Night,4,2,3.0,5,2,69
202400041960,2024-06-15,Morning,4,1,2.0,1,2,69
202400041961,2024-07-17,Afternoon,3,1,3.0,1,2,38
202400041962,2024-09-28,Afternoon,3,1,6.0,1,2,16
202400041963,2024-06-15,Afternoon,4,1,6.0,1,2,67
202400041965,2024-07-17,Afternoon,3,1,1.0,1,1,79
202400041966,2024-09-28,Evening,4,2,7.0,1,2,15
202400041967,2024-06-15,Afternoon,4,1,6.0,1,2,64
202400041969,2024-07-18,Afternoon,3,1,1.0,1,1,26
202400041970,2024-06-15,Morning,4,1,5.0,1,2,64
202400041971,2024-08-23,Evening,4,1,6.0,2,2,69
202400041972,2024-09-28,Evening,4,1,3.0,5,2,13
202400041973,2024-07-17,Afternoon,3,1,6.0,1,2,42
202400041974,2024-06-15,Morning,4,1,3.0,1,2,64
202400041975,2024-08-23,Morning,4,1,6.0,1,2,69
202400041976,2024-07-17,Afternoon,4,1,3.0,1,1,30
202400041977,2024-09-28,Evening,4,1,1.0,5,2,13
202400041978,2024-06-14,Afternoon,4,1,1.0,1,2,63
202400041979,2024-08-23,Morning,4,1,2.0,1,1,2B
202400041980,2024-07-18,Morning,4,1,1.0,2,1,21
202400041981,2024-09-28,Evening,4,1,6.0,2,2,13
202400041982,2024-06-15,Evening,4,3,3.0,1,2,61
202400041983,2024-08-23,Night,4,1,3.0,5,2,2A
202400041984,2024-07-12,Afternoon,4,1,2.0,1,1,56
202400041985,2024-06-14,Afternoon,4,1,3.0,1,2,59
202400041986,2024-08-23,Morning,4,2,3.0,1,1,91
202400041987,2024-09-28,Morning,4,1,3.0,2,2,13
202400041988,2024-06-15,Morning,4,1,1.0,1,2,59
202400041989,2024-07-17,Evening,2,1,1.0,1,1,76
202400041990,2024-08-23,Morning,4,1,3.0,1,2,91
202400041991,2024-06-15,Night,3,2,3.0,5,2,59
202400041992,2024-07-18,Morning,3,1,1.0,1,1,82
202400041993,2024-09-27,Night,4,1,1.0,4,2,13
202400041994,2024-06-14,Afternoon,4,1,1.0,1,2,59
202400041995,2024-08-20,Morning,4,1,6.0,1,2,89
202400041996,2024-06-15,Afternoon,4,1,6.0,1,2,59
202400041997,2024-08-23,Morning,4,1,6.0,1,2,87
202400041998,2024-06-15,Morning,4,1,6.0,1,2,54
202400041999,2024-08-18,Afternoon,4,1,7.0,1,2,87
202400042000,2024-06-15,Afternoon,4,1,6.0,1,2,47
202400042001,2024-08-23,Morning,4,1,2.0,1,2,83
202400042002,2024-06-14,Night,3,2,2.0,5,2,47
202400042003,2024-09-28,Afternoon,4,1,2.0,1,2,10
202400042004,2024-09-28,Night,4,2,6.0,5,2,10
202400042005,2024-09-28,Morning,4,1,6.0,1,2,06
202400042006,2024-06-15,Evening,4,1,4.0,1,2,45
202400042007,2024-08-20,Afternoon,3,7,3.0,1,2,83
202400042008,2024-08-20,Afternoon,3,1,3.0,1,2,83
202400042009,2024-06-15,Morning,4,1,3.0,1,2,45
202400042010,2024-09-27,Morning,4,8,3.0,2,2,05
202400042011,2024-08-23,Evening,4,1,4.0,1,2,78
202400042012,2024-06-15,Evening,4,8,3.0,1,2,44
202400042013,2024-08-23,Evening,4,1,6.0,5,2,77
202400042014,2024-09-27,Afternoon,3,8,6.0,1,2,03
202400042015,2024-06-15,Night,4,1,3.0,5,2,44
202400042016,2024-08-23,Evening,4,1,2.0,1,2,77
202400042017,2024-06-14,Night,3,1,3.0,3,2,42
202400042018,2024-08-22,Morning,3,7,1.0,1,2,71
202400042019,2024-09-24,Afternoon,3,2,5.0,1,1,02
202400042020,2024-06-15,Evening,4,1,6.0,1,1,35
202400042021,2024-08-23,Afternoon,4,1,6.0,1,2,69
202400042022,2024-06-15,Afternoon,4,1,2.0,1,2,35
202400042023,2024-09-27,Evening,4,2,5.0,5,2,75
202400042024,2024-06-15,Night,4,1,1.0,5,2,35
202400042025,2024-08-22,Morning,4,1,1.0,1,1,69
202400042026,2024-06-15,Evening,4,1,2.0,1,2,33
202400042027,2024-09-27,Afternoon,3,1,6.0,1,2,75
202400042028,2024-06-15,Night,4,1,6.0,3,2,33
202400042029,2024-08-23,Afternoon,3,7,3.0,1,2,67
202400042030,2024-06-15,Morning,4,1,3.0,1,2,30
202400042031,2024-08-22,Afternoon,4,1,1.0,1,1,64
202400042032,2024-09-28,Afternoon,4,1,3.0,1,2,75
202400042033,2024-06-15,Afternoon,4,1,2.0,1,1,27
202400042034,2024-08-23,Afternoon,4,1,3.0,1,2,63
202400042035,2024-06-14,Afternoon,4,3,6.0,1,2,27
202400042036,2024-08-26,Morning,4,1,6.0,1,2,62
202400042037,2024-06-15,Afternoon,4,1,2.0,1,1,26
202400042038,2024-09-28,Afternoon,4,1,3.0,1,2,75
202400042039,2024-08-23,Night,4,1,3.0,5,2,59
202400042040,2024-06-14,Afternoon,4,1,5.0,1,1,25
202400042041,2024-09-28,Night,4,1,3.0,5,2,75
202400042042,2024-06-15,Morning,4,1,3.0,1,1,14
202400042043,2024-08-23,Night,4,1,3.0,5,2,59
202400042044,2024-06-15,Evening,4,1,1.0,1,2,13
202400042045,2024-08-23,Evening,4,2,3.0,1,2,59
202400042046,2024-09-28,Night,4,1,3.0,5,2,75
202400042047,2024-06-15,Evening,4,1,3.0,1,2,13
202400042048,2024-08-23,Morning,3,1,6.0,1,2,59
202400042049,2024-06-15,Evening,4,1,3.0,1,2,13
202400042050,2024-09-28,Morning,4,1,6.0,1,2,75
202400042051,2024-08-23,Afternoon,4,1,6.0,1,2,57
202400042052,2024-06-14,Evening,3,1,3.0,1,2,13
202400042053,2024-08-21,Evening,4,1,3.0,2,2,56
202400042054,2024-06-15,Morning,3,1,3.0,1,2,06
202400042055,2024-09-27,Evening,4,2,3.0,1,2,75
202400042056,2024-06-15,Night,3,1,6.0,5,2,06
202400042057,2024-06-15,Afternoon,2,1,7.0,1,2,01
202400042058,2024-09-27,Afternoon,4,2,6.0,1,2,75
202400042059,2024-08-22,Afternoon,4,1,1.0,1,2,54
202400042060,2024-06-14,Night,4,1,4.0,5,2,75
202400042061,2024-06-14,Evening,4,1,3.0,1,2,75
202400042062,2024-09-27,Afternoon,4,2,6.0,1,2,75
202400042063,2024-06-14,Evening,4,1,5.0,1,2,75
202400042064,2024-08-22,Night,4,1,6.0,5,2,54
202400042065,2024-06-14,Afternoon,4,1,3.0,1,2,75
202400042066,2024-06-14,Afternoon,4,1,2.0,1,2,75
202400042067,2024-06-14,Afternoon,4,1,7.0,1,2,75
202400042068,2024-09-28,Night,4,1,1.0,5,2,75
202400042069,2024-08-21,Evening,4,1,6.0,1,1,54
202400042070,2024-08-22,Afternoon,4,1,7.0,1,2,51
202400042071,2024-06-15,Morning,4,1,3.0,1,2,75
202400042072,2024-06-11,Morning,2,1,6.0,1,2,75
202400042073,2024-08-23,Morning,4,1,6.0,1,2,43
202400042074,2024-09-28,Night,4,8,1.0,5,2,75
202400042075,2024-06-12,Evening,4,1,5.0,1,2,75
202400042076,2024-06-15,Afternoon,4,8,3.0,1,2,75
202400042077,2024-09-27,Night,4,2,3.0,5,2,75
202400042078,2024-08-23,Afternoon,4,1,6.0,1,2,37
202400042079,2024-08-22,Afternoon,4,1,3.0,1,2,37
202400042080,2024-09-27,Afternoon,4,1,6.0,1,2,75
202400042081,2024-06-15,Night,4,1,3.0,5,2,75
202400042082,2024-08-23,Afternoon,4,1,3.0,1,2,34
202400042083,2024-06-15,Afternoon,4,1,6.0,1,2,75
202400042084,2024-08-22,Night,4,1,6.0,3,2,34
202400042085,2024-09-27,Morning,3,1,2.0,1,2,75
202400042086,2024-06-14,Night,4,2,3.0,5,2,75
202400042087,2024-08-22,Afternoon,4,1,6.0,1,2,34
202400042088,2024-06-14,Night,4,1,3.0,5,2,75
202400042089,2024-06-14,Afternoon,4,1,6.0,1,2,75
202400042090,2024-08-22,Afternoon,4,1,4.0,1,2,34
202400042091,2024-09-28,Morning,4,1,6.0,2,2,94
202400042092,2024-06-15,Morning,4,1,6.0,1,2,75
202400042093,2024-08-22,Morning,4,1,6.0,1,2,34
202400042094,2024-06-15,Night,4,1,6.0,2,2,94
202400042095,2024-08-23,Afternoon,4,1,6.0,1,2,34
202400042096,2024-09-28,Afternoon,4,1,3.0,1,2,94
202400042097,2024-06-15,Afternoon,3,2,6.0,1,2,94
202400042098,2024-08-24,Night,4,1,6.0,5,2,33
202400042099,2024-06-14,Morning,3,1,3.0,1,2,94
202400042100,2024-08-23,Evening,4,1,3.0,1,2,33
202400042101,2024-09-28,Evening,4,1,3.0,1,1,94
202400042102,2024-06-15,Afternoon,4,2,3.0,1,2,93
202400042103,2024-08-22,Morning,4,7,6.0,1,2,33
202400042104,2024-06-15,Morning,4,1,6.0,1,2,93
202400042105,2024-08-23,Afternoon,4,2,3.0,1,2,29
202400042106,2024-06-15,Night,4,1,2.0,5,2,93
202400042107,2024-09-28,Night,4,1,2.0,5,2,94
202400042108,2024-06-15,Afternoon,4,2,3.0,1,2,92
202400042109,2024-08-23,Evening,4,1,3.0,2,2,25
202400042110,2024-09-28,Afternoon,4,1,6.0,1,2,94
202400042111,2024-06-15,Night,4,8,2.0,2,2,92
202400042112,2024-06-15,Morning,4,1,6.0,1,2,92
202400042113,2024-08-22,Evening,3,1,3.0,2,2,21
202400042114,2024-06-15,Evening,4,1,6.0,1,2,92
202400042115,2024-09-28,Afternoon,4,1,6.0,1,2,94
202400042116,2024-08-22,Morning,4,1,3.0,1,2,15
202400042117,2024-09-28,Afternoon,4,1,6.0,1,2,93
202400042118,2024-06-15,Afternoon,4,1,2.0,1,2,92
202400042119,2024-08-23,Night,3,1,3.0,5,2,14
202400042120,2024-06-15,Evening,4,1,3.0,1,2,92
202400042121,2024-09-28,Night,4,1,6.0,5,2,93
202400042122,2024-06-16,Morning,2,2,7.0,2,2,60
202400042123,2024-08-24,Night,4,1,1.0,5,2,13
202400042124,2024-08-23,Morning,4,1,7.0,1,2,13
202400042125,2024-06-09,Night,4,1,2.0,5,2,35
202400042126,2024-09-26,Morning,4,1,6.0,5,2,93
202400042127,2024-06-16,Afternoon,4,2,6.0,1,1,28
202400042128,2024-08-22,Night,4,1,3.0,5,2,13
202400042129,2024-09-28,Evening,4,1,3.0,2,2,93
202400042131,2024-08-21,Afternoon,4,1,2.0,1,2,11
202400042132,2024-06-16,Morning,3,1,3.0,1,1,83
202400042133,2024-08-24,Night,4,1,1.0,5,1,06
202400042134,2024-09-27,Afternoon,4,8,4.0,1,2,93
202400042135,2024-08-23,Afternoon,4,1,3.0,1,2,75
202400042136,2024-09-28,Afternoon,4,1,6.0,1,2,93
202400042137,2024-06-16,Morning,4,1,6.0,2,1,22
202400042138,2024-08-23,Afternoon,4,1,2.0,1,2,75
202400042139,2024-09-28,Afternoon,4,1,3.0,1,2,92
202400042140,2024-06-05,Afternoon,4,1,3.0,1,1,14
202400042141,2024-12-10,Morning,3,2,1.0,3,1,74
202400042142,2024-06-16,Morning,3,6,2.0,1,1,41
202400042143,2024-12-10,Afternoon,4,1,1.0,5,2,42
202400042144,2024-09-27,Night,4,2,3.0,5,2,92
202400042145,2024-08-23,Night,4,1,4.0,5,2,75
202400042146,2024-12-08,Evening,4,3,6.0,3,2,38
202400042147,2024-06-15,Afternoon,4,1,1.0,1,2,06
202400042148,2024-12-10,Afternoon,2,1,6.0,5,2,69
202400042149,2024-09-28,Afternoon,4,1,6.0,1,2,92
202400042150,2024-08-22,Afternoon,4,1,4.0,1,2,75
202400042151,2024-06-15,Afternoon,3,1,6.0,1,2,83
202400042152,2024-12-10,Morning,3,1,6.0,3,2,31
202400042153,2024-12-10,Afternoon,3,2,7.0,4,2,79
202400042154,2024-09-28,Evening,4,1,3.0,2,2,92
202400042155,2024-08-23,Night,4,1,1.0,5,2,75
202400042156,2024-08-23,Night,4,1,7.0,5,2,75
202400042157,2024-12-09,Afternoon,3,1,1.0,1,2,44
202400042158,2024-08-23,Morning,4,1,3.0,1,2,75
202400042159,2024-09-25,Afternoon,3,2,1.0,1,2,78
202400042160,2024-12-07,Morning,4,1,1.0,1,1,44
202400042161,2024-06-15,Night,4,3,3.0,3,2,26
202400042162,2024-08-23,Evening,4,1,6.0,1,2,75
202400042164,2024-08-23,Night,4,1,3.0,5,2,75
202400042165,2024-12-10,Evening,4,1,1.0,2,1,35
202400042166,2024-06-15,Night,3,1,6.0,3,1,2B
202400042167,2024-12-09,Night,2,2,6.0,3,1,35
202400042168,2024-06-15,Evening,3,1,7.0,2,2,30
202400042169,2024-08-23,Evening,4,1,6.0,1,2,94
202400042170,2024-09-27,Night,3,2,3.0,3,1,95
202400042171,2024-12-09,Afternoon,4,2,6.0,5,2,76
202400042172,2024-08-23,Afternoon,4,1,3.0,1,2,94
202400042173,2024-09-29,Afternoon,3,1,6.0,1,1,62
202400042174,2024-12-10,Night,4,8,7.0,3,1,60
202400042175,2024-06-15,Afternoon,4,1,5.0,1,1,57
202400042176,2024-08-22,Afternoon,4,1,3.0,1,2,94
202400042177,2024-12-09,Morning,4,1,5.0,1,1,33
202400042178,2024-06-16,Afternoon,4,1,1.0,1,1,56
202400042179,2024-08-23,Afternoon,4,8,3.0,1,2,94
202400042180,2024-06-15,Evening,4,1,1.0,1,1,56
202400042181,2024-09-28,Evening,4,1,3.0,5,1,95
202400042182,2024-11-30,Night,3,1,2.0,3,1,59
202400042183,2024-08-22,Morning,4,1,4.0,1,2,94
202400042184,2024-06-15,Afternoon,3,1,3.0,1,1,82
202400042185,2024-09-29,Morning,3,1,7.0,1,1,86
202400042186,2024-12-09,Evening,4,2,3.0,3,1,91
202400042187,2024-06-10,Evening,3,1,6.0,2,1,81
202400042188,2024-08-23,Night,4,1,7.0,5,2,93
202400042189,2024-12-08,Night,4,2,2.0,3,1,91
202400042190,2024-09-29,Evening,4,1,6.0,3,2,83
202400042191,2024-06-15,Afternoon,3,1,7.0,1,2,32
202400042192,2024-08-23,Afternoon,4,8,3.0,1,2,93
202400042193,2024-12-08,Afternoon,4,9,6.0,1,2,92
202400042194,2024-09-28,Night,3,1,6.0,3,1,42
202400042195,2024-08-23,Night,4,1,3.0,5,2,93
202400042196,2024-06-15,Afternoon,3,1,5.0,1,1,11
202400042197,2024-12-08,Morning,4,1,2.0,1,1,78
202400042198,2024-08-23,Morning,4,1,6.0,2,2,93
202400042199,2024-09-28,Morning,4,1,6.0,1,2,51
202400042200,2024-06-16,Night,4,2,6.0,3,1,61
202400042201,2024-08-23,Evening,4,2,3.0,1,2,92
202400042202,2024-12-08,Morning,4,2,3.0,1,1,92
202400042203,2024-09-27,Morning,3,2,6.0,3,1,19
202400042204,2024-06-15,Morning,3,8,2.0,1,1,22
202400042205,2024-08-22,Morning,4,1,6.0,1,2,92
202400042206,2024-12-07,Evening,4,2,7.0,3,1,78
202400042207,2024-12-09,Night,4,1,7.0,5,1,95
202400042208,2024-08-23,Evening,4,1,3.0,1,2,92
202400042209,2024-06-16,Morning,4,1,3.0,1,1,39
202400042210,2024-08-23,Morning,4,1,7.0,1,1,60
202400042211,2024-09-28,Afternoon,3,1,6.0,1,1,56
202400042212,2024-12-08,Night,4,2,3.0,3,1,92
202400042213,2024-06-16,Night,3,1,6.0,3,1,25
202400042214,2024-08-23,Afternoon,4,1,6.0,1,2,05
202400042215,2024-12-08,Afternoon,4,2,6.0,1,1,95
202400042216,2024-09-29,Afternoon,2,1,7.0,1,1,76
202400042218,2024-06-16,Evening,3,1,3.0,1,1,25
202400042219,2024-12-08,Afternoon,4,3,3.0,1,1,92
202400042221,2024-09-29,Afternoon,3,8,6.0,1,1,76
202400042222,2024-06-15,Evening,4,2,1.0,1,1,44
202400042223,2024-12-08,Afternoon,4,3,6.0,1,1,93
202400042224,2024-09-29,Night,3,1,6.0,3,1,2B
202400042225,2024-06-15,Afternoon,3,2,6.0,1,2,44
202400042226,2024-12-08,Morning,4,3,6.0,1,1,95
202400042227,2024-06-15,Evening,4,1,5.0,1,1,02
202400042228,2024-09-28,Morning,4,7,3.0,1,2,80
202400042229,2024-12-08,Morning,4,3,6.0,1,1,95
202400042230,2024-06-15,Afternoon,4,1,3.0,1,2,03
202400042231,2024-12-07,Afternoon,4,1,2.0,3,1,95
202400042232,2024-09-29,Afternoon,3,1,6.0,1,1,32
202400042233,2024-06-15,Afternoon,3,1,2.0,1,1,83
202400042234,2024-12-07,Afternoon,4,1,3.0,1,1,93
202400042235,2024-09-28,Night,4,1,2.0,3,1,61
202400042236,2024-06-16,Night,3,1,6.0,3,1,83
202400042237,2024-12-07,Afternoon,4,1,6.0,1,1,93
202400042238,2024-06-16,Night,4,1,6.0,3,1,83
202400042239,2024-12-06,Afternoon,3,1,2.0,3,1,95
202400042240,2024-09-29,Night,4,1,6.0,3,1,61
202400042241,2024-06-15,Afternoon,3,1,6.0,1,1,09
202400042242,2024-12-06,Afternoon,4,1,4.0,1,1,95
202400042243,2024-06-16,Morning,3,1,7.0,2,1,18
202400042244,2024-09-28,Afternoon,3,1,3.0,1,1,86
202400042245,2024-12-09,Afternoon,4,2,3.0,3,1,94
202400042246,2024-06-16,Afternoon,4,7,6.0,1,1,07
202400042247,2024-12-09,Afternoon,4,1,2.0,1,1,94
202400042248,2024-12-09,Morning,4,2,2.0,1,1,94
202400042249,2024-09-28,Night,3,1,6.0,3,1,86
202400042250,2024-06-15,Afternoon,3,1,3.0,1,2,07
202400042252,2024-06-16,Afternoon,4,1,1.0,1,2,85
202400042253,2024-06-15,Afternoon,3,1,3.0,1,1,85
202400042256,2024-09-28,Night,3,1,1.0,3,1,44
202400042257,2024-06-15,Afternoon,4,2,3.0,1,1,87
202400042258,2024-05-01,Evening,4,1,6.0,1,2,75
202400042259,2024-06-15,Morning,4,1,6.0,1,1,67
202400042260,2024-10-17,Night,2,1,6.0,5,2,44
202400042261,2024-06-15,Morning,4,1,2.0,1,1,33
202400042262,2024-09-28,Afternoon,2,1,3.0,1,1,29
202400042263,2024-09-21,Afternoon,4,1,3.0,1,2,74
202400042264,2024-09-29,Afternoon,3,2,6.0,1,1,29
202400042265,2024-06-16,Afternoon,4,1,6.0,1,1,69
202400042266,2024-10-07,Morning,4,1,3.0,1,2,74
202400042267,2024-09-29,Morning,3,1,1.0,1,1,38
202400042269,2024-09-26,Evening,3,9,6.0,3,1,70
202400042270,2024-09-06,Night,3,1,1.0,3,2,74
202400042272,2024-09-28,Evening,2,1,7.0,2,1,26
202400042273,2024-07-23,Afternoon,4,1,1.0,1,2,74
202400042274,2024-06-16,Night,4,1,1.0,3,1,66
202400042275,2024-09-28,Afternoon,3,1,1.0,1,1,26
202400042276,2024-06-06,Night,3,1,1.0,3,1,77
202400042277,2024-06-15,Morning,3,1,3.0,1,1,34
202400042278,2024-06-16,Afternoon,3,1,6.0,1,1,84
202400042279,2024-09-28,Night,4,1,2.0,5,1,72
202400042280,2024-07-30,Afternoon,4,1,1.0,1,1,13
202400042281,2024-10-15,Morning,4,1,3.0,1,2,44
202400042282,2024-06-15,Morning,4,1,6.0,1,1,83
202400042284,2024-06-30,Afternoon,2,1,1.0,1,1,14
202400042285,2024-06-15,Afternoon,3,1,6.0,1,1,13
202400042286,2024-09-28,Evening,4,1,3.0,2,1,72
202400042288,2024-10-31,Afternoon,4,1,6.0,1,2,69
202400042289,2024-06-16,Night,4,1,3.0,3,1,13
202400042291,2024-08-08,Afternoon,4,1,3.0,1,2,74
202400042292,2024-06-15,Evening,4,1,7.0,1,1,13
202400042293,2024-09-29,Morning,4,1,3.0,1,1,72
202400042294,2024-12-08,Afternoon,4,2,3.0,1,2,69
202400042296,2024-06-13,Evening,4,1,3.0,1,2,68
202400042297,2024-09-28,Evening,4,1,7.0,1,2,90
202400042298,2024-12-08,Morning,4,2,6.0,1,2,69
202400042299,2024-06-15,Afternoon,3,1,1.0,1,2,68
202400042300,2024-09-15,Morning,3,1,7.0,3,1,64
202400042303,2024-06-15,Evening,3,1,7.0,1,2,68
202400042304,2024-09-10,Afternoon,3,1,7.0,1,1,87
202400042306,2024-09-28,Night,3,2,6.0,3,1,37
202400042308,2024-06-15,Evening,4,1,2.0,2,2,67
202400042310,2024-09-28,Afternoon,3,1,6.0,1,2,48
202400042311,2024-12-08,Evening,4,2,6.0,3,2,2B
202400042313,2024-06-16,Night,3,1,2.0,3,2,57
202400042315,2024-09-28,Afternoon,4,1,1.0,1,1,48
202400042317,2024-06-14,Morning,4,1,6.0,1,2,03
202400042318,2024-11-02,Night,4,1,3.0,5,2,2A
202400042319,2024-12-08,Afternoon,4,3,3.0,1,2,95
202400042320,2024-09-29,Night,3,5,6.0,5,1,10
202400042321,2024-12-08,Evening,4,2,6.0,5,2,95
202400042322,2024-11-01,Afternoon,3,1,1.0,1,2,95
202400042323,2024-06-16,Night,3,8,5.0,2,1,73
202400042324,2024-09-10,Afternoon,3,1,5.0,1,2,31
202400042325,2024-12-08,Evening,4,8,7.0,3,1,91
202400042326,2024-11-01,Morning,4,1,2.0,1,2,91
202400042327,2024-12-08,Evening,4,9,6.0,5,2,91
202400042328,2024-11-02,Afternoon,4,8,6.0,1,2,91
202400042329,2024-06-16,Afternoon,4,1,7.0,1,1,38
202400042330,2024-12-08,Night,4,2,7.0,5,2,91
202400042331,2024-06-16,Night,2,1,7.0,3,1,26
202400042332,2024-09-28,Night,2,2,2.0,3,1,67
202400042333,2024-11-02,Afternoon,4,1,1.0,1,2,91
202400042334,2024-12-07,Afternoon,3,3,1.0,2,2,88
202400042335,2024-06-15,Morning,3,8,1.0,1,1,07
202400042336,2024-09-29,Morning,4,1,1.0,2,1,77
202400042337,2024-10-29,Afternoon,4,1,4.0,1,2,84
202400042338,2024-12-09,Night,4,1,1.0,3,1,84
202400042339,2024-06-15,Afternoon,4,1,3.0,1,1,07
202400042340,2024-09-28,Night,3,1,6.0,3,1,77
202400042341,2024-11-02,Night,4,1,6.0,5,2,78
202400042342,2024-12-06,Morning,4,1,3.0,1,2,80
202400042343,2024-06-16,Afternoon,4,1,6.0,1,1,01
202400042344,2024-09-28,Morning,4,1,7.0,1,1,2B
202400042345,2024-09-29,Night,3,1,6.0,3,1,66
202400042346,2024-09-28,Night,4,1,5.0,5,1,84
202400042347,2024-11-02,Afternoon,4,1,3.0,1,2,77
202400042348,2024-09-28,Evening,3,1,6.0,5,2,84
202400042349,2024-06-15,Afternoon,4,1,3.0,1,2,01
202400042350,2024-09-29,Morning,3,1,2.0,1,2,89
202400042351,2024-06-16,Night,3,3,6.0,3,2,85
202400042352,2024-11-01,Afternoon,4,1,3.0,1,1,73
202400042353,2024-09-29,Afternoon,3,1,6.0,1,1,42
202400042354,2024-11-02,Morning,2,1,6.0,1,2,72
202400042355,2024-06-08,Night,4,1,1.0,2,2,76
202400042356,2024-11-02,Night,4,2,6.0,5,2,72
202400042357,2024-09-29,Afternoon,4,1,3.0,1,1,42
202400042358,2024-06-14,Morning,4,8,2.0,1,1,13
202400042359,2024-09-28,Afternoon,3,2,6.0,1,1,38
202400042360,2024-12-08,Evening,4,1,3.0,3,1,77
202400042361,2024-11-02,Evening,4,2,3.0,5,1,69
202400042362,2024-12-08,Evening,3,8,6.0,5,2,76
202400042363,2024-09-29,Afternoon,4,1,3.0,1,1,69
202400042364,2024-04-12,Afternoon,4,1,4.0,1,1,69
202400042365,2024-11-02,Afternoon,4,1,4.0,1,2,67