Num_Acc,date,time_of_day,max_severity,weather,collision_type,lighting,urban_area,department
202400042366,2024-12-08,Evening,4,3,1.0,5,2,69
202400042367,2024-09-27,Evening,3,2,1.0,1,1,33
202400042368,2024-11-02,Morning,3,7,3.0,1,2,64
202400042369,2024-09-27,Night,3,1,6.0,3,1,53
202400042370,2024-12-08,Night,4,3,3.0,5,2,69
202400042371,2024-09-27,Afternoon,3,2,6.0,1,2,59
202400042372,2024-11-03,Night,4,1,3.0,5,2,59
202400042373,2024-09-28,Afternoon,4,1,3.0,1,1,13
202400042374,2024-12-07,Evening,4,2,3.0,5,1,69
202400042375,2024-10-31,Evening,4,1,3.0,1,2,56
202400042376,2024-09-27,Afternoon,4,1,2.0,1,1,13
202400042377,2024-12-08,Evening,4,1,3.0,5,2,66
202400042378,2024-11-02,Evening,4,1,6.0,5,2,51
202400042379,2024-10-29,Morning,4,1,3.0,1,2,51
202400042380,2024-12-08,Afternoon,4,2,3.0,1,2,64
202400042381,2024-09-28,Night,4,1,6.0,5,1,33
202400042382,2024-11-02,Evening,4,1,2.0,5,1,45
202400042383,2024-12-08,Afternoon,4,2,6.0,1,2,64
202400042384,2024-09-28,Afternoon,4,1,3.0,1,1,94
202400042385,2024-11-02,Afternoon,4,1,6.0,2,2,44
202400042386,2024-12-07,Evening,3,3,1.0,5,2,62
202400042387,2024-11-02,Night,4,1,6.0,5,2,42
202400042388,2024-09-28,Night,4,8,6.0,3,1,91
202400042389,2024-11-02,Evening,4,1,3.0,5,2,42
202400042390,2024-12-07,Afternoon,4,8,2.0,1,1,51
202400042391,2024-09-27,Afternoon,4,1,2.0,1,1,95
202400042392,2024-11-02,Afternoon,4,1,6.0,1,2,42
202400042393,2024-09-28,Afternoon,4,1,2.0,1,1,93
202400042394,2024-12-06,Afternoon,4,1,3.0,1,2,47
202400042395,2024-09-28,Night,4,2,7.0,3,1,77
202400042396,2024-11-02,Night,4,2,3.0,5,2,37
202400042397,2024-12-06,Afternoon,4,1,3.0,1,2,45
202400042398,2024-11-02,Afternoon,3,1,3.0,1,2,35
202400042399,2024-09-27,Night,4,2,4.0,3,1,94
202400042400,2024-12-08,Evening,3,2,3.0,5,2,41
202400042401,2024-11-02,Evening,4,1,3.0,5,2,34
202400042402,2024-09-27,Afternoon,4,2,3.0,1,1,77
202400042403,2024-12-08,Afternoon,3,1,1.0,1,2,34
202400042404,2024-11-02,Evening,3,1,6.0,5,2,33
202400042405,2024-12-07,Afternoon,3,1,7.0,5,2,34
202400042407,2024-11-02,Morning,4,1,2.0,5,1,31
202400042409,2024-11-02,Evening,4,1,3.0,2,2,13
202400042410,2024-12-08,Evening,3,1,1.0,5,2,25
202400042412,2024-11-02,Morning,4,1,6.0,1,2,06
202400042413,2024-12-07,Evening,4,3,1.0,5,2,18
202400042415,2024-11-02,Afternoon,4,1,3.0,1,2,04
202400042416,2024-11-01,Afternoon,4,1,2.0,1,2,75
202400042418,2024-12-08,Night,4,1,5.0,3,1,13
202400042420,2024-11-01,Afternoon,4,1,3.0,1,2,75
202400042421,2024-12-08,Night,4,1,6.0,5,2,13
202400042422,2024-11-02,Evening,4,1,6.0,5,2,75
202400042424,2024-12-08,Afternoon,4,1,5.0,1,2,13
202400042425,2024-11-02,Afternoon,4,1,6.0,2,2,75
202400042427,2024-11-02,Evening,4,1,6.0,5,2,75
202400042428,2024-12-08,Afternoon,4,1,1.0,1,2,13
202400042430,2024-11-27,Morning,4,1,3.0,1,2,06
202400042431,2024-11-01,Night,4,1,3.0,5,2,75
202400042432,2024-09-27,Morning,4,7,6.0,1,2,69
202400042433,2024-11-02,Morning,4,1,3.0,1,2,93
202400042434,2024-12-08,Afternoon,4,1,1.0,5,2,06
202400042435,2024-09-25,Morning,4,1,6.0,1,2,69
202400042436,2024-11-02,Morning,4,8,6.0,2,2,93
202400042437,2024-12-08,Afternoon,4,7,6.0,1,2,06
202400042438,2024-09-26,Morning,3,3,6.0,1,2,69
202400042439,2024-12-07,Afternoon,4,1,1.0,3,2,06
202400042441,2024-11-02,Evening,4,1,6.0,5,2,93
202400042442,2024-12-07,Night,4,2,1.0,5,2,02
202400042443,2024-09-27,Afternoon,4,1,1.0,1,2,2A
202400042444,2024-12-08,Afternoon,3,2,6.0,2,2,01
202400042445,2024-11-02,Evening,4,1,3.0,5,2,93
202400042446,2024-09-27,Morning,4,1,3.0,1,2,95
202400042447,2024-12-07,Night,4,3,6.0,5,2,75
202400042448,2024-11-02,Afternoon,4,1,6.0,5,2,92
202400042449,2024-09-27,Morning,4,9,3.0,5,2,95
202400042450,2024-12-08,Evening,4,2,6.0,5,2,75
202400042451,2024-11-01,Night,4,1,3.0,5,2,92
202400042452,2024-12-07,Afternoon,4,1,6.0,1,2,75
202400042453,2024-11-02,Afternoon,4,8,7.0,1,2,92
202400042454,2024-09-27,Night,4,8,5.0,5,2,91
202400042455,2024-11-01,Evening,4,1,3.0,5,2,92
202400042456,2024-12-07,Night,3,2,3.0,5,2,75
202400042457,2024-09-27,Evening,4,1,6.0,5,2,91
202400042458,2024-11-02,Afternoon,4,1,6.0,1,2,92
202400042459,2024-09-26,Afternoon,4,3,2.0,1,2,91
202400042460,2024-12-08,Night,4,2,2.0,5,2,94
202400042461,2024-11-02,Evening,4,1,3.0,2,1,47
202400042462,2024-10-31,Evening,4,1,3.0,5,2,14
202400042463,2024-09-27,Night,4,3,3.0,5,2,91
202400042464,2024-12-08,Evening,4,2,6.0,5,2,94
202400042465,2024-11-02,Afternoon,4,1,7.0,1,1,63
202400042466,2024-12-08,Night,3,2,3.0,5,2,94
202400042467,2024-10-29,Afternoon,4,1,6.0,1,1,62
202400042468,2024-09-25,Afternoon,4,2,6.0,1,2,87
202400042469,2024-10-31,Night,3,1,6.0,5,2,52
202400042470,2024-12-07,Evening,4,3,6.0,5,2,94
202400042471,2024-09-27,Morning,4,1,3.0,1,2,84
202400042472,2024-11-02,Afternoon,3,1,6.0,1,2,76
202400042473,2024-12-07,Evening,4,2,6.0,5,2,94
202400042475,2024-09-24,Afternoon,4,1,3.0,1,2,84
202400042476,2024-12-08,Afternoon,4,2,6.0,1,2,93
202400042477,2024-11-03,Afternoon,4,1,1.0,1,2,83
202400042478,2024-09-27,Afternoon,4,1,6.0,1,2,84
202400042479,2024-12-07,Evening,4,2,6.0,5,2,93
202400042480,2024-11-03,Morning,4,1,2.0,3,1,44
202400042481,2024-06-22,Afternoon,3,1,2.0,1,2,83
202400042482,2024-12-07,Evening,4,1,3.0,5,2,93
202400042483,2024-11-02,Afternoon,2,8,7.0,1,1,56
202400042484,2024-09-27,Afternoon,4,1,6.0,1,2,83
202400042485,2024-12-07,Evening,4,2,6.0,5,2,93
202400042486,2024-11-02,Evening,3,5,7.0,3,1,79
202400042487,2024-09-27,Afternoon,4,2,5.0,1,1,81
202400042488,2024-12-08,Afternoon,4,2,4.0,5,2,93
202400042489,2024-11-02,Afternoon,4,1,5.0,1,1,63
202400042490,2024-09-27,Evening,4,2,7.0,1,2,80
202400042491,2024-11-02,Morning,3,1,6.0,1,1,63
202400042492,2024-12-07,Night,4,2,7.0,5,2,93
202400042493,2024-09-27,Afternoon,4,1,3.0,1,2,78
202400042494,2024-11-03,Afternoon,3,1,1.0,1,1,63
202400042495,2024-12-08,Morning,4,2,2.0,5,2,92
202400042496,2024-11-02,Evening,3,1,2.0,3,1,61
202400042497,2024-09-27,Afternoon,4,1,3.0,1,2,78
202400042498,2024-09-26,Afternoon,4,2,6.0,1,2,77
202400042499,2024-11-02,Afternoon,4,1,2.0,1,2,35
202400042500,2024-10-08,Evening,4,1,1.0,1,2,66
202400042501,2024-09-24,Evening,4,3,6.0,5,2,77
202400042502,2024-11-02,Evening,4,1,3.0,3,1,29
202400042504,2024-09-27,Afternoon,4,8,1.0,1,2,76
202400042505,2024-10-24,Afternoon,3,1,3.0,1,1,31
202400042506,2024-12-01,Afternoon,3,1,6.0,1,1,22
202400042507,2024-09-27,Afternoon,3,1,6.0,1,1,73
202400042508,2024-11-03,Night,4,1,6.0,4,2,38
202400042510,2024-09-27,Evening,3,8,6.0,5,2,73
202400042511,2024-11-03,Evening,3,5,6.0,3,1,02
202400042512,2024-09-27,Night,3,8,6.0,5,2,72
202400042513,2024-11-02,Night,2,1,6.0,3,1,02
202400042514,2024-10-30,Afternoon,4,1,6.0,1,1,15
202400042515,2024-12-08,Night,4,1,7.0,3,1,57
202400042516,2024-09-27,Night,4,1,3.0,5,2,69
202400042517,2024-11-03,Night,3,1,6.0,3,2,01
202400042518,2024-11-02,Evening,3,1,6.0,3,1,70
202400042519,2024-12-08,Night,3,4,2.0,3,2,01
202400042520,2024-09-27,Evening,4,7,1.0,2,2,69
202400042521,2024-11-02,Evening,3,1,6.0,5,2,70
202400042522,2024-09-27,Morning,4,1,1.0,1,2,69
202400042523,2024-11-03,Morning,4,1,7.0,1,1,06
202400042524,2024-12-08,Evening,4,1,3.0,3,1,34
202400042525,2024-09-27,Morning,4,1,1.0,1,1,69
202400042526,2024-12-09,Morning,4,8,6.0,1,1,57
202400042527,2024-11-02,Night,3,1,3.0,3,2,14
202400042528,2024-09-26,Afternoon,4,3,5.0,1,2,69
202400042529,2024-12-08,Evening,4,2,3.0,5,1,59
202400042530,2024-11-03,Night,3,1,1.0,3,1,14
202400042531,2024-09-27,Morning,2,2,6.0,1,2,68
202400042532,2024-11-02,Morning,3,8,7.0,1,1,50
202400042533,2024-12-04,Evening,4,1,1.0,3,2,56
202400042534,2024-09-27,Evening,4,2,6.0,5,2,61
202400042535,2024-11-02,Morning,4,1,3.0,3,1,40
202400042536,2024-12-08,Evening,4,2,7.0,3,1,80
202400042537,2024-06-19,Morning,4,1,6.0,1,2,61
202400042538,2024-11-02,Evening,4,1,1.0,3,1,17
202400042539,2024-09-27,Afternoon,4,2,3.0,1,2,61
202400042540,2024-11-02,Afternoon,3,1,7.0,1,1,87
202400042541,2024-12-09,Afternoon,4,1,3.0,1,1,12
202400042542,2024-11-02,Morning,3,1,6.0,1,1,24
202400042543,2024-09-27,Morning,4,1,3.0,1,2,51
202400042544,2024-12-07,Morning,3,1,1.0,1,1,44
202400042545,2024-11-03,Night,4,1,1.0,3,1,13
202400042546,2024-09-26,Afternoon,4,1,3.0,1,2,49
202400042547,2024-12-07,Night,3,6,6.0,3,1,29
202400042548,2024-09-27,Evening,4,1,3.0,1,2,44
202400042549,2024-11-03,Night,4,1,5.0,3,1,06
202400042551,2024-12-07,Afternoon,4,6,1.0,1,1,29
202400042552,2024-09-27,Afternoon,3,3,3.0,1,2,44
202400042554,2024-12-09,Night,4,1,6.0,3,1,15
202400042555,2024-09-23,Afternoon,4,1,6.0,1,2,42
202400042556,2024-12-08,Evening,4,2,7.0,3,1,58
202400042558,2024-09-25,Afternoon,3,2,7.0,1,2,41
202400042559,2024-11-03,Night,2,1,6.0,4,2,95
202400042560,2024-12-09,Morning,4,2,6.0,1,1,14
202400042561,2024-12-05,Morning,4,2,7.0,3,1,50
202400042562,2024-11-01,Morning,4,5,1.0,2,1,78
202400042563,2024-09-27,Afternoon,3,2,1.0,1,2,38
202400042564,2024-12-06,Morning,4,1,2.0,1,2,50
202400042565,2024-11-03,Afternoon,2,1,1.0,1,1,83
202400042566,2024-09-27,Night,4,1,6.0,4,2,37
202400042567,2024-11-03,Morning,3,1,6.0,1,1,89
202400042568,2024-12-07,Night,3,2,6.0,5,2,43
202400042569,2024-09-27,Morning,4,1,3.0,1,2,34
202400042570,2024-12-08,Afternoon,3,2,7.0,1,1,07
202400042571,2024-09-27,Evening,4,1,3.0,5,2,31
202400042572,2024-11-03,Afternoon,4,1,1.0,1,1,88
202400042573,2024-11-25,Night,4,1,3.0,5,2,07
202400042574,2024-11-03,Night,3,1,6.0,5,2,57
202400042575,2024-09-26,Evening,3,1,6.0,2,2,28
202400042576,2024-12-09,Afternoon,3,1,6.0,5,2,52
202400042577,2024-09-27,Night,4,1,7.0,3,1,28
202400042578,2024-11-03,Evening,4,1,1.0,5,2,07
202400042579,2024-12-08,Evening,4,1,1.0,3,1,88
202400042580,2024-09-26,Morning,4,2,3.0,5,2,27
202400042581,2024-11-03,Afternoon,3,1,2.0,1,1,07
202400042582,2024-11-02,Evening,3,1,7.0,3,1,07
202400042583,2024-12-08,Afternoon,4,2,6.0,5,2,38
202400042584,2024-09-27,Night,4,1,3.0,2,2,25
202400042585,2024-11-02,Morning,3,8,6.0,1,2,69
202400042586,2024-09-27,Evening,3,1,6.0,1,2,25
202400042587,2024-12-09,Evening,4,1,4.0,4,1,13
202400042588,2024-10-24,Afternoon,3,1,1.0,1,2,33
202400042589,2024-12-09,Evening,4,1,2.0,3,1,13
202400042590,2024-09-27,Afternoon,3,1,3.0,1,2,13
202400042591,2024-12-09,Evening,4,1,2.0,4,1,13
202400042592,2024-11-01,Afternoon,4,1,3.0,1,1,22
202400042593,2024-09-26,Afternoon,4,1,3.0,1,2,11
202400042594,2024-12-08,Afternoon,3,1,6.0,1,1,83
202400042595,2024-10-18,Morning,4,1,3.0,1,2,35
202400042596,2024-09-27,Night,4,2,1.0,5,2,10
202400042597,2024-12-03,Morning,4,1,2.0,3,1,38
202400042598,2024-11-03,Afternoon,4,1,6.0,1,2,60
202400042599,2024-09-25,Evening,3,1,3.0,1,2,07
202400042602,2024-09-27,Evening,4,1,3.0,1,2,06
202400042604,2024-09-27,Afternoon,4,1,6.0,1,2,06
202400042605,2024-11-02,Afternoon,4,1,5.0,3,1,57
202400042606,2024-12-06,Afternoon,3,1,2.0,5,2,37
202400042607,2024-09-26,Morning,4,2,6.0,1,2,06
202400042608,2024-11-01,Night,4,1,2.0,3,1,77
202400042609,2024-12-09,Afternoon,4,1,3.0,1,2,06
202400042610,2024-09-27,Afternoon,4,1,6.0,1,2,75
202400042611,2024-11-02,Morning,4,8,4.0,1,1,78
202400042612,2024-09-27,Afternoon,4,2,6.0,1,2,75
202400042613,2024-12-07,Afternoon,4,1,5.0,1,1,89
202400042614,2024-11-01,Afternoon,4,1,3.0,1,1,92
202400042615,2024-12-07,Night,3,1,4.0,5,2,88
202400042616,2024-11-01,Night,4,1,6.0,3,1,78
202400042617,2024-09-27,Afternoon,4,1,6.0,1,2,75
202400042618,2024-12-08,Evening,4,1,6.0,5,2,57
202400042619,2024-09-27,Afternoon,4,1,6.0,1,2,75
202400042620,2024-11-02,Afternoon,4,1,4.0,1,1,95
202400042621,2024-09-27,Afternoon,4,2,6.0,1,2,75
202400042622,2024-12-08,Evening,4,2,5.0,3,1,38
202400042623,2024-11-02,Afternoon,4,1,2.0,1,1,95
202400042624,2024-09-27,Afternoon,4,2,6.0,1,2,75
202400042625,2024-12-09,Morning,3,2,3.0,1,1,69
202400042626,2024-11-02,Morning,4,1,2.0,1,1,92
202400042627,2024-09-27,Morning,4,1,6.0,1,2,75
202400042628,2024-12-05,Evening,4,1,7.0,3,1,81
202400042629,2024-11-02,Night,4,2,2.0,3,1,94
202400042630,2024-12-05,Evening,4,2,7.0,3,1,14
202400042631,2024-09-27,Morning,4,1,3.0,1,2,75
202400042632,2024-11-02,Night,4,1,4.0,3,1,94
202400042633,2024-12-08,Evening,4,1,5.0,5,2,29
202400042634,2024-09-26,Night,4,1,1.0,5,2,75
202400042635,2024-12-07,Night,4,2,3.0,3,1,27
202400042636,2024-10-31,Evening,4,1,4.0,5,1,94
202400042637,2024-09-25,Evening,4,2,6.0,5,2,75
202400042639,2024-09-27,Afternoon,4,2,7.0,1,2,75
202400042640,2024-12-07,Night,3,2,6.0,5,2,60
202400042641,2024-09-26,Morning,4,1,6.0,1,2,75
202400042642,2024-12-09,Afternoon,3,2,6.0,5,2,59
202400042644,2024-09-25,Afternoon,4,2,3.0,1,2,75
202400042645,2024-11-01,Night,3,1,2.0,5,2,69
202400042646,2024-12-08,Afternoon,4,2,2.0,2,1,59
202400042647,2024-09-27,Morning,4,1,3.0,1,2,75
202400042649,2024-12-07,Evening,4,1,2.0,3,1,13
202400042650,2024-09-27,Evening,4,8,3.0,1,2,75
202400042651,2024-11-01,Night,4,1,6.0,5,2,69
202400042652,2024-12-07,Afternoon,4,2,6.0,1,1,13
202400042654,2024-09-27,Morning,4,1,3.0,1,2,94
202400042655,2024-12-06,Afternoon,4,1,2.0,1,1,13
202400042657,2024-09-27,Morning,4,1,3.0,1,2,94
202400042658,2024-12-08,Night,3,1,5.0,3,1,83
202400042659,2024-09-27,Afternoon,4,2,6.0,1,2,94
202400042661,2024-12-08,Night,4,2,5.0,3,1,69
202400042662,2024-11-01,Afternoon,3,1,6.0,1,2,95
202400042663,2024-12-07,Afternoon,4,8,2.0,1,1,57
202400042664,2024-11-01,Afternoon,4,1,2.0,1,1,95
202400042665,2024-12-08,Evening,4,1,6.0,3,1,91
202400042666,2024-11-01,Afternoon,4,1,3.0,1,2,91
202400042667,2024-12-08,Afternoon,4,3,2.0,1,1,91
202400042668,2024-12-08,Morning,4,2,6.0,3,1,91
202400042669,2024-11-01,Night,4,1,3.0,4,2,84
202400042670,2024-09-18,Afternoon,2,1,1.0,1,1,73
202400042671,2024-11-01,Evening,4,1,3.0,2,1,80
202400042672,2024-08-23,Afternoon,3,1,4.0,1,1,73
202400042673,2024-11-01,Morning,4,5,1.0,3,1,79
202400042674,2024-08-22,Afternoon,4,1,3.0,1,1,73
202400042675,2024-11-01,Morning,4,1,6.0,1,2,77
202400042676,2024-04-06,Night,3,1,6.0,5,2,07
202400042677,2024-11-01,Evening,4,5,3.0,5,2,72
202400042678,2024-09-23,Morning,2,7,6.0,1,2,43
202400042679,2024-11-01,Morning,4,1,3.0,1,2,71
202400042680,2024-08-24,Afternoon,4,1,2.0,1,1,43
202400042681,2024-08-10,Morning,3,1,6.0,1,1,43
202400042682,2024-11-01,Morning,2,5,6.0,2,2,71
202400042683,2024-11-01,Afternoon,4,1,6.0,1,2,69
202400042684,2024-08-03,Afternoon,3,1,3.0,1,1,43
202400042685,2024-07-28,Night,4,1,6.0,3,1,43
202400042686,2024-10-31,Night,4,1,1.0,5,2,69
202400042687,2024-07-16,Evening,4,1,6.0,1,1,43
202400042688,2024-11-01,Afternoon,4,1,3.0,5,2,67
202400042689,2024-06-26,Afternoon,3,1,2.0,1,1,77
202400042690,2024-10-31,Evening,4,1,1.0,5,2,66
202400042691,2024-07-22,Afternoon,4,1,5.0,1,1,77
202400042692,2024-11-01,Afternoon,4,1,7.0,1,2,64
202400042693,2024-11-01,Morning,3,1,6.0,1,2,62
202400042694,2024-10-06,Afternoon,4,1,3.0,1,2,74
202400042695,2024-11-02,Night,4,2,2.0,5,2,54
202400042696,2024-10-05,Afternoon,4,1,2.0,1,2,74
202400042697,2024-11-01,Evening,4,1,6.0,5,2,42
202400042698,2024-09-12,Morning,2,1,6.0,1,2,57
202400042699,2024-11-01,Evening,4,5,3.0,5,2,35
202400042701,2024-10-29,Evening,4,1,6.0,2,2,35
202400042703,2024-11-01,Afternoon,4,1,6.0,1,2,34
202400042704,2024-12-07,Night,4,2,1.0,5,2,2B
202400042705,2024-10-31,Night,3,1,3.0,5,2,34
202400042706,2024-12-07,Evening,4,3,5.0,3,2,2B
202400042707,2024-11-01,Morning,4,1,6.0,5,2,31
202400042708,2024-11-01,Evening,4,1,6.0,5,2,25
202400042709,2024-12-07,Afternoon,4,1,2.0,2,2,2B
202400042710,2024-11-01,Evening,4,1,2.0,2,2,13
202400042712,2024-11-01,Evening,4,1,3.0,5,2,13
202400042714,2024-11-01,Night,4,1,3.0,5,2,13
202400042715,2024-12-06,Afternoon,4,2,6.0,5,2,2A
202400042716,2024-11-01,Morning,4,1,3.0,2,2,13
202400042717,2024-12-07,Afternoon,3,2,6.0,1,2,95
202400042718,2024-12-06,Afternoon,4,1,1.0,1,2,91
202400042719,2024-11-01,Night,4,1,3.0,5,2,13
202400042720,2024-12-07,Evening,3,3,6.0,5,2,91
202400042721,2024-11-01,Afternoon,4,1,3.0,2,2,11
202400042722,2024-12-06,Afternoon,4,1,6.0,1,2,91
202400042723,2024-11-01,Night,4,2,6.0,5,2,02
202400042724,2024-11-01,Evening,4,5,3.0,5,2,01
202400042725,2024-11-01,Night,4,2,7.0,3,2,75
202400042726,2024-11-01,Night,4,1,3.0,5,2,75
202400042727,2024-11-01,Morning,4,1,3.0,1,2,75
202400042728,2024-11-01,Night,4,1,3.0,5,2,75
202400042729,2024-10-31,Night,4,1,3.0,5,2,75
202400042730,2024-11-01,Afternoon,4,1,2.0,1,2,75
202400042731,2024-11-01,Morning,4,1,2.0,5,2,75
202400042732,2024-11-01,Night,4,1,6.0,5,2,94
202400042733,2024-11-01,Afternoon,4,1,6.0,1,2,94
202400042734,2024-11-01,Afternoon,4,1,2.0,1,2,93
202400042735,2024-11-01,Evening,4,1,4.0,5,2,93
202400042736,2024-11-01,Evening,4,1,3.0,5,2,93
202400042737,2024-11-01,Afternoon,4,8,6.0,1,2,92
202400042738,2024-11-01,Morning,4,1,3.0,1,2,92
202400042739,2024-11-01,Evening,4,1,6.0,5,2,92
202400042740,2024-11-01,Morning,4,8,1.0,1,2,92
202400042741,2024-11-01,Night,4,5,6.0,3,1,92
202400042742,2024-11-02,Morning,2,1,7.0,1,1,54
202400042743,2024-11-01,Evening,3,1,7.0,3,1,33
202400042744,2024-11-02,Afternoon,2,1,1.0,1,1,84
202400042745,2024-10-30,Afternoon,4,1,6.0,1,2,31
202400042746,2024-11-01,Afternoon,4,1,6.0,1,2,83
202400042747,2024-11-01,Evening,4,8,3.0,3,1,26
202400042748,2024-11-01,Afternoon,4,1,2.0,1,1,30
202400042749,2024-11-01,Night,3,1,3.0,3,2,34
202400042750,2024-11-02,Afternoon,3,1,6.0,1,1,82
202400042751,2024-11-01,Evening,3,1,5.0,2,1,82
202400042752,2024-11-01,Afternoon,4,1,3.0,1,1,69
202400042753,2024-11-02,Afternoon,4,1,1.0,1,1,63
202400042754,2024-11-01,Evening,3,5,7.0,3,1,55
202400042755,2024-11-02,Night,4,5,6.0,3,1,55
202400042756,2024-11-02,Night,2,5,6.0,3,1,41
202400042757,2024-10-30,Afternoon,3,5,6.0,3,1,41
202400042758,2024-10-25,Afternoon,3,1,3.0,1,2,39
202400042759,2024-11-02,Afternoon,4,1,6.0,1,2,25
202400042760,2024-11-02,Night,3,1,6.0,3,2,29
202400042761,2024-11-02,Morning,4,1,3.0,1,2,84
202400042762,2024-11-01,Afternoon,3,1,2.0,1,1,03
202400042763,2024-01-10,Night,4,1,3.0,5,2,75
202400042764,2024-01-11,Morning,4,1,3.0,1,2,75
202400042765,2024-01-11,Evening,2,1,6.0,5,2,75
202400042766,2024-01-11,Morning,3,1,6.0,1,2,75
202400042767,2024-01-11,Morning,4,1,6.0,5,2,75
202400042768,2024-01-10,Afternoon,4,1,6.0,5,2,75
202400042769,2024-01-11,Afternoon,4,1,6.0,1,2,75
202400042770,2024-01-11,Morning,4,1,6.0,1,2,94
202400042771,2024-01-11,Afternoon,4,1,6.0,1,2,94
202400042772,2024-01-11,Afternoon,4,1,3.0,1,1,94
202400042773,2024-01-10,Night,4,1,1.0,5,2,94
202400042774,2024-01-11,Night,4,1,2.0,3,2,94
202400042775,2024-01-11,Night,4,1,3.0,5,2,94
202400042776,2024-01-11,Morning,4,1,2.0,1,1,95
202400042777,2024-01-11,Morning,4,1,6.0,4,1,95
202400042778,2024-01-11,Evening,4,1,3.0,5,2,93
202400042779,2024-01-11,Morning,4,1,2.0,1,2,93
202400042780,2024-01-11,Evening,4,1,6.0,5,2,93
202400042781,2024-01-11,Morning,4,1,3.0,1,2,93
202400042782,2024-01-11,Evening,4,1,3.0,5,2,93
202400042783,2024-01-11,Afternoon,4,1,3.0,1,2,93
202400042784,2024-01-10,Afternoon,4,1,6.0,5,2,93
202400042785,2024-01-11,Afternoon,4,1,3.0,1,2,92
202400042786,2024-01-11,Morning,4,1,3.0,1,2,92
202400042787,2024-01-11,Afternoon,4,1,3.0,5,2,92
202400042788,2024-01-11,Evening,4,1,2.0,5,2,92
202400042789,2024-01-11,Night,4,1,6.0,3,1,27
202400042790,2024-01-11,Morning,3,7,6.0,1,2,62
202400042791,2024-01-11,Afternoon,4,1,5.0,1,1,83
202400042792,2024-01-11,Morning,3,9,1.0,5,2,62
202400042793,2024-01-12,Night,4,9,1.0,3,1,62
202400042794,2024-01-03,Afternoon,4,2,3.0,1,2,27
202400042795,2024-01-11,Evening,3,1,1.0,3,1,24
202400042796,2024-01-10,Evening,4,1,1.0,4,1,91
202400042797,2024-01-12,Morning,3,1,6.0,1,2,80
202400042798,2024-01-12,Morning,3,1,6.0,1,2,71
202400042799,2024-01-11,Night,2,1,7.0,3,1,49
202400042800,2024-01-11,Morning,4,9,1.0,1,1,49
202400042801,2024-01-12,Morning,4,1,1.0,2,1,47
202400042802,2024-01-12,Night,3,1,6.0,3,1,14
202400042803,2024-01-11,Afternoon,4,1,7.0,1,1,40
202400042804,2024-01-12,Afternoon,4,1,1.0,1,2,17
202400042805,2024-01-11,Night,3,1,7.0,3,1,23
202400042806,2024-01-12,Afternoon,3,1,7.0,1,1,01
202400042807,2024-01-05,Morning,4,2,3.0,2,2,69
202400042808,2024-01-11,Evening,3,1,5.0,3,1,14
202400042809,2024-01-11,Afternoon,4,8,7.0,5,1,38
202400042810,2024-01-01,Night,4,5,7.0,3,1,45
202400042811,2024-01-02,Night,4,8,7.0,3,1,17
202400042813,2024-01-08,Morning,4,1,1.0,3,1,78
202400042814,2024-01-12,Afternoon,3,1,6.0,2,1,2B
202400042815,2024-01-09,Morning,3,7,6.0,1,2,66
202400042816,2024-01-11,Afternoon,3,1,6.0,1,1,06
202400042817,2024-01-11,Afternoon,4,1,5.0,2,1,52
202400042818,2024-01-12,Morning,3,9,2.0,3,1,68
202400042819,2024-01-11,Evening,3,1,6.0,3,1,33
202400042820,2024-01-12,Evening,3,9,6.0,3,1,35
202400042821,2024-01-12,Afternoon,3,8,3.0,1,1,35
202400042822,2024-01-12,Morning,3,1,6.0,1,1,27
202400042823,2024-01-11,Evening,4,1,4.0,3,1,83
202400042824,2024-01-11,Morning,4,5,4.0,3,1,69
202400042825,2024-01-10,Night,3,1,2.0,3,1,54
202400042826,2024-01-07,Afternoon,4,1,2.0,1,1,67
202400042827,2024-01-11,Night,4,1,2.0,3,2,93
202400042828,2024-01-11,Afternoon,4,1,2.0,2,1,94
202400042833,2024-01-10,Evening,4,2,3.0,5,2,69
202400042835,2024-01-10,Night,4,2,6.0,5,2,69
202400042836,2024-01-09,Afternoon,3,4,1.0,1,1,91
202400042837,2024-01-10,Morning,4,8,3.0,1,2,87
202400042838,2024-01-10,Morning,4,1,1.0,1,2,84
202400042839,2024-01-07,Evening,4,1,7.0,5,2,80
202400042840,2024-01-10,Evening,4,1,1.0,5,2,78
202400042841,2024-01-10,Afternoon,4,1,3.0,1,2,77
202400042842,2024-01-10,Night,4,1,7.0,5,2,76
202400042843,2024-04-03,Afternoon,4,1,6.0,1,2,06
202400042844,2024-01-10,Morning,4,8,6.0,2,2,69
202400042845,2024-04-03,Afternoon,4,1,6.0,1,2,06
202400042846,2024-01-09,Afternoon,4,1,4.0,1,2,67
202400042847,2024-04-03,Morning,4,1,3.0,1,2,06
202400042848,2024-01-08,Evening,4,1,6.0,5,2,67
202400042849,2024-04-03,Afternoon,4,1,3.0,1,2,75
202400042850,2024-01-10,Afternoon,4,1,6.0,1,2,67
202400042851,2024-01-10,Afternoon,3,2,5.0,2,2,66
202400042852,2024-04-03,Afternoon,4,1,3.0,1,2,75
202400042853,2024-04-02,Morning,4,1,6.0,1,2,75