Num_Acc,date,time_of_day,max_severity,weather,collision_type,lighting,urban_area,department
202400042854,2024-01-10,Afternoon,4,1,3.0,1,2,66
202400042855,2024-04-03,Evening,4,1,3.0,5,2,75
202400042856,2024-01-10,Afternoon,4,8,3.0,1,2,64
202400042857,2024-01-10,Evening,3,4,7.0,3,1,63
202400042858,2024-01-09,Night,4,1,6.0,3,1,60
202400042859,2024-04-03,Morning,4,2,6.0,1,2,75
202400042860,2024-01-10,Afternoon,4,8,1.0,1,2,59
202400042861,2024-04-03,Morning,4,2,6.0,2,2,75
202400042862,2024-01-10,Afternoon,4,1,3.0,1,2,59
202400042863,2024-04-02,Night,4,2,6.0,5,2,75
202400042864,2024-01-10,Afternoon,4,1,6.0,1,2,59
202400042865,2024-04-03,Morning,4,2,3.0,1,2,75
202400042866,2024-01-09,Evening,4,4,6.0,5,2,54
202400042867,2024-04-03,Evening,4,1,3.0,5,2,75
202400042868,2024-01-10,Evening,4,1,6.0,5,2,51
202400042869,2024-01-10,Evening,4,1,3.0,5,2,49
202400042870,2024-04-03,Morning,4,1,3.0,1,2,75
202400042872,2024-01-10,Morning,4,1,1.0,5,2,45
202400042873,2024-04-03,Afternoon,4,1,3.0,1,2,75
202400042874,2024-01-08,Morning,4,9,6.0,5,2,36
202400042875,2024-05-10,Night,4,1,6.0,5,2,95
202400042876,2024-04-03,Morning,4,2,3.0,1,2,75
202400042877,2024-01-10,Night,3,1,6.0,3,1,34
202400042878,2024-05-10,Morning,4,1,6.0,1,2,95
202400042879,2024-04-03,Night,4,2,1.0,5,2,94
202400042880,2024-01-10,Morning,4,4,3.0,1,2,33
202400042881,2024-05-08,Night,4,1,6.0,3,1,95
202400042882,2024-01-09,Morning,4,1,6.0,5,2,29
202400042883,2024-01-10,Evening,4,1,6.0,5,2,27
202400042884,2024-04-01,Afternoon,4,1,2.0,1,2,94
202400042885,2024-05-10,Afternoon,4,1,6.0,1,2,91
202400042886,2024-01-10,Afternoon,3,1,6.0,1,1,27
202400042887,2024-04-03,Morning,4,3,1.0,3,2,94
202400042888,2024-05-10,Afternoon,4,1,1.0,1,2,91
202400042889,2024-01-09,Evening,4,2,3.0,5,2,26
202400042890,2024-04-03,Morning,4,2,1.0,2,2,94
202400042891,2024-01-10,Afternoon,3,2,3.0,1,2,26
202400042892,2024-05-09,Night,3,1,3.0,5,2,85
202400042893,2024-04-03,Afternoon,4,1,6.0,1,2,93
202400042894,2024-05-10,Evening,4,1,3.0,1,1,84
202400042895,2024-01-10,Evening,4,1,2.0,5,2,13
202400042896,2024-04-03,Evening,4,1,3.0,2,2,92
202400042897,2024-01-10,Morning,3,2,1.0,2,2,13
202400042898,2024-05-10,Afternoon,4,1,3.0,1,2,30
202400042899,2024-05-09,Morning,2,1,7.0,1,2,83
202400042900,2024-01-10,Morning,4,2,1.0,2,2,13
202400042901,2024-04-03,Afternoon,4,1,3.0,1,2,92
202400042902,2024-05-10,Morning,4,1,1.0,1,2,80
202400042903,2024-05-10,Afternoon,4,1,2.0,1,2,78
202400042904,2024-04-02,Morning,4,1,3.0,1,2,92
202400042905,2024-01-10,Afternoon,4,8,5.0,1,1,13
202400042906,2024-05-10,Night,4,1,6.0,5,2,76
202400042907,2024-05-08,Evening,4,1,6.0,1,2,76
202400042908,2024-04-03,Evening,4,1,2.0,1,2,92
202400042909,2024-01-06,Afternoon,4,1,3.0,1,2,12
202400042910,2024-05-10,Afternoon,4,1,6.0,1,2,67
202400042911,2024-04-02,Evening,4,8,6.0,5,2,92
202400042912,2024-01-10,Afternoon,4,1,6.0,1,2,06
202400042913,2024-05-10,Morning,4,1,1.0,2,2,67
202400042914,2024-04-03,Evening,4,1,3.0,1,2,92
202400042915,2024-01-04,Afternoon,4,1,3.0,2,2,06
202400042916,2024-05-10,Morning,4,1,6.0,1,2,66
202400042917,2024-04-03,Evening,4,1,3.0,1,2,92
202400042918,2024-05-08,Evening,4,1,3.0,1,1,65
202400042919,2024-01-10,Morning,3,8,6.0,5,2,03
202400042920,2024-05-10,Afternoon,3,1,3.0,1,2,64
202400042921,2024-04-03,Afternoon,4,1,2.0,1,2,92
202400042922,2024-01-10,Afternoon,4,1,3.0,1,2,75
202400042923,2024-05-10,Night,4,1,6.0,5,2,63
202400042924,2024-01-10,Morning,4,1,6.0,1,2,75
202400042925,2024-04-03,Afternoon,4,2,4.0,1,2,92
202400042926,2024-05-10,Afternoon,4,1,3.0,1,2,59
202400042927,2024-01-09,Afternoon,4,8,6.0,5,2,75
202400042928,2024-05-09,Afternoon,3,1,3.0,1,2,59
202400042929,2024-04-02,Evening,4,8,3.0,5,2,92
202400042930,2024-01-10,Evening,4,1,3.0,5,2,75
202400042931,2024-04-04,Morning,3,1,6.0,2,1,26
202400042932,2024-01-10,Morning,4,8,6.0,1,2,75
202400042933,2024-05-06,Evening,4,1,2.0,1,2,58
202400042934,2024-01-08,Afternoon,4,1,6.0,1,2,75
202400042935,2024-04-03,Afternoon,3,1,1.0,1,2,40
202400042936,2024-05-09,Evening,4,1,6.0,2,2,56
202400042937,2024-01-10,Morning,4,1,3.0,5,2,75
202400042938,2024-03-30,Night,4,1,6.0,4,2,31
202400042939,2024-01-09,Afternoon,4,8,6.0,1,2,75
202400042940,2024-05-08,Evening,4,1,1.0,1,2,56
202400042941,2024-04-04,Afternoon,3,2,3.0,1,1,28
202400042942,2024-05-07,Afternoon,4,1,3.0,1,2,54
202400042943,2024-04-04,Afternoon,4,3,1.0,1,2,88
202400042944,2024-05-07,Afternoon,4,1,6.0,1,2,49
202400042945,2024-03-31,Morning,3,1,6.0,1,1,29
202400042946,2024-01-09,Morning,4,1,2.0,1,2,94
202400042947,2024-05-09,Morning,4,1,3.0,1,1,49
202400042948,2024-04-02,Afternoon,4,1,5.0,1,1,62
202400042949,2024-05-11,Night,4,1,3.0,3,1,44
202400042950,2024-04-03,Evening,3,1,6.0,5,2,31
202400042951,2024-01-09,Evening,4,1,3.0,5,2,94
202400042952,2024-05-10,Morning,4,1,7.0,1,2,43
202400042953,2024-05-09,Night,3,1,6.0,5,2,43
202400042954,2024-01-10,Morning,4,1,6.0,1,2,94
202400042955,2024-04-04,Morning,4,3,7.0,1,1,51
202400042956,2024-05-09,Evening,4,1,6.0,5,2,38
202400042957,2024-01-09,Morning,4,1,6.0,1,2,94
202400042958,2024-04-03,Afternoon,3,2,1.0,1,2,67
202400042959,2024-05-10,Afternoon,4,1,3.0,1,2,34
202400042960,2024-01-10,Evening,2,1,6.0,5,2,93
202400042961,2024-04-04,Afternoon,3,1,3.0,1,1,79
202400042962,2024-01-05,Morning,4,1,2.0,1,2,93
202400042963,2024-04-04,Evening,3,1,7.0,1,1,32
202400042964,2024-01-10,Morning,3,1,1.0,1,2,93
202400042965,2024-04-04,Night,4,1,6.0,3,1,89
202400042966,2024-01-09,Night,4,1,3.0,5,2,92
202400042967,2024-05-04,Night,4,1,2.0,5,2,30
202400042968,2024-04-02,Evening,3,2,6.0,3,2,47
202400042969,2024-01-10,Afternoon,4,1,3.0,1,2,92
202400042970,2024-05-09,Afternoon,4,1,3.0,1,2,29
202400042971,2024-04-03,Afternoon,2,1,7.0,1,2,66
202400042972,2024-01-10,Evening,4,1,3.0,5,2,92
202400042973,2024-05-10,Afternoon,2,1,3.0,1,2,27
202400042974,2024-05-10,Morning,4,1,2.0,1,1,21
202400042975,2024-05-10,Evening,4,1,5.0,2,2,13
202400042976,2024-01-09,Morning,4,1,3.0,2,2,92
202400042977,2024-04-03,Evening,3,1,7.0,1,1,50
202400042978,2024-05-10,Evening,4,1,3.0,1,2,13
202400042979,2024-05-10,Afternoon,2,1,3.0,1,2,13
202400042980,2024-01-08,Morning,4,8,6.0,1,2,92
202400042981,2024-04-03,Afternoon,4,1,2.0,1,1,43
202400042983,2024-05-10,Night,4,1,2.0,5,2,13
202400042984,2024-04-03,Morning,2,2,6.0,1,1,21
202400042985,2024-01-11,Morning,3,1,2.0,2,1,21
202400042986,2024-05-10,Morning,3,1,3.0,1,2,06
202400042987,2024-05-06,Afternoon,4,1,6.0,1,2,06
202400042988,2024-01-11,Morning,3,4,6.0,3,2,81
202400042989,2024-05-07,Afternoon,3,1,2.0,1,1,02
202400042990,2024-04-04,Afternoon,2,1,6.0,1,1,40
202400042991,2024-05-09,Night,2,1,6.0,5,2,75
202400042993,2024-05-10,Afternoon,4,1,3.0,1,2,75
202400042994,2024-04-03,Morning,3,2,7.0,2,2,85
202400042995,2024-01-11,Morning,4,8,6.0,1,2,51
202400042996,2024-05-10,Night,4,1,3.0,5,2,75
202400042997,2024-05-10,Morning,4,1,3.0,1,2,75
202400042998,2024-04-03,Morning,2,2,7.0,1,2,85
202400042999,2024-01-09,Morning,3,1,7.0,1,1,52
202400043000,2024-05-09,Night,4,1,3.0,5,2,75
202400043001,2024-01-11,Afternoon,4,8,1.0,2,1,42
202400043002,2024-04-04,Afternoon,3,1,3.0,1,1,85
202400043003,2024-01-10,Afternoon,4,4,7.0,1,1,42
202400043004,2024-05-10,Evening,4,1,6.0,1,2,75
202400043005,2024-01-09,Evening,3,2,6.0,3,1,83
202400043006,2024-04-04,Morning,3,1,1.0,2,1,27
202400043007,2024-01-11,Evening,3,1,6.0,5,2,67
202400043008,2024-05-10,Afternoon,4,1,6.0,1,2,75
202400043009,2024-03-08,Afternoon,3,1,3.0,1,2,68
202400043010,2024-01-11,Morning,3,1,1.0,2,1,80
202400043011,2024-01-10,Evening,3,8,1.0,3,1,44
202400043012,2024-05-10,Morning,4,1,6.0,1,2,75
202400043013,2024-04-03,Evening,4,1,6.0,3,1,31
202400043014,2024-01-11,Afternoon,4,1,6.0,2,2,02
202400043015,2024-05-09,Afternoon,4,1,6.0,1,2,94
202400043016,2024-01-11,Afternoon,3,1,7.0,1,1,15
202400043018,2024-05-10,Night,4,1,6.0,5,2,94
202400043019,2024-04-03,Afternoon,3,1,2.0,1,1,40
202400043020,2024-01-11,Afternoon,4,1,5.0,1,1,05
202400043021,2024-04-04,Morning,4,1,3.0,1,2,13
202400043022,2024-05-10,Evening,4,1,6.0,1,2,93
202400043024,2024-05-10,Evening,4,1,6.0,1,2,93
202400043025,2024-01-11,Afternoon,4,1,3.0,1,1,83
202400043026,2024-05-10,Morning,4,1,2.0,1,2,93
202400043027,2024-01-11,Morning,4,2,3.0,1,1,83
202400043028,2024-05-10,Afternoon,4,1,2.0,1,2,92
202400043029,2024-04-04,Night,4,1,7.0,3,1,67
202400043030,2024-01-10,Afternoon,2,1,6.0,1,1,64
202400043031,2024-05-09,Evening,4,1,3.0,1,2,92
202400043032,2024-05-10,Afternoon,4,1,7.0,1,2,92
202400043033,2024-01-08,Afternoon,4,1,6.0,1,2,53
202400043034,2024-05-09,Night,4,1,6.0,5,2,92
202400043035,2024-03-28,Night,3,1,6.0,3,1,76
202400043036,2024-05-10,Afternoon,4,1,3.0,1,2,92
202400043037,2024-01-08,Morning,3,1,7.0,3,1,85
202400043038,2024-05-10,Night,3,1,7.0,3,2,41
202400043039,2024-04-04,Afternoon,3,1,6.0,1,2,60
202400043040,2024-05-11,Afternoon,4,1,2.0,1,1,84
202400043041,2024-04-03,Afternoon,4,2,1.0,1,2,33
202400043042,2024-01-10,Afternoon,3,1,3.0,1,1,27
202400043043,2024-05-10,Morning,3,1,2.0,1,1,71
202400043044,2024-04-03,Morning,4,2,3.0,1,1,77
202400043045,2024-05-10,Morning,3,1,6.0,1,2,11
202400043046,2024-05-10,Afternoon,4,1,1.0,1,2,88
202400043047,2024-04-04,Afternoon,4,1,1.0,1,1,77
202400043048,2024-05-11,Morning,4,1,1.0,2,1,12
202400043049,2024-01-10,Morning,3,1,3.0,1,1,37
202400043050,2024-05-11,Afternoon,3,1,6.0,1,2,65
202400043051,2024-04-03,Evening,3,1,3.0,2,1,34
202400043052,2024-02-26,Morning,3,1,1.0,3,1,58
202400043053,2024-05-10,Afternoon,3,1,2.0,1,1,30
202400043054,2024-04-03,Afternoon,3,2,2.0,1,2,58
202400043055,2024-02-26,Morning,4,1,6.0,1,2,54
202400043056,2024-01-11,Morning,4,2,4.0,1,1,13
202400043057,2024-05-10,Night,3,1,6.0,5,2,83
202400043058,2024-02-25,Evening,3,4,6.0,2,1,06
202400043059,2024-04-04,Morning,4,1,6.0,1,1,03
202400043060,2024-01-04,Afternoon,4,1,1.0,1,1,78
202400043061,2024-05-10,Evening,4,1,3.0,1,1,83
202400043062,2024-02-26,Afternoon,3,2,6.0,2,1,60
202400043063,2024-05-09,Afternoon,3,1,6.0,1,2,91
202400043064,2024-04-04,Morning,4,1,1.0,1,1,73
202400043066,2024-02-25,Night,3,8,6.0,3,1,24
202400043067,2024-05-10,Afternoon,3,1,7.0,1,1,19
202400043068,2024-05-10,Afternoon,3,1,3.0,1,2,67
202400043069,2024-01-11,Morning,3,1,7.0,1,1,26
202400043070,2024-04-03,Morning,3,2,2.0,1,2,73
202400043071,2024-02-15,Afternoon,3,1,1.0,1,1,27
202400043072,2024-05-11,Morning,3,1,3.0,1,1,82
202400043073,2024-04-04,Morning,2,1,6.0,1,2,09
202400043074,2024-01-11,Night,3,1,6.0,3,1,73
202400043075,2024-05-11,Afternoon,4,1,1.0,1,1,63
202400043076,2024-04-04,Afternoon,2,1,1.0,1,1,33
202400043077,2024-02-26,Morning,4,3,1.0,1,1,28
202400043078,2024-05-11,Morning,4,1,3.0,1,1,63
202400043079,2024-04-03,Afternoon,4,1,3.0,1,2,22
202400043080,2024-05-11,Afternoon,3,1,7.0,1,1,46
202400043081,2024-01-06,Night,4,1,6.0,5,2,69
202400043082,2024-02-26,Morning,3,1,6.0,3,1,77
202400043083,2024-05-11,Night,4,1,6.0,3,1,86
202400043084,2024-05-10,Evening,3,1,6.0,1,1,68
202400043086,2024-04-03,Morning,3,2,3.0,3,1,76
202400043087,2024-05-11,Morning,2,1,6.0,1,2,39
202400043088,2024-01-11,Afternoon,3,2,1.0,2,1,46
202400043089,2024-02-25,Evening,3,1,6.0,3,2,67
202400043090,2024-05-10,Afternoon,3,1,6.0,1,1,25
202400043091,2024-04-03,Afternoon,3,1,1.0,1,2,76
202400043092,2024-05-08,Afternoon,2,1,7.0,1,1,29
202400043093,2024-02-26,Afternoon,3,8,3.0,1,1,06
202400043094,2024-01-10,Evening,4,2,5.0,3,1,16
202400043095,2024-04-03,Evening,3,1,7.0,1,1,76
202400043096,2024-05-10,Night,4,1,3.0,5,2,38
202400043097,2024-01-10,Afternoon,4,8,1.0,1,2,29
202400043098,2024-02-26,Morning,4,3,6.0,1,1,83
202400043099,2024-04-03,Evening,4,1,1.0,1,2,62
202400043100,2024-05-10,Afternoon,3,1,1.0,1,1,15
202400043101,2024-01-06,Morning,3,1,6.0,2,1,27
202400043103,2024-05-10,Afternoon,3,1,2.0,1,1,85
202400043104,2024-05-06,Afternoon,4,1,7.0,1,1,14
202400043105,2024-01-10,Afternoon,4,1,4.0,2,1,13
202400043106,2024-04-03,Morning,4,1,4.0,1,1,33
202400043107,2024-05-10,Night,3,1,6.0,3,2,50
202400043108,2024-02-26,Afternoon,4,3,4.0,2,1,77
202400043109,2024-01-09,Afternoon,4,7,2.0,1,1,33
202400043110,2024-03-29,Afternoon,4,1,2.0,1,1,59
202400043112,2024-01-09,Night,4,1,2.0,3,1,33
202400043113,2024-05-11,Afternoon,4,7,6.0,1,1,50
202400043114,2024-03-03,Morning,4,2,2.0,1,1,94
202400043115,2024-01-07,Evening,4,9,4.0,4,1,62
202400043116,2024-04-03,Morning,3,8,7.0,1,1,92
202400043117,2024-05-10,Evening,4,1,6.0,1,1,16
202400043119,2024-05-09,Evening,4,1,7.0,1,1,07
202400043121,2024-04-03,Night,4,2,6.0,3,1,94
202400043122,2024-01-10,Night,4,1,2.0,5,1,94
202400043123,2024-02-25,Evening,3,3,6.0,5,1,77
202400043124,2024-05-11,Morning,3,1,3.0,1,1,24
202400043125,2024-01-09,Afternoon,4,1,5.0,3,1,78
202400043126,2024-05-10,Morning,3,1,7.0,1,1,85
202400043127,2024-02-26,Evening,4,1,3.0,4,2,84
202400043128,2024-04-03,Evening,4,1,4.0,2,1,92
202400043129,2024-01-08,Evening,4,8,3.0,3,1,78
202400043130,2024-05-10,Evening,4,1,5.0,2,1,39
202400043131,2024-02-25,Afternoon,4,2,3.0,2,1,71
202400043132,2024-04-02,Morning,4,1,3.0,1,1,78
202400043133,2024-02-25,Afternoon,3,1,7.0,1,2,08
202400043134,2024-05-10,Evening,3,1,6.0,1,1,29
202400043135,2024-04-02,Night,4,2,2.0,3,1,93
202400043136,2024-01-09,Night,4,4,4.0,3,1,92
202400043137,2024-07-17,Afternoon,4,1,2.0,1,1,11
202400043138,2024-01-09,Night,4,4,6.0,3,1,78
202400043139,2024-02-26,Morning,4,1,4.0,1,2,07
202400043140,2024-04-01,Evening,4,2,7.0,1,1,93
202400043141,2024-05-10,Evening,4,1,1.0,3,1,77
202400043142,2024-01-08,Evening,4,4,1.0,3,1,78
202400043143,2024-07-18,Evening,2,1,3.0,1,2,71
202400043144,2024-04-03,Morning,4,2,3.0,1,1,94
202400043145,2024-02-25,Morning,3,1,6.0,1,2,69
202400043146,2024-05-10,Morning,4,1,6.0,1,1,77
202400043147,2024-01-08,Evening,3,4,2.0,3,1,78
202400043148,2024-02-25,Afternoon,4,2,7.0,1,1,19
202400043149,2024-01-10,Evening,4,1,6.0,3,1,95
202400043150,2024-04-03,Night,4,2,4.0,3,1,93
202400043151,2024-04-11,Night,3,1,6.0,3,2,66
202400043152,2024-07-17,Night,2,1,5.0,3,1,71
202400043153,2024-01-09,Night,4,4,6.0,3,1,94
202400043154,2024-03-01,Morning,2,1,7.0,1,1,68
202400043155,2024-02-26,Morning,3,3,1.0,2,2,33
202400043156,2024-01-09,Night,4,4,6.0,5,1,94
202400043157,2024-05-10,Afternoon,3,1,6.0,1,1,84
202400043158,2024-07-14,Evening,4,1,6.0,1,1,61
202400043159,2024-02-25,Afternoon,3,3,6.0,1,1,29
202400043161,2024-05-11,Evening,4,1,7.0,2,1,83
202400043162,2024-04-02,Afternoon,4,1,1.0,1,2,93
202400043163,2024-07-14,Morning,4,1,6.0,1,1,61
202400043165,2024-05-10,Evening,4,1,3.0,1,2,89
202400043166,2024-02-23,Morning,4,1,4.0,1,1,13
202400043167,2024-02-02,Afternoon,4,1,6.0,1,2,22
202400043168,2024-01-09,Afternoon,4,1,6.0,2,2,69
202400043169,2024-06-26,Evening,4,1,2.0,1,2,42
202400043171,2024-05-10,Afternoon,3,1,1.0,1,1,58
202400043172,2024-01-26,Evening,4,1,4.0,3,2,69
202400043173,2024-07-14,Night,3,1,7.0,3,1,34
202400043176,2024-05-11,Morning,3,1,3.0,1,1,68
202400043178,2024-02-24,Afternoon,4,1,3.0,1,1,42
202400043181,2024-02-25,Morning,4,3,2.0,1,1,33
202400043182,2024-05-10,Night,4,1,3.0,3,2,38
202400043184,2024-01-09,Evening,4,8,4.0,5,2,69
202400043185,2024-02-25,Night,4,2,3.0,3,1,33
202400043187,2024-07-18,Morning,3,1,3.0,1,2,44
202400043189,2024-05-10,Evening,3,1,6.0,3,1,81
202400043192,2024-02-23,Afternoon,4,2,4.0,1,1,91
202400043193,2024-07-17,Morning,4,1,5.0,1,1,44
202400043194,2024-01-09,Night,4,2,6.0,5,2,2A
202400043195,2024-05-11,Morning,3,1,6.0,1,1,40
202400043197,2024-01-09,Afternoon,4,1,6.0,1,2,95
202400043198,2024-02-25,Afternoon,4,2,4.0,1,1,93
202400043199,2024-07-17,Afternoon,4,1,6.0,1,2,31
202400043200,2024-05-10,Morning,4,1,1.0,1,2,33
202400043201,2024-04-02,Afternoon,4,1,6.0,1,2,69
202400043202,2024-02-25,Evening,4,3,6.0,3,1,77
202400043203,2024-01-08,Evening,4,1,2.0,3,1,91
202400043204,2024-07-18,Morning,2,1,2.0,1,1,38
202400043205,2024-05-10,Evening,3,1,6.0,1,1,50
202400043206,2024-04-02,Afternoon,4,1,6.0,1,2,69
202400043207,2024-01-09,Morning,4,4,7.0,1,2,91
202400043208,2024-02-23,Afternoon,4,1,3.0,1,2,75
202400043209,2024-07-18,Night,3,1,6.0,3,1,03
202400043210,2024-05-10,Afternoon,3,1,3.0,1,1,56
202400043211,2024-04-02,Morning,4,1,3.0,1,2,69
202400043212,2024-01-09,Morning,4,4,4.0,1,2,91
202400043213,2024-02-24,Night,4,1,7.0,5,2,75
202400043214,2024-07-17,Night,3,1,6.0,3,1,66
202400043216,2024-05-08,Night,4,1,3.0,3,1,35
202400043217,2024-07-18,Afternoon,4,1,6.0,1,1,06
202400043218,2024-02-24,Night,4,8,6.0,5,2,75
202400043219,2024-01-09,Morning,4,4,2.0,5,2,91
202400043220,2024-05-10,Evening,3,1,7.0,1,2,60
202400043222,2024-07-18,Morning,2,1,6.0,1,2,06
202400043223,2024-05-11,Evening,4,1,3.0,1,1,59
202400043224,2024-04-02,Afternoon,3,1,2.0,1,1,2B
202400043225,2024-07-18,Morning,4,1,3.0,1,2,14
202400043226,2024-02-24,Afternoon,4,1,3.0,1,2,75
202400043227,2024-05-07,Night,4,1,2.0,3,1,13
202400043229,2024-07-18,Morning,2,1,6.0,1,2,05
202400043230,2024-04-24,Night,4,1,2.0,3,1,33
202400043231,2024-07-17,Morning,3,1,3.0,1,1,50
202400043232,2024-05-10,Morning,4,1,3.0,1,1,94
202400043233,2024-02-23,Evening,4,2,3.0,5,2,75
202400043234,2024-04-02,Morning,4,1,3.0,1,2,87
202400043235,2024-07-17,Evening,3,1,2.0,2,2,64
202400043236,2024-01-12,Evening,4,8,2.0,3,1,50
202400043237,2024-03-29,Morning,4,2,2.0,1,2,87
202400043238,2024-02-24,Evening,4,2,6.0,5,2,75
202400043239,2024-07-17,Afternoon,3,1,2.0,1,1,16
202400043240,2024-01-01,Morning,3,7,3.0,1,1,50
202400043241,2024-03-30,Evening,3,1,6.0,4,2,87
202400043242,2024-02-23,Night,4,1,3.0,5,2,75
202400043244,2024-07-14,Night,3,1,1.0,2,1,16
202400043245,2024-05-09,Evening,4,1,6.0,1,2,69
202400043246,2024-04-02,Morning,3,1,1.0,1,2,86
202400043247,2024-02-23,Afternoon,4,1,3.0,1,2,75
202400043248,2024-05-09,Evening,4,1,3.0,1,2,69
202400043250,2024-02-24,Evening,3,2,6.0,5,2,94
202400043251,2024-04-02,Morning,4,1,6.0,1,2,84
202400043253,2024-02-24,Evening,4,2,6.0,5,2,94
202400043254,2024-07-18,Afternoon,4,1,1.0,1,1,07
202400043255,2024-04-02,Morning,4,1,6.0,1,2,30
202400043256,2024-05-09,Night,3,1,6.0,5,2,83
202400043257,2024-07-18,Afternoon,3,1,2.0,1,1,40
202400043258,2024-04-02,Evening,3,1,6.0,3,1,83
202400043259,2024-02-24,Evening,4,2,1.0,5,2,94
202400043260,2024-07-17,Morning,3,1,6.0,1,1,24
202400043261,2024-05-09,Afternoon,2,1,7.0,1,1,76
202400043262,2024-04-02,Morning,3,1,7.0,1,1,83
202400043263,2024-02-24,Afternoon,3,1,3.0,1,2,93
202400043264,2024-05-09,Afternoon,4,1,2.0,1,2,74
202400043265,2024-04-01,Afternoon,3,1,3.0,1,2,83
202400043266,2024-05-09,Evening,4,1,3.0,1,2,72
202400043267,2024-02-24,Evening,4,1,6.0,5,2,93
202400043268,2024-05-09,Afternoon,4,1,3.0,1,2,64
202400043269,2024-07-18,Morning,4,1,6.0,1,1,85
202400043270,2024-02-25,Night,2,2,6.0,3,1,24
202400043271,2024-05-08,Morning,4,1,3.0,1,2,63
202400043272,2024-07-17,Afternoon,4,1,1.0,1,1,27
202400043273,2024-02-24,Evening,4,2,1.0,3,1,37
202400043274,2024-05-09,Evening,3,1,6.0,1,1,62
202400043275,2024-03-29,Evening,4,1,3.0,5,2,76
202400043276,2024-02-24,Morning,3,1,6.0,1,2,38
202400043277,2024-05-09,Evening,4,1,3.0,2,2,61
202400043278,2024-07-17,Afternoon,4,1,3.0,1,1,87
202400043279,2024-03-31,Night,4,1,7.0,5,2,76
202400043280,2024-02-24,Morning,4,1,3.0,1,1,62
202400043281,2024-05-08,Evening,4,1,1.0,1,2,59
202400043282,2024-07-17,Morning,4,1,7.0,1,1,52
202400043283,2024-05-09,Evening,4,1,3.0,1,2,59
202400043284,2024-03-30,Evening,4,1,3.0,5,2,76
202400043285,2024-02-25,Afternoon,4,8,3.0,1,1,69
202400043287,2024-05-09,Afternoon,4,1,3.0,1,2,57
202400043288,2024-07-18,Morning,4,1,6.0,1,2,06
202400043289,2024-04-01,Morning,4,8,1.0,1,1,71
202400043290,2024-05-09,Night,4,1,6.0,5,2,56
202400043291,2024-02-24,Night,3,1,6.0,3,1,77
202400043292,2024-07-14,Night,4,1,2.0,3,1,67
202400043293,2024-02-22,Morning,4,6,7.0,1,1,51
202400043294,2024-05-09,Afternoon,3,1,3.0,1,1,50
202400043295,2024-04-02,Afternoon,4,1,2.0,1,2,69
202400043297,2024-05-09,Afternoon,4,1,3.0,1,2,47
202400043298,2024-04-02,Afternoon,4,2,2.0,1,2,64
202400043299,2024-07-16,Afternoon,4,1,3.0,1,1,77
202400043300,2024-05-09,Afternoon,4,1,6.0,1,2,38
202400043301,2024-02-24,Evening,4,2,6.0,5,1,24
202400043302,2024-07-13,Afternoon,4,1,6.0,1,1,48
202400043303,2024-04-02,Morning,4,1,2.0,1,2,63
202400043304,2024-05-09,Evening,4,1,3.0,2,2,37
202400043305,2024-07-17,Afternoon,4,1,1.0,1,2,34
202400043306,2024-05-09,Afternoon,4,7,6.0,1,2,37
202400043307,2024-04-02,Morning,3,1,6.0,1,2,63
202400043308,2024-02-24,Night,3,1,3.0,3,1,42
202400043309,2024-05-08,Afternoon,4,1,2.0,1,2,37
202400043310,2024-07-17,Night,4,1,6.0,3,2,34
202400043311,2024-05-09,Evening,4,1,6.0,1,2,36
202400043312,2024-04-02,Morning,4,1,3.0,1,2,63
202400043313,2024-02-24,Evening,4,1,1.0,3,1,34
202400043314,2024-07-05,Morning,4,1,1.0,1,1,88
202400043315,2024-05-09,Morning,4,1,3.0,1,2,36
202400043316,2024-02-25,Morning,3,1,6.0,2,1,34
202400043317,2024-07-17,Afternoon,3,1,6.0,1,1,65
202400043318,2024-05-09,Night,3,1,3.0,5,2,35
202400043319,2024-07-16,Afternoon,3,1,7.0,1,1,65
202400043320,2024-02-25,Morning,4,1,3.0,1,1,38
202400043321,2024-04-02,Morning,4,1,3.0,1,2,60
202400043322,2024-05-09,Night,3,1,7.0,3,2,34
202400043323,2024-05-09,Afternoon,3,1,6.0,1,2,33
202400043324,2024-02-24,Night,3,1,7.0,3,1,38
202400043325,2024-07-10,Morning,4,1,3.0,1,1,09
202400043326,2024-05-09,Afternoon,4,1,7.0,1,2,33
202400043327,2024-04-02,Night,4,3,3.0,5,2,59
202400043328,2024-02-25,Afternoon,4,2,1.0,1,1,84
202400043329,2024-05-09,Morning,3,1,3.0,1,2,31
202400043330,2024-04-02,Night,4,8,6.0,5,2,59
202400043331,2024-07-17,Evening,3,1,3.0,1,1,09
202400043332,2024-05-09,Evening,3,1,6.0,1,2,29
202400043333,2024-02-25,Morning,4,2,1.0,1,2,15
202400043334,2024-03-29,Morning,3,1,6.0,1,2,59
202400043335,2024-05-08,Evening,4,1,3.0,1,2,27
202400043336,2024-07-17,Evening,3,1,3.0,1,1,87
202400043337,2024-02-25,Morning,3,1,7.0,1,1,70
202400043338,2024-05-08,Afternoon,4,1,3.0,1,1,17
202400043339,2024-04-02,Afternoon,4,1,6.0,1,2,51