Num_Acc,date,time_of_day,max_severity,weather,collision_type,lighting,urban_area,department
202400043340,2024-07-17,Afternoon,4,1,6.0,1,2,85
202400043341,2024-02-24,Afternoon,4,2,1.0,1,1,26
202400043342,2024-05-08,Morning,3,1,6.0,1,1,17
202400043343,2024-05-09,Night,4,1,7.0,4,2,16
202400043344,2024-07-17,Afternoon,4,1,6.0,1,2,72
202400043345,2024-03-24,Afternoon,3,1,5.0,1,2,49
202400043346,2024-02-25,Afternoon,4,2,3.0,1,2,72
202400043347,2024-05-09,Night,4,1,3.0,5,2,13
202400043348,2024-04-02,Morning,4,2,3.0,1,2,49
202400043349,2024-02-24,Afternoon,4,1,3.0,1,1,06
202400043350,2024-05-09,Evening,4,1,3.0,1,2,13
202400043351,2024-07-18,Afternoon,4,1,2.0,1,2,60
202400043352,2024-04-01,Evening,4,1,3.0,1,2,49
202400043353,2024-02-23,Afternoon,3,2,6.0,1,2,14
202400043354,2024-05-09,Evening,3,1,3.0,1,2,13
202400043355,2024-04-02,Evening,4,1,3.0,1,2,47
202400043356,2024-05-09,Afternoon,4,1,3.0,1,2,13
202400043357,2024-04-02,Morning,4,8,3.0,1,2,45
202400043358,2024-02-24,Night,4,1,5.0,3,1,05
202400043359,2024-05-08,Afternoon,4,1,6.0,1,2,13
202400043360,2024-04-02,Afternoon,4,1,3.0,1,2,43
202400043361,2024-07-18,Afternoon,4,1,6.0,1,1,59
202400043362,2024-05-09,Night,4,1,7.0,5,1,13
202400043363,2024-02-24,Afternoon,3,2,6.0,1,1,16
202400043364,2024-05-09,Evening,3,1,7.0,1,1,07
202400043365,2024-07-17,Evening,4,1,6.0,1,1,59
202400043366,2024-04-03,Night,4,1,2.0,3,2,42
202400043367,2024-02-25,Morning,3,1,3.0,1,2,07
202400043368,2024-05-09,Afternoon,4,1,2.0,1,2,75
202400043369,2024-02-24,Evening,3,1,6.0,3,1,13
202400043370,2024-07-17,Afternoon,4,1,3.0,1,1,33
202400043371,2024-05-09,Afternoon,4,1,3.0,1,2,75
202400043372,2024-04-02,Afternoon,4,1,1.0,1,2,37
202400043373,2024-05-09,Morning,4,1,2.0,1,2,75
202400043374,2024-07-16,Night,4,1,6.0,3,1,94
202400043375,2024-02-24,Afternoon,4,4,6.0,1,1,51
202400043376,2024-04-02,Afternoon,4,1,3.0,1,2,37
202400043377,2024-07-17,Afternoon,4,1,2.0,5,1,92
202400043378,2024-05-08,Evening,4,1,4.0,1,2,75
202400043379,2024-02-24,Night,3,1,6.0,3,1,64
202400043380,2024-04-02,Morning,4,1,6.0,3,2,35
202400043381,2024-05-08,Evening,4,8,3.0,1,2,75
202400043382,2024-07-17,Morning,4,1,2.0,1,1,78
202400043383,2024-05-08,Morning,2,8,6.0,1,2,75
202400043384,2024-02-24,Evening,4,1,2.0,3,1,34
202400043385,2024-05-09,Morning,3,1,3.0,1,2,75
202400043386,2024-07-17,Morning,4,1,2.0,1,1,93
202400043387,2024-02-24,Afternoon,4,1,2.0,1,1,38
202400043388,2024-04-01,Evening,4,2,4.0,1,1,35
202400043389,2024-05-08,Afternoon,4,1,2.0,1,2,75
202400043390,2024-04-02,Night,4,1,2.0,3,1,35
202400043391,2024-05-08,Afternoon,4,1,6.0,1,2,75
202400043392,2024-07-17,Morning,4,1,4.0,2,1,77
202400043393,2024-02-24,Evening,4,2,6.0,2,2,45
202400043394,2024-05-09,Morning,4,1,3.0,1,2,94
202400043395,2024-02-24,Night,4,1,1.0,3,1,66
202400043396,2024-04-01,Afternoon,4,1,5.0,1,2,34
202400043397,2024-05-09,Morning,4,1,6.0,1,2,94
202400043398,2024-05-03,Afternoon,4,1,6.0,1,2,94
202400043399,2024-05-16,Afternoon,4,2,3.0,1,2,74
202400043400,2024-02-25,Evening,4,3,1.0,2,1,13
202400043401,2024-04-02,Morning,4,1,3.0,1,2,33
202400043402,2024-05-09,Evening,4,7,1.0,1,2,93
202400043403,2024-02-25,Morning,4,2,7.0,2,1,55
202400043404,2024-04-10,Afternoon,3,1,3.0,1,2,74
202400043405,2024-04-02,Morning,4,1,2.0,1,2,33
202400043406,2024-05-09,Evening,4,1,3.0,2,2,92
202400043407,2024-05-14,Afternoon,4,2,3.0,1,2,74
202400043408,2024-05-16,Afternoon,4,1,6.0,1,2,92
202400043409,2024-04-01,Afternoon,4,1,2.0,1,2,31
202400043410,2024-08-16,Evening,3,1,2.0,5,2,83
202400043411,2024-02-25,Morning,4,1,3.0,2,2,38
202400043412,2024-05-12,Afternoon,3,1,3.0,1,2,74
202400043413,2024-04-02,Morning,4,1,7.0,1,2,30
202400043414,2024-02-24,Morning,3,1,1.0,1,1,69
202400043415,2024-05-11,Afternoon,4,1,6.0,1,2,74
202400043416,2024-05-09,Evening,4,1,3.0,1,2,92
202400043417,2024-08-24,Morning,3,1,3.0,1,1,71
202400043418,2024-02-20,Afternoon,4,1,6.0,1,1,65
202400043419,2024-02-18,Afternoon,4,2,1.0,1,1,29
202400043420,2024-03-27,Evening,3,1,1.0,1,2,74
202400043421,2024-02-24,Night,3,1,6.0,3,1,35
202400043422,2024-05-09,Afternoon,4,1,3.0,1,2,92
202400043423,2024-04-02,Afternoon,4,3,6.0,1,2,29
202400043424,2024-08-22,Morning,4,1,1.0,1,2,17
202400043425,2024-02-25,Night,4,1,6.0,3,1,76
202400043426,2024-06-06,Morning,4,1,3.0,2,2,44
202400043427,2024-05-09,Afternoon,4,1,3.0,1,2,92
202400043428,2024-02-24,Evening,2,2,6.0,2,1,60
202400043429,2024-04-01,Afternoon,3,1,3.0,1,2,29
202400043430,2024-05-10,Afternoon,2,1,6.0,1,1,37
202400043431,2024-05-10,Afternoon,2,1,7.0,1,1,62
202400043432,2024-02-23,Evening,4,1,2.0,2,1,95
202400043433,2024-08-23,Evening,4,7,4.0,1,1,59
202400043434,2024-05-09,Afternoon,3,1,7.0,1,1,54
202400043435,2024-04-02,Evening,4,2,1.0,1,2,27
202400043436,2024-02-20,Afternoon,4,1,1.0,1,2,75
202400043437,2024-05-10,Evening,4,1,7.0,1,1,60
202400043438,2024-08-18,Night,4,1,2.0,3,1,84
202400043439,2024-03-16,Afternoon,4,8,1.0,1,2,29
202400043440,2024-05-10,Evening,3,1,3.0,1,1,80
202400043441,2024-04-01,Evening,4,1,3.0,1,2,27
202400043442,2024-02-22,Evening,4,8,6.0,5,2,75
202400043443,2024-05-10,Afternoon,3,1,7.0,1,1,2A
202400043444,2024-08-23,Evening,4,1,2.0,5,1,85
202400043445,2024-04-02,Night,4,1,3.0,5,2,27
202400043446,2024-02-23,Night,4,1,3.0,5,2,75
202400043447,2024-05-08,Afternoon,4,1,6.0,1,1,01
202400043448,2024-04-02,Afternoon,4,2,6.0,1,2,27
202400043449,2024-08-24,Morning,3,1,7.0,1,1,36
202400043451,2024-02-22,Night,4,2,3.0,5,2,75
202400043452,2024-08-24,Night,3,2,6.0,3,1,62
202400043455,2024-04-02,Afternoon,4,1,6.0,1,2,25
202400043456,2024-02-23,Evening,4,8,6.0,5,2,94
202400043457,2024-04-02,Morning,4,2,6.0,1,2,25
202400043458,2024-08-05,Afternoon,4,1,6.0,1,1,62
202400043459,2024-05-08,Morning,3,1,3.0,1,2,12
202400043461,2024-02-23,Evening,4,1,3.0,5,2,94
202400043462,2024-04-02,Evening,4,1,3.0,1,2,17
202400043463,2024-08-23,Afternoon,4,1,3.0,1,1,19
202400043465,2024-05-10,Morning,4,1,4.0,1,1,29
202400043466,2024-02-22,Morning,4,2,5.0,1,2,94
202400043467,2024-04-01,Morning,3,1,3.0,1,2,14
202400043469,2024-05-09,Morning,4,8,3.0,1,2,59
202400043470,2024-08-24,Morning,2,3,3.0,1,1,56
202400043471,2024-04-02,Evening,4,1,1.0,5,2,13
202400043472,2024-02-23,Evening,4,2,6.0,5,2,94
202400043473,2024-05-09,Afternoon,3,1,6.0,1,1,65
202400043475,2024-05-09,Evening,3,1,2.0,1,2,51
202400043477,2024-04-02,Morning,4,1,2.0,1,2,13
202400043478,2024-02-23,Evening,3,8,6.0,2,2,92
202400043479,2024-08-24,Morning,4,1,4.0,1,1,69
202400043480,2024-04-01,Afternoon,3,1,3.0,1,2,13
202400043481,2024-07-17,Night,4,1,1.0,5,2,69
202400043482,2024-02-23,Night,3,1,6.0,5,2,92
202400043483,2024-08-20,Evening,4,1,2.0,2,2,69
202400043484,2024-07-15,Evening,4,1,2.0,2,2,69
202400043485,2024-05-09,Afternoon,4,1,5.0,1,1,81
202400043486,2024-02-23,Afternoon,4,1,3.0,1,2,92
202400043488,2024-08-23,Night,4,1,6.0,3,1,46
202400043489,2024-04-01,Afternoon,4,1,2.0,1,2,13
202400043491,2024-04-01,Afternoon,4,1,1.0,1,1,13
202400043492,2024-02-22,Evening,4,1,4.0,2,2,92
202400043493,2024-08-23,Evening,4,1,3.0,3,2,68
202400043494,2024-07-16,Evening,4,1,3.0,2,2,2A
202400043495,2024-04-02,Evening,4,1,3.0,1,2,13
202400043496,2024-02-22,Evening,4,2,6.0,5,2,92
202400043497,2024-07-16,Morning,4,1,6.0,1,2,84
202400043498,2024-02-23,Morning,4,1,3.0,1,2,92
202400043499,2024-03-28,Afternoon,3,1,3.0,1,2,12
202400043500,2024-08-22,Evening,4,1,1.0,1,1,39
202400043501,2024-02-24,Afternoon,3,1,1.0,1,2,59
202400043502,2024-04-01,Afternoon,4,1,1.0,1,1,11
202400043503,2024-07-16,Morning,4,1,7.0,1,2,84
202400043504,2024-02-23,Evening,2,2,6.0,2,2,37
202400043505,2024-08-23,Evening,4,1,2.0,1,1,44
202400043506,2024-04-01,Morning,4,1,1.0,1,2,06
202400043507,2024-07-16,Evening,3,1,7.0,1,2,30
202400043508,2024-02-23,Afternoon,3,8,3.0,1,2,01
202400043509,2024-08-24,Afternoon,4,1,7.0,1,2,44
202400043510,2024-07-16,Afternoon,4,1,1.0,1,1,30
202400043511,2024-04-02,Evening,4,1,3.0,5,2,06
202400043512,2024-02-24,Morning,3,8,6.0,2,1,28
202400043513,2024-04-01,Afternoon,3,1,3.0,1,2,75
202400043514,2024-07-16,Afternoon,4,1,3.0,1,2,84
202400043515,2024-08-21,Afternoon,3,7,6.0,1,1,44
202400043516,2024-04-02,Morning,4,1,6.0,1,2,75
202400043517,2024-02-23,Afternoon,3,2,3.0,1,1,51
202400043518,2024-07-16,Afternoon,4,1,3.0,1,2,84
202400043519,2024-07-16,Night,3,1,6.0,5,2,83
202400043520,2024-02-21,Evening,4,1,1.0,5,2,30
202400043521,2024-08-23,Morning,4,2,2.0,2,1,29
202400043522,2024-02-23,Afternoon,3,1,6.0,1,1,51
202400043523,2024-08-24,Morning,3,1,5.0,1,1,84
202400043524,2024-02-24,Night,2,1,2.0,3,1,79
202400043525,2024-07-15,Afternoon,4,1,3.0,1,2,83
202400043526,2024-02-24,Night,4,4,6.0,3,1,65
202400043527,2024-07-09,Afternoon,3,1,6.0,1,2,83
202400043528,2024-04-02,Afternoon,4,3,3.0,1,2,75
202400043529,2024-08-23,Afternoon,3,1,3.0,1,2,09
202400043530,2024-07-15,Morning,3,1,6.0,1,2,83
202400043531,2024-02-23,Afternoon,4,3,7.0,1,1,49
202400043532,2024-04-02,Morning,4,1,6.0,1,2,75
202400043533,2024-08-23,Evening,4,1,1.0,1,2,60
202400043534,2024-02-24,Morning,3,2,6.0,1,1,12
202400043535,2024-07-15,Evening,4,1,2.0,1,2,80
202400043536,2024-04-01,Afternoon,4,1,3.0,1,2,75
202400043537,2024-08-23,Evening,3,1,6.0,1,1,60
202400043538,2024-02-24,Afternoon,3,7,6.0,2,2,12
202400043539,2024-08-24,Morning,3,1,6.0,1,1,64
202400043540,2024-07-16,Evening,4,1,2.0,1,2,78
202400043541,2024-04-02,Afternoon,4,8,3.0,1,2,75
202400043542,2024-02-23,Afternoon,4,1,1.0,1,1,34
202400043543,2024-07-16,Evening,4,1,6.0,1,2,77
202400043544,2024-08-24,Afternoon,4,1,1.0,1,1,43
202400043545,2024-04-02,Afternoon,4,1,5.0,1,2,75
202400043546,2024-02-24,Afternoon,4,2,6.0,1,1,44
202400043547,2024-08-23,Afternoon,3,1,3.0,1,2,10
202400043548,2024-07-15,Afternoon,3,2,6.0,1,2,77
202400043549,2024-04-02,Afternoon,4,2,3.0,1,2,75
202400043550,2024-08-23,Afternoon,3,1,7.0,1,1,16
202400043551,2024-02-24,Morning,4,2,1.0,2,1,44
202400043552,2024-07-16,Evening,2,1,3.0,1,1,77
202400043553,2024-04-02,Afternoon,4,1,2.0,1,2,94
202400043554,2024-02-23,Afternoon,4,1,3.0,1,2,01
202400043555,2024-08-23,Afternoon,3,1,1.0,1,2,04
202400043556,2024-07-05,Afternoon,4,1,6.0,1,2,73
202400043557,2024-04-02,Afternoon,4,1,2.0,1,2,93
202400043558,2024-02-23,Evening,4,2,6.0,2,2,54
202400043559,2024-08-22,Evening,3,1,2.0,1,1,04
202400043560,2024-07-15,Afternoon,4,1,6.0,1,2,72
202400043561,2024-04-02,Morning,4,1,6.0,1,2,93
202400043562,2024-02-24,Morning,3,2,5.0,3,1,50
202400043563,2024-08-24,Morning,3,1,1.0,1,1,85
202400043564,2024-07-16,Morning,4,1,6.0,1,2,67
202400043565,2024-02-23,Morning,2,7,6.0,1,1,50
202400043566,2024-04-01,Evening,4,1,3.0,1,2,93
202400043567,2024-06-06,Evening,4,1,4.0,1,1,69
202400043568,2024-07-16,Morning,4,1,3.0,1,2,64
202400043569,2024-08-23,Morning,4,1,3.0,1,1,27
202400043570,2024-06-15,Morning,4,1,6.0,1,1,33
202400043571,2024-02-23,Evening,4,2,3.0,5,2,10
202400043572,2024-04-02,Morning,4,1,3.0,1,2,92
202400043573,2024-08-23,Night,3,1,7.0,3,1,17
202400043574,2024-07-16,Morning,4,1,7.0,1,2,64
202400043575,2024-08-24,Morning,3,1,6.0,2,1,23
202400043576,2024-06-15,Night,4,1,2.0,5,1,33
202400043577,2024-02-23,Evening,4,2,6.0,3,1,23
202400043578,2024-04-02,Afternoon,4,2,3.0,1,2,92
202400043579,2024-07-15,Night,4,1,6.0,5,1,64
202400043580,2024-06-15,Night,4,1,6.0,3,1,91
202400043581,2024-08-24,Morning,4,1,3.0,1,1,24
202400043582,2024-06-15,Night,4,1,6.0,3,1,78
202400043583,2024-04-02,Afternoon,4,1,3.0,1,2,92
202400043584,2024-02-24,Morning,3,4,4.0,1,1,40
202400043585,2024-07-14,Afternoon,4,1,3.0,1,2,64
202400043586,2024-08-23,Evening,3,1,6.0,1,1,05
202400043587,2024-06-14,Afternoon,4,1,3.0,1,1,95
202400043588,2024-04-01,Evening,4,1,6.0,1,2,92
202400043589,2024-07-15,Evening,4,1,3.0,1,2,64
202400043590,2024-06-14,Afternoon,4,1,1.0,1,1,92
202400043591,2024-02-24,Night,3,1,1.0,3,1,49
202400043592,2024-04-02,Morning,4,1,1.0,1,2,92
202400043594,2024-06-14,Afternoon,4,2,2.0,1,1,95
202400043595,2024-07-15,Morning,4,1,3.0,1,2,64
202400043596,2024-04-02,Afternoon,4,2,6.0,1,2,92
202400043597,2024-01-26,Evening,4,2,4.0,3,1,17
202400043599,2024-06-27,Afternoon,4,1,3.0,1,2,62
202400043600,2024-06-14,Evening,4,1,4.0,1,1,93
202400043601,2024-02-24,Evening,3,2,1.0,3,1,60
202400043602,2024-08-24,Morning,3,1,6.0,1,1,84
202400043603,2024-04-02,Afternoon,4,1,3.0,1,2,92
202400043604,2024-02-23,Night,3,1,6.0,3,1,28
202400043605,2024-07-15,Night,4,1,2.0,5,2,62
202400043606,2024-08-24,Afternoon,3,1,3.0,1,1,13
202400043607,2024-04-02,Afternoon,4,1,6.0,1,2,92
202400043609,2024-08-24,Morning,4,1,1.0,1,1,21
202400043610,2024-06-14,Afternoon,4,1,4.0,1,1,93
202400043611,2024-08-24,Afternoon,3,1,1.0,1,1,68
202400043613,2024-07-13,Night,4,1,6.0,5,2,61
202400043614,2024-06-14,Morning,3,1,7.0,1,1,95
202400043615,2024-04-02,Afternoon,4,2,4.0,1,2,92
202400043616,2024-08-23,Afternoon,4,1,1.0,1,1,68
202400043617,2024-02-23,Afternoon,4,2,7.0,1,1,45
202400043618,2024-04-02,Morning,4,1,3.0,1,2,92
202400043619,2024-06-15,Morning,4,1,4.0,1,1,77
202400043620,2024-04-02,Afternoon,3,1,6.0,3,2,09
202400043621,2024-07-16,Evening,4,1,2.0,1,2,60
202400043622,2024-02-22,Afternoon,3,6,6.0,1,1,78
202400043623,2024-08-24,Afternoon,3,1,4.0,1,1,68
202400043624,2024-06-14,Afternoon,4,1,2.0,1,1,77
202400043625,2024-07-15,Afternoon,3,2,6.0,1,2,59
202400043626,2024-03-30,Night,4,3,3.0,3,1,95
202400043627,2024-08-23,Night,3,1,7.0,3,1,67
202400043628,2024-02-21,Morning,4,1,4.0,1,1,26
202400043629,2024-03-26,Evening,3,2,3.0,4,1,19
202400043630,2024-08-24,Night,2,1,6.0,3,1,03
202400043631,2024-07-15,Evening,3,1,6.0,1,2,59
202400043632,2024-04-03,Afternoon,3,1,3.0,1,1,68
202400043633,2024-02-23,Evening,3,1,3.0,2,1,38
202400043635,2024-08-23,Evening,4,1,1.0,1,1,73
202400043636,2024-06-22,Afternoon,4,1,7.0,1,2,56
202400043637,2024-04-03,Morning,2,1,2.0,1,1,46
202400043638,2024-08-23,Evening,4,1,7.0,2,1,73
202400043640,2024-04-02,Afternoon,2,1,6.0,1,1,46
202400043641,2024-02-23,Afternoon,4,1,3.0,1,2,01
202400043642,2024-07-15,Morning,4,1,6.0,1,2,54
202400043644,2024-08-24,Afternoon,3,1,3.0,1,1,73
202400043645,2024-02-20,Morning,4,1,6.0,1,1,69
202400043647,2024-08-24,Afternoon,4,1,6.0,1,2,38
202400043648,2024-02-23,Afternoon,4,1,1.0,1,2,31
202400043649,2024-07-16,Morning,4,1,2.0,1,2,54
202400043651,2024-08-21,Evening,3,7,6.0,2,2,69
202400043652,2024-02-12,Evening,3,2,7.0,4,1,22
202400043654,2024-08-23,Afternoon,3,1,6.0,1,2,69
202400043655,2024-07-16,Afternoon,4,1,3.0,1,2,51
202400043656,2024-02-24,Afternoon,4,1,6.0,1,2,22
202400043658,2024-02-23,Evening,3,2,7.0,5,2,62
202400043659,2024-07-16,Afternoon,4,7,2.0,1,2,50
202400043661,2024-08-24,Morning,4,1,1.0,1,1,17
202400043662,2024-06-14,Afternoon,4,2,6.0,1,2,69
202400043663,2024-02-23,Morning,3,4,5.0,1,1,62
202400043664,2024-08-15,Afternoon,4,1,7.0,1,2,29
202400043665,2024-06-14,Morning,4,2,6.0,1,2,69
202400043666,2024-02-23,Afternoon,4,1,3.0,1,1,13
202400043667,2024-07-16,Afternoon,4,1,4.0,1,2,45
202400043668,2024-08-23,Evening,4,2,1.0,3,1,02
202400043670,2024-02-22,Afternoon,4,2,2.0,1,1,13
202400043671,2024-07-16,Afternoon,4,1,5.0,1,1,45
202400043673,2024-08-06,Evening,4,1,2.0,1,1,59
202400043674,2024-02-23,Afternoon,4,1,4.0,1,1,69
202400043675,2024-07-06,Night,4,1,3.0,5,2,42
202400043676,2024-06-14,Morning,4,1,6.0,1,2,2A
202400043677,2024-08-11,Afternoon,4,1,6.0,1,1,59
202400043678,2024-02-21,Evening,3,1,2.0,2,1,42
202400043679,2024-02-23,Evening,4,2,2.0,3,1,94
202400043680,2024-06-14,Evening,3,8,6.0,1,2,91
202400043681,2024-08-23,Morning,4,1,2.0,1,1,13
202400043682,2024-02-22,Night,4,1,6.0,3,1,92
202400043683,2024-06-14,Evening,4,2,3.0,2,2,91
202400043684,2024-08-23,Afternoon,4,1,2.0,1,1,83
202400043685,2024-07-16,Morning,4,1,2.0,1,1,38
202400043686,2024-02-22,Evening,4,3,4.0,3,1,78
202400043687,2024-06-14,Evening,4,2,1.0,1,2,91
202400043688,2024-07-15,Afternoon,4,1,7.0,1,2,37
202400043689,2024-06-14,Evening,4,1,3.0,1,2,91
202400043690,2024-07-16,Afternoon,4,1,1.0,1,2,35
202400043691,2024-02-22,Morning,4,2,4.0,1,1,78
202400043692,2024-06-14,Morning,4,1,3.0,1,2,91
202400043693,2024-07-15,Afternoon,3,1,7.0,1,2,35
202400043694,2024-08-23,Afternoon,4,1,4.0,1,1,33
202400043695,2024-02-22,Morning,4,2,2.0,1,1,92
202400043696,2024-07-16,Afternoon,3,1,3.0,1,2,34
202400043697,2024-08-21,Afternoon,4,1,2.0,1,1,33
202400043698,2024-06-13,Afternoon,3,1,5.0,1,2,87
202400043699,2024-02-22,Night,4,2,6.0,3,1,92
202400043700,2024-06-14,Night,4,1,6.0,4,2,83
202400043701,2024-08-23,Afternoon,4,1,2.0,1,1,94
202400043702,2024-07-15,Night,4,1,6.0,5,2,29
202400043703,2024-02-23,Afternoon,4,1,4.0,1,1,95
202400043704,2024-08-22,Afternoon,4,1,2.0,1,1,93
202400043705,2024-06-12,Afternoon,4,1,3.0,1,1,82
202400043706,2024-02-23,Morning,4,8,2.0,1,1,95
202400043707,2024-07-15,Night,4,1,2.0,5,2,29
202400043708,2024-08-22,Afternoon,4,1,2.0,1,1,93
202400043709,2024-06-11,Afternoon,3,1,3.0,1,2,81
202400043710,2024-02-23,Morning,4,1,6.0,2,1,77
202400043711,2024-07-15,Afternoon,4,1,3.0,1,2,29
202400043712,2024-08-21,Morning,4,1,3.0,1,1,93
202400043713,2024-02-22,Night,4,3,3.0,5,2,75
202400043714,2024-06-14,Evening,4,1,1.0,1,1,80
202400043715,2024-07-16,Afternoon,4,1,6.0,1,2,27
202400043716,2024-08-21,Evening,4,1,3.0,1,1,94
202400043717,2024-06-13,Afternoon,4,1,1.0,1,2,80
202400043718,2024-02-21,Evening,4,2,6.0,3,2,75
202400043719,2024-07-15,Afternoon,4,1,3.0,1,2,26
202400043720,2024-06-13,Afternoon,4,1,1.0,1,2,78
202400043722,2024-02-22,Afternoon,4,3,6.0,1,2,75
202400043723,2024-07-15,Afternoon,4,1,3.0,1,2,25
202400043724,2024-02-22,Afternoon,3,3,6.0,1,2,75
202400043725,2024-06-14,Afternoon,4,1,3.0,1,2,78
202400043727,2024-02-21,Night,3,3,6.0,5,2,75
202400043728,2024-07-16,Evening,4,2,2.0,1,2,25
202400043729,2024-02-22,Afternoon,4,2,7.0,1,2,75
202400043730,2024-06-13,Evening,4,1,3.0,2,2,77
202400043732,2024-07-16,Afternoon,4,1,3.0,1,2,21
202400043733,2024-02-22,Morning,4,2,1.0,1,2,75
202400043734,2024-02-22,Afternoon,4,3,6.0,1,2,75
202400043735,2024-06-14,Evening,4,1,6.0,1,2,77
202400043737,2024-07-15,Afternoon,4,2,6.0,1,2,19
202400043738,2024-02-21,Evening,4,2,6.0,5,2,75
202400043740,2024-06-14,Afternoon,4,1,3.0,1,2,77
202400043741,2024-07-16,Night,4,1,3.0,5,2,17
202400043742,2024-02-22,Evening,4,2,6.0,5,2,75
202400043743,2024-06-14,Night,4,1,6.0,4,2,76
202400043744,2024-08-22,Morning,4,1,3.0,1,2,69
202400043745,2024-02-18,Evening,4,1,3.0,2,1,13
202400043746,2024-02-22,Afternoon,4,2,6.0,1,2,75
202400043747,2024-06-08,Night,4,1,7.0,5,2,76
202400043748,2024-06-14,Afternoon,4,2,6.0,1,2,74
202400043749,2024-07-16,Afternoon,3,1,2.0,1,2,13
202400043750,2024-02-21,Afternoon,4,2,6.0,1,2,94
202400043751,2024-08-23,Night,4,1,3.0,5,2,69
202400043752,2024-07-16,Evening,4,1,1.0,1,2,13
202400043753,2024-02-22,Morning,4,2,6.0,1,2,94
202400043754,2024-06-14,Afternoon,4,2,3.0,1,2,72
202400043755,2024-08-22,Morning,4,1,6.0,1,2,69
202400043756,2024-06-27,Morning,2,1,2.0,1,2,13
202400043758,2024-02-22,Afternoon,4,2,3.0,1,2,93
202400043759,2024-06-14,Morning,4,2,3.0,1,2,72
202400043760,2024-07-07,Afternoon,4,1,1.0,1,2,13
202400043761,2024-06-13,Afternoon,4,1,6.0,1,2,72
202400043762,2024-02-21,Evening,4,2,6.0,3,2,93
202400043764,2024-02-21,Evening,4,3,6.0,2,2,94
202400043765,2024-06-13,Morning,3,1,6.0,1,2,71
202400043766,2024-07-16,Morning,4,1,3.0,1,2,13
202400043768,2024-07-16,Night,4,1,1.0,5,2,13
202400043770,2024-02-21,Evening,4,2,6.0,5,2,93
202400043771,2024-06-14,Afternoon,4,1,3.0,1,2,69
202400043772,2024-02-21,Evening,4,2,6.0,5,2,92
202400043773,2024-07-16,Night,4,1,3.0,2,1,13
202400043774,2024-08-22,Afternoon,4,1,3.0,1,2,91
202400043775,2024-02-22,Morning,4,3,3.0,1,2,92
202400043776,2024-07-16,Afternoon,4,1,3.0,1,2,13
202400043777,2024-06-14,Afternoon,4,1,1.0,1,2,69
202400043778,2024-02-22,Afternoon,3,2,6.0,2,2,92
202400043779,2024-08-21,Afternoon,4,1,2.0,1,2,91
202400043780,2024-07-16,Morning,4,1,3.0,1,1,13
202400043781,2024-02-22,Afternoon,4,6,3.0,1,2,92
202400043782,2024-06-14,Evening,4,1,2.0,1,2,69
202400043783,2024-08-22,Afternoon,4,7,3.0,1,2,91
202400043784,2024-07-15,Afternoon,4,1,6.0,1,2,11
202400043785,2024-02-21,Evening,4,3,6.0,5,2,92
202400043786,2024-06-14,Morning,2,1,2.0,3,1,66
202400043787,2024-02-21,Evening,4,2,6.0,5,2,92
202400043788,2024-07-16,Afternoon,3,8,6.0,1,2,08
202400043789,2024-08-21,Afternoon,4,1,1.0,1,2,91
202400043790,2024-06-14,Afternoon,3,1,6.0,1,2,66
202400043791,2024-07-16,Evening,3,1,7.0,1,1,04
202400043792,2024-02-20,Morning,4,1,6.0,1,2,92
202400043793,2024-08-21,Afternoon,4,1,2.0,1,1,87
202400043794,2024-06-14,Afternoon,4,1,6.0,1,2,66
202400043795,2024-02-21,Evening,4,2,6.0,5,2,92
202400043796,2024-07-16,Afternoon,4,1,4.0,1,2,75
202400043797,2024-02-23,Night,2,1,6.0,3,1,39
202400043798,2024-08-20,Morning,4,1,2.0,1,2,86
202400043799,2024-06-12,Afternoon,4,2,7.0,1,2,64
202400043800,2024-06-14,Morning,3,1,7.0,1,2,64
202400043801,2024-08-22,Morning,2,1,6.0,1,1,86
202400043802,2024-07-16,Afternoon,4,1,4.0,1,2,75
202400043803,2024-02-15,Evening,4,1,2.0,3,1,56
202400043804,2024-06-14,Evening,4,2,2.0,1,2,64
202400043805,2024-02-22,Afternoon,3,3,6.0,1,1,86
202400043806,2024-08-22,Afternoon,4,1,3.0,1,2,30
202400043807,2024-07-16,Morning,4,1,4.0,1,2,75
202400043808,2024-06-14,Morning,4,1,4.0,2,2,64
202400043809,2024-02-23,Night,4,2,6.0,5,1,06
202400043810,2024-07-15,Evening,4,1,2.0,1,2,75
202400043811,2024-08-22,Morning,4,1,3.0,1,2,78
202400043812,2024-06-14,Afternoon,4,1,6.0,1,2,63
202400043814,2024-02-21,Morning,3,1,6.0,1,1,58
202400043815,2024-08-22,Evening,4,1,3.0,1,2,78
202400043816,2024-06-14,Afternoon,4,1,3.0,1,2,63
202400043817,2024-07-15,Evening,4,1,5.0,1,2,75
202400043818,2024-01-17,Afternoon,4,1,3.0,1,2,83
202400043819,2024-06-06,Afternoon,4,1,1.0,1,2,62
202400043820,2024-07-16,Night,4,1,2.0,5,2,75
202400043821,2024-02-23,Morning,3,3,7.0,1,2,62
202400043822,2024-06-13,Morning,3,1,6.0,1,2,62
202400043823,2024-08-22,Afternoon,4,1,3.0,1,1,78