Num_Acc,date,time_of_day,max_severity,weather,collision_type,lighting,urban_area,department
202400043824,2024-02-23,Morning,3,2,3.0,1,2,56
202400043825,2024-07-15,Evening,4,1,6.0,1,2,75
202400043826,2024-02-21,Morning,3,2,6.0,1,2,76
202400043827,2024-07-16,Afternoon,3,1,6.0,1,2,75
202400043828,2024-08-21,Morning,3,1,2.0,1,2,77
202400043829,2024-02-22,Afternoon,2,3,7.0,1,1,79
202400043830,2024-06-14,Night,4,2,3.0,3,2,60
202400043831,2024-08-22,Evening,3,1,7.0,1,2,77
202400043832,2024-07-15,Evening,4,1,6.0,1,2,75
202400043833,2024-02-22,Afternoon,4,2,3.0,1,2,79
202400043834,2024-06-13,Morning,4,1,6.0,1,2,60
202400043835,2024-02-23,Afternoon,3,2,7.0,1,1,79
202400043836,2024-07-16,Morning,4,1,6.0,1,2,75
202400043837,2024-08-22,Evening,4,1,1.0,1,2,77
202400043838,2024-06-14,Afternoon,4,2,3.0,1,2,59
202400043839,2024-02-21,Evening,2,2,6.0,3,1,31
202400043840,2024-08-21,Afternoon,4,1,6.0,1,2,76
202400043841,2024-07-16,Afternoon,4,1,3.0,1,2,75
202400043842,2024-06-14,Afternoon,4,2,2.0,1,2,59
202400043843,2024-02-02,Evening,4,1,3.0,3,2,47
202400043844,2024-07-16,Morning,4,2,6.0,1,2,75
202400043845,2024-08-21,Afternoon,4,1,2.0,1,2,72
202400043846,2024-06-14,Morning,4,2,1.0,1,1,59
202400043847,2024-02-21,Night,4,8,5.0,5,2,01
202400043848,2024-06-13,Afternoon,3,1,6.0,1,2,57
202400043849,2024-08-22,Morning,4,1,1.0,1,2,67
202400043850,2024-07-16,Afternoon,4,1,6.0,1,2,75
202400043851,2024-02-23,Afternoon,4,1,3.0,1,2,58
202400043852,2024-06-14,Morning,4,2,3.0,1,2,56
202400043853,2024-08-21,Evening,4,1,1.0,5,2,64
202400043854,2024-07-15,Afternoon,4,1,3.0,1,2,75
202400043855,2024-06-14,Morning,4,1,6.0,1,2,54
202400043856,2024-08-22,Morning,4,1,2.0,1,2,64
202400043857,2024-07-15,Afternoon,4,1,7.0,1,2,75
202400043858,2024-06-13,Afternoon,4,1,6.0,1,2,54
202400043859,2024-06-15,Night,4,2,7.0,5,2,51
202400043860,2024-08-20,Evening,4,1,2.0,1,2,64
202400043861,2024-07-16,Afternoon,4,1,1.0,1,2,75
202400043862,2024-06-14,Afternoon,4,1,7.0,1,2,51
202400043863,2024-07-16,Afternoon,4,7,6.0,1,2,94
202400043864,2024-08-17,Afternoon,4,1,2.0,1,2,62
202400043865,2024-06-14,Afternoon,4,1,6.0,1,2,51
202400043866,2024-08-21,Morning,4,7,6.0,1,2,59
202400043867,2024-07-15,Night,4,1,3.0,5,2,94
202400043868,2024-06-14,Morning,4,1,2.0,1,2,51
202400043869,2024-08-20,Night,4,3,1.0,5,2,57
202400043870,2024-07-15,Afternoon,4,1,3.0,1,2,94
202400043871,2024-06-14,Morning,4,1,1.0,1,2,51
202400043872,2024-08-22,Afternoon,4,1,2.0,1,2,57
202400043873,2024-06-14,Afternoon,4,1,6.0,1,2,49
202400043874,2024-06-14,Morning,3,1,3.0,1,2,49
202400043875,2024-08-21,Afternoon,4,1,2.0,1,2,50
202400043876,2024-07-14,Afternoon,4,1,4.0,1,2,94
202400043877,2024-08-21,Morning,4,1,6.0,1,2,50
202400043878,2024-06-13,Evening,4,1,3.0,1,2,49
202400043879,2024-08-21,Afternoon,4,1,6.0,1,2,49
202400043880,2024-07-16,Evening,4,8,5.0,1,2,94
202400043881,2024-06-14,Morning,4,8,1.0,1,2,45
202400043882,2024-08-22,Morning,4,1,7.0,1,1,49
202400043883,2024-07-16,Afternoon,4,1,2.0,1,2,94
202400043884,2024-06-14,Night,4,2,7.0,5,2,43
202400043885,2024-08-22,Morning,4,1,2.0,1,2,45
202400043886,2024-07-16,Morning,4,2,6.0,1,2,94
202400043887,2024-06-14,Morning,3,1,6.0,1,2,43
202400043888,2024-08-22,Afternoon,3,1,6.0,1,2,42
202400043889,2024-07-16,Afternoon,3,1,2.0,1,2,94
202400043890,2024-06-14,Evening,4,1,7.0,1,2,42
202400043891,2024-08-22,Evening,4,1,6.0,1,2,38
202400043892,2024-08-22,Morning,4,1,6.0,1,2,37
202400043893,2024-02-20,Afternoon,3,7,3.0,1,2,39
202400043894,2024-07-16,Afternoon,4,1,2.0,1,2,94
202400043895,2024-06-14,Morning,3,1,6.0,1,1,38
202400043896,2024-08-20,Afternoon,4,1,6.0,1,2,34
202400043897,2024-07-15,Afternoon,4,1,2.0,1,2,94
202400043898,2024-06-14,Afternoon,4,8,6.0,1,2,37
202400043899,2024-08-22,Afternoon,4,1,6.0,1,2,33
202400043900,2024-07-16,Afternoon,4,1,2.0,1,2,93
202400043901,2024-06-14,Morning,4,8,2.0,1,2,37
202400043902,2024-08-21,Evening,4,1,3.0,1,2,33
202400043903,2024-07-16,Afternoon,3,1,2.0,1,2,93
202400043904,2024-06-14,Night,4,1,3.0,5,2,37
202400043905,2024-08-20,Night,4,1,2.0,3,2,31
202400043906,2024-07-16,Evening,4,1,3.0,2,2,93
202400043907,2024-06-14,Night,4,1,3.0,5,2,31
202400043908,2024-08-21,Evening,4,1,2.0,1,2,27
202400043909,2024-06-14,Evening,4,1,3.0,1,2,29
202400043910,2024-08-21,Evening,2,1,6.0,1,1,26
202400043911,2024-07-16,Morning,4,1,2.0,1,2,93
202400043912,2024-06-11,Evening,3,1,3.0,1,2,29
202400043913,2024-07-16,Afternoon,4,1,1.0,1,2,93
202400043914,2024-08-22,Evening,4,1,3.0,1,2,25
202400043915,2024-06-12,Afternoon,4,1,7.0,1,2,29
202400043916,2024-08-22,Night,4,1,6.0,5,2,25
202400043917,2024-06-13,Night,4,1,6.0,4,2,27
202400043918,2024-07-15,Morning,4,1,6.0,1,2,92
202400043919,2024-08-22,Morning,4,1,3.0,1,2,25
202400043920,2024-06-14,Evening,3,1,3.0,1,2,14
202400043921,2024-07-16,Night,4,1,7.0,5,2,92
202400043922,2024-08-22,Morning,3,1,3.0,1,1,13
202400043923,2024-06-10,Afternoon,4,1,6.0,1,2,13
202400043924,2024-08-22,Night,3,1,1.0,5,2,13
202400043925,2024-07-16,Morning,4,1,3.0,1,2,92
202400043926,2024-08-22,Morning,3,1,6.0,1,2,13
202400043927,2024-07-16,Morning,4,1,2.0,1,2,92
202400043928,2024-08-22,Afternoon,3,1,3.0,1,2,11
202400043929,2024-09-27,Afternoon,4,1,6.0,1,2,94
202400043930,2024-06-14,Morning,3,1,1.0,2,2,13
202400043931,2024-08-22,Morning,4,1,3.0,1,1,11
202400043932,2024-06-13,Morning,3,1,1.0,1,1,13
202400043933,2024-08-22,Afternoon,4,1,7.0,1,1,07
202400043934,2024-06-14,Evening,3,1,3.0,1,2,10
202400043935,2024-07-17,Night,2,1,2.0,2,1,38
202400043936,2024-08-22,Morning,4,7,1.0,1,2,06
202400043937,2024-09-27,Morning,4,1,3.0,1,2,94
202400043938,2024-06-13,Morning,3,1,6.0,1,2,06
202400043939,2024-08-17,Afternoon,4,1,2.0,1,2,05
202400043940,2024-07-16,Afternoon,3,1,7.0,1,1,22
202400043941,2024-06-13,Morning,3,7,2.0,1,2,03
202400043942,2024-07-25,Afternoon,4,1,2.0,1,2,05
202400043943,2024-07-17,Morning,4,1,3.0,1,1,85
202400043944,2024-09-26,Evening,4,8,6.0,1,1,94
202400043945,2024-06-14,Night,4,1,2.0,5,2,75
202400043946,2024-08-22,Afternoon,4,1,2.0,1,2,75
202400043948,2024-06-13,Morning,4,1,2.0,1,2,75
202400043949,2024-07-06,Afternoon,3,3,6.0,1,2,01
202400043950,2024-06-13,Evening,4,1,7.0,1,2,75
202400043951,2024-08-22,Morning,3,1,3.0,1,2,75
202400043952,2024-09-26,Afternoon,4,3,2.0,1,2,94
202400043953,2024-06-14,Afternoon,4,1,6.0,1,2,75
202400043954,2024-07-14,Night,3,8,6.0,3,2,01
202400043955,2024-06-14,Evening,4,8,6.0,1,2,75
202400043956,2024-08-22,Afternoon,4,1,6.0,1,2,75
202400043957,2024-07-17,Night,2,1,6.0,3,1,44
202400043958,2024-09-25,Morning,3,1,6.0,3,2,94
202400043959,2024-08-21,Afternoon,4,1,6.0,1,2,75
202400043960,2024-06-14,Morning,4,2,3.0,1,2,75
202400043961,2024-08-22,Night,4,1,7.0,5,2,75
202400043962,2024-07-17,Morning,3,1,1.0,1,1,21
202400043963,2024-09-27,Morning,4,1,6.0,1,2,93
202400043964,2024-07-16,Night,3,1,7.0,3,1,51
202400043965,2024-08-21,Evening,4,1,6.0,1,2,75
202400043966,2024-07-17,Morning,3,1,7.0,1,1,56
202400043967,2024-06-14,Evening,4,2,6.0,1,2,75
202400043968,2024-07-16,Night,4,1,7.0,5,2,56
202400043969,2024-09-27,Evening,4,2,6.0,5,2,93
202400043970,2024-08-21,Afternoon,4,1,3.0,1,2,75
202400043971,2024-06-14,Night,3,2,6.0,3,2,75
202400043972,2024-07-14,Afternoon,4,1,3.0,1,2,56
202400043973,2024-06-14,Night,4,2,6.0,5,2,75
202400043974,2024-09-27,Morning,4,1,3.0,1,2,93
202400043975,2024-08-22,Morning,4,1,5.0,1,2,75
202400043976,2024-07-17,Night,2,1,6.0,5,1,2A
202400043977,2024-06-14,Afternoon,4,1,3.0,1,2,75
202400043978,2024-08-22,Morning,4,1,7.0,1,2,75
202400043979,2024-09-27,Afternoon,4,1,6.0,1,2,93
202400043980,2024-07-14,Morning,4,1,4.0,1,2,2B
202400043981,2024-06-14,Evening,4,2,7.0,4,2,75
202400043982,2024-08-21,Afternoon,4,1,2.0,1,2,75
202400043983,2024-09-27,Evening,4,2,6.0,2,2,93
202400043984,2024-07-17,Morning,3,1,1.0,1,1,63
202400043985,2024-06-14,Morning,4,1,6.0,1,2,75
202400043986,2024-09-27,Afternoon,4,2,6.0,1,2,93
202400043987,2024-07-16,Afternoon,3,1,6.0,1,2,63
202400043988,2024-08-22,Morning,4,1,3.0,1,2,75
202400043989,2024-07-17,Evening,3,1,6.0,1,1,63
202400043990,2024-09-26,Evening,4,2,3.0,5,2,92
202400043991,2024-08-22,Morning,4,1,6.0,1,2,75
202400043992,2024-09-27,Night,4,1,6.0,5,2,92
202400043993,2024-08-21,Afternoon,4,1,7.0,1,2,75
202400043994,2024-09-27,Afternoon,4,1,6.0,1,2,92
202400043995,2024-08-22,Evening,4,1,3.0,1,2,94
202400043996,2024-08-22,Afternoon,4,1,6.0,1,2,94
202400043997,2024-09-26,Morning,4,8,6.0,1,2,92
202400043998,2024-06-13,Night,4,1,3.0,5,2,75
202400043999,2024-08-22,Morning,4,1,2.0,1,2,93
202400044000,2024-09-27,Afternoon,2,1,3.0,1,1,38
202400044001,2024-06-12,Afternoon,4,1,6.0,1,2,75
202400044003,2024-08-22,Morning,3,1,2.0,1,2,93
202400044004,2024-08-22,Afternoon,4,1,1.0,1,2,93
202400044005,2024-09-27,Evening,4,2,7.0,3,1,02
202400044006,2024-09-28,Night,2,2,6.0,3,1,71
202400044007,2024-06-14,Evening,4,2,5.0,1,2,94
202400044008,2024-08-22,Afternoon,3,1,3.0,1,2,93
202400044009,2024-09-28,Evening,3,1,7.0,1,2,76
202400044010,2024-08-22,Night,3,1,2.0,5,2,92
202400044011,2024-06-13,Afternoon,3,1,3.0,1,2,94
202400044012,2024-09-27,Afternoon,4,1,3.0,1,2,84
202400044013,2024-08-21,Afternoon,4,1,3.0,1,2,92
202400044014,2024-06-14,Morning,4,2,1.0,1,2,94
202400044015,2024-09-27,Night,4,1,7.0,3,1,52
202400044016,2024-08-22,Afternoon,4,1,3.0,1,2,37
202400044017,2024-09-27,Night,4,1,6.0,3,1,84
202400044018,2024-06-14,Night,2,2,3.0,5,2,94
202400044019,2024-08-23,Evening,2,1,6.0,1,1,37
202400044020,2024-09-28,Morning,4,8,6.0,3,1,50
202400044021,2024-08-23,Afternoon,4,6,7.0,1,1,54
202400044022,2024-06-14,Night,4,1,2.0,2,2,94
202400044023,2024-08-23,Evening,3,1,6.0,1,1,86
202400044024,2024-09-28,Night,3,2,3.0,3,1,89
202400044025,2024-08-23,Morning,3,1,7.0,1,1,43
202400044026,2024-06-13,Evening,4,1,3.0,1,2,94
202400044028,2024-09-26,Afternoon,4,2,4.0,1,1,51
202400044029,2024-06-14,Morning,4,1,7.0,1,2,94
202400044030,2024-08-23,Evening,3,1,3.0,1,2,57
202400044031,2024-09-27,Evening,3,1,3.0,1,1,56
202400044032,2024-06-14,Morning,4,1,2.0,1,2,93
202400044033,2024-08-23,Afternoon,3,1,6.0,1,1,28
202400044034,2024-09-28,Afternoon,4,1,6.0,1,2,11
202400044035,2024-06-12,Morning,4,1,2.0,1,2,93
202400044036,2024-09-27,Night,4,6,6.0,3,1,11
202400044037,2024-06-13,Night,3,1,6.0,5,2,93
202400044038,2024-08-23,Morning,4,2,3.0,3,1,35
202400044039,2024-09-25,Evening,3,1,6.0,2,1,63
202400044040,2024-12-07,Evening,4,2,3.0,5,2,91
202400044041,2024-08-23,Afternoon,4,1,6.0,1,1,01
202400044042,2024-09-27,Morning,3,2,6.0,1,2,61
202400044043,2024-06-14,Afternoon,4,1,3.0,1,2,93
202400044044,2024-12-07,Evening,4,6,1.0,5,2,83
202400044045,2024-08-23,Afternoon,4,2,4.0,1,1,22
202400044046,2024-06-14,Morning,4,1,6.0,1,2,93
202400044047,2024-09-27,Morning,3,7,6.0,1,2,49
202400044048,2024-12-07,Morning,4,6,3.0,1,2,78
202400044049,2024-08-23,Afternoon,4,1,2.0,1,2,42
202400044050,2024-06-14,Afternoon,4,1,3.0,1,2,93
202400044051,2024-12-07,Afternoon,4,1,2.0,1,2,78
202400044052,2024-09-28,Morning,3,3,2.0,1,1,25
202400044053,2024-08-23,Afternoon,3,1,1.0,1,1,83
202400044054,2024-12-07,Evening,4,2,6.0,5,2,78
202400044055,2024-06-14,Morning,4,1,3.0,1,2,93
202400044056,2024-09-28,Afternoon,3,1,1.0,1,1,25
202400044057,2024-08-23,Night,3,1,6.0,4,2,62
202400044058,2024-06-14,Morning,4,1,3.0,1,2,93
202400044059,2024-08-22,Afternoon,4,1,7.0,1,2,51
202400044060,2024-08-13,Morning,3,1,6.0,2,1,44
202400044061,2024-06-14,Morning,4,1,6.0,1,2,93
202400044062,2024-12-06,Afternoon,4,1,3.0,1,2,76
202400044063,2024-08-21,Afternoon,3,1,1.0,1,1,51
202400044064,2024-09-28,Night,2,1,6.0,3,1,35
202400044065,2024-12-07,Night,4,1,6.0,5,2,73
202400044066,2024-06-13,Afternoon,4,1,3.0,1,2,92
202400044067,2024-08-23,Afternoon,3,1,1.0,1,1,80
202400044068,2024-09-24,Morning,4,1,6.0,1,2,31
202400044069,2024-12-07,Evening,4,1,6.0,5,2,72
202400044070,2024-06-14,Evening,4,1,1.0,1,2,92
202400044071,2024-12-06,Evening,4,1,1.0,5,2,72
202400044072,2024-09-28,Afternoon,4,1,7.0,1,2,54
202400044073,2024-08-22,Night,4,1,1.0,3,1,65
202400044074,2024-06-14,Evening,4,2,6.0,1,2,92
202400044075,2024-12-06,Evening,4,1,2.0,4,2,72
202400044076,2024-08-22,Morning,4,1,1.0,1,1,11
202400044077,2024-09-28,Night,2,2,7.0,3,1,54
202400044078,2024-06-13,Evening,4,8,2.0,1,2,92
202400044079,2024-12-06,Afternoon,4,1,2.0,5,1,69
202400044080,2024-08-22,Night,3,1,7.0,3,2,89
202400044081,2024-09-27,Morning,4,8,3.0,1,2,24
202400044082,2024-06-14,Evening,4,2,3.0,1,2,92
202400044083,2024-08-22,Afternoon,3,1,7.0,1,1,61
202400044084,2024-12-07,Evening,4,1,2.0,5,2,69
202400044085,2024-09-27,Afternoon,4,2,6.0,1,2,48
202400044086,2024-08-23,Morning,4,1,7.0,2,1,55
202400044087,2024-06-14,Night,4,2,6.0,5,2,92
202400044088,2024-12-07,Evening,4,2,1.0,5,2,67
202400044089,2024-06-13,Morning,4,1,6.0,1,2,92
202400044090,2024-08-22,Evening,2,1,1.0,3,1,44
202400044091,2024-09-27,Evening,4,2,1.0,3,1,52
202400044092,2024-08-15,Morning,3,1,6.0,1,2,29
202400044093,2024-06-13,Evening,4,1,3.0,1,2,92
202400044094,2024-12-07,Afternoon,4,8,1.0,1,2,67
202400044095,2024-08-22,Afternoon,4,1,3.0,1,1,15
202400044096,2024-12-07,Night,4,1,3.0,5,2,67
202400044097,2024-08-17,Morning,3,1,7.0,1,1,01
202400044098,2024-09-28,Afternoon,2,6,3.0,1,1,13
202400044099,2024-06-12,Morning,4,1,3.0,1,2,92
202400044101,2024-08-22,Evening,4,1,7.0,1,1,54
202400044102,2024-12-07,Morning,4,1,4.0,1,1,66
202400044103,2024-06-14,Morning,4,2,3.0,1,2,92
202400044104,2024-08-23,Morning,3,1,3.0,1,2,05
202400044105,2024-09-27,Evening,4,8,3.0,1,2,60
202400044106,2024-11-02,Morning,3,1,7.0,1,1,70
202400044109,2024-12-06,Evening,4,1,4.0,5,1,66
202400044110,2024-08-22,Morning,4,1,3.0,1,1,50
202400044111,2024-11-01,Evening,4,1,1.0,3,1,26
202400044112,2024-12-07,Evening,4,6,6.0,5,2,64
202400044113,2024-06-15,Night,4,2,2.0,3,1,80
202400044114,2024-10-30,Afternoon,4,1,6.0,1,1,72
202400044115,2024-08-23,Afternoon,4,1,1.0,1,1,90
202400044117,2024-06-12,Morning,3,1,6.0,1,2,62
202400044118,2024-12-07,Evening,4,2,6.0,5,2,62
202400044119,2024-11-01,Morning,4,1,7.0,1,1,06
202400044120,2024-12-07,Night,4,2,6.0,3,1,62
202400044121,2024-09-28,Morning,3,1,3.0,1,2,34
202400044122,2024-06-14,Afternoon,3,1,1.0,1,1,17
202400044123,2024-11-02,Afternoon,3,1,7.0,1,1,05
202400044124,2024-12-07,Evening,4,2,6.0,5,2,61
202400044125,2024-08-23,Morning,4,1,3.0,1,2,36
202400044126,2024-06-06,Afternoon,3,1,1.0,1,2,31
202400044127,2024-12-07,Afternoon,2,3,6.0,1,2,60
202400044128,2024-09-27,Evening,4,1,1.0,3,1,83
202400044129,2024-08-22,Afternoon,3,1,2.0,1,2,21
202400044130,2024-06-15,Afternoon,2,1,6.0,1,1,81
202400044131,2024-11-01,Night,4,1,6.0,3,1,60
202400044132,2024-08-23,Afternoon,3,1,6.0,1,2,23
202400044133,2024-12-06,Afternoon,4,1,3.0,1,2,59
202400044135,2024-09-28,Morning,2,1,3.0,1,1,83
202400044136,2024-08-22,Night,3,1,7.0,3,1,87
202400044137,2024-09-27,Afternoon,3,1,6.0,1,1,05
202400044138,2024-12-07,Evening,4,2,3.0,5,2,56
202400044139,2024-06-12,Afternoon,3,1,3.0,1,1,79
202400044140,2024-11-02,Afternoon,4,8,3.0,2,1,45
202400044141,2024-12-07,Morning,4,1,6.0,5,2,54
202400044142,2024-08-22,Afternoon,3,1,2.0,1,1,30
202400044143,2024-06-06,Morning,4,1,1.0,1,1,26
202400044144,2024-11-01,Evening,4,1,7.0,3,1,64
202400044145,2024-12-07,Evening,4,3,6.0,5,2,51
202400044146,2024-08-22,Morning,3,1,3.0,1,1,30
202400044147,2024-09-27,Afternoon,4,1,4.0,1,1,71
202400044148,2024-06-14,Evening,4,2,7.0,1,1,72
202400044149,2024-11-01,Morning,3,1,6.0,1,2,07
202400044150,2024-09-27,Afternoon,3,6,3.0,1,1,57
202400044151,2024-12-07,Morning,4,2,6.0,1,2,43
202400044152,2024-06-15,Morning,4,1,3.0,1,2,30
202400044153,2024-08-23,Evening,3,1,6.0,1,1,48
202400044154,2024-11-02,Afternoon,4,1,1.0,1,2,07
202400044155,2024-09-27,Afternoon,4,1,1.0,1,1,57
202400044156,2024-12-07,Afternoon,4,2,6.0,1,1,42
202400044157,2024-06-15,Night,3,8,3.0,3,1,30
202400044158,2024-06-14,Evening,3,8,7.0,1,1,19
202400044159,2024-11-01,Afternoon,4,1,1.0,1,1,53
202400044160,2024-09-19,Evening,3,1,3.0,1,1,69
202400044161,2024-12-07,Morning,4,2,3.0,1,2,38
202400044162,2024-11-01,Afternoon,3,1,6.0,1,1,21
202400044163,2024-08-22,Afternoon,4,1,4.0,1,1,31
202400044164,2024-06-14,Morning,3,1,1.0,1,1,79
202400044165,2024-11-02,Afternoon,3,1,6.0,1,1,40
202400044166,2024-08-23,Morning,3,1,2.0,1,1,04
202400044167,2024-06-09,Night,3,1,7.0,3,1,32
202400044168,2024-09-27,Afternoon,3,1,1.0,1,1,24
202400044169,2024-11-01,Night,3,1,7.0,3,1,30
202400044170,2024-12-07,Afternoon,4,2,5.0,2,2,35
202400044171,2024-07-28,Afternoon,4,1,6.0,1,1,47
202400044172,2024-06-14,Morning,3,2,1.0,1,2,63
202400044173,2024-09-27,Afternoon,4,2,1.0,1,2,76
202400044174,2024-11-02,Afternoon,3,1,3.0,1,1,30
202400044175,2024-08-23,Afternoon,2,1,7.0,1,1,67
202400044176,2024-12-07,Afternoon,4,2,3.0,2,2,35
202400044177,2024-09-28,Morning,3,1,6.0,1,1,60
202400044178,2024-06-15,Afternoon,4,1,1.0,1,1,55
202400044180,2024-12-06,Evening,4,2,6.0,5,2,35
202400044181,2024-08-23,Morning,4,1,2.0,1,1,45
202400044182,2024-06-14,Afternoon,4,1,6.0,1,1,41
202400044183,2024-09-27,Morning,4,1,4.0,1,2,60
202400044185,2024-06-13,Afternoon,3,1,6.0,1,2,68
202400044186,2024-11-28,Afternoon,3,1,3.0,2,2,34
202400044187,2024-11-01,Evening,3,1,3.0,5,1,63
202400044188,2024-06-15,Night,4,2,7.0,2,2,68
202400044190,2024-09-28,Morning,3,7,3.0,1,2,80
202400044191,2024-12-06,Morning,4,1,2.0,5,2,34
202400044194,2024-09-27,Night,4,1,1.0,5,2,59
202400044195,2024-06-15,Morning,2,1,6.0,1,1,15
202400044196,2024-12-07,Evening,4,2,6.0,5,2,33
202400044197,2024-11-02,Afternoon,3,1,3.0,1,1,17
202400044198,2024-06-15,Morning,3,1,6.0,1,2,01
202400044199,2024-12-07,Afternoon,4,3,3.0,2,2,31
202400044200,2024-09-27,Afternoon,4,1,3.0,1,1,13
202400044201,2024-11-02,Night,4,1,7.0,3,1,68
202400044202,2024-06-15,Evening,4,1,3.0,1,1,58
202400044203,2024-11-02,Night,2,1,6.0,3,1,57
202400044204,2024-12-07,Night,4,1,1.0,5,2,13
202400044205,2024-06-14,Evening,3,1,3.0,1,1,06
202400044206,2024-09-26,Evening,4,1,5.0,3,1,69
202400044207,2024-12-07,Night,3,1,3.0,5,2,13
202400044209,2024-06-05,Afternoon,3,1,3.0,1,1,14
202400044210,2024-09-26,Night,2,1,6.0,3,1,57
202400044211,2024-12-07,Evening,4,1,3.0,5,2,13
202400044212,2024-11-02,Morning,3,1,2.0,1,2,2A
202400044213,2024-06-15,Morning,4,1,2.0,1,2,14
202400044214,2024-11-02,Night,3,1,6.0,3,1,11
202400044215,2024-12-07,Evening,4,1,3.0,5,2,13
202400044216,2024-11-01,Evening,4,1,6.0,3,1,83
202400044217,2024-05-15,Evening,3,1,3.0,1,2,45
202400044218,2024-12-06,Afternoon,3,8,1.0,4,2,03
202400044219,2024-09-26,Morning,4,3,5.0,2,1,57
202400044220,2024-12-06,Evening,3,1,6.0,5,2,02
202400044221,2024-11-01,Evening,4,5,1.0,2,1,38
202400044222,2024-06-10,Evening,4,1,3.0,1,1,73
202400044223,2024-06-15,Afternoon,3,1,6.0,1,1,73
202400044224,2024-11-02,Afternoon,3,1,1.0,1,1,26
202400044225,2024-09-27,Evening,4,1,4.0,1,1,33
202400044226,2024-12-06,Afternoon,4,1,4.0,1,2,75
202400044227,2024-06-15,Night,3,3,6.0,3,1,10
202400044228,2024-10-22,Afternoon,3,2,6.0,1,1,69
202400044229,2024-09-27,Evening,4,1,3.0,3,1,91
202400044230,2024-12-05,Evening,4,2,3.0,4,2,75
202400044231,2024-06-15,Night,4,1,1.0,3,1,16
202400044232,2024-11-02,Morning,2,5,3.0,1,1,79
202400044233,2024-09-27,Morning,4,1,2.0,1,1,91
202400044234,2024-12-06,Afternoon,4,1,3.0,5,2,75
202400044235,2024-12-06,Afternoon,4,1,6.0,1,2,75
202400044236,2024-09-27,Evening,4,2,6.0,3,1,78
202400044237,2024-06-12,Evening,4,1,4.0,1,1,21
202400044238,2024-11-01,Evening,4,1,3.0,5,1,33
202400044239,2024-12-06,Night,4,1,3.0,5,2,75
202400044240,2024-10-31,Afternoon,3,1,7.0,1,2,59
202400044241,2024-06-12,Evening,4,1,2.0,1,2,40
202400044242,2024-09-26,Afternoon,4,1,5.0,1,1,92
202400044243,2024-06-15,Afternoon,3,1,6.0,1,1,48
202400044244,2024-12-07,Afternoon,4,2,3.0,2,2,75
202400044245,2024-11-01,Morning,4,1,2.0,1,1,78
202400044246,2024-06-14,Evening,4,2,6.0,2,1,33
202400044247,2024-09-26,Afternoon,4,2,6.0,1,1,78
202400044248,2024-11-01,Afternoon,3,1,2.0,1,1,95
202400044249,2024-12-07,Afternoon,4,1,1.0,1,2,75
202400044250,2024-06-14,Afternoon,4,1,2.0,1,1,06
202400044251,2024-09-26,Morning,4,8,2.0,1,1,92
202400044252,2024-11-01,Afternoon,4,1,2.0,1,1,93
202400044253,2024-12-07,Morning,4,1,3.0,1,2,75
202400044254,2024-06-14,Morning,4,1,3.0,1,1,63
202400044255,2024-12-07,Evening,3,2,6.0,5,2,75
202400044256,2024-11-01,Morning,4,1,3.0,1,1,93
202400044257,2024-09-26,Morning,4,8,2.0,1,1,92
202400044258,2024-06-15,Afternoon,3,1,6.0,1,1,27
202400044259,2024-10-31,Night,4,1,7.0,3,1,92
202400044260,2024-12-07,Afternoon,4,2,1.0,4,2,75
202400044261,2024-09-26,Morning,4,2,2.0,1,1,78
202400044263,2024-07-31,Afternoon,4,1,3.0,1,1,28
202400044264,2024-12-07,Morning,4,6,3.0,1,2,75
202400044265,2024-06-15,Evening,2,1,1.0,1,2,30
202400044267,2024-12-07,Night,4,2,3.0,5,2,75
202400044268,2024-09-25,Afternoon,3,2,5.0,1,1,92
202400044269,2024-06-14,Morning,4,1,3.0,1,1,34
202400044271,2024-06-14,Evening,4,1,7.0,1,2,34
202400044272,2024-12-07,Afternoon,4,1,3.0,1,2,75
202400044273,2024-09-27,Morning,4,8,4.0,1,1,93
202400044275,2024-06-15,Evening,3,1,6.0,1,1,84
202400044276,2024-12-06,Morning,4,1,3.0,1,2,75
202400044277,2024-06-15,Night,3,1,1.0,3,1,13
202400044278,2024-09-26,Evening,4,2,2.0,1,1,93
202400044279,2024-10-31,Evening,4,1,3.0,2,2,69
202400044280,2024-12-07,Morning,4,2,6.0,5,2,94
202400044281,2024-06-14,Afternoon,4,1,2.0,1,2,13
202400044282,2024-10-31,Afternoon,4,1,3.0,1,2,69
202400044283,2024-09-26,Morning,4,1,3.0,1,1,93
202400044284,2024-12-07,Afternoon,4,8,3.0,2,2,94
202400044285,2024-10-31,Afternoon,4,1,6.0,1,2,69
202400044286,2024-12-06,Afternoon,4,1,6.0,5,2,94
202400044287,2024-06-15,Night,3,2,2.0,3,1,74
202400044288,2024-09-25,Evening,4,3,4.0,2,2,93
202400044289,2024-06-14,Evening,3,1,2.0,3,1,38
202400044290,2024-12-06,Afternoon,4,1,3.0,1,2,94
202400044292,2024-12-06,Afternoon,4,1,6.0,1,2,94
202400044293,2024-06-15,Night,3,1,3.0,2,1,86
202400044294,2024-09-27,Evening,4,3,6.0,1,1,77