Num_Acc,date,time_of_day,max_severity,weather,collision_type,lighting,urban_area,department
202400044295,2024-10-31,Evening,4,1,3.0,5,2,2A
202400044296,2024-12-07,Evening,4,3,6.0,2,2,93
202400044297,2024-10-31,Morning,2,1,7.0,1,1,2A
202400044298,2024-06-14,Evening,4,3,6.0,1,1,35
202400044299,2024-09-27,Evening,4,2,3.0,1,1,94
202400044300,2024-10-30,Afternoon,4,8,6.0,1,2,91
202400044301,2024-12-06,Evening,4,1,3.0,5,2,93
202400044302,2024-06-08,Afternoon,3,1,3.0,1,1,27
202400044304,2024-12-06,Evening,4,1,6.0,5,2,93
202400044305,2024-10-31,Afternoon,3,1,3.0,1,2,91
202400044306,2024-06-14,Night,4,8,3.0,3,1,76
202400044307,2024-12-07,Evening,4,2,3.0,5,2,92
202400044308,2024-10-31,Afternoon,4,1,2.0,1,2,91
202400044309,2024-09-26,Evening,3,2,3.0,5,2,69
202400044310,2024-12-07,Morning,4,8,2.0,1,2,92
202400044311,2024-06-15,Morning,4,1,3.0,1,1,80
202400044312,2024-10-31,Afternoon,4,8,3.0,1,2,91
202400044313,2024-12-07,Night,4,1,7.0,5,2,92
202400044315,2024-06-15,Morning,3,1,1.0,1,1,62
202400044316,2024-12-06,Evening,3,1,6.0,5,2,92
202400044317,2024-06-14,Evening,4,1,3.0,1,1,13
202400044318,2024-10-30,Evening,4,1,4.0,1,2,87
202400044320,2024-12-07,Night,4,2,1.0,5,2,92
202400044321,2024-09-25,Morning,4,8,6.0,2,2,91
202400044322,2024-10-30,Afternoon,4,1,4.0,1,2,87
202400044323,2024-12-07,Afternoon,4,2,2.0,3,2,92
202400044324,2024-09-25,Afternoon,2,2,6.0,1,2,91
202400044325,2024-12-07,Morning,4,1,3.0,1,2,92
202400044326,2024-10-30,Morning,4,1,3.0,1,2,87
202400044327,2024-09-26,Afternoon,4,3,6.0,1,2,91
202400044328,2024-12-07,Evening,4,2,6.0,5,2,92
202400044329,2024-10-31,Morning,4,1,4.0,1,2,84
202400044330,2024-09-26,Morning,4,3,3.0,1,1,87
202400044331,2024-12-07,Evening,4,3,1.0,5,2,60
202400044332,2024-10-30,Afternoon,4,1,5.0,1,2,84
202400044333,2024-09-25,Morning,3,1,7.0,1,2,84
202400044334,2024-12-04,Evening,3,1,3.0,3,1,18
202400044335,2024-09-26,Afternoon,4,1,3.0,1,1,83
202400044336,2024-11-01,Night,4,1,2.0,5,2,80
202400044337,2024-10-28,Evening,3,2,1.0,3,2,31
202400044338,2024-09-26,Morning,3,3,6.0,1,2,82
202400044339,2024-10-30,Afternoon,4,1,3.0,1,2,80
202400044341,2024-09-24,Afternoon,4,1,3.0,1,1,80
202400044342,2024-10-31,Afternoon,3,1,6.0,1,2,78
202400044344,2024-09-25,Evening,4,3,3.0,2,1,78
202400044345,2024-12-07,Afternoon,2,2,4.0,3,1,60
202400044346,2024-09-26,Morning,3,2,6.0,1,2,77
202400044347,2024-12-07,Night,4,2,6.0,3,1,50
202400044348,2024-10-31,Evening,4,1,3.0,5,2,77
202400044349,2024-09-26,Morning,4,1,6.0,1,2,76
202400044350,2024-12-07,Afternoon,4,6,6.0,5,2,62
202400044351,2024-09-25,Evening,4,3,3.0,1,1,76
202400044352,2024-12-07,Morning,3,1,6.0,1,2,95
202400044353,2024-09-26,Evening,4,8,6.0,5,2,72
202400044354,2024-10-29,Evening,3,2,1.0,5,2,76
202400044355,2024-09-25,Afternoon,4,2,3.0,1,2,72
202400044356,2024-12-08,Night,4,2,6.0,4,2,76
202400044357,2024-09-26,Morning,4,2,7.0,1,2,72
202400044358,2024-10-31,Afternoon,3,1,3.0,5,1,74
202400044359,2024-12-07,Afternoon,4,3,6.0,1,1,76
202400044360,2024-09-26,Morning,4,2,3.0,1,2,72
202400044361,2024-10-31,Afternoon,3,7,6.0,1,1,73
202400044362,2024-09-26,Afternoon,4,1,3.0,1,1,71
202400044363,2024-12-08,Night,4,2,7.0,3,1,80
202400044364,2024-10-31,Evening,4,1,7.0,5,2,72
202400044365,2024-09-26,Afternoon,4,3,7.0,1,2,71
202400044366,2024-12-08,Night,3,1,6.0,3,2,33
202400044367,2024-10-30,Evening,4,1,1.0,5,2,72
202400044368,2024-09-26,Night,4,2,6.0,4,2,69
202400044369,2024-12-07,Evening,3,2,6.0,3,1,81
202400044370,2024-10-30,Afternoon,4,1,3.0,1,2,72
202400044371,2024-09-25,Afternoon,4,1,3.0,1,2,67
202400044372,2024-12-08,Morning,4,1,7.0,3,1,81
202400044373,2024-10-30,Afternoon,3,9,6.0,5,2,71
202400044374,2024-09-25,Afternoon,4,8,3.0,1,2,67
202400044375,2024-10-31,Afternoon,4,1,1.0,1,2,69
202400044376,2024-12-06,Afternoon,4,2,1.0,1,1,89
202400044377,2024-10-31,Afternoon,4,1,6.0,2,2,67
202400044378,2024-09-24,Afternoon,4,1,3.0,1,2,67
202400044379,2024-12-07,Evening,3,1,7.0,3,1,68
202400044380,2024-12-08,Night,3,4,6.0,3,1,25
202400044381,2024-10-31,Afternoon,4,1,3.0,1,2,64
202400044382,2024-09-26,Night,3,3,3.0,5,1,64
202400044383,2024-10-31,Morning,4,1,3.0,1,2,64
202400044384,2024-12-01,Night,4,2,3.0,3,2,44
202400044385,2024-09-26,Morning,4,2,3.0,3,2,63
202400044386,2024-10-30,Afternoon,4,1,3.0,1,2,64
202400044387,2024-12-08,Night,3,2,6.0,3,1,31
202400044388,2024-09-26,Morning,4,2,3.0,5,2,63
202400044389,2024-10-29,Morning,4,1,1.0,1,2,64
202400044390,2024-09-25,Afternoon,3,1,3.0,1,2,62
202400044391,2024-12-07,Evening,4,2,5.0,5,2,38
202400044392,2024-10-30,Afternoon,4,1,3.0,1,2,64
202400044394,2024-09-20,Morning,4,1,3.0,1,2,62
202400044395,2024-10-30,Afternoon,3,1,6.0,1,2,60
202400044396,2024-12-08,Night,3,2,6.0,3,1,36
202400044397,2024-09-21,Afternoon,4,1,3.0,1,2,62
202400044398,2024-10-31,Afternoon,4,1,3.0,1,2,59
202400044399,2024-09-25,Morning,4,2,6.0,4,2,62
202400044400,2024-10-30,Morning,2,1,6.0,1,2,57
202400044401,2024-09-25,Afternoon,4,2,6.0,1,2,60
202400044402,2024-12-07,Morning,4,1,1.0,1,1,36
202400044403,2024-12-08,Morning,3,1,6.0,1,2,85
202400044404,2024-10-31,Afternoon,4,1,1.0,2,2,56
202400044405,2024-09-25,Afternoon,3,1,5.0,1,2,59
202400044406,2024-10-30,Afternoon,4,1,6.0,1,2,56
202400044407,2024-12-08,Morning,3,1,3.0,2,2,67
202400044408,2024-09-26,Afternoon,4,1,3.0,1,2,59
202400044409,2024-11-01,Night,4,1,6.0,5,2,54
202400044410,2024-09-25,Afternoon,4,1,6.0,1,2,59
202400044411,2024-12-08,Afternoon,4,2,5.0,3,1,10
202400044412,2024-10-31,Afternoon,4,1,2.0,1,2,54
202400044413,2024-09-25,Afternoon,4,3,1.0,1,2,56
202400044414,2024-12-04,Evening,3,1,1.0,5,2,31
202400044415,2024-10-31,Afternoon,3,1,1.0,1,2,51
202400044416,2024-12-08,Night,4,1,6.0,3,2,34
202400044417,2024-09-25,Afternoon,4,1,6.0,1,2,54
202400044418,2024-10-30,Evening,4,1,1.0,5,2,51
202400044419,2024-10-31,Morning,4,1,7.0,1,2,50
202400044420,2024-09-26,Morning,4,2,1.0,1,1,54
202400044421,2024-12-07,Night,4,2,2.0,3,1,68
202400044422,2024-09-26,Night,4,2,6.0,5,2,51
202400044423,2024-11-01,Night,3,1,2.0,5,2,49
202400044424,2024-12-07,Evening,2,8,6.0,5,2,69
202400044425,2024-10-31,Evening,4,2,6.0,5,2,49
202400044426,2024-12-06,Morning,4,1,6.0,1,1,45
202400044427,2024-09-26,Afternoon,4,2,3.0,1,2,51
202400044428,2024-10-30,Morning,4,2,3.0,2,2,45
202400044429,2024-09-26,Morning,4,1,6.0,5,2,51
202400044431,2024-10-31,Evening,3,1,3.0,5,2,44
202400044432,2024-12-03,Evening,4,1,6.0,3,2,2A
202400044433,2024-10-31,Morning,3,8,6.0,2,2,44
202400044434,2024-09-26,Evening,4,8,3.0,2,2,51
202400044435,2024-09-24,Evening,3,1,1.0,1,2,49
202400044436,2024-12-07,Evening,4,6,3.0,3,1,34
202400044437,2024-10-25,Evening,3,1,3.0,2,2,44
202400044438,2024-10-29,Afternoon,3,8,6.0,1,2,40
202400044439,2024-09-24,Afternoon,4,1,3.0,1,2,41
202400044440,2024-12-03,Morning,4,1,3.0,1,1,67
202400044441,2024-09-19,Evening,2,1,7.0,5,2,38
202400044442,2024-10-31,Afternoon,4,1,4.0,1,2,38
202400044443,2024-09-26,Afternoon,4,1,7.0,1,2,37
202400044444,2024-12-06,Evening,4,1,3.0,5,2,38
202400044445,2024-10-30,Afternoon,3,1,6.0,2,2,38
202400044446,2024-09-26,Afternoon,4,1,7.0,1,2,37
202400044447,2024-12-07,Evening,3,2,1.0,3,1,69
202400044448,2024-10-31,Morning,3,1,6.0,1,2,37
202400044449,2024-09-25,Night,4,3,2.0,4,2,37
202400044450,2024-12-08,Afternoon,3,2,1.0,1,1,69
202400044451,2024-10-31,Night,4,1,6.0,5,2,35
202400044452,2024-09-26,Evening,4,1,7.0,5,2,35
202400044453,2024-10-30,Morning,4,1,6.0,1,2,34
202400044454,2024-09-26,Afternoon,3,1,2.0,1,1,34
202400044455,2024-10-27,Afternoon,4,1,6.0,1,2,34
202400044456,2024-12-06,Morning,2,8,3.0,1,2,40
202400044457,2024-10-31,Evening,3,1,3.0,2,2,33
202400044458,2024-09-26,Afternoon,4,1,4.0,1,2,34
202400044459,2024-12-07,Night,3,2,1.0,5,2,33
202400044460,2024-09-07,Night,3,3,6.0,3,2,33
202400044461,2024-12-07,Evening,4,6,6.0,5,2,85
202400044462,2024-09-26,Afternoon,3,2,6.0,1,2,31
202400044463,2024-10-31,Afternoon,4,1,3.0,1,2,33
202400044464,2024-09-25,Afternoon,4,1,3.0,1,2,30
202400044465,2024-10-30,Afternoon,4,1,3.0,1,2,33
202400044466,2024-12-08,Evening,3,1,1.0,5,2,72
202400044467,2024-10-31,Morning,3,1,,1,2,32
202400044468,2024-12-08,Morning,4,2,2.0,1,1,61
202400044469,2024-09-26,Afternoon,4,2,3.0,1,2,25
202400044470,2024-10-30,Afternoon,4,1,3.0,4,2,29
202400044471,2024-12-08,Evening,4,3,6.0,3,1,14
202400044472,2024-09-26,Afternoon,4,8,1.0,1,2,13
202400044473,2024-10-30,Evening,4,1,6.0,5,2,29
202400044474,2024-09-26,Night,4,1,3.0,5,2,13
202400044475,2024-10-31,Evening,4,1,1.0,5,2,25
202400044476,2024-12-06,Evening,4,1,4.0,3,1,13
202400044477,2024-09-26,Afternoon,4,1,3.0,1,2,13
202400044478,2024-10-31,Afternoon,4,1,2.0,1,1,22
202400044479,2024-09-26,Morning,4,8,3.0,1,2,13
202400044480,2024-12-07,Afternoon,4,2,4.0,1,1,33
202400044481,2024-09-25,Afternoon,4,1,3.0,1,2,13
202400044482,2024-10-30,Afternoon,4,1,7.0,1,2,15
202400044483,2024-12-07,Night,4,3,2.0,3,1,33
202400044484,2024-07-30,Evening,4,1,6.0,1,2,11
202400044485,2024-10-31,Morning,4,1,2.0,1,2,13
202400044486,2024-12-07,Morning,4,8,7.0,1,1,91
202400044487,2024-12-07,Morning,4,2,7.0,1,1,91
202400044488,2024-09-26,Afternoon,4,2,4.0,1,1,07
202400044489,2024-10-31,Night,4,1,1.0,4,1,13
202400044490,2024-10-30,Morning,4,1,2.0,1,2,13
202400044491,2024-12-07,Evening,4,8,3.0,5,1,92
202400044492,2024-09-26,Morning,4,3,3.0,1,2,06
202400044493,2024-12-07,Morning,4,2,3.0,5,1,93
202400044494,2024-09-25,Morning,4,8,3.0,1,2,01
202400044495,2024-09-26,Evening,4,2,2.0,1,2,75
202400044496,2024-12-07,Evening,4,2,3.0,3,1,94
202400044497,2024-12-07,Night,4,2,6.0,5,1,77
202400044498,2024-10-31,Afternoon,4,1,1.0,1,2,13
202400044499,2024-10-31,Evening,4,1,1.0,3,1,13
202400044500,2024-12-06,Afternoon,4,1,6.0,1,1,94
202400044501,2024-09-25,Afternoon,4,1,4.0,1,2,75
202400044502,2024-05-29,Night,3,1,3.0,4,2,13
202400044503,2024-09-26,Afternoon,3,2,6.0,1,2,75
202400044505,2024-09-25,Night,4,3,6.0,5,2,75
202400044507,2024-10-31,Evening,4,1,4.0,3,1,13
202400044508,2024-09-26,Afternoon,3,2,6.0,1,2,75
202400044509,2024-09-26,Evening,4,2,3.0,1,2,75
202400044510,2024-10-30,Afternoon,2,1,1.0,1,1,13
202400044511,2024-09-26,Afternoon,4,2,6.0,1,2,75
202400044513,2024-10-30,Morning,4,1,3.0,1,1,11
202400044514,2024-09-25,Evening,4,2,3.0,5,2,75
202400044515,2024-10-31,Morning,4,2,7.0,1,2,10
202400044517,2024-09-25,Afternoon,4,2,6.0,1,2,75
202400044518,2024-10-31,Afternoon,2,1,6.0,1,2,07
202400044520,2024-09-25,Afternoon,4,2,6.0,1,2,75
202400044521,2024-10-31,Evening,4,1,3.0,5,2,06
202400044522,2024-09-25,Morning,4,2,3.0,1,2,75
202400044524,2024-10-31,Afternoon,4,1,3.0,1,2,06
202400044526,2024-10-30,Morning,4,1,2.0,1,2,75
202400044527,2024-09-26,Evening,3,1,6.0,1,2,75
202400044528,2024-09-26,Evening,4,8,3.0,5,2,75
202400044530,2024-09-26,Afternoon,4,3,7.0,1,2,75
202400044531,2024-12-06,Morning,4,1,1.0,1,2,95
202400044532,2024-09-25,Evening,4,3,6.0,5,2,75
202400044533,2024-10-31,Evening,4,1,6.0,5,2,75
202400044534,2024-12-06,Evening,4,1,6.0,5,2,91
202400044535,2024-09-26,Morning,4,8,6.0,1,2,75
202400044536,2024-12-06,Evening,4,1,3.0,5,2,91
202400044537,2024-10-31,Morning,3,1,3.0,1,2,75
202400044538,2024-09-26,Morning,4,2,3.0,3,1,94
202400044539,2024-12-06,Morning,4,1,6.0,1,2,91
202400044540,2024-12-05,Evening,4,2,3.0,5,2,87
202400044541,2024-09-25,Afternoon,4,2,2.0,1,2,94
202400044542,2024-10-30,Night,4,1,3.0,5,2,75
202400044543,2024-12-05,Morning,4,1,6.0,1,2,87
202400044544,2024-09-26,Evening,4,1,6.0,1,2,94
202400044545,2024-10-31,Morning,4,1,3.0,1,2,75
202400044546,2024-09-26,Afternoon,3,2,5.0,1,2,94
202400044547,2024-09-26,Afternoon,4,3,3.0,1,2,94
202400044548,2024-09-26,Evening,4,2,6.0,5,2,93
202400044549,2024-09-26,Afternoon,4,3,3.0,1,2,93
202400044550,2024-10-31,Afternoon,3,1,3.0,1,2,75
202400044551,2024-09-26,Morning,3,2,3.0,1,2,93
202400044552,2024-12-06,Afternoon,4,1,2.0,1,2,84
202400044553,2024-09-26,Afternoon,4,8,3.0,1,2,93
202400044554,2024-12-05,Afternoon,4,1,1.0,1,2,84
202400044555,2024-09-25,Afternoon,4,2,3.0,1,2,93
202400044556,2024-10-31,Afternoon,4,1,3.0,5,2,94
202400044557,2024-12-06,Afternoon,3,1,3.0,2,2,81
202400044558,2024-09-26,Morning,4,1,3.0,1,2,92
202400044559,2024-10-30,Evening,4,8,3.0,5,2,94
202400044560,2024-12-06,Afternoon,4,1,7.0,1,2,80
202400044561,2024-10-31,Morning,3,1,3.0,1,2,94
202400044562,2024-09-26,Afternoon,4,3,6.0,1,2,92
202400044563,2024-10-31,Morning,4,1,3.0,1,1,93
202400044564,2024-10-31,Morning,4,1,6.0,1,1,95
202400044565,2024-10-30,Evening,3,1,6.0,2,2,93
202400044566,2024-12-06,Afternoon,4,7,3.0,1,2,78
202400044567,2024-09-25,Afternoon,4,2,6.0,2,2,92
202400044568,2024-11-28,Night,3,1,6.0,3,2,78
202400044569,2024-10-31,Afternoon,4,8,3.0,1,2,93
202400044570,2024-09-26,Afternoon,4,2,1.0,1,1,47
202400044571,2024-10-31,Morning,4,1,3.0,1,2,93
202400044572,2024-12-06,Morning,4,1,1.0,1,2,77
202400044573,2024-10-31,Afternoon,4,8,6.0,1,2,93
202400044574,2024-09-27,Morning,3,1,2.0,3,1,40
202400044575,2024-12-07,Night,3,2,6.0,5,2,76
202400044576,2024-10-28,Afternoon,3,1,3.0,1,2,93
202400044577,2024-09-27,Afternoon,4,1,1.0,1,1,08
202400044578,2024-12-05,Afternoon,2,2,3.0,1,2,76
202400044579,2024-10-31,Night,3,1,3.0,5,2,93
202400044580,2024-09-27,Morning,3,8,6.0,1,2,51
202400044581,2024-12-06,Morning,4,1,3.0,5,2,76
202400044582,2024-10-31,Afternoon,4,1,3.0,5,2,93
202400044583,2024-09-26,Morning,3,3,3.0,1,2,51
202400044584,2024-10-26,Morning,4,1,6.0,2,2,92
202400044585,2024-12-06,Afternoon,4,1,2.0,1,1,71
202400044586,2024-10-31,Morning,4,1,6.0,1,2,92
202400044587,2024-12-06,Morning,3,2,6.0,1,2,69
202400044588,2024-09-26,Afternoon,2,1,6.0,1,2,83
202400044589,2024-10-31,Evening,4,1,6.0,5,2,92
202400044590,2024-12-06,Afternoon,4,1,3.0,1,2,69
202400044591,2024-10-31,Morning,4,1,6.0,1,2,92
202400044592,2024-12-05,Evening,4,1,3.0,5,2,67
202400044594,2024-10-31,Evening,4,1,3.0,5,2,92
202400044596,2024-10-31,Evening,3,5,6.0,5,2,92
202400044597,2024-12-05,Afternoon,4,2,3.0,1,2,67
202400044598,2024-10-31,Afternoon,4,1,3.0,1,2,92
202400044599,2024-09-26,Afternoon,3,1,3.0,1,1,27
202400044600,2024-12-05,Afternoon,4,1,3.0,1,2,67
202400044601,2024-10-31,Evening,4,1,3.0,5,2,92
202400044602,2024-09-15,Morning,3,1,1.0,1,2,83
202400044603,2024-10-30,Afternoon,4,1,6.0,1,2,92
202400044604,2024-12-06,Night,3,1,3.0,5,2,66
202400044605,2024-09-26,Evening,4,8,3.0,2,1,71
202400044606,2024-09-27,Morning,3,1,6.0,1,2,58
202400044607,2024-12-05,Evening,4,1,3.0,5,2,66
202400044608,2024-10-29,Evening,4,1,4.0,5,2,92
202400044609,2024-09-22,Night,3,3,6.0,3,1,47
202400044610,2024-12-06,Morning,4,2,6.0,2,2,64
202400044611,2024-10-31,Afternoon,4,1,4.0,1,2,92
202400044612,2024-09-26,Afternoon,4,2,7.0,1,2,19
202400044613,2024-12-05,Afternoon,4,1,3.0,1,2,64
202400044614,2024-10-31,Evening,4,1,6.0,3,1,31
202400044615,2024-12-06,Evening,4,1,6.0,5,2,62
202400044616,2024-09-27,Afternoon,3,1,5.0,1,1,77
202400044617,2024-10-31,Evening,4,5,7.0,3,1,80
202400044618,2024-12-06,Morning,3,6,7.0,2,2,62
202400044619,2024-09-26,Evening,4,8,1.0,1,1,76
202400044620,2024-10-29,Evening,3,1,2.0,2,1,26
202400044621,2024-11-28,Afternoon,3,8,2.0,5,2,62
202400044622,2024-09-27,Morning,3,1,6.0,1,1,65
202400044623,2024-11-01,Morning,3,1,6.0,1,2,95
202400044624,2024-12-05,Afternoon,4,2,6.0,5,2,62
202400044625,2024-11-01,Afternoon,2,1,2.0,2,1,31
202400044626,2024-09-26,Afternoon,4,1,1.0,1,1,69
202400044627,2024-12-05,Afternoon,4,2,3.0,5,2,62
202400044628,2024-11-01,Morning,4,5,6.0,1,1,22
202400044629,2024-12-06,Night,4,2,6.0,5,2,60
202400044630,2024-09-26,Afternoon,4,1,6.0,1,1,63
202400044631,2024-10-30,Evening,4,1,3.0,5,2,06
202400044632,2024-10-31,Morning,2,7,6.0,1,2,83
202400044633,2024-12-05,Evening,4,2,1.0,3,2,59
202400044634,2024-09-26,Evening,4,2,1.0,3,1,12
202400044635,2024-11-01,Morning,2,1,6.0,1,1,2A
202400044636,2024-12-06,Afternoon,4,1,5.0,3,1,59
202400044637,2024-11-01,Morning,3,1,6.0,3,1,80
202400044638,2024-09-26,Evening,4,1,2.0,1,2,42
202400044639,2024-10-31,Evening,2,1,7.0,4,2,65
202400044640,2024-12-06,Afternoon,4,2,3.0,5,2,56
202400044641,2024-11-01,Night,2,1,6.0,3,1,11
202400044642,2024-12-05,Afternoon,4,2,3.0,1,2,56
202400044643,2024-11-01,Morning,4,1,6.0,2,1,25
202400044644,2024-12-06,Morning,4,1,6.0,1,2,54
202400044645,2024-11-01,Night,3,5,6.0,3,2,29
202400044646,2024-11-01,Afternoon,2,7,6.0,1,1,31
202400044647,2024-12-05,Evening,4,2,6.0,5,2,54
202400044648,2024-11-01,Afternoon,3,1,2.0,1,1,31
202400044649,2024-12-06,Night,4,1,5.0,5,2,51
202400044650,2024-10-30,Evening,4,1,6.0,5,1,38
202400044651,2024-12-06,Evening,4,1,6.0,5,2,51
202400044652,2024-10-29,Afternoon,4,1,3.0,1,1,38
202400044653,2024-10-31,Morning,3,2,1.0,2,2,01
202400044654,2024-12-05,Afternoon,4,2,3.0,5,2,51
202400044655,2024-10-24,Afternoon,4,1,1.0,1,1,72
202400044656,2024-12-05,Afternoon,4,8,6.0,2,2,51
202400044657,2024-12-05,Afternoon,4,1,2.0,1,2,51
202400044658,2024-11-01,Night,3,8,7.0,3,1,14
202400044659,2024-10-13,Afternoon,4,2,3.0,1,2,64
202400044660,2024-12-05,Morning,4,1,3.0,2,2,51
202400044661,2024-10-31,Evening,3,1,7.0,3,1,17
202400044662,2024-12-05,Afternoon,4,3,2.0,4,2,50
202400044663,2024-10-21,Morning,4,1,3.0,1,1,30
202400044664,2024-12-05,Evening,4,3,3.0,5,2,50
202400044665,2024-11-01,Night,4,1,6.0,5,2,48
202400044666,2024-12-03,Evening,4,1,6.0,5,2,50
202400044667,2024-10-31,Afternoon,2,1,1.0,1,1,88
202400044669,2024-12-06,Evening,4,1,4.0,5,2,49
202400044670,2024-11-01,Morning,3,1,1.0,1,1,13
202400044671,2024-12-05,Evening,4,1,2.0,5,2,49
202400044672,2024-10-31,Morning,4,8,1.0,1,2,69
202400044673,2024-12-06,Morning,3,1,6.0,1,1,47
202400044674,2024-11-01,Morning,2,5,6.0,5,1,27
202400044675,2024-12-06,Morning,4,1,6.0,1,2,45
202400044676,2024-12-04,Evening,4,1,6.0,5,2,45
202400044677,2024-10-31,Evening,3,5,6.0,3,1,29
202400044678,2024-12-05,Evening,4,3,2.0,5,2,44
202400044679,2024-10-30,Evening,3,1,6.0,5,2,77
202400044680,2024-12-06,Morning,4,1,6.0,2,2,41
202400044681,2024-10-31,Evening,4,1,2.0,3,1,34
202400044682,2024-10-31,Afternoon,3,1,3.0,1,1,13
202400044683,2024-10-27,Night,4,2,3.0,5,2,13
202400044684,2024-12-06,Afternoon,4,1,5.0,5,2,38
202400044685,2024-11-01,Night,2,5,7.0,3,2,67
202400044686,2024-12-06,Morning,4,2,1.0,1,2,38
202400044687,2024-11-01,Afternoon,3,7,1.0,1,1,17
202400044688,2024-10-31,Evening,3,1,6.0,5,2,16
202400044689,2024-12-06,Morning,4,1,1.0,1,2,35
202400044690,2024-10-29,Afternoon,3,1,2.0,1,2,33
202400044691,2024-11-01,Night,3,1,6.0,3,1,56
202400044692,2024-10-27,Night,3,1,2.0,3,1,60
202400044693,2024-10-31,Afternoon,4,1,3.0,1,1,13
202400044694,2024-10-30,Morning,4,1,2.0,1,1,13
202400044695,2024-10-30,Morning,4,1,2.0,1,1,33
202400044696,2024-01-09,Afternoon,4,4,6.0,1,2,91
202400044697,2024-01-09,Morning,4,8,7.0,1,1,84
202400044698,2024-01-09,Morning,4,8,2.0,1,2,84
202400044699,2024-01-09,Morning,2,8,6.0,5,2,80
202400044700,2024-01-09,Morning,4,1,6.0,1,2,78
202400044701,2024-01-09,Evening,4,1,3.0,2,2,76
202400044702,2024-01-08,Morning,3,1,7.0,3,2,76
202400044703,2024-01-07,Evening,4,2,3.0,5,2,76
202400044704,2024-01-08,Evening,4,1,4.0,5,2,72
202400044705,2024-01-08,Evening,4,1,2.0,3,1,72
202400044706,2024-01-08,Morning,4,1,6.0,1,2,72
202400044707,2024-01-08,Afternoon,4,1,3.0,1,2,69
202400044708,2024-01-08,Morning,4,8,3.0,1,2,67
202400044709,2024-01-09,Afternoon,4,1,7.0,1,2,64
202400044710,2024-01-08,Evening,4,1,6.0,5,2,64
202400044711,2024-01-08,Afternoon,4,4,6.0,1,2,63
202400044712,2024-01-08,Morning,4,1,2.0,5,2,62
202400044713,2024-01-09,Afternoon,4,1,6.0,1,2,59
202400044714,2024-01-09,Morning,3,7,6.0,1,2,59
202400044715,2024-01-08,Evening,4,1,6.0,4,2,54
202400044716,2024-01-08,Morning,4,1,2.0,3,2,54
202400044717,2024-01-08,Morning,4,8,6.0,1,2,54
202400044718,2024-01-08,Afternoon,4,8,3.0,1,1,49
202400044719,2024-01-08,Evening,4,1,3.0,5,2,49
202400044720,2024-01-09,Evening,4,1,3.0,5,2,45
202400044721,2024-01-09,Evening,4,4,6.0,3,2,41
202400044722,2024-01-09,Afternoon,4,1,3.0,1,2,35
202400044723,2024-01-09,Evening,4,1,1.0,5,2,34
202400044724,2024-01-09,Evening,4,1,3.0,5,2,33
202400044725,2024-01-09,Morning,4,1,6.0,2,2,33
202400044726,2024-01-08,Evening,4,1,2.0,5,2,33
202400044727,2024-01-09,Night,4,1,2.0,5,2,31
202400044728,2024-01-09,Evening,4,9,3.0,5,2,31
202400044729,2024-01-09,Afternoon,4,1,3.0,1,2,31
202400044730,2024-01-09,Morning,3,1,3.0,2,2,31
202400044731,2024-01-08,Evening,3,1,3.0,5,2,29
202400044732,2024-01-10,Night,2,1,6.0,3,2,22
202400044733,2024-04-02,Morning,4,1,1.0,1,1,01
202400044734,2024-01-09,Morning,4,1,4.0,4,2,22
202400044735,2024-04-02,Morning,4,8,2.0,1,1,22
202400044736,2024-01-09,Night,4,4,7.0,5,1,14
202400044738,2024-01-08,Morning,4,1,7.0,1,2,14
202400044739,2024-01-09,Afternoon,4,1,3.0,1,2,13
202400044740,2024-01-08,Afternoon,4,1,6.0,1,2,13
202400044741,2024-04-02,Afternoon,3,2,3.0,1,1,62
202400044742,2024-04-02,Evening,4,1,3.0,1,2,74
202400044743,2024-01-04,Night,4,1,5.0,3,1,10
202400044744,2024-04-03,Morning,4,1,3.0,2,1,80
202400044745,2024-01-08,Afternoon,4,1,2.0,3,1,10
202400044746,2024-01-09,Evening,3,2,6.0,5,2,04
202400044747,2024-04-03,Afternoon,3,1,2.0,1,2,61
202400044748,2024-01-04,Evening,4,1,6.0,5,2,02
202400044749,2024-04-03,Evening,3,1,3.0,2,1,42
202400044750,2024-01-09,Morning,4,4,6.0,1,2,01
202400044751,2024-03-31,Afternoon,3,7,7.0,1,1,34
202400044752,2024-01-09,Afternoon,4,1,4.0,5,2,75
202400044753,2024-04-03,Morning,4,1,6.0,1,1,34
202400044754,2024-01-08,Afternoon,4,1,4.0,5,2,75
202400044755,2024-04-02,Afternoon,4,1,1.0,1,1,68
202400044756,2024-01-09,Afternoon,4,8,7.0,1,2,75
202400044757,2024-03-31,Afternoon,2,1,7.0,1,2,68
202400044758,2024-01-09,Morning,4,1,6.0,5,2,75
202400044759,2024-04-01,Evening,4,2,1.0,3,1,39
202400044760,2024-01-09,Afternoon,4,4,7.0,1,2,75
202400044761,2024-01-09,Evening,4,2,3.0,5,2,75
202400044762,2024-04-03,Morning,4,8,1.0,1,1,26
202400044763,2024-01-08,Night,4,4,2.0,5,2,75
202400044764,2024-03-30,Morning,4,1,6.0,1,2,50
202400044765,2024-01-09,Morning,4,1,6.0,1,2,75