Num_Acc,date,time_of_day,max_severity,weather,collision_type,lighting,urban_area,department
202400044766,2024-04-03,Morning,4,1,1.0,1,1,50
202400044767,2024-01-09,Afternoon,3,1,6.0,1,2,75
202400044768,2024-04-01,Afternoon,3,1,1.0,1,1,43
202400044769,2024-01-09,Night,4,4,7.0,4,2,75
202400044770,2024-04-02,Evening,3,2,6.0,3,1,36
202400044771,2024-01-09,Evening,4,1,3.0,5,2,75
202400044772,2024-04-02,Morning,3,1,7.0,1,1,16
202400044773,2024-01-09,Evening,4,1,3.0,5,2,75
202400044774,2024-04-03,Morning,2,2,1.0,2,1,07
202400044775,2024-01-09,Afternoon,4,8,7.0,2,2,75
202400044776,2024-03-31,Evening,3,8,3.0,2,1,27
202400044777,2024-01-09,Afternoon,4,1,3.0,1,2,75
202400044778,2024-04-03,Morning,3,1,6.0,1,2,28
202400044779,2024-01-09,Afternoon,4,8,3.0,1,2,75
202400044780,2024-04-02,Afternoon,4,1,1.0,1,1,17
202400044781,2024-04-02,Evening,3,1,6.0,2,1,31
202400044782,2024-01-09,Night,4,4,2.0,5,2,94
202400044783,2024-01-08,Evening,4,8,6.0,5,2,94
202400044784,2024-04-02,Afternoon,4,1,7.0,1,1,77
202400044785,2024-04-03,Morning,4,1,6.0,1,1,42
202400044786,2024-01-07,Afternoon,4,1,2.0,2,2,94
202400044787,2024-04-02,Afternoon,4,1,2.0,1,1,13
202400044788,2024-03-24,Evening,3,1,1.0,3,1,13
202400044789,2024-01-09,Night,4,1,1.0,5,2,94
202400044790,2024-04-03,Morning,4,1,6.0,2,1,37
202400044791,2024-01-09,Afternoon,4,8,2.0,1,2,94
202400044792,2024-04-03,Morning,2,2,3.0,2,1,77
202400044793,2024-05-02,Afternoon,3,1,7.0,1,1,32
202400044794,2024-01-08,Evening,4,4,5.0,3,2,94
202400044795,2024-02-29,Morning,3,2,6.0,1,1,78
202400044796,2024-05-10,Afternoon,4,1,6.0,1,2,71
202400044797,2024-04-03,Morning,3,1,6.0,1,2,2B
202400044798,2024-01-08,Morning,2,1,6.0,2,2,93
202400044799,2024-05-09,Evening,4,1,3.0,1,2,76
202400044800,2024-05-09,Afternoon,3,1,1.0,1,1,61
202400044801,2024-01-08,Night,4,4,3.0,5,2,93
202400044802,2024-04-01,Afternoon,4,1,1.0,1,2,83
202400044803,2024-05-10,Afternoon,3,1,3.0,1,1,42
202400044804,2024-04-01,Afternoon,3,1,6.0,1,2,06
202400044805,2024-01-09,Evening,4,1,6.0,3,2,93
202400044806,2024-05-10,Afternoon,4,1,1.0,1,2,86
202400044807,2024-01-09,Morning,4,9,7.0,2,2,92
202400044808,2024-05-02,Afternoon,3,1,6.0,1,2,22
202400044809,2024-04-02,Morning,4,1,1.0,1,1,13
202400044810,2024-01-08,Morning,4,1,4.0,5,2,92
202400044811,2024-05-10,Morning,3,1,6.0,1,1,44
202400044812,2024-04-03,Morning,4,1,3.0,1,2,13
202400044813,2024-05-08,Evening,3,1,6.0,3,1,38
202400044814,2024-01-09,Afternoon,4,4,6.0,1,2,92
202400044815,2024-01-09,Afternoon,4,1,6.0,1,2,92
202400044816,2024-05-05,Afternoon,4,1,2.0,1,1,03
202400044817,2024-04-02,Afternoon,3,1,1.0,1,1,31
202400044818,2024-05-09,Afternoon,4,1,7.0,1,1,03
202400044819,2024-05-09,Evening,4,1,7.0,1,1,01
202400044820,2024-01-09,Morning,4,1,3.0,4,2,92
202400044821,2024-04-03,Afternoon,3,1,3.0,1,1,22
202400044822,2024-01-09,Afternoon,4,1,7.0,1,2,92
202400044823,2024-05-10,Afternoon,4,1,6.0,1,2,54
202400044824,2024-01-09,Evening,4,1,6.0,5,2,92
202400044825,2024-04-03,Morning,4,2,1.0,1,1,60
202400044826,2024-05-09,Afternoon,3,1,6.0,1,1,14
202400044827,2024-01-09,Evening,4,1,6.0,5,2,92
202400044828,2024-04-02,Afternoon,4,1,6.0,1,1,13
202400044829,2024-05-10,Night,2,1,6.0,3,1,50
202400044830,2024-01-09,Night,4,4,2.0,3,2,92
202400044831,2024-03-31,Night,4,3,1.0,3,1,13
202400044832,2024-01-09,Afternoon,4,1,6.0,1,2,92
202400044833,2024-01-09,Night,4,4,1.0,5,2,92
202400044834,2024-04-01,Night,4,1,2.0,3,1,83
202400044835,2024-05-10,Morning,3,1,7.0,1,1,45
202400044836,2024-01-09,Morning,4,4,6.0,5,2,92
202400044837,2024-03-10,Evening,4,1,2.0,3,1,01
202400044838,2024-05-09,Evening,4,1,1.0,1,1,43
202400044839,2024-01-09,Afternoon,3,9,1.0,5,2,92
202400044840,2024-05-09,Afternoon,3,1,6.0,1,2,43
202400044841,2024-01-15,Afternoon,4,1,7.0,1,2,92
202400044842,2024-05-09,Night,3,1,6.0,3,1,07
202400044843,2024-01-10,Morning,4,1,6.0,2,2,54
202400044844,2024-04-02,Morning,4,1,4.0,1,1,33
202400044845,2024-05-07,Afternoon,4,2,1.0,1,1,40
202400044846,2024-01-08,Afternoon,4,9,1.0,1,1,14
202400044847,2024-05-10,Morning,2,1,6.0,3,2,85
202400044848,2024-04-02,Morning,4,1,4.0,1,1,33
202400044849,2024-01-10,Evening,4,1,2.0,3,1,02
202400044850,2024-04-02,Evening,4,2,7.0,1,1,91
202400044851,2024-05-10,Morning,3,1,3.0,1,1,85
202400044852,2024-01-07,Afternoon,4,1,5.0,2,1,34
202400044853,2024-05-10,Afternoon,2,1,3.0,1,1,85
202400044854,2024-04-02,Morning,4,1,5.0,1,1,91
202400044855,2024-04-17,Evening,4,1,6.0,1,1,28
202400044856,2024-04-02,Afternoon,4,1,6.0,1,1,92
202400044857,2024-01-09,Morning,4,1,4.0,1,1,56
202400044858,2024-05-10,Night,3,1,7.0,3,1,17
202400044859,2024-04-02,Morning,4,1,5.0,2,1,91
202400044860,2024-01-09,Morning,2,2,1.0,3,1,2A
202400044861,2024-05-10,Morning,4,1,3.0,1,1,30
202400044862,2024-01-04,Afternoon,2,1,7.0,1,2,82
202400044863,2024-04-01,Night,4,2,2.0,3,1,94
202400044864,2024-05-09,Afternoon,3,1,3.0,1,1,48
202400044865,2024-01-10,Morning,4,1,6.0,5,2,29
202400044866,2024-04-01,Afternoon,4,1,3.0,1,1,95
202400044867,2024-01-09,Afternoon,3,4,6.0,5,2,01
202400044868,2024-05-05,Afternoon,4,1,3.0,1,2,31
202400044869,2024-04-01,Afternoon,4,2,6.0,1,1,95
202400044870,2024-01-08,Night,4,1,7.0,3,1,26
202400044871,2024-05-08,Afternoon,3,1,6.0,1,2,35
202400044872,2024-04-01,Morning,4,1,2.0,1,2,95
202400044873,2024-01-10,Afternoon,4,1,1.0,1,2,58
202400044874,2024-05-09,Night,4,1,1.0,5,2,67
202400044875,2024-04-01,Night,4,1,2.0,3,1,95
202400044876,2024-05-06,Morning,3,2,6.0,1,1,68
202400044877,2024-01-10,Afternoon,2,1,6.0,1,1,27
202400044878,2024-04-01,Night,4,1,3.0,3,1,93
202400044879,2024-01-10,Morning,2,1,1.0,1,1,30
202400044880,2024-05-09,Afternoon,3,1,3.0,1,1,11
202400044881,2024-04-01,Morning,4,1,6.0,1,1,77
202400044882,2024-01-10,Afternoon,3,2,7.0,1,1,30
202400044883,2024-05-09,Afternoon,4,1,6.0,1,1,69
202400044886,2024-01-09,Afternoon,3,1,1.0,1,2,06
202400044887,2024-03-31,Night,4,1,4.0,3,1,94
202400044888,2024-01-09,Afternoon,4,1,6.0,1,1,31
202400044889,2024-05-09,Evening,3,1,3.0,5,2,66
202400044891,2024-01-10,Afternoon,3,8,2.0,1,1,84
202400044892,2024-01-28,Evening,3,8,3.0,1,1,44
202400044894,2024-05-10,Evening,4,1,5.0,1,1,84
202400044896,2024-05-08,Afternoon,3,1,3.0,1,2,83
202400044897,2024-01-09,Evening,3,9,1.0,3,1,78
202400044898,2024-03-30,Night,4,2,7.0,5,2,91
202400044899,2024-05-09,Night,4,1,6.0,3,1,13
202400044900,2024-05-10,Morning,4,1,6.0,1,2,68
202400044901,2024-01-10,Morning,4,2,3.0,2,2,13
202400044902,2024-03-25,Afternoon,4,8,2.0,1,2,44
202400044903,2024-05-04,Afternoon,4,8,3.0,1,2,73
202400044904,2024-01-08,Morning,3,1,6.0,2,2,67
202400044905,2024-05-01,Afternoon,3,1,1.0,1,1,69
202400044906,2024-03-24,Afternoon,4,1,3.0,1,2,44
202400044907,2024-01-09,Afternoon,4,4,1.0,1,2,38
202400044908,2024-05-10,Afternoon,2,1,7.0,1,1,65
202400044909,2024-03-23,Morning,4,8,6.0,1,2,44
202400044910,2024-05-10,Night,3,5,6.0,3,1,09
202400044911,2024-01-10,Morning,4,1,3.0,1,2,26
202400044912,2024-05-09,Night,3,1,1.0,3,2,33
202400044914,2024-01-10,Morning,4,1,3.0,1,1,26
202400044915,2024-05-10,Afternoon,4,1,6.0,1,2,85
202400044917,2024-05-10,Morning,3,1,6.0,2,1,50
202400044918,2024-01-06,Morning,4,1,1.0,1,2,17
202400044919,2024-04-01,Evening,4,1,3.0,5,2,69
202400044920,2024-05-09,Evening,3,1,3.0,1,2,50
202400044921,2024-01-09,Morning,3,8,3.0,3,1,27
202400044923,2024-01-08,Afternoon,4,1,2.0,1,1,13
202400044924,2024-05-09,Afternoon,4,1,5.0,1,1,29
202400044925,2024-04-30,Evening,4,1,6.0,1,1,13
202400044926,2024-01-08,Afternoon,4,1,2.0,1,1,13
202400044927,2024-04-01,Night,4,1,6.0,3,1,77
202400044928,2024-05-08,Afternoon,4,1,3.0,1,1,83
202400044929,2024-01-08,Afternoon,4,2,4.0,3,1,69
202400044930,2024-04-01,Afternoon,4,1,3.0,1,2,74
202400044931,2024-01-08,Afternoon,3,4,1.0,5,1,38
202400044932,2024-05-04,Afternoon,4,1,4.0,1,1,69
202400044933,2024-04-01,Afternoon,3,1,3.0,1,2,69
202400044934,2024-01-08,Evening,4,1,4.0,5,1,67
202400044935,2024-04-01,Evening,4,2,6.0,1,2,45
202400044936,2024-05-08,Night,4,1,6.0,3,1,69
202400044937,2024-01-09,Afternoon,4,1,2.0,1,1,91
202400044938,2024-04-01,Evening,4,2,3.0,5,2,37
202400044939,2024-01-09,Afternoon,3,4,7.0,1,1,91
202400044940,2024-05-09,Evening,4,1,2.0,1,1,33
202400044941,2024-04-01,Evening,4,1,2.0,1,2,34
202400044942,2024-01-09,Morning,4,4,4.0,1,1,91
202400044943,2024-05-09,Evening,4,1,5.0,1,1,92
202400044944,2024-01-09,Night,4,4,3.0,3,1,91
202400044945,2024-04-01,Evening,4,1,3.0,1,2,33
202400044946,2024-05-09,Afternoon,4,1,3.0,1,1,91
202400044947,2024-01-09,Night,4,4,2.0,3,1,92
202400044948,2024-03-31,Evening,4,3,3.0,5,2,25
202400044949,2024-05-09,Afternoon,4,1,2.0,1,1,91
202400044950,2024-01-08,Night,4,4,6.0,3,1,91
202400044951,2024-04-01,Afternoon,4,3,3.0,1,2,17
202400044952,2024-05-09,Morning,4,1,3.0,1,1,93
202400044953,2024-01-08,Night,4,4,7.0,3,1,91
202400044954,2024-01-08,Evening,4,4,6.0,3,1,91
202400044955,2024-04-01,Afternoon,4,1,6.0,1,2,14
202400044956,2024-05-08,Night,4,1,2.0,3,1,93
202400044957,2024-01-08,Morning,4,1,3.0,5,1,92
202400044958,2024-05-09,Afternoon,4,1,4.0,1,1,94
202400044959,2024-02-23,Afternoon,3,1,3.0,1,1,72
202400044960,2024-01-08,Morning,4,1,6.0,5,1,78
202400044962,2024-04-01,Evening,4,2,1.0,5,2,11
202400044964,2024-01-09,Morning,2,1,6.0,3,1,95
202400044965,2024-02-21,Afternoon,3,1,1.0,1,1,73
202400044967,2024-04-01,Afternoon,4,8,3.0,1,2,75
202400044968,2024-01-08,Night,4,4,3.0,3,1,93
202400044969,2024-02-23,Afternoon,3,2,1.0,1,1,16
202400044970,2024-05-08,Evening,4,1,6.0,5,2,69
202400044971,2024-01-08,Night,4,4,6.0,3,1,93
202400044972,2024-02-22,Afternoon,3,2,3.0,1,1,28
202400044973,2024-01-08,Evening,4,1,6.0,3,1,94
202400044974,2024-04-01,Afternoon,4,2,3.0,1,2,75
202400044975,2024-05-08,Evening,4,1,3.0,5,2,69
202400044976,2024-02-22,Afternoon,2,3,6.0,2,1,06
202400044978,2024-03-31,Night,4,1,3.0,5,2,75
202400044979,2024-05-08,Evening,4,1,3.0,1,2,69
202400044982,2024-03-30,Night,4,2,1.0,5,2,75
202400044983,2024-02-22,Evening,4,2,5.0,3,1,69
202400044985,2024-04-01,Afternoon,4,1,3.0,1,2,94
202400044988,2024-02-23,Afternoon,4,1,2.0,1,1,30
202400044989,2024-05-08,Evening,4,1,2.0,1,1,83
202400044991,2024-05-08,Evening,4,1,1.0,1,1,83
202400044993,2024-02-23,Afternoon,4,1,3.0,1,1,21
202400044994,2024-05-08,Evening,4,1,3.0,1,1,81
202400044995,2024-02-22,Afternoon,3,6,6.0,1,1,77
202400044996,2024-04-01,Evening,4,1,6.0,1,2,94
202400044997,2024-05-08,Afternoon,4,1,3.0,1,1,78
202400044999,2024-04-01,Afternoon,4,1,3.0,1,2,93
202400045000,2024-02-15,Morning,4,1,3.0,1,1,77
202400045001,2024-05-08,Evening,3,1,6.0,1,2,77
202400045002,2024-01-08,Afternoon,4,2,6.0,1,2,69
202400045003,2024-02-05,Afternoon,3,1,6.0,1,2,34
202400045004,2024-05-05,Afternoon,4,8,6.0,1,2,77
202400045005,2024-04-01,Evening,4,1,5.0,1,2,93
202400045006,2024-01-08,Morning,4,1,6.0,1,2,69
202400045007,2024-05-03,Evening,2,1,7.0,1,1,76
202400045008,2024-02-19,Evening,3,8,7.0,5,2,68
202400045010,2024-04-01,Afternoon,4,1,5.0,1,2,93
202400045011,2024-05-08,Afternoon,4,1,3.0,1,2,76
202400045012,2024-02-21,Afternoon,4,1,3.0,1,1,26
202400045013,2024-05-08,Evening,4,1,7.0,1,1,76
202400045014,2024-04-01,Afternoon,4,2,3.0,1,2,93
202400045015,2024-02-19,Evening,4,1,1.0,3,1,69
202400045017,2024-04-01,Afternoon,4,1,3.0,1,2,93
202400045018,2024-02-23,Afternoon,4,2,6.0,1,1,81
202400045019,2024-02-20,Afternoon,4,1,6.0,1,2,17
202400045020,2024-04-01,Evening,4,1,1.0,5,2,93
202400045022,2024-05-08,Evening,4,1,5.0,1,1,72
202400045023,2024-02-17,Afternoon,4,7,3.0,1,2,33
202400045024,2024-04-01,Night,4,1,6.0,5,2,92
202400045025,2024-05-08,Morning,4,8,6.0,1,2,67
202400045026,2024-02-20,Morning,2,1,6.0,1,2,33
202400045027,2024-04-01,Evening,4,1,6.0,2,2,92
202400045028,2024-05-08,Evening,4,1,3.0,1,2,64
202400045030,2024-02-17,Evening,3,1,1.0,1,1,33
202400045031,2024-05-08,Afternoon,4,1,3.0,1,2,64
202400045032,2024-03-31,Night,4,1,1.0,5,2,92
202400045034,2024-05-08,Afternoon,4,1,3.0,1,2,64
202400045035,2024-02-23,Afternoon,2,1,1.0,1,1,02
202400045036,2024-04-01,Afternoon,4,1,2.0,1,2,92
202400045037,2024-05-09,Night,4,1,2.0,5,2,59
202400045038,2024-04-01,Evening,4,1,6.0,2,2,92
202400045039,2024-01-08,Morning,4,1,3.0,1,2,2A
202400045040,2024-05-08,Afternoon,4,1,3.0,1,2,59
202400045041,2024-04-01,Afternoon,3,1,3.0,1,1,83
202400045042,2024-01-08,Evening,4,8,1.0,3,1,95
202400045043,2024-02-21,Evening,3,1,3.0,3,1,13
202400045044,2024-04-01,Afternoon,4,1,6.0,1,1,31
202400045045,2024-07-15,Morning,3,1,3.0,1,2,42
202400045046,2024-05-08,Afternoon,4,1,3.0,1,2,54
202400045048,2024-01-07,Evening,4,2,1.0,5,2,91
202400045049,2024-02-22,Evening,4,1,6.0,3,1,91
202400045050,2024-07-17,Morning,3,1,6.0,1,2,44
202400045051,2024-05-03,Afternoon,3,1,3.0,1,1,54
202400045052,2024-01-08,Afternoon,4,1,6.0,1,2,91
202400045053,2024-04-02,Night,2,1,1.0,3,1,35
202400045054,2024-02-22,Evening,4,3,3.0,1,1,94
202400045055,2024-01-08,Morning,4,1,7.0,1,1,91
202400045056,2024-07-17,Evening,4,1,2.0,1,1,29
202400045057,2024-04-01,Evening,3,1,3.0,1,1,34
202400045058,2024-05-08,Evening,3,1,3.0,2,2,42
202400045059,2024-03-31,Morning,4,2,6.0,1,1,51
202400045060,2024-01-08,Morning,4,1,3.0,1,2,91
202400045061,2024-02-22,Afternoon,4,3,4.0,1,1,95
202400045062,2024-07-16,Night,3,1,3.0,2,1,29
202400045063,2024-04-02,Evening,2,2,7.0,2,1,76
202400045064,2024-05-08,Evening,4,1,3.0,1,2,37
202400045065,2024-02-22,Afternoon,4,3,6.0,1,1,95
202400045066,2024-01-07,Afternoon,4,1,3.0,1,1,86
202400045067,2024-05-08,Morning,4,5,2.0,2,2,33
202400045068,2024-04-02,Afternoon,3,8,1.0,1,1,76
202400045069,2024-02-21,Afternoon,3,3,2.0,1,1,93
202400045070,2024-07-13,Afternoon,4,1,1.0,1,1,31
202400045071,2024-01-04,Afternoon,3,1,3.0,2,2,83
202400045072,2024-05-08,Afternoon,4,1,2.0,1,1,25
202400045073,2024-02-21,Morning,4,2,3.0,1,1,93
202400045074,2024-04-02,Evening,2,1,3.0,1,1,82
202400045075,2024-05-08,Night,4,2,6.0,3,2,25
202400045076,2024-02-21,Night,4,1,7.0,4,1,95
202400045077,2024-01-07,Night,4,1,2.0,5,1,77
202400045078,2024-05-07,Night,4,1,3.0,3,2,25
202400045079,2024-02-20,Afternoon,3,1,2.0,1,1,93
202400045080,2024-07-16,Evening,3,1,3.0,5,2,01
202400045081,2024-04-01,Afternoon,4,3,4.0,1,1,41
202400045082,2024-02-20,Morning,4,1,3.0,1,1,92
202400045083,2024-05-08,Morning,3,1,3.0,1,2,13
202400045084,2024-01-06,Afternoon,4,1,2.0,1,2,76
202400045085,2024-04-02,Afternoon,4,1,1.0,1,1,81
202400045086,2024-07-05,Morning,4,1,4.0,1,1,45
202400045087,2024-02-19,Night,4,1,6.0,3,1,95
202400045088,2024-03-06,Morning,4,1,7.0,1,1,49
202400045089,2024-01-07,Evening,4,2,3.0,3,1,76
202400045090,2024-07-14,Afternoon,2,1,7.0,1,1,64
202400045091,2024-05-04,Afternoon,3,1,3.0,1,2,11
202400045092,2024-07-15,Morning,4,2,7.0,1,1,64
202400045093,2024-03-30,Afternoon,4,1,2.0,1,1,12
202400045094,2024-02-22,Evening,4,2,4.0,2,1,94
202400045095,2024-01-05,Afternoon,4,1,2.0,1,2,76
202400045096,2024-06-21,Evening,3,1,7.0,1,1,07
202400045097,2024-04-02,Morning,3,1,6.0,1,2,86
202400045098,2024-05-08,Afternoon,4,1,3.0,1,2,10
202400045099,2024-07-17,Evening,4,1,1.0,1,1,24
202400045100,2024-01-07,Evening,4,1,3.0,5,2,69
202400045101,2024-02-17,Evening,4,1,4.0,3,1,93
202400045102,2024-04-01,Afternoon,4,1,3.0,1,2,68
202400045103,2024-05-08,Evening,4,1,6.0,1,1,06
202400045104,2024-07-16,Afternoon,4,1,6.0,1,2,24
202400045105,2024-01-08,Morning,4,4,1.0,1,1,63
202400045106,2024-05-06,Evening,4,1,2.0,1,2,75
202400045107,2024-02-21,Evening,4,2,6.0,5,2,75
202400045108,2024-04-02,Morning,4,2,3.0,1,1,29
202400045109,2024-01-08,Night,4,9,3.0,5,2,59
202400045110,2024-07-17,Morning,4,1,3.0,1,1,30
202400045111,2024-05-08,Night,4,1,6.0,5,2,75
202400045112,2024-05-08,Afternoon,4,1,6.0,1,2,75
202400045113,2024-01-04,Afternoon,4,1,3.0,1,2,59
202400045114,2024-02-21,Evening,4,3,1.0,5,2,75
202400045115,2024-04-02,Morning,3,1,2.0,2,1,31
202400045116,2024-07-17,Morning,2,1,3.0,1,2,07
202400045117,2024-05-08,Afternoon,4,1,1.0,1,2,75
202400045118,2024-01-08,Morning,3,1,6.0,1,2,59
202400045119,2024-02-21,Morning,4,1,3.0,5,2,75
202400045120,2024-03-30,Evening,4,2,2.0,5,2,03
202400045121,2024-01-05,Morning,4,2,3.0,1,2,59
202400045122,2024-05-08,Afternoon,4,1,3.0,1,2,75
202400045123,2024-07-16,Morning,4,1,6.0,1,1,84
202400045124,2024-05-08,Morning,4,1,7.0,1,2,75
202400045125,2024-01-08,Afternoon,4,1,6.0,1,2,56
202400045126,2024-04-02,Morning,3,8,1.0,1,1,15
202400045127,2024-02-21,Afternoon,4,2,2.0,1,2,75
202400045128,2024-05-08,Evening,4,1,3.0,2,2,94
202400045129,2024-04-01,Evening,4,2,6.0,3,1,72
202400045130,2024-06-11,Afternoon,4,2,5.0,1,1,78
202400045131,2024-01-07,Night,4,2,6.0,3,1,50
202400045132,2024-02-21,Morning,4,1,6.0,1,2,75
202400045133,2024-04-02,Morning,4,1,7.0,1,1,43
202400045134,2024-05-08,Afternoon,4,1,2.0,1,2,93
202400045135,2024-02-21,Morning,4,1,7.0,1,2,75
202400045136,2024-07-17,Afternoon,4,1,3.0,1,2,66
202400045137,2024-01-07,Afternoon,4,1,3.0,1,2,50
202400045138,2024-05-08,Morning,4,1,2.0,1,2,93
202400045139,2024-07-16,Evening,3,1,7.0,1,1,34
202400045140,2024-04-01,Evening,4,8,1.0,1,2,07
202400045141,2024-02-21,Morning,4,8,2.0,1,2,94
202400045142,2024-05-08,Night,4,1,2.0,5,2,93
202400045143,2024-04-01,Evening,4,8,6.0,1,1,85
202400045144,2024-07-17,Afternoon,4,1,1.0,1,1,83
202400045145,2024-01-08,Afternoon,4,1,1.0,3,1,45
202400045146,2024-05-08,Afternoon,4,1,3.0,1,2,92
202400045147,2024-02-21,Evening,4,3,3.0,2,2,94
202400045148,2024-07-17,Morning,3,7,3.0,1,2,83
202400045149,2024-03-31,Afternoon,3,1,7.0,1,1,37
202400045150,2024-01-08,Morning,4,1,6.0,1,2,45
202400045151,2024-02-21,Evening,4,2,6.0,5,2,94
202400045152,2024-04-02,Morning,3,1,2.0,1,1,31
202400045153,2024-01-08,Morning,4,1,3.0,1,2,37
202400045154,2024-07-16,Evening,4,1,3.0,1,1,70
202400045155,2024-05-08,Afternoon,4,1,6.0,1,2,92
202400045156,2024-01-02,Evening,3,2,6.0,5,2,36
202400045157,2024-07-11,Evening,3,1,7.0,1,2,68
202400045158,2024-05-08,Afternoon,4,1,1.0,1,2,92
202400045159,2024-02-21,Evening,4,2,3.0,5,2,93
202400045161,2024-07-16,Evening,3,1,6.0,1,2,86
202400045162,2024-01-08,Evening,4,1,1.0,5,2,35
202400045163,2024-05-08,Evening,4,1,1.0,1,2,92
202400045164,2024-05-08,Afternoon,4,1,3.0,1,2,92
202400045165,2024-07-16,Morning,3,1,3.0,1,2,64
202400045166,2024-03-10,Morning,4,8,2.0,2,1,91
202400045167,2024-02-21,Morning,4,1,4.0,2,2,93
202400045168,2024-01-08,Evening,4,1,2.0,5,2,33
202400045169,2024-07-17,Afternoon,3,1,7.0,1,2,44
202400045170,2024-05-08,Afternoon,4,1,3.0,1,2,92
202400045171,2024-02-21,Morning,4,8,3.0,1,2,93
202400045172,2024-05-09,Afternoon,4,1,6.0,1,1,15
202400045173,2024-07-17,Afternoon,4,1,7.0,1,2,29
202400045174,2024-04-02,Morning,3,1,5.0,1,1,34
202400045175,2024-01-08,Evening,4,1,6.0,5,2,33
202400045176,2024-05-07,Afternoon,4,1,1.0,1,2,35
202400045177,2024-02-21,Afternoon,4,2,3.0,1,2,93
202400045178,2024-04-02,Afternoon,3,1,1.0,1,2,69
202400045179,2024-01-09,Night,4,4,2.0,5,2,27
202400045180,2024-02-20,Afternoon,4,1,6.0,1,2,93
202400045181,2024-05-07,Night,4,1,6.0,3,1,01
202400045182,2024-07-16,Afternoon,4,1,5.0,1,1,60
202400045184,2024-02-21,Afternoon,4,2,6.0,1,2,92
202400045185,2024-01-08,Afternoon,4,1,3.0,1,2,27
202400045186,2024-07-17,Afternoon,4,1,3.0,1,2,80
202400045187,2024-04-01,Night,2,1,6.0,4,1,77
202400045189,2024-02-20,Night,4,1,7.0,5,2,92
202400045190,2024-05-08,Evening,4,1,7.0,2,1,22
202400045191,2024-03-18,Afternoon,3,1,7.0,1,1,30
202400045192,2024-06-14,Afternoon,4,1,3.0,1,1,13
202400045193,2024-01-08,Evening,3,1,6.0,5,2,25
202400045194,2024-02-20,Night,4,1,3.0,5,2,92
202400045195,2024-05-09,Afternoon,4,1,6.0,1,2,85
202400045196,2024-07-16,Morning,4,1,4.0,1,2,13
202400045197,2024-05-09,Afternoon,2,1,7.0,1,2,67
202400045198,2024-04-02,Morning,3,1,3.0,1,2,83
202400045199,2024-01-08,Evening,4,1,6.0,3,1,25
202400045200,2024-02-21,Night,4,2,3.0,5,2,92
202400045201,2024-06-14,Afternoon,4,1,4.0,1,1,69
202400045202,2024-06-14,Evening,4,2,7.0,1,1,33
202400045203,2024-07-15,Evening,4,1,2.0,1,1,13
202400045204,2024-05-09,Afternoon,4,1,1.0,1,1,60
202400045205,2024-04-01,Night,2,1,6.0,3,1,83
202400045206,2024-02-21,Evening,4,2,3.0,5,2,92
202400045207,2024-01-08,Morning,4,1,3.0,1,2,15
202400045208,2024-05-09,Night,4,1,6.0,3,1,23
202400045209,2024-02-21,Night,4,2,6.0,5,2,92
202400045210,2024-04-02,Morning,3,8,7.0,1,2,52
202400045211,2024-07-15,Morning,4,1,3.0,1,2,13
202400045212,2024-03-31,Evening,3,3,6.0,3,1,57
202400045213,2024-06-14,Evening,4,2,3.0,1,1,33
202400045214,2024-02-21,Evening,4,2,6.0,5,2,92
202400045215,2024-05-09,Afternoon,3,1,6.0,1,1,83
202400045216,2024-01-08,Morning,4,1,2.0,1,1,15
202400045217,2024-07-15,Evening,4,1,2.0,1,1,94
202400045218,2024-06-12,Afternoon,4,1,7.0,1,1,59
202400045219,2024-03-23,Afternoon,3,1,1.0,1,1,38
202400045220,2024-05-08,Afternoon,4,1,3.0,1,1,57
202400045221,2024-02-21,Evening,4,2,6.0,5,2,92
202400045222,2024-01-08,Night,4,1,3.0,5,2,13
202400045223,2024-07-16,Afternoon,4,1,3.0,1,1,92
202400045224,2024-01-07,Afternoon,4,2,7.0,2,2,11
202400045225,2024-05-09,Night,4,1,2.0,5,2,51
202400045226,2024-04-02,Afternoon,3,1,6.0,1,1,26
202400045227,2024-06-14,Afternoon,4,1,4.0,1,1,91
202400045228,2024-02-20,Morning,4,1,3.0,1,2,92
202400045229,2024-01-04,Evening,3,1,3.0,1,2,06
202400045230,2024-07-16,Morning,4,1,3.0,1,1,92
202400045231,2024-03-28,Afternoon,4,1,7.0,1,2,01
202400045232,2024-05-09,Morning,3,1,6.0,1,2,19
202400045233,2024-06-14,Morning,4,1,2.0,1,1,92
202400045234,2024-01-29,Afternoon,4,1,3.0,1,2,60
202400045235,2024-03-31,Afternoon,3,1,6.0,1,1,86
202400045236,2024-01-03,Night,4,1,6.0,5,2,04
202400045237,2024-05-08,Afternoon,4,1,3.0,1,1,56
202400045238,2024-07-15,Afternoon,4,1,4.0,1,1,92
202400045239,2024-02-22,Afternoon,4,2,7.0,1,1,02
202400045240,2024-06-14,Morning,4,8,2.0,1,1,91
202400045241,2024-04-02,Afternoon,3,1,6.0,1,2,72
202400045242,2024-01-06,Afternoon,4,2,3.0,1,1,02
202400045243,2024-05-08,Morning,3,1,2.0,1,1,76
202400045244,2024-05-14,Night,4,2,6.0,3,1,94
202400045245,2024-07-16,Afternoon,4,1,2.0,1,1,93