Num_Acc,date,time_of_day,max_severity,weather,collision_type,lighting,urban_area,department
202400045246,2024-01-08,Morning,4,1,6.0,1,2,75
202400045247,2024-05-08,Morning,4,1,2.0,1,2,65
202400045248,2024-02-21,Afternoon,2,1,2.0,1,2,40
202400045249,2024-06-14,Afternoon,4,1,7.0,1,1,78
202400045250,2024-04-01,Morning,3,1,6.0,1,2,72
202400045251,2024-07-16,Afternoon,3,1,2.0,1,1,95
202400045252,2024-05-08,Afternoon,3,1,6.0,1,2,81
202400045253,2024-01-08,Evening,4,1,1.0,2,2,75
202400045254,2024-02-21,Afternoon,4,1,3.0,1,1,33
202400045255,2024-04-01,Afternoon,3,1,1.0,1,1,60
202400045256,2024-08-23,Afternoon,4,2,6.0,1,1,29
202400045257,2024-06-13,Afternoon,4,1,4.0,1,1,78
202400045258,2024-07-16,Morning,4,1,5.0,1,1,93
202400045259,2024-01-08,Night,4,4,3.0,5,2,75
202400045260,2024-04-01,Night,4,1,6.0,3,1,91
202400045261,2024-02-21,Evening,3,3,1.0,3,1,49
202400045262,2024-06-13,Night,4,1,6.0,1,1,92
202400045263,2024-05-08,Morning,4,1,4.0,1,1,32
202400045264,2024-07-16,Morning,4,1,2.0,1,1,95
202400045265,2024-08-23,Afternoon,3,1,1.0,1,1,2B
202400045266,2024-04-01,Morning,4,1,6.0,1,1,78
202400045267,2024-01-08,Evening,4,1,7.0,5,2,75
202400045268,2024-06-13,Night,4,1,6.0,3,1,78
202400045269,2024-02-21,Afternoon,3,3,2.0,1,1,22
202400045270,2024-04-25,Night,4,1,3.0,5,1,71
202400045271,2024-08-22,Evening,4,1,6.0,1,2,05
202400045272,2024-07-15,Night,4,1,6.0,4,1,93
202400045273,2024-06-14,Night,4,1,6.0,3,1,93
202400045274,2024-04-01,Night,4,1,2.0,3,1,78
202400045275,2024-01-08,Afternoon,3,1,6.0,1,2,75
202400045276,2024-02-01,Evening,3,1,3.0,3,1,44
202400045277,2024-03-21,Evening,4,8,6.0,2,2,44
202400045278,2024-05-08,Evening,3,1,3.0,1,1,63
202400045279,2024-06-13,Evening,3,1,3.0,1,1,93
202400045280,2024-07-15,Evening,4,1,2.0,1,1,95
202400045281,2024-08-22,Night,4,1,1.0,5,2,68
202400045282,2024-03-21,Night,4,8,7.0,5,2,44
202400045283,2024-01-08,Evening,4,1,3.0,5,2,75
202400045284,2024-05-08,Evening,4,1,1.0,3,1,86
202400045285,2024-02-22,Afternoon,3,3,1.0,1,1,51
202400045287,2024-03-19,Morning,4,8,6.0,1,2,44
202400045288,2024-01-08,Afternoon,4,4,2.0,1,2,75
202400045289,2024-07-15,Evening,4,1,3.0,1,1,93
202400045290,2024-05-09,Afternoon,4,1,6.0,1,1,34
202400045291,2024-02-18,Night,3,1,7.0,3,1,51
202400045292,2024-08-14,Evening,4,1,6.0,5,2,68
202400045293,2024-03-18,Morning,4,1,7.0,1,2,44
202400045295,2024-07-15,Afternoon,4,1,3.0,1,1,93
202400045296,2024-01-08,Afternoon,4,1,3.0,1,2,75
202400045297,2024-03-18,Morning,4,1,6.0,1,2,44
202400045298,2024-02-21,Evening,3,2,1.0,5,2,59
202400045299,2024-04-15,Morning,3,1,1.0,1,2,68
202400045300,2024-07-15,Afternoon,4,1,7.0,1,1,95
202400045301,2024-08-21,Night,4,1,6.0,3,2,57
202400045303,2024-05-09,Afternoon,2,1,6.0,1,1,39
202400045304,2024-01-08,Evening,4,4,2.0,5,2,75
202400045305,2024-01-24,Afternoon,3,1,5.0,1,2,74
202400045306,2024-02-21,Afternoon,4,2,3.0,1,2,80
202400045307,2024-05-09,Night,4,1,6.0,2,1,25
202400045308,2024-08-23,Morning,3,8,7.0,1,2,85
202400045309,2024-06-13,Morning,4,1,3.0,1,2,69
202400045310,2024-07-15,Morning,4,1,4.0,1,1,93
202400045311,2024-02-22,Afternoon,4,1,1.0,1,1,42
202400045312,2024-01-29,Evening,4,1,3.0,3,2,74
202400045313,2024-08-21,Evening,4,1,6.0,1,2,56
202400045314,2024-05-09,Night,4,1,7.0,3,1,44
202400045315,2024-07-15,Morning,4,1,3.0,1,1,93
202400045317,2024-01-23,Morning,4,1,6.0,1,2,74
202400045318,2024-02-21,Afternoon,3,1,1.0,1,1,47
202400045319,2024-05-09,Afternoon,2,1,3.0,1,2,44
202400045321,2024-08-23,Afternoon,2,8,3.0,1,1,76
202400045322,2024-01-26,Afternoon,3,2,6.0,1,1,74
202400045323,2024-06-12,Night,4,1,6.0,5,2,69
202400045324,2024-01-28,Afternoon,4,1,6.0,2,2,74
202400045325,2024-07-16,Afternoon,4,1,4.0,1,1,94
202400045326,2024-05-09,Morning,4,1,3.0,1,1,35
202400045327,2024-08-23,Morning,3,1,6.0,1,2,02
202400045328,2024-02-18,Morning,4,2,3.0,1,1,86
202400045329,2024-05-08,Night,4,1,6.0,3,2,29
202400045330,2024-06-13,Morning,4,1,1.0,1,2,95
202400045331,2024-07-16,Afternoon,4,1,2.0,1,1,94
202400045332,2024-01-25,Morning,4,1,2.0,1,2,74
202400045333,2024-02-20,Morning,3,1,6.0,1,2,86
202400045334,2024-08-22,Afternoon,3,1,1.0,1,2,59
202400045335,2024-01-18,Evening,3,3,6.0,5,2,74
202400045336,2024-07-16,Afternoon,4,1,2.0,1,1,77
202400045337,2024-02-18,Evening,4,1,2.0,5,2,34
202400045338,2024-06-13,Afternoon,4,1,6.0,1,2,91
202400045339,2024-05-09,Morning,3,1,3.0,1,1,38
202400045340,2024-01-04,Morning,3,8,6.0,1,1,74
202400045341,2024-08-22,Night,4,1,2.0,5,1,13
202400045342,2024-02-21,Night,3,3,6.0,3,2,44
202400045343,2024-06-13,Morning,4,1,6.0,1,2,86
202400045344,2024-07-16,Morning,4,1,4.0,2,1,94
202400045345,2024-05-08,Night,3,1,6.0,3,1,02
202400045346,2024-08-22,Night,4,1,6.0,3,1,33
202400045348,2024-02-20,Morning,2,1,6.0,1,1,29
202400045349,2024-05-09,Afternoon,4,1,6.0,1,1,15
202400045350,2024-07-16,Night,4,1,7.0,2,1,77
202400045351,2024-08-13,Morning,3,1,6.0,1,1,59
202400045352,2024-06-13,Morning,4,1,3.0,2,2,86
202400045354,2024-08-22,Morning,4,1,6.0,1,1,77
202400045355,2024-05-08,Morning,3,1,2.0,1,1,15
202400045356,2024-07-15,Afternoon,4,1,2.0,1,1,94
202400045357,2024-02-16,Afternoon,4,2,1.0,1,2,31
202400045358,2024-06-13,Afternoon,4,1,3.0,1,2,85
202400045359,2024-04-01,Night,4,3,2.0,5,2,69
202400045360,2024-08-22,Morning,4,1,3.0,1,1,92
202400045361,2024-02-22,Morning,2,3,7.0,1,1,38
202400045362,2024-05-07,Afternoon,3,8,1.0,1,1,70
202400045363,2024-04-26,Evening,4,1,4.0,1,1,65
202400045364,2024-03-31,Morning,4,2,3.0,1,2,69
202400045365,2024-06-14,Night,4,1,2.0,5,2,84
202400045366,2024-07-08,Evening,4,8,7.0,5,2,44
202400045367,2024-02-21,Afternoon,4,1,7.0,1,1,03
202400045369,2024-05-08,Evening,3,1,4.0,1,1,26
202400045370,2024-02-18,Afternoon,3,1,6.0,1,1,73
202400045371,2024-06-12,Evening,3,1,3.0,1,2,80
202400045372,2024-08-21,Night,4,1,4.0,3,2,93
202400045373,2024-04-25,Afternoon,2,8,3.0,1,2,57
202400045374,2024-02-22,Afternoon,3,6,7.0,1,1,18
202400045375,2024-05-26,Afternoon,3,1,6.0,1,2,78
202400045376,2024-05-08,Evening,4,1,1.0,2,2,60
202400045377,2024-02-22,Evening,4,2,6.0,3,2,07
202400045379,2024-08-21,Evening,2,1,6.0,3,1,92
202400045380,2024-04-13,Evening,3,1,1.0,5,2,57
202400045381,2024-06-12,Afternoon,4,1,3.0,1,1,78
202400045382,2024-05-09,Evening,4,1,3.0,1,1,36
202400045383,2024-08-21,Afternoon,4,1,7.0,1,2,95
202400045384,2024-03-30,Afternoon,3,8,1.0,1,2,2A
202400045385,2024-02-21,Night,4,3,1.0,4,2,85
202400045386,2024-05-06,Afternoon,4,1,6.0,1,2,16
202400045387,2024-06-12,Evening,4,1,3.0,1,2,77
202400045388,2024-08-20,Evening,4,1,6.0,2,1,92
202400045389,2024-03-24,Afternoon,4,1,1.0,1,2,69
202400045390,2024-03-31,Night,4,1,6.0,3,1,95
202400045391,2024-05-09,Afternoon,3,1,6.0,1,2,07
202400045392,2024-06-11,Evening,3,3,7.0,3,2,77
202400045395,2024-02-21,Afternoon,4,1,3.0,1,1,06
202400045396,2024-03-31,Afternoon,4,1,3.0,1,2,95
202400045397,2024-05-08,Evening,4,1,3.0,3,1,85
202400045398,2024-06-13,Afternoon,4,1,7.0,1,2,77
202400045399,2024-05-09,Afternoon,3,1,7.0,1,1,30
202400045401,2024-03-22,Evening,4,1,2.0,2,2,18
202400045402,2024-03-31,Evening,4,1,5.0,5,2,91
202400045403,2024-02-21,Morning,4,1,5.0,2,1,06
202400045404,2024-05-08,Afternoon,3,1,3.0,1,1,48
202400045405,2024-05-27,Afternoon,3,8,6.0,1,2,76
202400045407,2024-03-31,Afternoon,4,1,6.0,1,2,91
202400045408,2024-02-21,Afternoon,4,8,2.0,1,1,63
202400045409,2024-05-09,Evening,2,1,1.0,1,1,88
202400045410,2024-06-13,Night,4,1,3.0,5,2,76
202400045411,2024-03-31,Morning,4,1,1.0,2,2,91
202400045412,2024-07-15,Night,4,1,3.0,5,2,69
202400045413,2024-05-26,Morning,4,1,3.0,1,2,76
202400045414,2024-02-22,Night,4,6,7.0,3,1,45
202400045415,2024-05-09,Afternoon,3,1,6.0,1,1,42
202400045416,2024-06-13,Afternoon,4,1,6.0,1,2,73
202400045417,2024-07-15,Morning,4,1,3.0,1,2,69
202400045418,2024-03-30,Afternoon,4,1,2.0,1,2,91
202400045419,2024-02-21,Morning,3,1,6.0,1,1,38
202400045420,2024-05-08,Night,4,1,2.0,3,1,38
202400045421,2024-05-26,Morning,4,1,3.0,1,2,76
202400045422,2024-02-22,Morning,4,2,6.0,1,1,77
202400045423,2024-06-13,Afternoon,4,1,2.0,1,2,67
202400045424,2024-07-15,Evening,4,1,3.0,2,2,69
202400045425,2024-03-31,Evening,4,3,3.0,5,2,84
202400045426,2024-05-09,Morning,3,1,1.0,2,1,69
202400045427,2024-05-25,Evening,4,1,2.0,1,2,76
202400045428,2024-02-22,Afternoon,4,3,2.0,1,1,77
202400045429,2024-07-14,Night,4,1,1.0,5,2,2B
202400045430,2024-06-13,Morning,3,1,3.0,1,2,67
202400045431,2024-05-09,Afternoon,3,7,2.0,1,2,68
202400045433,2024-03-30,Afternoon,2,8,5.0,1,2,83
202400045434,2024-05-19,Evening,4,1,6.0,1,2,76
202400045435,2024-07-12,Evening,4,1,3.0,1,2,87
202400045436,2024-06-12,Afternoon,2,1,3.0,1,2,67
202400045439,2024-05-17,Afternoon,2,1,3.0,1,1,76
202400045440,2024-07-12,Afternoon,3,1,6.0,1,2,87
202400045441,2024-06-13,Afternoon,3,1,6.0,1,2,66
202400045442,2024-03-30,Afternoon,4,1,2.0,1,2,81
202400045444,2024-05-09,Afternoon,3,1,7.0,1,1,30
202400045445,2024-06-13,Afternoon,4,1,1.0,1,2,66
202400045446,2024-04-19,Morning,3,7,6.0,1,2,84
202400045447,2024-07-13,Morning,4,1,3.0,1,2,87
202400045448,2024-05-07,Morning,4,1,2.0,1,1,30
202400045449,2024-06-12,Afternoon,4,2,7.0,1,2,64
202400045450,2024-02-22,Morning,2,2,1.0,1,1,28
202400045451,2024-07-15,Afternoon,4,1,7.0,1,1,30
202400045452,2024-04-18,Morning,4,1,6.0,1,2,84
202400045453,2024-05-09,Afternoon,3,1,5.0,1,1,71
202400045454,2024-02-22,Night,3,1,6.0,3,1,2B
202400045455,2024-03-30,Night,4,1,6.0,5,2,69
202400045456,2024-06-13,Evening,4,1,3.0,2,2,63
202400045457,2024-07-15,Morning,3,1,6.0,1,2,83
202400045458,2024-05-08,Afternoon,4,1,3.0,1,2,58
202400045459,2024-03-31,Evening,3,8,6.0,1,2,69
202400045460,2024-04-16,Evening,4,1,2.0,1,1,84
202400045461,2024-06-12,Afternoon,4,1,3.0,1,2,62
202400045462,2024-07-15,Morning,3,1,3.0,1,1,82
202400045463,2024-02-21,Afternoon,3,1,5.0,1,2,42
202400045464,2024-03-30,Night,4,1,2.0,5,2,64
202400045465,2024-06-12,Afternoon,4,1,1.0,1,2,62
202400045466,2024-02-18,Afternoon,3,3,7.0,1,1,85
202400045467,2024-07-14,Morning,3,1,6.0,1,2,80
202400045468,2024-04-16,Afternoon,4,1,2.0,1,1,84
202400045469,2024-05-09,Afternoon,3,1,3.0,1,1,63
202400045470,2024-03-31,Morning,4,1,6.0,1,2,64
202400045471,2024-07-15,Afternoon,4,1,6.0,1,2,78
202400045472,2024-02-22,Morning,2,3,3.0,1,1,44
202400045473,2024-06-12,Afternoon,4,1,6.0,1,2,60
202400045474,2024-05-08,Evening,3,1,6.0,1,2,26
202400045475,2024-04-01,Night,4,3,6.0,5,2,63
202400045476,2024-02-22,Afternoon,4,1,6.0,1,1,60
202400045477,2024-05-22,Afternoon,4,1,3.0,1,1,84
202400045478,2024-03-31,Afternoon,4,2,6.0,1,2,51
202400045479,2024-07-14,Evening,4,1,3.0,1,2,78
202400045480,2024-01-29,Afternoon,4,1,3.0,1,1,65
202400045481,2024-02-21,Night,4,2,6.0,3,1,02
202400045482,2024-06-13,Evening,4,1,3.0,1,2,59
202400045483,2024-05-05,Morning,4,1,6.0,1,1,84
202400045484,2024-02-21,Night,3,1,6.0,3,1,13
202400045485,2024-05-08,Evening,4,1,6.0,1,1,44
202400045486,2024-03-29,Evening,4,2,3.0,1,2,50
202400045487,2024-06-12,Evening,4,1,3.0,1,2,59
202400045488,2024-07-15,Afternoon,4,2,3.0,1,2,95
202400045489,2024-02-21,Morning,3,1,2.0,1,1,83
202400045490,2024-05-08,Evening,4,1,3.0,1,2,76
202400045491,2024-05-15,Afternoon,4,1,3.0,1,2,76
202400045492,2024-03-31,Morning,4,1,2.0,1,2,49
202400045493,2024-06-03,Morning,4,1,2.0,1,2,56
202400045494,2024-04-30,Afternoon,4,1,2.0,1,2,13
202400045495,2024-07-13,Evening,3,1,3.0,1,2,77
202400045496,2024-03-31,Evening,4,1,1.0,2,2,45
202400045497,2024-02-20,Evening,4,1,6.0,5,1,59
202400045498,2024-05-07,Night,4,1,4.0,5,1,67
202400045499,2024-06-12,Morning,4,1,3.0,1,2,56
202400045500,2024-05-13,Night,4,1,3.0,3,2,76
202400045501,2024-07-15,Morning,4,7,2.0,1,1,77
202400045502,2024-05-08,Morning,4,1,2.0,1,1,91
202400045503,2024-03-25,Morning,4,2,6.0,1,2,45
202400045504,2024-02-14,Afternoon,3,1,5.0,1,1,59
202400045505,2024-05-01,Night,4,1,7.0,5,2,76
202400045506,2024-06-13,Morning,4,1,2.0,1,2,54
202400045507,2024-05-08,Afternoon,3,1,6.0,1,1,77
202400045508,2024-07-15,Night,4,1,7.0,3,1,77
202400045509,2024-03-31,Evening,3,6,6.0,5,2,42
202400045511,2024-02-21,Morning,4,1,4.0,5,1,94
202400045512,2024-06-13,Afternoon,4,1,6.0,1,2,54
202400045513,2024-07-15,Morning,4,1,6.0,1,2,77
202400045514,2024-03-30,Night,4,3,2.0,4,2,41
202400045515,2024-02-21,Morning,4,1,4.0,1,1,92
202400045516,2024-07-15,Morning,3,1,6.0,1,2,76
202400045518,2024-06-13,Night,4,1,3.0,5,2,51
202400045520,2024-03-31,Night,4,1,7.0,3,1,38
202400045522,2024-02-20,Morning,4,1,3.0,1,1,92
202400045523,2024-06-13,Afternoon,4,1,6.0,1,2,51
202400045525,2024-07-15,Night,4,1,6.0,3,2,76
202400045526,2024-03-30,Afternoon,3,1,2.0,1,2,34
202400045528,2024-06-13,Afternoon,4,1,6.0,1,2,51
202400045530,2024-07-15,Night,4,2,6.0,3,1,76
202400045531,2024-02-20,Night,3,1,5.0,3,1,78
202400045533,2024-03-31,Evening,4,3,6.0,1,2,33
202400045536,2024-02-20,Evening,4,1,3.0,5,2,75
202400045537,2024-06-13,Evening,3,1,2.0,1,2,49
202400045538,2024-07-15,Morning,4,8,1.0,1,2,74
202400045539,2024-03-30,Afternoon,4,1,3.0,1,2,33
202400045540,2024-06-12,Evening,4,1,7.0,1,2,49
202400045541,2024-02-20,Morning,4,1,4.0,1,2,75
202400045544,2024-07-15,Morning,4,1,3.0,1,2,73
202400045545,2024-02-20,Morning,3,1,2.0,1,2,75
202400045547,2024-06-12,Evening,4,1,3.0,1,2,47
202400045548,2024-08-20,Morning,4,1,6.0,1,2,69
202400045549,2024-05-07,Afternoon,4,8,6.0,1,2,69
202400045550,2024-03-30,Night,4,1,2.0,3,2,33
202400045551,2024-02-19,Night,4,1,3.0,5,2,75
202400045552,2024-07-14,Night,4,1,1.0,5,2,68
202400045553,2024-06-13,Evening,3,1,6.0,1,2,47
202400045554,2024-03-31,Evening,3,2,7.0,5,2,31
202400045556,2024-02-20,Afternoon,4,1,2.0,1,2,75
202400045558,2024-06-13,Morning,4,1,4.0,1,2,47
202400045559,2024-07-15,Morning,4,1,3.0,1,2,67
202400045560,2024-02-19,Evening,4,1,3.0,5,2,94
202400045562,2024-06-12,Afternoon,3,1,6.0,1,2,45
202400045563,2024-08-21,Evening,4,1,4.0,1,2,2B
202400045564,2024-07-15,Afternoon,4,1,3.0,1,2,64
202400045565,2024-02-19,Evening,4,2,3.0,5,2,94
202400045566,2024-06-13,Afternoon,4,1,6.0,1,2,44
202400045567,2024-03-31,Afternoon,4,1,6.0,1,2,31
202400045568,2024-05-07,Evening,4,2,3.0,1,2,69
202400045569,2024-08-20,Afternoon,4,1,6.0,1,2,95
202400045570,2024-07-13,Afternoon,4,1,3.0,1,2,64
202400045571,2024-02-19,Afternoon,4,1,1.0,1,2,94
202400045572,2024-06-13,Afternoon,4,1,3.0,1,2,37
202400045573,2024-05-07,Afternoon,4,5,3.0,1,1,2B
202400045574,2024-03-30,Evening,4,1,7.0,1,2,27
202400045575,2024-02-20,Night,3,1,3.0,5,2,94
202400045576,2024-07-11,Evening,2,1,6.0,1,2,62
202400045577,2024-08-20,Evening,4,2,3.0,1,2,91
202400045578,2024-03-31,Night,3,2,6.0,5,2,13
202400045580,2024-06-13,Afternoon,4,2,3.0,1,2,35
202400045581,2024-02-19,Afternoon,4,1,6.0,1,2,94
202400045582,2024-05-07,Afternoon,4,1,2.0,1,2,95
202400045583,2024-02-19,Afternoon,4,2,3.0,2,2,93
202400045584,2024-07-14,Evening,4,1,5.0,1,1,62
202400045585,2024-06-13,Morning,4,1,3.0,1,2,33
202400045586,2024-05-07,Evening,4,2,6.0,1,2,95
202400045587,2024-03-31,Night,4,2,3.0,3,2,11
202400045588,2024-08-21,Morning,4,1,4.0,1,2,91
202400045589,2024-02-20,Evening,4,1,2.0,5,2,92
202400045590,2024-06-13,Night,2,1,6.0,5,2,33
202400045591,2024-05-07,Evening,4,1,3.0,1,2,95
202400045592,2024-07-11,Afternoon,4,1,3.0,1,2,61
202400045593,2024-06-13,Afternoon,4,1,6.0,1,2,31
202400045594,2024-02-20,Afternoon,4,8,2.0,1,2,92
202400045595,2024-08-21,Morning,4,1,6.0,1,2,87
202400045596,2024-05-07,Afternoon,4,1,3.0,1,2,95
202400045597,2024-03-31,Evening,4,1,3.0,5,2,10
202400045598,2024-03-30,Evening,4,3,6.0,2,2,01
202400045599,2024-08-21,Night,3,1,3.0,3,2,86
202400045600,2024-05-07,Morning,4,1,3.0,1,2,95
202400045601,2024-06-12,Afternoon,3,1,4.0,1,1,30
202400045602,2024-02-20,Afternoon,4,1,3.0,1,2,92
202400045603,2024-07-15,Night,4,1,5.0,2,2,60
202400045604,2024-05-06,Morning,4,1,3.0,1,2,95
202400045605,2024-06-12,Afternoon,4,1,6.0,1,1,29
202400045606,2024-02-19,Morning,4,1,6.0,1,1,92
202400045607,2024-08-21,Evening,4,1,1.0,1,2,84
202400045608,2024-05-07,Afternoon,3,1,3.0,1,2,91
202400045609,2024-06-13,Afternoon,4,1,2.0,1,2,26
202400045610,2024-07-15,Afternoon,4,1,3.0,1,2,59
202400045611,2024-08-02,Evening,4,1,7.0,1,1,84
202400045612,2024-02-19,Evening,4,2,4.0,4,1,92
202400045613,2024-06-12,Evening,4,1,6.0,1,2,22
202400045614,2024-02-20,Afternoon,3,1,6.0,1,2,92
202400045615,2024-08-21,Evening,3,1,6.0,1,2,83
202400045616,2024-06-12,Afternoon,4,1,3.0,1,2,19
202400045617,2024-07-12,Morning,3,1,2.0,1,2,59
202400045618,2024-06-12,Afternoon,4,1,3.0,1,2,17
202400045619,2024-02-20,Afternoon,4,1,3.0,1,1,92
202400045620,2024-08-21,Evening,4,1,3.0,1,2,82
202400045621,2024-06-13,Morning,4,1,3.0,1,2,13
202400045622,2024-02-12,Evening,4,1,6.0,3,1,35
202400045623,2024-07-14,Afternoon,3,1,3.0,1,2,57
202400045624,2024-08-20,Afternoon,4,3,1.0,1,2,80
202400045625,2024-06-12,Afternoon,4,1,2.0,1,2,13
202400045626,2024-02-20,Afternoon,3,1,6.0,1,1,33
202400045627,2024-07-15,Morning,4,1,3.0,1,2,56
202400045628,2024-06-14,Night,4,1,7.0,3,1,13
202400045629,2024-02-20,Night,4,1,7.0,3,1,83
202400045630,2024-02-20,Night,3,1,6.0,3,1,51
202400045631,2024-06-12,Evening,3,1,3.0,1,1,12
202400045632,2024-07-15,Evening,4,8,3.0,1,2,54
202400045633,2024-02-20,Afternoon,3,1,1.0,1,2,58
202400045634,2024-06-13,Morning,4,1,6.0,1,2,11
202400045635,2024-07-15,Night,4,1,1.0,5,2,54
202400045636,2024-02-19,Afternoon,3,1,1.0,1,1,57
202400045637,2024-06-10,Afternoon,4,1,2.0,1,1,11
202400045638,2024-06-27,Morning,4,1,2.0,1,2,76
202400045639,2024-02-12,Evening,3,1,7.0,5,1,79
202400045640,2024-06-13,Night,4,1,1.0,3,2,09
202400045641,2024-07-15,Afternoon,4,1,6.0,1,2,51
202400045642,2024-02-20,Afternoon,4,1,3.0,1,2,79
202400045643,2024-08-21,Morning,4,1,3.0,1,2,71
202400045644,2024-06-13,Evening,4,1,3.0,1,1,07
202400045645,2024-02-21,Evening,2,2,3.0,3,2,80
202400045646,2024-06-12,Afternoon,3,1,6.0,1,2,06
202400045647,2024-07-10,Night,3,1,2.0,2,1,51
202400045648,2024-08-20,Evening,4,1,1.0,1,2,64
202400045649,2024-02-21,Morning,2,1,1.0,1,1,71
202400045650,2024-06-13,Evening,4,1,3.0,1,2,06
202400045651,2024-07-14,Morning,3,1,6.0,1,1,49
202400045652,2024-02-20,Evening,4,1,6.0,3,1,63
202400045653,2024-08-18,Afternoon,4,1,6.0,1,2,62
202400045654,2024-02-19,Afternoon,4,8,6.0,1,2,12
202400045655,2024-06-13,Afternoon,4,1,3.0,1,2,06
202400045656,2024-02-21,Night,4,1,6.0,5,2,34
202400045657,2024-07-10,Afternoon,4,1,4.0,1,1,49
202400045658,2024-06-13,Morning,4,1,5.0,1,1,04
202400045659,2024-02-18,Evening,4,1,7.0,3,1,22
202400045660,2024-08-21,Morning,4,1,3.0,2,2,60
202400045661,2024-02-21,Evening,2,1,6.0,2,1,39
202400045662,2024-07-12,Evening,4,1,7.0,1,2,49
202400045663,2024-06-13,Afternoon,3,1,6.0,1,2,02
202400045664,2024-02-19,Afternoon,3,1,6.0,1,1,54
202400045665,2024-08-21,Evening,4,1,3.0,5,2,45
202400045666,2024-02-21,Afternoon,3,1,1.0,1,2,73
202400045667,2024-06-13,Afternoon,3,1,2.0,1,2,75
202400045668,2024-07-12,Afternoon,4,1,7.0,1,2,49
202400045669,2024-08-21,Morning,4,1,2.0,1,2,35
202400045670,2024-02-21,Afternoon,4,1,3.0,1,1,04
202400045671,2024-06-13,Morning,4,1,3.0,1,2,75
202400045672,2024-07-15,Evening,4,1,6.0,1,2,44
202400045673,2024-02-21,Night,3,1,7.0,3,1,85
202400045674,2024-06-13,Morning,4,1,7.0,1,2,75
202400045675,2024-02-20,Afternoon,3,1,6.0,1,1,85
202400045676,2024-08-21,Evening,4,1,2.0,2,1,34
202400045677,2024-06-11,Night,4,1,6.0,1,2,75
202400045678,2024-02-18,Morning,2,1,7.0,1,2,30
202400045679,2024-07-15,Morning,2,1,4.0,1,2,44
202400045680,2024-08-21,Evening,4,1,6.0,5,2,33
202400045681,2024-02-20,Afternoon,3,1,7.0,1,1,48
202400045682,2024-07-14,Evening,3,1,3.0,1,2,41
202400045683,2024-06-13,Afternoon,4,1,3.0,1,2,75
202400045684,2024-02-20,Afternoon,3,1,1.0,1,1,08
202400045685,2024-08-21,Night,4,1,1.0,3,2,33
202400045686,2024-07-15,Afternoon,4,1,6.0,1,2,38
202400045687,2024-06-13,Morning,4,1,1.0,1,2,75
202400045688,2024-08-21,Morning,3,1,6.0,1,2,31
202400045689,2024-02-21,Afternoon,4,1,1.0,1,1,30
202400045690,2024-07-15,Afternoon,4,2,2.0,1,2,37
202400045691,2024-06-13,Evening,4,1,3.0,1,2,75
202400045693,2024-06-13,Evening,4,2,7.0,5,2,75
202400045694,2024-07-14,Evening,4,1,7.0,2,2,35
202400045695,2024-02-20,Morning,3,5,1.0,1,1,41
202400045696,2024-06-12,Afternoon,4,1,6.0,1,2,75
202400045697,2024-07-15,Morning,3,1,3.0,1,2,31
202400045698,2024-08-20,Afternoon,4,1,3.0,1,2,19
202400045699,2024-06-13,Evening,4,1,2.0,1,2,75
202400045700,2024-07-13,Afternoon,4,1,2.0,1,2,28
202400045701,2024-08-21,Morning,4,1,3.0,1,2,17
202400045702,2024-06-12,Morning,4,1,3.0,1,2,75
202400045703,2024-07-14,Night,4,1,6.0,5,2,25
202400045704,2024-08-21,Afternoon,4,1,2.0,1,1,11
202400045705,2024-02-20,Afternoon,3,1,5.0,1,1,68
202400045706,2024-06-11,Afternoon,4,1,1.0,1,2,75
202400045707,2024-09-26,Evening,4,2,1.0,2,1,39
202400045708,2024-08-20,Evening,3,1,6.0,2,2,06
202400045709,2024-07-12,Evening,3,1,3.0,1,2,19
202400045710,2024-09-21,Night,3,1,6.0,4,2,29
202400045711,2024-06-13,Morning,4,1,6.0,1,2,75
202400045712,2024-02-20,Afternoon,4,1,1.0,1,2,01
202400045713,2024-07-12,Night,4,1,7.0,5,2,13
202400045714,2024-06-13,Evening,4,1,3.0,2,2,75
202400045715,2024-02-20,Evening,4,1,1.0,3,1,69
202400045716,2024-08-21,Afternoon,4,1,2.0,1,2,75
202400045717,2024-07-15,Morning,4,1,2.0,1,1,13
202400045718,2024-09-26,Afternoon,4,2,1.0,1,1,38
202400045719,2024-02-20,Evening,3,1,7.0,1,1,49
202400045720,2024-08-21,Afternoon,4,1,7.0,1,2,75
202400045721,2024-06-12,Night,4,1,3.0,5,2,75
202400045722,2024-07-09,Morning,3,1,2.0,1,1,12
202400045723,2024-09-27,Afternoon,4,1,1.0,1,1,66
202400045724,2024-07-08,Evening,3,1,1.0,1,2,12
202400045725,2024-06-13,Afternoon,4,1,6.0,1,2,75
202400045726,2024-08-21,Morning,4,1,6.0,1,2,75
202400045727,2024-09-27,Afternoon,3,2,7.0,1,1,72
202400045728,2024-06-12,Evening,4,1,6.0,5,2,75
202400045729,2024-07-14,Afternoon,4,1,3.0,1,2,10
202400045730,2024-09-26,Afternoon,4,1,6.0,1,2,14
202400045731,2024-06-13,Night,4,1,7.0,5,2,75
202400045732,2024-08-21,Afternoon,4,1,3.0,1,2,75