Num_Acc,date,time_of_day,max_severity,weather,collision_type,lighting,urban_area,department
202400045733,2024-02-15,Morning,4,1,1.0,2,1,13
202400045734,2024-07-13,Afternoon,4,1,6.0,1,2,06
202400045735,2024-06-12,Morning,4,1,3.0,1,2,75
202400045736,2024-02-15,Morning,4,1,2.0,1,1,13
202400045737,2024-08-21,Morning,4,1,7.0,1,2,75
202400045738,2024-09-27,Afternoon,4,1,1.0,1,1,05
202400045739,2024-07-15,Evening,4,1,2.0,1,2,06
202400045740,2024-06-13,Night,4,1,6.0,5,2,94
202400045741,2024-02-19,Evening,3,1,3.0,2,1,13
202400045742,2024-08-21,Evening,3,1,7.0,1,2,75
202400045743,2024-09-18,Afternoon,3,1,7.0,1,1,64
202400045744,2024-06-13,Afternoon,4,1,2.0,1,2,94
202400045745,2024-07-11,Afternoon,4,1,3.0,1,2,05
202400045746,2024-02-19,Afternoon,3,1,2.0,1,1,13
202400045747,2024-08-21,Evening,4,1,3.0,1,2,75
202400045748,2024-06-13,Afternoon,4,1,2.0,1,2,94
202400045749,2024-02-20,Morning,4,1,7.0,1,1,83
202400045750,2024-07-13,Evening,4,1,3.0,1,2,05
202400045751,2024-07-05,Afternoon,4,1,7.0,1,2,64
202400045752,2024-06-13,Morning,4,1,3.0,1,2,94
202400045753,2024-08-21,Morning,4,1,6.0,1,2,75
202400045754,2024-02-20,Morning,4,1,4.0,1,1,83
202400045755,2024-07-15,Morning,4,1,2.0,1,2,04
202400045756,2024-09-26,Morning,3,3,1.0,1,1,73
202400045757,2024-08-21,Evening,3,1,6.0,1,2,94
202400045758,2024-06-12,Afternoon,4,1,3.0,1,2,94
202400045759,2024-02-20,Night,4,1,1.0,5,2,69
202400045760,2024-07-15,Evening,4,1,2.0,5,2,75
202400045761,2024-08-20,Afternoon,3,2,6.0,1,2,94
202400045762,2024-09-25,Afternoon,3,8,3.0,1,1,40
202400045763,2024-02-20,Night,4,1,2.0,5,1,33
202400045764,2024-06-13,Morning,4,1,1.0,1,2,94
202400045765,2024-07-15,Evening,4,1,5.0,1,2,75
202400045766,2024-08-21,Morning,4,1,2.0,1,2,93
202400045767,2024-09-26,Afternoon,4,2,3.0,1,1,87
202400045768,2024-06-13,Afternoon,4,1,3.0,1,2,93
202400045769,2024-02-19,Morning,4,2,3.0,1,1,95
202400045770,2024-07-15,Afternoon,4,1,5.0,1,2,75
202400045771,2024-08-21,Evening,4,1,3.0,1,2,93
202400045772,2024-09-26,Morning,3,2,1.0,1,2,30
202400045773,2024-06-12,Evening,4,1,3.0,1,2,93
202400045774,2024-07-15,Afternoon,4,1,2.0,1,2,75
202400045775,2024-02-20,Afternoon,4,1,5.0,1,1,77
202400045776,2024-08-21,Afternoon,4,1,6.0,1,2,92
202400045777,2024-07-15,Morning,4,1,2.0,1,2,75
202400045779,2024-06-13,Morning,4,1,6.0,1,2,93
202400045780,2024-08-21,Afternoon,4,1,3.0,1,2,92
202400045781,2024-02-20,Morning,4,1,4.0,1,1,94
202400045782,2024-07-15,Night,4,1,6.0,5,2,75
202400045783,2024-06-13,Afternoon,4,1,7.0,1,2,93
202400045784,2024-06-13,Morning,4,1,6.0,1,2,93
202400045785,2024-02-18,Night,4,2,2.0,3,1,94
202400045786,2024-08-21,Afternoon,4,1,3.0,1,2,92
202400045787,2024-07-15,Afternoon,4,1,3.0,1,2,75
202400045788,2024-09-19,Morning,3,1,3.0,2,2,68
202400045789,2024-02-19,Morning,4,1,6.0,5,2,93
202400045790,2024-06-12,Night,4,2,3.0,5,2,93
202400045791,2024-08-21,Evening,4,1,1.0,1,2,92
202400045792,2024-07-14,Night,4,1,1.0,5,2,75
202400045793,2024-09-22,Afternoon,4,1,2.0,1,1,13
202400045794,2024-02-19,Morning,4,8,6.0,1,2,75
202400045795,2024-07-15,Afternoon,4,1,3.0,1,2,75
202400045796,2024-06-13,Afternoon,4,1,3.0,1,2,93
202400045798,2024-08-17,Afternoon,4,1,3.0,1,2,31
202400045799,2024-07-15,Night,4,1,7.0,5,2,75
202400045800,2024-02-19,Morning,4,2,6.0,1,2,75
202400045801,2024-06-12,Night,4,1,3.0,5,2,92
202400045802,2024-09-26,Afternoon,2,2,6.0,1,2,29
202400045803,2024-07-15,Afternoon,4,1,3.0,1,2,75
202400045804,2024-02-19,Morning,4,1,3.0,1,2,75
202400045805,2024-06-13,Morning,4,1,2.0,1,1,92
202400045806,2024-09-24,Evening,3,3,6.0,2,1,77
202400045807,2024-07-15,Night,4,1,6.0,2,2,75
202400045809,2024-02-17,Afternoon,4,1,6.0,1,2,75
202400045810,2024-06-13,Morning,3,1,4.0,1,2,92
202400045811,2024-07-15,Evening,4,1,6.0,1,2,75
202400045813,2024-09-26,Afternoon,3,2,3.0,1,1,77
202400045814,2024-02-19,Afternoon,4,8,6.0,1,2,75
202400045815,2024-06-13,Afternoon,4,1,3.0,1,2,92
202400045816,2024-09-27,Afternoon,4,3,1.0,1,1,77
202400045817,2024-02-19,Evening,4,2,3.0,5,2,75
202400045818,2024-07-14,Evening,4,1,3.0,2,2,75
202400045820,2024-06-12,Afternoon,4,1,1.0,1,2,92
202400045821,2024-09-26,Evening,3,1,6.0,1,2,34
202400045822,2024-02-19,Morning,4,1,7.0,1,2,75
202400045823,2024-07-15,Afternoon,4,1,3.0,1,2,75
202400045824,2024-06-13,Afternoon,4,1,3.0,1,2,92
202400045826,2024-07-15,Afternoon,4,1,6.0,1,2,94
202400045827,2024-09-27,Morning,4,1,1.0,1,2,05
202400045828,2024-02-19,Morning,4,2,3.0,1,2,75
202400045829,2024-06-19,Evening,4,1,2.0,1,2,92
202400045830,2024-07-15,Evening,3,1,6.0,1,2,94
202400045831,2024-08-21,Afternoon,3,1,2.0,1,1,59
202400045832,2024-06-13,Morning,4,1,1.0,1,2,92
202400045833,2024-02-18,Night,4,1,3.0,5,2,75
202400045834,2024-09-26,Afternoon,3,1,3.0,1,2,71
202400045835,2024-07-15,Night,4,1,3.0,5,2,93
202400045836,2024-06-12,Evening,4,1,3.0,1,2,92
202400045837,2024-08-22,Morning,3,1,3.0,1,1,85
202400045838,2024-02-15,Evening,4,1,6.0,5,2,94
202400045839,2024-09-27,Morning,2,8,6.0,1,2,38
202400045840,2024-06-14,Afternoon,4,1,6.0,1,2,39
202400045841,2024-07-15,Evening,4,7,6.0,1,2,93
202400045842,2024-08-21,Afternoon,3,2,6.0,1,1,15
202400045843,2024-02-19,Morning,4,8,3.0,1,2,94
202400045844,2024-06-12,Afternoon,4,1,1.0,1,1,14
202400045845,2024-07-15,Afternoon,4,1,6.0,1,2,93
202400045846,2024-08-21,Morning,4,1,7.0,1,2,19
202400045847,2024-02-19,Afternoon,4,1,6.0,1,2,94
202400045848,2024-06-14,Morning,3,3,1.0,1,1,51
202400045849,2024-09-26,Morning,3,2,1.0,1,1,38
202400045850,2024-07-15,Evening,4,1,6.0,1,2,93
202400045851,2024-02-19,Evening,3,1,6.0,5,2,94
202400045852,2024-06-13,Evening,4,1,1.0,2,2,01
202400045853,2024-08-16,Afternoon,3,2,3.0,1,1,56
202400045854,2024-07-15,Evening,4,1,6.0,1,2,93
202400045855,2024-02-19,Evening,3,1,3.0,5,2,94
202400045856,2024-06-14,Morning,3,1,3.0,1,1,22
202400045857,2024-08-21,Afternoon,3,1,6.0,1,1,56
202400045858,2024-06-14,Night,4,2,6.0,3,1,28
202400045859,2024-07-15,Morning,4,1,1.0,1,2,93
202400045860,2024-09-21,Evening,4,8,1.0,2,1,31
202400045861,2024-08-21,Night,3,1,6.0,5,2,59
202400045863,2024-02-18,Afternoon,4,2,6.0,1,2,92
202400045864,2024-07-15,Morning,4,1,6.0,1,2,92
202400045865,2024-08-21,Afternoon,3,1,6.0,1,1,76
202400045866,2024-06-14,Morning,3,1,2.0,1,1,26
202400045867,2024-02-19,Evening,4,1,6.0,5,2,92
202400045868,2024-08-22,Morning,3,1,6.0,1,2,2B
202400045869,2024-09-24,Afternoon,3,7,3.0,2,1,33
202400045870,2024-06-14,Night,3,2,1.0,4,1,44
202400045871,2024-07-15,Morning,4,1,3.0,1,2,92
202400045872,2024-02-19,Afternoon,4,8,2.0,1,2,92
202400045873,2024-06-12,Morning,3,1,3.0,1,2,62
202400045874,2024-07-15,Afternoon,3,8,6.0,1,2,92
202400045875,2024-06-14,Morning,2,2,6.0,2,1,89
202400045876,2024-09-24,Afternoon,3,1,3.0,1,2,49
202400045877,2024-02-19,Night,4,1,3.0,5,1,92
202400045878,2024-08-22,Morning,4,1,3.0,1,2,82
202400045879,2024-02-19,Night,4,8,6.0,5,2,92
202400045880,2024-07-15,Evening,4,1,1.0,1,2,92
202400045881,2024-06-13,Afternoon,4,1,1.0,1,1,51
202400045882,2024-02-19,Evening,4,1,3.0,5,2,92
202400045883,2024-08-22,Morning,3,1,6.0,1,1,33
202400045884,2024-06-23,Night,4,1,6.0,5,2,92
202400045885,2024-06-14,Afternoon,3,1,5.0,1,1,56
202400045886,2024-02-19,Morning,4,8,6.0,1,2,92
202400045887,2024-06-13,Evening,3,8,7.0,1,2,79
202400045888,2024-06-21,Afternoon,4,1,3.0,1,2,92
202400045889,2024-09-26,Night,4,1,1.0,4,1,59
202400045890,2024-02-15,Afternoon,4,1,3.0,1,2,60
202400045891,2024-07-14,Morning,4,1,6.0,1,2,92
202400045892,2024-06-13,Evening,3,1,5.0,2,1,79
202400045893,2024-08-21,Evening,4,1,6.0,1,1,63
202400045894,2024-02-19,Morning,4,8,2.0,2,1,35
202400045895,2024-09-24,Afternoon,4,2,2.0,1,1,59
202400045896,2024-06-14,Afternoon,3,1,7.0,1,2,65
202400045897,2024-02-19,Afternoon,4,2,7.0,1,1,22
202400045898,2024-05-23,Morning,4,1,6.0,1,2,92
202400045899,2024-08-21,Evening,4,1,3.0,1,2,47
202400045900,2024-06-12,Afternoon,3,1,1.0,1,1,33
202400045901,2024-09-26,Evening,4,1,2.0,3,1,13
202400045902,2024-07-15,Afternoon,4,1,6.0,1,2,92
202400045903,2024-08-22,Morning,3,1,3.0,1,1,47
202400045904,2024-07-14,Afternoon,3,1,7.0,1,1,34
202400045905,2024-06-14,Evening,4,1,3.0,1,1,32
202400045906,2024-07-15,Morning,3,1,6.0,1,2,60
202400045907,2024-09-25,Afternoon,4,1,4.0,1,1,83
202400045908,2024-08-22,Afternoon,4,1,3.0,1,1,47
202400045909,2024-06-13,Afternoon,4,1,3.0,1,1,61
202400045910,2024-07-14,Afternoon,4,1,1.0,1,1,39
202400045911,2024-09-23,Afternoon,4,1,2.0,1,1,33
202400045912,2024-07-16,Morning,4,1,7.0,1,1,21
202400045913,2024-10-31,Evening,4,2,4.0,3,1,91
202400045914,2024-08-22,Morning,2,1,3.0,1,1,68
202400045915,2024-06-14,Evening,3,1,1.0,1,1,42
202400045916,2024-10-31,Morning,4,1,3.0,1,1,91
202400045917,2024-07-15,Afternoon,4,1,2.0,1,2,35
202400045918,2024-09-26,Morning,4,2,2.0,1,1,59
202400045919,2024-08-19,Afternoon,4,1,2.0,1,1,44
202400045920,2024-05-16,Afternoon,4,1,4.0,1,2,42
202400045921,2024-07-15,Morning,3,1,1.0,1,2,86
202400045922,2024-08-21,Morning,3,1,6.0,1,2,31
202400045923,2024-06-12,Evening,3,1,3.0,1,2,46
202400045924,2024-07-12,Afternoon,4,1,3.0,1,1,35
202400045925,2024-08-21,Afternoon,3,1,7.0,1,1,38
202400045926,2024-10-30,Evening,4,1,2.0,3,1,78
202400045927,2024-06-13,Afternoon,3,1,1.0,1,2,47
202400045928,2024-07-13,Evening,4,1,6.0,1,1,41
202400045929,2024-09-25,Evening,4,2,4.0,3,1,92
202400045930,2024-10-30,Night,4,1,3.0,3,1,78
202400045931,2024-07-15,Afternoon,3,1,1.0,1,1,72
202400045932,2024-06-13,Afternoon,3,1,3.0,1,1,34
202400045933,2024-08-22,Afternoon,4,1,1.0,1,1,02
202400045934,2024-09-25,Afternoon,4,3,1.0,1,1,78
202400045935,2024-06-14,Afternoon,4,1,1.0,1,1,39
202400045936,2024-08-22,Afternoon,4,1,6.0,1,1,02
202400045937,2024-06-14,Morning,4,1,6.0,1,2,44
202400045938,2024-09-25,Afternoon,4,2,6.0,1,1,91
202400045939,2024-07-15,Afternoon,4,1,4.0,1,1,51
202400045940,2024-08-21,Night,3,1,6.0,3,1,15
202400045941,2024-10-30,Evening,4,1,4.0,3,1,92
202400045942,2024-06-13,Morning,2,2,6.0,1,2,29
202400045943,2024-08-22,Night,4,1,7.0,5,2,06
202400045944,2024-06-27,Night,4,1,1.0,5,2,51
202400045945,2024-06-12,Evening,3,1,6.0,1,2,31
202400045946,2024-09-25,Morning,4,2,2.0,1,1,78
202400045947,2024-10-30,Evening,4,1,2.0,3,1,92
202400045948,2024-08-22,Morning,4,1,7.0,1,1,50
202400045949,2024-07-14,Night,3,1,6.0,3,2,56
202400045950,2024-09-25,Morning,4,2,2.0,1,1,95
202400045951,2024-08-22,Morning,3,1,7.0,1,2,43
202400045952,2024-06-14,Afternoon,4,1,6.0,1,1,54
202400045953,2024-10-31,Evening,4,1,5.0,3,1,93
202400045954,2024-07-13,Afternoon,3,1,1.0,1,1,2B
202400045955,2024-06-14,Evening,3,2,7.0,1,1,72
202400045956,2024-09-26,Evening,4,1,6.0,3,1,77
202400045957,2024-08-22,Morning,4,1,1.0,1,1,10
202400045958,2024-07-15,Night,4,2,7.0,3,1,71
202400045959,2024-06-14,Afternoon,2,1,7.0,1,1,50
202400045960,2024-10-31,Afternoon,4,1,4.0,1,1,93
202400045961,2024-07-16,Morning,3,1,6.0,1,1,89
202400045962,2024-06-13,Afternoon,4,2,6.0,1,2,50
202400045963,2024-09-26,Morning,4,1,2.0,1,1,94
202400045964,2024-08-21,Evening,4,1,6.0,1,2,36
202400045965,2024-07-14,Afternoon,3,1,6.0,1,2,61
202400045966,2024-06-13,Afternoon,4,1,7.0,1,1,09
202400045967,2024-10-31,Afternoon,4,8,4.0,1,1,93
202400045968,2024-09-25,Night,3,2,6.0,3,1,94
202400045969,2024-12-04,Afternoon,4,1,6.0,5,2,34
202400045970,2024-08-20,Evening,4,1,5.0,3,1,87
202400045971,2024-07-16,Night,3,9,6.0,3,1,12
202400045972,2024-10-31,Night,3,1,7.0,3,1,93
202400045973,2024-06-13,Afternoon,3,1,1.0,1,2,64
202400045974,2024-07-15,Afternoon,3,2,6.0,1,1,47
202400045975,2024-10-28,Afternoon,3,1,2.0,1,1,92
202400045976,2024-08-21,Afternoon,4,1,1.0,1,1,48
202400045977,2024-06-29,Evening,4,1,7.0,1,1,29
202400045978,2024-06-14,Afternoon,3,2,1.0,1,1,16
202400045979,2024-12-06,Afternoon,4,1,1.0,1,2,33
202400045980,2024-07-16,Night,3,1,7.0,3,1,29
202400045981,2024-04-30,Afternoon,4,1,3.0,1,2,32
202400045982,2024-08-21,Afternoon,4,1,2.0,1,1,13
202400045983,2024-12-06,Afternoon,3,1,6.0,1,2,33
202400045984,2024-06-13,Morning,3,7,3.0,2,1,16
202400045985,2024-09-16,Evening,4,1,2.0,2,2,44
202400045987,2024-08-21,Afternoon,4,1,6.0,1,1,01
202400045988,2024-06-10,Night,3,1,6.0,3,2,40
202400045989,2024-12-06,Afternoon,3,1,1.0,1,1,26
202400045990,2024-07-15,Afternoon,3,1,4.0,1,1,29
202400045992,2024-06-06,Morning,3,1,3.0,1,1,74
202400045993,2024-08-21,Afternoon,4,1,7.0,1,1,68
202400045994,2024-06-14,Afternoon,3,2,6.0,1,2,24
202400045996,2024-12-06,Night,4,2,3.0,3,2,15
202400045997,2024-07-16,Morning,4,1,3.0,1,1,38
202400045998,2024-06-13,Afternoon,3,1,3.0,1,1,30
202400045999,2024-08-22,Afternoon,3,1,2.0,1,1,33
202400046000,2024-12-06,Evening,4,5,6.0,5,2,15
202400046001,2024-07-13,Evening,4,1,7.0,1,2,38
202400046002,2024-05-25,Night,4,5,2.0,2,1,74
202400046005,2024-12-06,Morning,4,2,7.0,1,2,15
202400046006,2024-06-12,Morning,4,1,3.0,1,2,88
202400046008,2024-07-09,Afternoon,4,1,6.0,1,2,02
202400046009,2024-12-06,Afternoon,4,1,7.0,1,2,14
202400046010,2024-06-14,Morning,3,2,5.0,1,1,74
202400046011,2024-08-22,Morning,4,7,2.0,1,1,51
202400046012,2024-10-30,Afternoon,4,1,3.0,1,2,2A
202400046013,2024-06-13,Evening,4,1,6.0,1,1,44
202400046014,2024-12-06,Morning,4,1,3.0,1,2,14
202400046015,2024-07-13,Night,4,9,1.0,3,1,74
202400046016,2024-07-15,Morning,4,1,1.0,1,2,70
202400046017,2024-10-30,Morning,3,1,3.0,1,2,91
202400046018,2024-11-15,Afternoon,4,1,4.0,2,1,14
202400046019,2024-06-14,Night,4,1,4.0,3,1,33
202400046020,2024-06-13,Morning,4,1,6.0,1,2,74
202400046021,2024-07-16,Night,3,1,3.0,5,2,06
202400046022,2024-12-06,Evening,4,1,3.0,5,2,13
202400046023,2024-10-29,Evening,4,1,3.0,5,2,87
202400046024,2024-06-13,Afternoon,4,1,3.0,1,1,63
202400046025,2024-08-19,Evening,4,1,5.0,1,1,45
202400046026,2024-12-06,Afternoon,4,1,3.0,1,2,13
202400046027,2024-10-29,Morning,4,1,2.0,1,2,87
202400046029,2024-07-15,Evening,4,1,7.0,1,2,05
202400046030,2024-06-20,Morning,4,2,3.0,1,2,74
202400046031,2024-06-14,Morning,3,1,2.0,1,1,30
202400046032,2024-12-06,Evening,3,1,3.0,3,1,13
202400046033,2024-06-13,Afternoon,2,1,7.0,1,1,17
202400046034,2024-10-26,Morning,4,3,3.0,5,2,87
202400046035,2024-06-06,Morning,3,1,6.0,1,2,74
202400046036,2024-08-22,Morning,3,5,1.0,2,1,41
202400046037,2024-12-06,Morning,3,1,6.0,1,2,10
202400046038,2024-07-15,Night,2,1,6.0,3,1,45
202400046039,2024-10-30,Evening,4,1,1.0,3,1,85
202400046040,2024-08-22,Morning,2,1,6.0,1,1,77
202400046041,2024-04-29,Evening,4,1,7.0,1,1,74
202400046043,2024-07-13,Afternoon,4,1,7.0,1,1,43
202400046044,2024-12-05,Morning,4,1,6.0,1,2,07
202400046045,2024-10-25,Afternoon,4,1,3.0,1,2,84
202400046046,2024-07-16,Afternoon,3,1,7.0,1,2,07
202400046047,2024-07-28,Evening,4,1,3.0,2,1,57
202400046048,2024-08-22,Morning,4,1,2.0,1,1,30
202400046050,2024-12-06,Morning,3,1,3.0,1,2,06
202400046051,2024-10-29,Evening,4,1,1.0,2,2,80
202400046052,2024-07-15,Night,4,1,7.0,3,1,07
202400046053,2024-07-26,Morning,2,2,1.0,1,2,57
202400046054,2024-12-04,Afternoon,4,1,1.0,1,2,06
202400046055,2024-08-22,Afternoon,3,1,1.0,1,1,71
202400046056,2024-06-13,Morning,4,1,2.0,1,1,77
202400046057,2024-07-16,Morning,3,1,6.0,2,2,40
202400046058,2024-10-31,Afternoon,4,1,6.0,1,2,05
202400046059,2024-06-14,Night,3,1,1.0,3,1,13
202400046060,2024-10-27,Afternoon,4,1,3.0,1,1,80
202400046061,2024-07-28,Morning,4,1,1.0,1,1,57
202400046062,2024-08-21,Afternoon,3,1,3.0,1,2,68
202400046063,2024-12-04,Night,3,1,6.0,5,2,02
202400046064,2024-07-16,Evening,3,1,6.0,1,1,68
202400046066,2024-07-15,Morning,3,1,3.0,1,2,04
202400046067,2024-06-10,Afternoon,4,1,3.0,1,1,71
202400046068,2024-08-22,Morning,3,1,7.0,1,1,69
202400046069,2024-07-15,Evening,3,1,6.0,1,2,04
202400046070,2024-06-14,Morning,4,2,7.0,1,1,03
202400046071,2024-12-05,Night,3,2,2.0,5,2,75
202400046072,2024-10-30,Morning,4,8,3.0,1,2,78
202400046073,2024-08-21,Afternoon,3,1,7.0,1,1,87
202400046075,2024-08-21,Afternoon,2,1,7.0,1,2,79
202400046076,2024-06-13,Afternoon,4,1,3.0,1,1,38
202400046077,2024-12-04,Morning,3,1,2.0,1,2,75
202400046078,2024-10-30,Afternoon,4,1,6.0,1,2,77
202400046079,2024-07-13,Evening,4,1,5.0,1,1,85
202400046080,2024-06-10,Afternoon,4,1,3.0,1,2,86
202400046081,2024-08-22,Morning,2,1,1.0,1,1,61
202400046082,2024-12-06,Afternoon,4,1,7.0,1,2,75
202400046083,2024-10-29,Evening,4,2,6.0,3,1,76
202400046085,2024-07-15,Afternoon,4,2,6.0,1,1,28
202400046086,2024-08-15,Afternoon,3,2,7.0,1,2,29
202400046087,2024-12-05,Night,4,2,3.0,5,2,75
202400046088,2024-06-10,Afternoon,3,1,3.0,1,2,33
202400046090,2024-08-19,Morning,3,1,6.0,1,2,29
202400046091,2024-06-13,Afternoon,2,1,7.0,1,1,50
202400046092,2024-07-14,Night,4,1,1.0,3,1,28
202400046093,2024-12-06,Afternoon,4,1,3.0,1,2,75
202400046094,2024-09-25,Morning,4,1,6.0,5,2,69
202400046095,2024-10-30,Afternoon,4,1,3.0,1,2,73
202400046096,2024-08-20,Afternoon,4,3,2.0,1,1,60
202400046097,2024-06-07,Afternoon,4,1,2.0,1,1,56
202400046098,2024-10-30,Afternoon,4,1,3.0,1,2,73
202400046099,2024-12-04,Night,4,1,3.0,5,2,75
202400046101,2024-08-22,Afternoon,2,1,3.0,1,1,60
202400046102,2024-07-15,Afternoon,4,1,4.0,1,1,17
202400046103,2024-06-13,Afternoon,3,1,3.0,1,1,35
202400046104,2024-10-27,Morning,4,2,6.0,2,2,72
202400046105,2024-12-05,Evening,4,2,2.0,5,2,75
202400046106,2024-09-25,Morning,3,1,6.0,1,2,69
202400046107,2024-07-22,Afternoon,4,1,6.0,1,1,59
202400046108,2024-10-27,Afternoon,4,1,3.0,1,2,72
202400046109,2024-07-11,Afternoon,3,1,2.0,1,1,30
202400046111,2024-06-24,Afternoon,4,1,2.0,1,1,33
202400046112,2024-06-14,Morning,3,8,6.0,1,2,60
202400046113,2024-07-15,Night,3,1,7.0,3,1,30
202400046114,2024-12-06,Morning,4,8,2.0,2,2,75
202400046115,2024-10-30,Morning,4,5,3.0,5,2,69
202400046116,2024-08-21,Night,4,9,2.0,3,1,91
202400046117,2024-06-13,Morning,4,1,3.0,1,1,13
202400046119,2024-12-06,Afternoon,4,1,3.0,1,2,75
202400046120,2024-10-30,Evening,4,1,3.0,5,2,69
202400046121,2024-08-20,Evening,4,2,2.0,5,1,93
202400046122,2024-06-12,Afternoon,4,1,4.0,1,1,83
202400046123,2024-09-25,Morning,4,2,1.0,1,2,91
202400046124,2024-10-30,Morning,3,5,3.0,2,1,69
202400046125,2024-12-06,Afternoon,4,1,2.0,1,2,75
202400046126,2024-08-20,Evening,4,3,6.0,2,1,95
202400046127,2024-06-09,Night,4,1,2.0,3,1,69
202400046128,2024-10-30,Afternoon,4,5,6.0,5,2,68
202400046129,2024-12-06,Night,3,1,7.0,5,2,75
202400046130,2024-08-20,Afternoon,4,3,3.0,1,1,92
202400046131,2024-09-25,Afternoon,4,8,3.0,1,2,86
202400046132,2024-06-08,Evening,4,1,2.0,1,1,69
202400046133,2024-12-06,Afternoon,4,1,6.0,2,2,75
202400046134,2024-10-29,Evening,4,1,3.0,5,2,67
202400046135,2024-09-24,Afternoon,4,1,6.0,1,2,84
202400046136,2024-06-13,Morning,4,1,2.0,1,1,33
202400046137,2024-08-18,Night,4,2,2.0,5,1,93
202400046138,2024-12-06,Night,4,2,7.0,5,2,75
202400046139,2024-09-25,Afternoon,4,3,3.0,1,2,78
202400046140,2024-10-28,Evening,4,1,3.0,5,2,67
202400046141,2024-06-07,Evening,4,1,2.0,1,1,59
202400046142,2024-09-25,Morning,3,1,6.0,1,2,78
202400046143,2024-12-05,Afternoon,4,2,3.0,5,2,94
202400046144,2024-10-29,Evening,4,8,2.0,3,1,67
202400046145,2024-06-13,Morning,4,1,4.0,1,1,91
202400046146,2024-09-22,Morning,4,2,6.0,1,2,78
202400046147,2024-10-29,Afternoon,2,8,6.0,1,2,64
202400046148,2024-12-06,Evening,4,1,3.0,5,2,94
202400046149,2024-06-12,Evening,4,1,3.0,1,1,92
202400046150,2024-10-30,Evening,4,1,6.0,5,2,64
202400046151,2024-12-05,Evening,4,2,6.0,3,1,94
202400046152,2024-04-23,Evening,3,2,3.0,1,2,38
202400046153,2024-12-06,Night,4,2,6.0,5,2,94
202400046154,2024-10-27,Afternoon,3,1,3.0,1,2,63
202400046155,2024-06-13,Evening,4,1,2.0,1,1,93
202400046157,2024-09-25,Morning,3,1,3.0,1,2,76
202400046158,2024-10-30,Morning,4,2,2.0,1,2,61
202400046159,2024-12-06,Night,4,2,2.0,4,2,94
202400046161,2024-06-13,Morning,4,1,2.0,1,1,93
202400046162,2024-09-23,Evening,4,1,3.0,5,2,76
202400046163,2024-10-25,Morning,2,1,3.0,4,2,59
202400046165,2024-12-06,Morning,4,1,3.0,5,2,94
202400046166,2024-06-12,Morning,3,1,4.0,1,1,93
202400046167,2024-10-27,Afternoon,2,1,6.0,1,2,59
202400046169,2024-12-06,Morning,4,1,6.0,5,2,94
202400046170,2024-09-25,Afternoon,4,1,3.0,1,2,71
202400046171,2024-06-12,Morning,4,1,3.0,1,1,93
202400046172,2024-09-25,Evening,3,3,6.0,5,2,69
202400046173,2024-12-04,Morning,4,8,1.0,1,2,94
202400046174,2024-10-30,Night,3,1,3.0,5,2,59
202400046175,2024-08-20,Evening,4,1,6.0,1,2,69
202400046176,2024-12-05,Afternoon,4,2,3.0,1,2,94
202400046177,2024-06-13,Afternoon,4,1,2.0,1,1,77
202400046178,2024-10-29,Night,4,2,7.0,3,1,49
202400046179,2024-09-25,Morning,4,1,6.0,1,2,69
202400046180,2024-08-19,Morning,4,1,2.0,1,1,2B
202400046181,2024-10-29,Afternoon,4,1,3.0,1,2,49
202400046182,2024-12-05,Evening,4,2,5.0,5,2,93
202400046183,2024-09-25,Afternoon,4,1,3.0,1,2,64
202400046185,2024-10-30,Afternoon,4,1,3.0,1,2,42
202400046187,2024-12-06,Afternoon,3,1,1.0,1,2,93
202400046188,2024-09-25,Morning,4,1,1.0,2,2,63
202400046189,2024-09-20,Evening,4,1,6.0,1,2,61
202400046190,2024-08-20,Morning,3,1,6.0,1,2,2A
202400046191,2024-09-25,Afternoon,4,1,3.0,1,2,60
202400046192,2024-12-06,Morning,4,1,3.0,1,2,93
202400046193,2024-08-19,Afternoon,4,1,3.0,1,2,95
202400046194,2024-09-23,Afternoon,4,1,6.0,1,2,57
202400046195,2024-12-06,Morning,4,1,6.0,1,2,93
202400046196,2024-10-28,Evening,4,1,6.0,5,2,34
202400046197,2024-08-20,Evening,4,2,3.0,1,2,91
202400046198,2024-12-06,Evening,4,1,3.0,5,2,92
202400046199,2024-10-30,Morning,4,1,2.0,1,2,32
202400046200,2024-09-25,Afternoon,4,1,3.0,1,2,54
202400046201,2024-08-19,Night,4,1,3.0,5,2,87
202400046202,2024-12-06,Afternoon,4,1,3.0,3,2,92
202400046203,2024-09-25,Morning,4,1,3.0,1,2,54
202400046204,2024-08-19,Afternoon,3,1,6.0,1,2,87
202400046205,2024-10-30,Evening,4,1,5.0,3,1,22
202400046206,2024-12-06,Afternoon,4,1,3.0,1,2,92
202400046207,2024-09-24,Afternoon,4,1,4.0,1,2,54
202400046208,2024-12-06,Night,3,3,6.0,5,2,92
202400046209,2024-08-20,Morning,4,1,1.0,1,2,83
202400046210,2024-09-05,Afternoon,3,1,6.0,1,2,19
202400046211,2024-09-24,Morning,4,2,3.0,1,2,54
202400046212,2024-12-04,Evening,4,1,6.0,5,2,92