Num_Acc,date,time_of_day,max_severity,weather,collision_type,lighting,urban_area,department
202400046213,2024-10-30,Afternoon,4,1,1.0,1,1,18
202400046214,2024-08-20,Evening,3,1,3.0,5,2,81
202400046215,2024-09-25,Morning,4,1,3.0,3,2,54
202400046216,2024-12-06,Morning,4,1,1.0,1,2,92
202400046217,2024-10-30,Afternoon,4,1,6.0,1,2,17
202400046218,2024-08-19,Morning,4,1,5.0,1,2,80
202400046219,2024-09-20,Night,3,1,6.0,3,2,50
202400046220,2024-12-06,Night,4,2,3.0,5,2,92
202400046221,2024-10-30,Evening,4,1,6.0,5,2,14
202400046222,2024-07-02,Afternoon,4,1,6.0,1,2,76
202400046223,2024-09-25,Afternoon,2,2,3.0,1,2,49
202400046224,2024-12-06,Night,4,1,3.0,5,2,92
202400046225,2024-10-30,Evening,4,1,2.0,5,2,13
202400046226,2024-08-20,Morning,4,1,2.0,1,2,72
202400046227,2024-12-06,Afternoon,3,1,3.0,1,2,92
202400046228,2024-09-25,Evening,4,1,6.0,1,2,47
202400046229,2024-10-30,Night,4,1,3.0,5,2,13
202400046230,2024-12-03,Afternoon,4,1,5.0,5,2,92
202400046231,2024-09-24,Afternoon,4,7,6.0,1,2,45
202400046232,2024-08-21,Night,4,1,5.0,5,2,69
202400046233,2024-09-30,Evening,4,1,1.0,5,2,13
202400046234,2024-12-06,Afternoon,4,1,1.0,1,1,01
202400046235,2024-09-24,Evening,3,7,6.0,1,2,44
202400046236,2024-12-07,Morning,3,1,6.0,4,1,83
202400046237,2024-10-30,Evening,4,1,1.0,5,2,13
202400046238,2024-08-19,Afternoon,4,1,3.0,1,2,69
202400046239,2024-12-07,Evening,4,2,3.0,5,2,95
202400046240,2024-09-23,Afternoon,4,1,6.0,1,2,39
202400046241,2024-08-20,Afternoon,4,1,3.0,1,2,67
202400046242,2024-10-29,Morning,4,1,3.0,2,2,10
202400046243,2024-12-06,Night,4,1,2.0,3,1,28
202400046244,2024-09-25,Morning,4,2,6.0,1,2,37
202400046245,2024-10-30,Morning,4,1,6.0,1,2,06
202400046247,2024-08-19,Evening,3,1,2.0,1,2,64
202400046248,2024-10-30,Evening,4,1,7.0,5,2,75
202400046249,2024-09-24,Afternoon,4,1,6.0,1,2,37
202400046251,2024-08-20,Afternoon,4,1,3.0,1,2,64
202400046252,2024-10-30,Evening,4,1,3.0,5,2,75
202400046253,2024-12-06,Morning,4,1,2.0,1,1,21
202400046254,2024-09-25,Evening,4,2,2.0,1,1,36
202400046255,2024-08-20,Morning,4,1,6.0,1,2,63
202400046256,2024-10-30,Morning,4,1,1.0,1,2,75
202400046257,2024-11-29,Evening,3,1,3.0,5,2,01
202400046258,2024-08-15,Afternoon,4,1,2.0,1,2,62
202400046259,2024-10-30,Afternoon,3,1,2.0,2,2,75
202400046260,2024-09-25,Morning,4,1,3.0,1,2,34
202400046262,2024-08-19,Afternoon,3,1,6.0,1,2,62
202400046263,2024-10-30,Morning,4,1,3.0,1,2,75
202400046264,2024-08-18,Night,4,1,6.0,5,2,62
202400046265,2024-09-25,Morning,4,1,3.0,1,2,13
202400046266,2024-10-30,Afternoon,4,1,7.0,1,2,75
202400046267,2024-08-20,Afternoon,4,3,3.0,1,2,59
202400046268,2024-09-25,Morning,4,1,1.0,1,2,09
202400046269,2024-10-30,Morning,4,1,3.0,1,2,75
202400046271,2024-08-20,Morning,4,3,3.0,1,2,56
202400046272,2024-09-25,Morning,3,1,3.0,1,2,06
202400046273,2024-10-30,Morning,4,8,6.0,1,2,94
202400046274,2024-12-05,Afternoon,4,3,1.0,3,1,89
202400046275,2024-08-20,Afternoon,4,1,3.0,1,2,54
202400046276,2024-09-24,Evening,4,1,3.0,5,2,06
202400046277,2024-10-30,Morning,4,1,3.0,1,2,94
202400046278,2024-12-07,Night,4,2,6.0,3,1,63
202400046279,2024-08-20,Night,4,1,6.0,5,2,54
202400046280,2024-12-06,Morning,3,7,6.0,1,2,61
202400046281,2024-09-24,Afternoon,4,1,3.0,1,2,01
202400046282,2024-10-30,Afternoon,4,1,3.0,1,2,93
202400046283,2024-12-06,Morning,3,1,3.0,1,1,35
202400046284,2024-08-20,Morning,4,1,7.0,1,2,51
202400046285,2024-09-24,Evening,4,2,3.0,1,2,75
202400046286,2024-10-30,Afternoon,4,1,6.0,1,2,93
202400046287,2024-11-26,Morning,3,1,3.0,1,2,38
202400046288,2024-08-19,Night,4,1,7.0,5,2,50
202400046289,2024-09-24,Morning,4,2,6.0,1,2,75
202400046290,2024-12-07,Morning,4,3,3.0,1,1,38
202400046291,2024-08-20,Morning,4,1,3.0,1,2,47
202400046292,2024-10-30,Night,4,1,5.0,5,2,93
202400046293,2024-12-07,Afternoon,2,2,7.0,1,1,03
202400046294,2024-09-25,Night,4,3,6.0,5,2,75
202400046295,2024-08-19,Afternoon,4,1,1.0,1,2,47
202400046296,2024-10-30,Evening,4,1,3.0,3,2,93
202400046297,2024-12-06,Afternoon,3,1,3.0,5,1,14
202400046298,2024-09-25,Afternoon,4,2,7.0,1,2,75
202400046299,2024-08-20,Evening,4,1,2.0,1,2,42
202400046300,2024-10-30,Morning,4,1,2.0,1,2,93
202400046301,2024-12-06,Afternoon,3,1,2.0,1,1,50
202400046302,2024-08-09,Afternoon,4,1,1.0,1,1,40
202400046303,2024-09-25,Afternoon,3,2,2.0,1,2,75
202400046304,2024-12-06,Afternoon,4,1,6.0,1,2,43
202400046305,2024-10-30,Evening,4,1,3.0,5,2,93
202400046306,2024-08-20,Afternoon,4,1,2.0,1,2,37
202400046307,2024-09-25,Afternoon,4,2,3.0,1,2,75
202400046308,2024-12-06,Afternoon,3,1,2.0,1,2,07
202400046309,2024-10-27,Night,4,1,3.0,3,2,93
202400046310,2024-08-20,Afternoon,4,1,3.0,1,2,37
202400046311,2024-12-06,Evening,4,1,6.0,5,2,52
202400046312,2024-09-25,Evening,4,2,6.0,1,2,75
202400046313,2024-10-30,Afternoon,4,1,2.0,1,1,92
202400046314,2024-08-20,Evening,4,1,1.0,3,2,33
202400046315,2024-12-06,Evening,2,1,3.0,3,1,69
202400046316,2024-09-25,Afternoon,4,2,6.0,1,2,75
202400046317,2024-12-04,Evening,4,1,4.0,3,1,67
202400046318,2024-10-30,Evening,4,1,4.0,5,2,92
202400046319,2024-09-25,Afternoon,4,8,6.0,1,2,75
202400046320,2024-08-19,Afternoon,3,1,3.0,1,2,30
202400046321,2024-10-29,Morning,3,5,7.0,3,1,54
202400046322,2024-09-25,Afternoon,4,2,6.0,1,2,75
202400046323,2024-08-20,Evening,4,1,3.0,1,1,30
202400046324,2024-12-02,Afternoon,4,1,2.0,1,1,13
202400046325,2024-10-30,Evening,4,1,3.0,3,2,06
202400046326,2024-09-25,Afternoon,4,2,2.0,1,2,75
202400046327,2024-08-20,Night,3,2,6.0,5,2,29
202400046328,2024-11-26,Evening,4,1,4.0,3,1,21
202400046329,2024-10-30,Morning,4,8,3.0,1,2,40
202400046330,2024-09-24,Evening,4,8,3.0,5,2,75
202400046331,2024-12-06,Evening,4,8,6.0,5,2,45
202400046333,2024-12-07,Night,4,1,6.0,2,1,95
202400046334,2024-09-25,Afternoon,4,2,6.0,1,2,75
202400046335,2024-12-06,Evening,3,1,1.0,3,1,34
202400046336,2024-10-31,Morning,3,1,2.0,2,1,35
202400046337,2024-09-25,Morning,4,8,6.0,1,2,75
202400046338,2024-10-30,Afternoon,3,1,1.0,5,2,68
202400046339,2024-09-25,Night,4,2,6.0,5,2,75
202400046340,2024-10-29,Afternoon,2,1,6.0,1,2,01
202400046341,2024-09-25,Morning,4,2,7.0,1,2,75
202400046342,2024-11-24,Evening,4,1,1.0,5,2,68
202400046343,2024-10-31,Afternoon,3,1,1.0,1,1,56
202400046344,2024-09-24,Evening,4,2,1.0,2,2,75
202400046345,2024-12-06,Afternoon,4,1,5.0,1,1,73
202400046346,2024-10-30,Evening,3,1,1.0,3,1,59
202400046347,2024-12-07,Morning,4,2,6.0,1,2,42
202400046348,2024-10-30,Evening,4,8,7.0,3,1,82
202400046349,2024-09-24,Night,4,1,2.0,5,2,94
202400046350,2024-12-06,Afternoon,4,1,1.0,1,1,38
202400046351,2024-10-31,Afternoon,3,1,3.0,1,1,82
202400046352,2024-12-07,Night,4,1,7.0,5,2,01
202400046353,2024-09-25,Morning,4,1,1.0,5,2,94
202400046354,2024-12-07,Morning,4,1,6.0,1,2,69
202400046355,2024-10-31,Evening,4,1,2.0,5,2,69
202400046356,2024-09-25,Evening,4,2,6.0,2,2,94
202400046357,2024-12-07,Morning,3,8,3.0,3,1,85
202400046358,2024-10-31,Morning,4,1,1.0,1,1,63
202400046359,2024-09-25,Evening,4,3,6.0,1,2,94
202400046360,2024-11-28,Morning,4,1,1.0,1,1,27
202400046361,2024-09-24,Evening,4,1,6.0,1,2,94
202400046362,2024-10-31,Morning,4,5,3.0,2,1,55
202400046363,2024-11-19,Night,4,1,3.0,5,1,13
202400046364,2024-10-30,Night,4,1,1.0,3,1,49
202400046365,2024-09-25,Night,3,2,3.0,5,2,93
202400046366,2024-12-06,Afternoon,4,1,3.0,1,1,13
202400046367,2024-10-31,Night,3,1,6.0,3,1,12
202400046368,2024-09-20,Evening,4,2,6.0,1,2,93
202400046369,2024-12-06,Morning,4,1,4.0,1,1,13
202400046370,2024-10-30,Evening,4,5,6.0,3,1,42
202400046371,2024-09-24,Evening,4,2,6.0,2,2,93
202400046372,2024-10-22,Afternoon,3,1,6.0,1,2,39
202400046373,2024-12-04,Morning,4,1,5.0,1,1,13
202400046374,2024-09-25,Afternoon,4,2,1.0,1,2,93
202400046375,2024-12-06,Night,4,1,3.0,5,1,13
202400046376,2024-10-30,Evening,3,1,1.0,5,2,02
202400046377,2024-09-25,Night,4,1,3.0,5,2,93
202400046378,2024-12-05,Afternoon,2,1,4.0,1,1,83
202400046379,2024-10-13,Night,4,1,6.0,3,1,02
202400046380,2024-09-25,Night,4,1,3.0,5,2,93
202400046381,2024-12-06,Evening,4,1,4.0,3,1,33
202400046382,2024-10-30,Morning,3,5,3.0,1,1,03
202400046383,2024-09-25,Afternoon,4,2,1.0,1,2,93
202400046384,2024-12-06,Afternoon,4,1,2.0,3,1,33
202400046385,2024-10-29,Afternoon,4,1,6.0,1,1,01
202400046386,2024-09-25,Night,4,1,6.0,5,2,93
202400046387,2024-12-06,Evening,4,1,3.0,5,1,94
202400046388,2024-10-12,Morning,3,1,1.0,1,1,26
202400046389,2024-12-06,Evening,4,1,2.0,3,1,91
202400046390,2024-09-24,Morning,4,2,3.0,1,2,93
202400046391,2024-10-30,Evening,3,5,6.0,3,1,58
202400046392,2024-12-06,Night,4,2,7.0,5,1,75
202400046393,2024-10-31,Morning,3,1,1.0,1,1,72
202400046394,2024-09-25,Afternoon,4,2,3.0,1,2,92
202400046395,2024-10-31,Evening,4,1,2.0,5,2,60
202400046396,2024-12-06,Night,4,2,3.0,3,1,78
202400046397,2024-09-25,Morning,4,2,3.0,1,2,92
202400046398,2024-10-30,Afternoon,4,1,1.0,5,2,07
202400046399,2024-12-04,Afternoon,4,1,4.0,1,1,78
202400046400,2024-09-25,Morning,4,2,7.0,1,2,92
202400046401,2024-10-31,Evening,4,1,6.0,3,1,21
202400046402,2024-09-23,Evening,4,1,6.0,5,2,92
202400046403,2024-12-06,Morning,4,1,5.0,1,1,93
202400046404,2024-10-30,Afternoon,4,1,2.0,1,2,30
202400046405,2024-12-06,Morning,4,1,3.0,3,1,93
202400046406,2024-10-30,Morning,3,1,6.0,1,1,52
202400046407,2024-12-05,Night,4,1,6.0,3,1,95
202400046408,2024-09-25,Night,4,3,3.0,5,2,92
202400046409,2024-10-30,Afternoon,3,1,6.0,1,1,52
202400046410,2024-12-04,Evening,4,1,4.0,2,1,95
202400046411,2024-10-31,Morning,2,1,6.0,1,1,38
202400046412,2024-09-25,Afternoon,4,2,3.0,1,2,92
202400046413,2024-12-04,Afternoon,4,1,4.0,2,1,93
202400046414,2024-10-31,Morning,4,5,3.0,1,1,77
202400046415,2024-12-04,Afternoon,4,1,7.0,1,1,95
202400046416,2024-09-25,Afternoon,4,2,3.0,2,2,92
202400046417,2024-10-29,Afternoon,4,1,6.0,1,1,01
202400046418,2024-12-04,Morning,4,1,4.0,1,1,95
202400046419,2024-10-23,Morning,4,1,2.0,1,1,01
202400046420,2024-09-21,Morning,3,1,6.0,1,1,35
202400046421,2024-07-18,Morning,4,1,3.0,1,2,13
202400046424,2024-10-30,Evening,4,1,4.0,3,1,34
202400046427,2024-09-26,Morning,3,2,3.0,3,1,45
202400046428,2024-10-31,Afternoon,3,1,4.0,1,1,34
202400046429,2024-09-23,Evening,3,3,1.0,2,1,33
202400046434,2024-09-20,Afternoon,3,1,2.0,1,1,68
202400046436,2024-09-25,Evening,2,1,7.0,5,2,68
202400046438,2024-12-05,Morning,4,1,3.0,1,2,2A
202400046439,2024-10-31,Night,3,1,5.0,3,1,95
202400046440,2024-09-26,Afternoon,4,1,5.0,1,1,37
202400046441,2024-12-04,Evening,4,1,4.0,5,2,91
202400046442,2024-09-26,Morning,2,2,7.0,1,1,83
202400046443,2024-10-25,Evening,4,1,3.0,5,2,06
202400046444,2024-12-05,Night,4,2,6.0,5,2,91
202400046445,2024-09-24,Morning,3,2,6.0,1,2,51
202400046446,2024-09-22,Night,4,1,7.0,3,1,56
202400046447,2024-10-30,Afternoon,3,7,3.0,1,2,13
202400046448,2024-12-05,Evening,4,2,3.0,5,2,91
202400046449,2024-10-30,Evening,4,1,3.0,3,1,26
202400046450,2024-09-24,Afternoon,4,2,3.0,1,1,76
202400046451,2024-12-04,Afternoon,3,1,6.0,5,2,90
202400046452,2024-10-31,Morning,4,5,6.0,1,1,52
202400046453,2024-09-25,Morning,4,1,6.0,1,1,65
202400046454,2024-12-04,Night,3,2,6.0,5,2,88
202400046455,2024-10-30,Night,4,5,6.0,3,1,68
202400046456,2024-09-26,Afternoon,3,1,7.0,1,1,65
202400046457,2024-10-31,Morning,3,5,6.0,1,1,55
202400046458,2024-12-05,Night,3,1,3.0,5,2,87
202400046459,2024-09-26,Afternoon,3,1,3.0,1,1,11
202400046460,2024-12-04,Afternoon,4,1,6.0,1,2,84
202400046461,2024-09-20,Afternoon,4,1,7.0,1,1,61
202400046462,2024-10-31,Afternoon,4,1,3.0,1,1,07
202400046463,2024-09-26,Evening,4,2,6.0,2,1,12
202400046464,2024-09-26,Afternoon,2,3,6.0,1,1,46
202400046465,2024-10-30,Evening,3,5,1.0,3,1,69
202400046466,2024-10-30,Evening,2,1,6.0,3,2,31
202400046467,2024-09-25,Morning,4,1,5.0,1,2,47
202400046468,2024-10-29,Afternoon,4,2,3.0,1,1,29
202400046469,2024-09-23,Evening,3,1,3.0,1,2,44
202400046470,2024-09-25,Evening,3,8,6.0,3,1,29
202400046471,2024-10-30,Evening,4,1,2.0,3,1,13
202400046472,2024-09-25,Afternoon,4,1,1.0,1,2,29
202400046473,2024-12-05,Afternoon,3,2,3.0,2,1,77
202400046474,2024-10-29,Night,3,1,7.0,3,1,67
202400046475,2024-09-24,Afternoon,3,7,6.0,1,2,40
202400046476,2024-12-04,Afternoon,4,1,2.0,2,1,77
202400046477,2024-10-26,Afternoon,3,1,3.0,1,1,62
202400046478,2024-11-17,Night,3,1,7.0,3,1,77
202400046479,2024-09-26,Evening,4,8,7.0,1,1,24
202400046480,2024-10-26,Morning,3,2,6.0,3,1,59
202400046481,2024-12-05,Afternoon,3,1,7.0,1,2,76
202400046483,2024-10-28,Morning,4,1,2.0,1,1,59
202400046484,2024-09-26,Morning,4,3,6.0,1,1,72
202400046485,2024-12-04,Morning,4,1,6.0,1,2,76
202400046486,2024-10-30,Morning,4,8,2.0,1,1,77
202400046487,2024-09-26,Morning,3,3,6.0,5,2,69
202400046488,2024-10-30,Morning,4,1,3.0,1,1,92
202400046489,2024-11-30,Morning,4,1,3.0,1,2,74
202400046490,2024-09-25,Morning,4,1,3.0,1,1,73
202400046491,2024-10-29,Evening,4,1,2.0,3,1,78
202400046492,2024-09-26,Morning,3,2,1.0,1,1,77
202400046493,2024-10-29,Evening,3,1,1.0,3,1,78
202400046494,2024-09-25,Afternoon,4,3,1.0,1,1,77
202400046495,2024-10-29,Morning,4,1,6.0,1,1,92
202400046496,2024-12-04,Afternoon,4,1,4.0,1,2,72
202400046497,2024-09-19,Afternoon,3,1,2.0,1,1,34
202400046498,2024-12-06,Night,4,3,7.0,3,1,71
202400046499,2024-10-30,Evening,4,1,2.0,3,1,93
202400046500,2024-09-25,Afternoon,3,1,3.0,1,1,34
202400046501,2024-12-04,Afternoon,4,8,3.0,1,2,71
202400046502,2024-10-30,Evening,4,1,2.0,3,1,93
202400046503,2024-09-25,Morning,3,1,3.0,1,2,06
202400046504,2024-12-04,Afternoon,4,1,6.0,1,2,70
202400046505,2024-10-30,Afternoon,4,1,4.0,1,1,93
202400046506,2024-12-03,Afternoon,4,8,6.0,1,2,67
202400046507,2024-10-29,Afternoon,4,1,7.0,1,1,95
202400046508,2024-09-26,Morning,4,3,6.0,5,2,06
202400046509,2024-12-05,Afternoon,4,1,7.0,1,2,64
202400046510,2024-10-29,Morning,4,1,3.0,2,1,93
202400046511,2024-12-05,Morning,4,1,3.0,1,2,64
202400046512,2024-09-24,Morning,4,2,2.0,1,1,13
202400046513,2024-07-29,Afternoon,4,1,1.0,1,2,42
202400046514,2024-12-05,Afternoon,4,1,3.0,1,2,64
202400046515,2024-09-26,Morning,3,3,6.0,2,1,68
202400046516,2024-12-03,Afternoon,4,2,6.0,4,2,64
202400046517,2024-07-11,Afternoon,4,1,2.0,1,1,42
202400046518,2024-09-24,Morning,3,2,6.0,1,2,57
202400046519,2024-12-05,Evening,4,2,6.0,5,2,62
202400046520,2024-12-05,Evening,3,2,6.0,5,1,62
202400046521,2024-10-16,Night,4,1,7.0,3,1,44
202400046522,2024-12-04,Afternoon,4,2,6.0,2,2,62
202400046523,2024-10-16,Afternoon,4,1,6.0,1,2,44
202400046524,2024-09-25,Afternoon,4,1,3.0,1,1,38
202400046525,2024-10-16,Afternoon,4,1,7.0,2,2,44
202400046526,2024-12-05,Morning,3,2,3.0,1,2,59
202400046527,2024-09-25,Morning,4,1,1.0,1,2,33
202400046528,2024-08-28,Evening,4,1,7.0,1,2,84
202400046529,2024-11-25,Evening,3,1,7.0,5,2,59
202400046530,2024-08-27,Morning,4,1,6.0,1,2,84
202400046531,2024-09-25,Morning,4,2,5.0,1,2,22
202400046532,2024-12-04,Morning,4,1,6.0,1,2,59
202400046533,2024-08-27,Morning,4,1,6.0,1,2,84
202400046534,2024-09-24,Afternoon,4,1,3.0,1,2,62
202400046535,2024-12-03,Evening,3,1,6.0,5,2,57
202400046536,2024-08-27,Night,4,1,7.0,5,2,84
202400046537,2024-12-05,Morning,4,1,6.0,1,2,54
202400046538,2024-09-26,Afternoon,3,1,6.0,1,1,59
202400046539,2024-08-11,Afternoon,4,1,6.0,1,1,84
202400046540,2024-08-08,Afternoon,4,1,6.0,1,1,84
202400046541,2024-12-04,Afternoon,4,1,3.0,1,2,54
202400046542,2024-09-25,Night,4,3,4.0,3,1,33
202400046543,2024-06-26,Night,3,1,6.0,3,2,84
202400046544,2024-09-24,Afternoon,4,2,6.0,1,1,33
202400046545,2024-12-02,Morning,2,1,6.0,1,2,52
202400046546,2024-06-25,Afternoon,4,2,6.0,1,1,84
202400046547,2024-12-05,Morning,4,2,3.0,2,2,51
202400046548,2024-09-24,Night,2,1,1.0,3,1,91
202400046549,2024-07-28,Afternoon,3,1,6.0,1,1,84
202400046550,2024-12-05,Afternoon,3,1,6.0,1,2,50
202400046551,2024-07-20,Morning,3,7,7.0,1,1,84
202400046552,2024-09-25,Night,4,2,3.0,3,1,78
202400046553,2024-07-06,Afternoon,4,2,6.0,1,1,84
202400046554,2024-11-28,Morning,4,8,3.0,1,2,49
202400046555,2024-09-24,Morning,4,2,4.0,1,1,78
202400046556,2024-09-24,Morning,4,2,7.0,1,1,92
202400046557,2024-12-02,Evening,3,1,6.0,5,2,49
202400046558,2024-06-01,Evening,4,1,3.0,1,1,74
202400046559,2024-12-04,Afternoon,4,1,7.0,1,2,49
202400046560,2024-04-30,Afternoon,3,1,3.0,1,1,32
202400046561,2024-09-25,Afternoon,4,2,6.0,1,1,77
202400046562,2024-12-04,Morning,4,2,3.0,1,2,43
202400046563,2024-07-02,Afternoon,4,1,1.0,1,1,91
202400046564,2024-06-27,Morning,4,1,2.0,1,2,28
202400046565,2024-12-05,Afternoon,3,2,6.0,5,2,41
202400046568,2024-06-18,Evening,4,1,5.0,1,1,28
202400046569,2024-12-05,Night,3,1,3.0,5,2,38
202400046571,2024-05-30,Night,3,1,1.0,3,1,28
202400046572,2024-12-04,Morning,3,1,3.0,1,2,38
202400046573,2024-05-27,Afternoon,2,1,7.0,1,1,28
202400046575,2024-12-05,Morning,3,2,3.0,1,2,37
202400046578,2024-12-05,Morning,4,2,3.0,5,2,35
202400046579,2024-09-24,Night,4,2,3.0,5,2,69
202400046581,2024-09-24,Afternoon,4,1,3.0,1,2,69
202400046583,2024-12-05,Evening,3,2,1.0,5,2,33
202400046584,2024-12-05,Morning,3,1,3.0,1,2,31
202400046585,2024-10-28,Afternoon,4,1,2.0,5,1,2A
202400046586,2024-10-29,Afternoon,4,1,3.0,1,2,95
202400046587,2024-12-04,Afternoon,4,1,3.0,1,2,31
202400046588,2024-10-29,Afternoon,4,1,6.0,1,2,91
202400046589,2024-12-04,Morning,4,1,1.0,1,2,31
202400046590,2024-10-25,Evening,4,2,3.0,5,2,87
202400046591,2024-12-05,Night,4,1,7.0,3,1,29
202400046592,2024-12-04,Evening,4,2,2.0,3,1,29
202400046593,2024-10-27,Afternoon,4,1,2.0,1,2,87
202400046594,2024-12-04,Afternoon,3,1,3.0,5,2,70
202400046595,2024-10-29,Night,4,1,3.0,5,2,83
202400046596,2024-12-05,Afternoon,4,1,7.0,1,2,19
202400046597,2024-10-29,Evening,3,1,3.0,5,2,83
202400046598,2024-12-04,Morning,4,1,6.0,1,2,15
202400046599,2024-10-28,Afternoon,3,1,2.0,1,1,81
202400046600,2024-12-04,Morning,4,2,1.0,5,2,14
202400046601,2024-10-29,Afternoon,4,1,2.0,1,1,78
202400046602,2024-12-05,Morning,4,1,3.0,1,2,13
202400046603,2024-10-29,Afternoon,4,1,4.0,1,2,78
202400046604,2024-12-05,Morning,4,1,1.0,1,2,13
202400046605,2024-12-04,Afternoon,4,1,1.0,1,2,13
202400046606,2024-10-29,Morning,3,1,6.0,1,2,76
202400046607,2024-11-27,Afternoon,4,1,3.0,1,2,12
202400046608,2024-10-29,Afternoon,4,1,6.0,1,2,73
202400046609,2024-11-24,Morning,4,1,6.0,1,1,12
202400046610,2024-10-29,Morning,4,1,4.0,1,1,73
202400046611,2024-11-15,Afternoon,3,1,6.0,1,2,12
202400046612,2024-10-29,Afternoon,4,1,3.0,1,2,69
202400046613,2024-10-24,Morning,4,1,6.0,1,2,12
202400046614,2024-10-29,Afternoon,4,1,3.0,1,2,67
202400046615,2024-12-02,Afternoon,4,2,3.0,1,1,12
202400046616,2024-10-28,Afternoon,4,1,3.0,1,2,67
202400046617,2024-12-04,Morning,4,5,7.0,4,2,10
202400046618,2024-10-29,Afternoon,4,1,1.0,1,1,64
202400046619,2024-12-04,Afternoon,3,7,3.0,1,2,07
202400046620,2024-10-28,Afternoon,4,1,3.0,1,2,64
202400046621,2024-12-05,Afternoon,4,1,6.0,1,2,06
202400046622,2024-10-29,Morning,4,1,2.0,1,2,63
202400046623,2024-12-05,Afternoon,4,7,2.0,1,2,06
202400046624,2024-10-29,Morning,4,1,3.0,1,2,63
202400046625,2024-11-29,Evening,3,1,6.0,4,2,06
202400046626,2024-10-29,Afternoon,3,8,6.0,1,2,62
202400046627,2024-12-05,Night,3,1,3.0,5,2,06
202400046628,2024-01-08,Afternoon,4,1,3.0,1,2,75
202400046629,2024-01-08,Afternoon,4,1,6.0,1,2,75
202400046630,2024-01-08,Evening,4,1,3.0,5,2,75
202400046631,2024-01-08,Night,4,4,2.0,5,2,94
202400046632,2024-01-08,Afternoon,4,8,3.0,1,2,94
202400046633,2024-01-08,Evening,4,1,7.0,5,2,93
202400046634,2024-01-08,Night,4,4,3.0,5,2,93
202400046635,2024-01-08,Afternoon,3,1,1.0,1,2,93
202400046636,2024-01-08,Night,3,1,6.0,5,2,93
202400046637,2024-01-08,Morning,4,8,6.0,1,2,92
202400046638,2024-01-08,Morning,4,8,2.0,2,2,92
202400046639,2024-01-08,Afternoon,4,1,6.0,1,2,92
202400046640,2024-01-08,Morning,4,1,2.0,5,2,92
202400046641,2024-01-07,Evening,4,1,6.0,5,2,92
202400046642,2024-01-08,Evening,4,2,6.0,5,2,92
202400046643,2024-01-09,Afternoon,3,1,6.0,2,2,24
202400046644,2024-01-08,Afternoon,3,8,1.0,2,1,57
202400046645,2024-01-09,Night,2,1,6.0,3,1,47
202400046646,2024-05-07,Afternoon,4,1,6.0,1,2,91
202400046647,2024-03-29,Afternoon,4,8,3.0,1,2,75
202400046648,2024-01-09,Evening,3,1,6.0,4,2,01
202400046649,2024-05-06,Afternoon,4,1,3.0,1,2,87
202400046650,2024-03-30,Afternoon,3,1,2.0,1,2,75
202400046651,2024-05-07,Evening,4,1,6.0,1,2,84
202400046652,2024-01-09,Afternoon,4,4,4.0,1,1,21
202400046654,2024-05-07,Morning,4,1,6.0,1,2,84
202400046655,2024-03-30,Evening,4,1,3.0,5,2,75
202400046656,2024-01-08,Evening,3,1,3.0,5,1,12
202400046657,2024-05-07,Afternoon,4,1,4.0,1,2,84
202400046658,2024-03-31,Evening,4,1,3.0,5,2,75
202400046659,2024-05-07,Afternoon,3,1,3.0,1,2,83
202400046660,2024-01-08,Afternoon,4,1,1.0,1,2,62
202400046661,2024-05-02,Afternoon,3,1,6.0,1,2,83
202400046662,2024-03-31,Morning,4,1,1.0,1,2,75
202400046663,2024-05-07,Evening,4,2,6.0,1,1,81
202400046664,2024-01-08,Morning,3,9,6.0,1,1,56
202400046665,2024-05-06,Afternoon,4,1,1.0,1,2,80
202400046666,2024-03-29,Afternoon,4,2,3.0,1,2,75
202400046667,2024-05-07,Afternoon,4,1,1.0,1,1,78
202400046668,2024-01-08,Morning,3,1,6.0,2,2,59
202400046669,2024-05-07,Afternoon,3,1,6.0,1,2,77
202400046670,2024-01-09,Night,4,1,6.0,4,2,47
202400046671,2024-05-06,Evening,3,2,3.0,1,2,72
202400046672,2024-03-31,Morning,4,1,6.0,5,2,75
202400046673,2024-01-08,Afternoon,3,1,7.0,1,1,22
202400046674,2024-05-06,Evening,4,2,3.0,1,2,72
202400046675,2024-03-31,Afternoon,4,1,6.0,1,2,75
202400046676,2024-01-09,Afternoon,3,1,1.0,1,1,38
202400046677,2024-05-06,Afternoon,4,2,4.0,1,2,72
202400046678,2024-01-09,Afternoon,3,1,6.0,3,1,02
202400046679,2024-05-07,Morning,4,1,1.0,1,2,69
202400046680,2024-03-30,Afternoon,4,8,6.0,1,2,75
202400046681,2024-01-08,Morning,3,4,1.0,1,2,03
202400046682,2024-02-19,Afternoon,4,1,3.0,1,2,69
202400046683,2024-03-30,Afternoon,4,1,2.0,1,2,94
202400046684,2024-05-06,Evening,2,1,6.0,1,2,67
202400046685,2024-01-09,Morning,4,8,3.0,2,1,72
202400046686,2024-01-09,Afternoon,2,1,7.0,1,1,60
202400046687,2024-05-07,Morning,4,2,3.0,1,2,65
202400046688,2024-03-30,Morning,4,1,6.0,1,2,94
202400046689,2024-05-07,Afternoon,4,1,7.0,1,2,64