Num_Acc,date,time_of_day,max_severity,weather,collision_type,lighting,urban_area,department
202400046690,2024-01-09,Afternoon,4,4,1.0,1,1,07
202400046691,2024-03-31,Afternoon,4,1,6.0,1,2,94
202400046692,2024-05-06,Afternoon,3,1,6.0,1,2,62
202400046693,2024-05-02,Afternoon,3,1,6.0,1,2,62
202400046694,2024-01-08,Evening,3,1,1.0,3,1,85
202400046695,2024-01-09,Morning,4,4,3.0,2,1,27
202400046696,2024-05-06,Afternoon,3,1,3.0,1,2,59
202400046697,2024-03-31,Evening,4,8,3.0,1,2,93
202400046698,2024-01-08,Afternoon,3,1,2.0,1,1,01
202400046699,2024-05-07,Evening,4,1,6.0,2,2,59
202400046700,2024-05-07,Evening,4,1,3.0,1,2,59
202400046701,2024-01-05,Afternoon,4,2,3.0,1,1,01
202400046702,2024-05-06,Night,4,1,7.0,3,1,59
202400046703,2024-03-30,Evening,4,1,4.0,5,2,93
202400046704,2024-05-05,Morning,4,1,6.0,2,2,58
202400046705,2024-03-30,Evening,4,1,6.0,1,2,93
202400046706,2024-01-08,Afternoon,3,2,6.0,5,2,69
202400046707,2024-05-07,Afternoon,4,1,2.0,1,1,56
202400046708,2024-03-31,Night,4,2,1.0,5,2,93
202400046709,2024-01-08,Evening,4,1,2.0,3,1,28
202400046710,2024-05-07,Afternoon,3,1,3.0,1,2,54
202400046711,2024-03-16,Night,4,1,6.0,5,2,92
202400046713,2024-05-07,Afternoon,4,1,6.0,1,2,51
202400046715,2024-03-30,Evening,4,1,2.0,4,2,92
202400046716,2024-05-07,Afternoon,3,1,7.0,1,2,51
202400046717,2024-03-31,Evening,3,1,6.0,1,1,86
202400046719,2024-05-07,Morning,4,1,6.0,1,2,51
202400046721,2024-03-31,Evening,3,1,6.0,2,1,86
202400046722,2024-05-07,Afternoon,4,1,3.0,1,1,49
202400046723,2024-01-08,Afternoon,4,4,2.0,1,1,26
202400046724,2024-03-30,Afternoon,3,1,6.0,1,1,41
202400046725,2024-05-05,Morning,4,1,3.0,1,2,47
202400046726,2024-01-05,Evening,3,1,6.0,3,1,63
202400046727,2024-03-29,Evening,3,1,7.0,2,1,01
202400046728,2024-01-09,Evening,4,9,7.0,3,1,60
202400046729,2024-03-31,Afternoon,3,1,7.0,1,1,65
202400046730,2024-05-07,Afternoon,4,1,3.0,1,2,37
202400046731,2024-01-08,Evening,4,1,2.0,5,1,83
202400046732,2024-03-31,Morning,4,1,3.0,1,2,49
202400046733,2024-05-07,Evening,4,1,6.0,1,2,34
202400046734,2024-05-07,Afternoon,3,1,3.0,1,2,34
202400046735,2024-05-07,Morning,4,1,3.0,1,2,34
202400046736,2024-01-08,Morning,4,1,4.0,3,1,33
202400046737,2024-03-30,Night,3,2,6.0,3,2,29
202400046738,2024-05-06,Afternoon,4,2,4.0,1,2,34
202400046739,2024-01-07,Evening,4,1,5.0,3,1,62
202400046740,2024-01-08,Afternoon,4,4,7.0,1,1,91
202400046741,2024-05-07,Morning,4,2,2.0,1,2,33
202400046742,2024-03-31,Evening,2,1,1.0,1,1,38
202400046743,2024-01-06,Evening,4,2,2.0,3,1,78
202400046744,2024-05-07,Evening,4,1,3.0,1,2,29
202400046745,2024-04-01,Morning,4,1,6.0,1,2,84
202400046746,2024-01-08,Evening,4,1,2.0,3,1,95
202400046747,2024-01-08,Night,4,1,2.0,3,1,93
202400046748,2024-03-31,Night,4,1,1.0,3,2,72
202400046749,2024-01-08,Evening,4,1,2.0,3,1,94
202400046750,2024-03-31,Night,3,1,6.0,3,1,72
202400046751,2024-05-07,Afternoon,4,2,6.0,1,2,25
202400046753,2024-05-05,Night,4,1,6.0,5,2,22
202400046754,2024-04-01,Morning,3,1,1.0,1,1,06
202400046755,2024-05-07,Afternoon,4,2,6.0,1,1,19
202400046757,2024-03-29,Afternoon,4,1,7.0,1,1,90
202400046758,2024-05-05,Evening,4,3,6.0,5,2,15
202400046760,2024-03-31,Afternoon,4,1,7.0,1,1,90
202400046761,2024-05-07,Afternoon,4,1,3.0,1,2,13
202400046763,2024-04-01,Night,4,1,7.0,3,1,64
202400046765,2024-05-07,Morning,4,1,3.0,1,1,13
202400046766,2024-01-07,Evening,4,1,3.0,5,2,69
202400046767,2024-05-07,Afternoon,4,1,3.0,1,2,13
202400046768,2024-01-07,Afternoon,4,1,3.0,1,2,69
202400046769,2024-04-01,Afternoon,4,1,1.0,1,1,16
202400046770,2024-05-06,Afternoon,4,1,6.0,1,2,11
202400046771,2024-01-07,Afternoon,4,1,3.0,2,2,69
202400046772,2024-05-07,Morning,4,1,6.0,1,2,08
202400046773,2024-03-31,Evening,2,1,2.0,3,1,85
202400046775,2024-05-07,Afternoon,4,1,3.0,1,2,06
202400046776,2024-03-30,Afternoon,3,8,6.0,1,2,38
202400046778,2024-04-01,Afternoon,2,1,7.0,1,2,34
202400046779,2024-05-07,Night,3,6,2.0,3,1,06
202400046780,2024-01-07,Afternoon,4,2,6.0,1,2,2B
202400046781,2024-05-07,Afternoon,4,1,3.0,1,2,04
202400046784,2024-05-07,Afternoon,4,1,3.0,1,2,75
202400046785,2024-05-07,Morning,4,1,3.0,1,2,75
202400046786,2024-01-07,Evening,3,2,4.0,3,1,91
202400046787,2024-05-07,Morning,4,1,3.0,1,2,75
202400046788,2024-01-05,Afternoon,4,1,3.0,1,2,90
202400046790,2024-05-06,Evening,4,1,3.0,1,2,75
202400046791,2024-05-07,Morning,4,1,3.0,1,2,75
202400046792,2024-01-07,Night,3,1,2.0,3,1,77
202400046793,2024-01-07,Evening,4,1,6.0,5,2,76
202400046794,2024-05-07,Evening,4,1,5.0,1,2,75
202400046796,2024-05-07,Afternoon,4,1,6.0,1,2,75
202400046797,2024-01-07,Morning,4,2,3.0,5,2,76
202400046798,2024-05-07,Evening,4,1,2.0,1,2,75
202400046799,2024-01-06,Morning,4,1,3.0,1,2,70
202400046800,2024-03-28,Morning,4,1,2.0,1,1,28
202400046801,2024-05-06,Afternoon,4,1,3.0,1,2,75
202400046802,2024-01-07,Evening,4,2,3.0,5,2,69
202400046803,2024-04-01,Afternoon,3,1,1.0,1,1,2A
202400046804,2024-01-07,Afternoon,3,8,7.0,3,1,59
202400046805,2024-05-07,Afternoon,4,1,3.0,1,2,75
202400046806,2024-05-07,Morning,4,1,6.0,1,2,75
202400046807,2024-01-07,Afternoon,3,1,1.0,1,2,53
202400046808,2024-04-01,Afternoon,4,1,5.0,1,1,65
202400046809,2024-03-30,Night,3,8,6.0,2,1,33
202400046810,2024-01-07,Night,3,1,6.0,5,2,49
202400046811,2024-05-07,Afternoon,2,1,6.0,1,2,75
202400046812,2024-05-06,Afternoon,4,1,6.0,1,2,75
202400046813,2024-01-07,Afternoon,4,1,3.0,1,2,45
202400046814,2024-03-14,Morning,3,1,4.0,1,1,22
202400046815,2024-01-07,Evening,3,1,1.0,5,2,44
202400046816,2024-03-30,Afternoon,3,1,7.0,1,1,59
202400046817,2024-05-06,Afternoon,4,1,1.0,1,2,75
202400046818,2024-01-07,Afternoon,3,2,3.0,1,2,38
202400046819,2024-05-06,Morning,3,1,3.0,1,2,94
202400046820,2024-01-07,Night,4,2,1.0,5,2,38
202400046821,2024-05-07,Morning,4,1,3.0,1,2,94
202400046822,2024-01-05,Evening,4,1,7.0,5,2,30
202400046823,2024-05-06,Morning,4,1,1.0,1,2,94
202400046824,2024-01-06,Afternoon,4,1,3.0,1,2,30
202400046825,2024-03-31,Afternoon,4,8,2.0,1,1,13
202400046826,2024-01-07,Morning,4,1,2.0,3,1,26
202400046827,2024-05-07,Morning,4,1,3.0,1,2,94
202400046828,2024-01-07,Evening,4,1,6.0,5,2,25
202400046829,2024-03-31,Night,4,2,2.0,5,1,13
202400046830,2024-01-07,Night,4,1,6.0,3,2,17
202400046831,2024-05-06,Morning,4,1,6.0,2,2,94
202400046832,2024-01-05,Afternoon,4,8,3.0,1,2,15
202400046833,2024-03-30,Afternoon,4,1,2.0,1,1,13
202400046834,2024-05-07,Evening,4,1,6.0,1,2,94
202400046835,2024-01-07,Evening,4,1,7.0,4,2,13
202400046836,2024-05-03,Evening,3,1,6.0,1,2,94
202400046837,2024-03-31,Afternoon,4,1,2.0,1,1,91
202400046838,2024-01-07,Evening,4,1,6.0,5,2,13
202400046839,2024-05-07,Evening,4,1,3.0,1,2,93
202400046840,2024-01-07,Morning,4,6,6.0,5,2,13
202400046841,2024-05-07,Afternoon,4,1,3.0,1,2,93
202400046842,2024-03-30,Evening,4,1,5.0,2,1,93
202400046843,2024-01-07,Night,4,1,1.0,5,2,13
202400046844,2024-01-07,Evening,4,2,6.0,5,2,75
202400046845,2024-05-07,Morning,3,1,6.0,2,2,93
202400046846,2024-03-30,Evening,4,1,2.0,1,1,93
202400046847,2024-01-07,Morning,4,1,6.0,2,2,75
202400046848,2024-05-07,Afternoon,4,1,6.0,1,2,93
202400046849,2024-03-31,Morning,4,1,6.0,1,1,95
202400046850,2024-01-07,Night,4,1,6.0,5,2,75
202400046851,2024-05-07,Evening,4,1,3.0,2,2,93
202400046852,2024-03-30,Afternoon,4,1,3.0,1,1,93
202400046853,2024-01-07,Night,4,2,2.0,5,2,75
202400046854,2024-03-30,Morning,4,2,6.0,1,1,93
202400046855,2024-05-07,Night,4,1,6.0,5,2,93
202400046856,2024-01-07,Afternoon,4,1,6.0,2,2,75
202400046857,2024-03-31,Afternoon,4,1,4.0,1,1,94
202400046858,2024-01-06,Evening,4,2,7.0,5,2,75
202400046859,2024-05-07,Afternoon,4,1,2.0,1,2,93
202400046860,2024-03-30,Morning,4,2,4.0,1,1,94
202400046861,2024-01-07,Night,4,1,6.0,5,2,75
202400046863,2024-05-06,Evening,3,1,3.0,1,2,92
202400046864,2024-01-07,Night,4,1,6.0,5,2,75
202400046865,2024-01-06,Evening,4,1,6.0,5,2,75
202400046867,2024-05-04,Evening,4,1,2.0,1,2,92
202400046868,2024-03-30,Evening,4,2,1.0,5,2,69
202400046869,2024-01-07,Night,4,8,3.0,5,2,94
202400046870,2024-05-07,Afternoon,4,1,4.0,1,2,92
202400046872,2024-01-07,Morning,4,1,3.0,5,2,94
202400046873,2024-05-07,Afternoon,4,1,6.0,1,2,92
202400046875,2024-01-07,Afternoon,4,1,2.0,1,2,93
202400046876,2024-05-07,Evening,4,1,6.0,5,2,92
202400046877,2024-01-07,Afternoon,3,1,3.0,5,2,92
202400046878,2024-03-30,Afternoon,4,1,1.0,1,2,91
202400046879,2024-05-07,Morning,4,1,3.0,1,2,92
202400046880,2024-03-30,Afternoon,4,1,3.0,1,2,91
202400046881,2024-01-06,Night,4,2,2.0,5,2,92
202400046882,2024-05-07,Afternoon,2,1,6.0,1,2,92
202400046883,2024-03-30,Afternoon,4,8,2.0,1,2,91
202400046884,2024-01-07,Evening,4,1,1.0,5,2,92
202400046885,2024-05-07,Morning,4,1,6.0,1,2,92
202400046886,2024-03-30,Morning,4,2,2.0,1,1,91
202400046887,2024-01-06,Morning,3,1,6.0,2,2,35
202400046888,2024-05-07,Afternoon,4,1,2.0,1,2,92
202400046889,2024-01-06,Morning,3,1,6.0,1,1,84
202400046890,2024-03-29,Afternoon,4,2,3.0,1,2,89
202400046891,2024-03-30,Evening,3,7,6.0,1,2,86
202400046892,2024-05-07,Morning,4,1,6.0,1,2,92
202400046893,2024-01-06,Afternoon,3,6,6.0,3,1,83
202400046894,2024-03-12,Morning,4,1,6.0,1,2,83
202400046895,2024-05-07,Evening,4,8,7.0,1,1,54
202400046896,2024-02-20,Morning,4,1,6.0,1,2,62
202400046897,2024-01-07,Afternoon,3,1,6.0,1,2,59
202400046898,2024-03-30,Afternoon,4,1,1.0,1,2,81
202400046899,2024-02-20,Morning,3,5,6.0,1,1,41
202400046900,2024-05-08,Night,4,1,6.0,3,2,33
202400046901,2024-01-05,Afternoon,4,1,3.0,2,1,76
202400046902,2024-02-19,Morning,4,1,2.0,1,1,30
202400046903,2024-03-30,Afternoon,4,1,6.0,1,2,77
202400046904,2024-01-08,Afternoon,4,4,1.0,1,1,63
202400046905,2024-05-07,Morning,4,1,3.0,1,1,18
202400046906,2024-02-19,Morning,3,2,3.0,1,2,62
202400046907,2024-03-29,Afternoon,3,3,6.0,1,2,77
202400046908,2024-01-07,Night,4,2,6.0,3,1,25
202400046909,2024-02-19,Afternoon,4,1,6.0,1,2,56
202400046910,2024-05-08,Morning,4,1,4.0,1,1,50
202400046911,2024-03-30,Afternoon,4,3,5.0,1,2,69
202400046912,2024-01-07,Evening,4,1,6.0,5,2,35
202400046913,2024-01-30,Morning,4,1,1.0,1,2,56
202400046914,2024-05-07,Afternoon,4,3,6.0,1,1,63
202400046915,2024-03-30,Morning,4,3,3.0,1,2,69
202400046916,2024-01-07,Afternoon,3,4,6.0,1,1,03
202400046917,2024-05-08,Afternoon,3,1,2.0,1,1,04
202400046918,2024-01-06,Evening,3,2,7.0,3,1,58
202400046919,2024-02-20,Afternoon,3,1,3.0,1,1,65
202400046920,2024-03-30,Afternoon,4,3,5.0,1,2,69
202400046921,2024-02-19,Afternoon,4,1,7.0,1,2,71
202400046922,2024-05-06,Afternoon,4,1,6.0,1,2,56
202400046923,2024-01-08,Night,2,1,7.0,3,2,66
202400046924,2024-02-19,Afternoon,4,2,6.0,1,1,35
202400046925,2024-05-07,Afternoon,3,1,6.0,1,1,76
202400046926,2024-03-30,Morning,4,8,3.0,1,2,67
202400046927,2024-01-07,Afternoon,4,8,2.0,1,1,64
202400046928,2024-03-30,Afternoon,4,1,2.0,1,2,64
202400046929,2024-02-20,Morning,3,8,3.0,2,2,29
202400046930,2024-05-06,Morning,4,1,6.0,1,2,2B
202400046931,2024-01-03,Afternoon,4,1,7.0,1,1,07
202400046932,2024-03-29,Afternoon,4,3,2.0,1,1,64
202400046933,2024-05-07,Evening,3,3,6.0,2,1,32
202400046934,2024-02-19,Afternoon,3,8,3.0,1,1,58
202400046935,2024-01-06,Morning,3,1,7.0,1,1,40
202400046936,2024-03-30,Afternoon,3,3,6.0,1,2,59
202400046937,2024-01-08,Morning,4,5,6.0,2,1,40
202400046938,2024-05-08,Afternoon,4,1,6.0,1,2,12
202400046939,2024-02-18,Afternoon,3,1,3.0,1,2,66
202400046940,2024-05-08,Afternoon,4,1,6.0,1,2,12
202400046941,2024-01-08,Afternoon,3,8,1.0,1,1,88
202400046942,2024-02-18,Evening,3,8,7.0,3,1,72
202400046943,2024-03-30,Evening,4,2,4.0,2,2,54
202400046944,2024-05-07,Afternoon,4,1,7.0,1,1,42
202400046945,2024-02-20,Afternoon,3,1,7.0,1,1,14
202400046946,2024-01-08,Afternoon,4,9,3.0,5,1,06
202400046947,2024-03-30,Morning,4,1,3.0,1,2,54
202400046948,2024-05-07,Evening,4,8,7.0,2,1,47
202400046949,2024-02-20,Morning,3,1,6.0,2,1,50
202400046950,2024-03-30,Afternoon,4,1,3.0,1,2,51
202400046951,2024-01-07,Morning,4,6,1.0,1,1,13
202400046952,2024-05-08,Night,2,1,7.0,3,1,29
202400046953,2024-03-30,Night,4,2,6.0,3,2,51
202400046954,2024-02-16,Evening,4,1,3.0,3,1,09
202400046955,2024-03-29,Morning,3,1,3.0,1,2,50
202400046956,2024-02-20,Morning,3,1,7.0,1,1,24
202400046957,2024-03-05,Morning,4,1,7.0,1,1,66
202400046958,2024-01-06,Morning,4,1,2.0,3,1,45
202400046959,2024-03-26,Afternoon,4,2,5.0,1,1,46
202400046960,2024-02-19,Afternoon,3,8,7.0,1,1,17
202400046961,2024-05-07,Evening,4,1,6.0,2,1,72
202400046963,2024-03-29,Evening,4,1,1.0,5,2,42
202400046964,2024-02-20,Night,3,2,1.0,3,1,01
202400046966,2024-05-08,Night,3,1,6.0,3,1,50
202400046967,2024-03-30,Morning,4,1,2.0,1,1,35
202400046968,2024-02-19,Evening,4,1,1.0,1,2,30
202400046969,2024-03-30,Night,3,1,6.0,5,2,35
202400046970,2024-05-07,Afternoon,3,1,7.0,1,1,83
202400046971,2024-01-05,Afternoon,2,1,2.0,1,1,45
202400046972,2024-03-30,Morning,4,1,3.0,1,2,34
202400046973,2024-05-08,Afternoon,3,1,6.0,1,2,45
202400046974,2024-01-08,Afternoon,4,1,6.0,1,2,84
202400046975,2024-02-13,Afternoon,4,1,2.0,1,1,33
202400046976,2024-03-29,Night,4,1,3.0,5,2,34
202400046977,2024-01-07,Evening,4,2,6.0,3,1,63
202400046978,2024-05-07,Evening,4,2,6.0,1,2,07
202400046979,2024-02-20,Night,3,1,2.0,3,1,60
202400046980,2024-03-29,Afternoon,3,1,3.0,1,2,34
202400046981,2024-02-19,Afternoon,4,1,3.0,1,2,44
202400046982,2024-01-08,Morning,4,1,5.0,1,1,60
202400046983,2024-03-30,Morning,4,1,2.0,1,2,33
202400046984,2024-05-04,Afternoon,3,2,3.0,1,1,53
202400046985,2024-02-19,Evening,3,1,1.0,3,1,45
202400046986,2024-01-04,Evening,3,2,2.0,3,1,80
202400046987,2024-02-20,Morning,3,1,6.0,1,1,06
202400046988,2024-05-08,Afternoon,3,1,1.0,1,1,40
202400046989,2024-03-30,Evening,4,1,3.0,1,2,33
202400046990,2024-02-19,Afternoon,4,1,3.0,1,1,04
202400046991,2024-03-30,Night,4,1,7.0,5,2,31
202400046992,2024-05-08,Afternoon,3,1,6.0,1,1,24
202400046993,2024-01-06,Night,4,1,2.0,3,1,13
202400046994,2024-03-30,Morning,4,8,6.0,1,1,31
202400046995,2024-02-20,Afternoon,3,1,1.0,1,1,13
202400046996,2024-01-07,Evening,4,2,6.0,3,1,94
202400046997,2024-05-01,Morning,4,1,2.0,1,1,17
202400046998,2024-02-19,Morning,4,8,6.0,1,1,88
202400046999,2024-03-29,Afternoon,4,1,1.0,1,2,30
202400047000,2024-02-19,Evening,3,1,6.0,5,2,69
202400047001,2024-05-08,Afternoon,4,7,7.0,1,1,49
202400047002,2024-01-07,Afternoon,4,1,2.0,3,1,91
202400047003,2024-03-30,Morning,4,1,6.0,1,2,29
202400047004,2024-02-19,Morning,3,1,1.0,1,1,81
202400047005,2024-02-10,Evening,3,3,6.0,3,1,33
202400047006,2024-01-07,Morning,4,1,2.0,3,1,91
202400047007,2024-05-07,Morning,4,1,2.0,1,2,78
202400047008,2024-03-30,Afternoon,4,1,7.0,1,2,27
202400047009,2024-02-19,Night,3,1,6.0,3,1,76
202400047010,2024-03-29,Evening,4,2,3.0,5,2,19
202400047011,2024-01-06,Evening,4,1,5.0,3,1,93
202400047012,2024-02-15,Afternoon,4,1,2.0,1,1,13
202400047013,2024-05-08,Afternoon,4,1,1.0,1,2,42
202400047014,2024-03-30,Afternoon,4,1,1.0,1,2,13
202400047015,2024-01-06,Night,4,2,6.0,3,1,92
202400047016,2024-02-19,Afternoon,4,1,6.0,1,1,33
202400047017,2024-05-08,Morning,3,1,7.0,1,1,67
202400047018,2024-03-30,Night,4,8,6.0,3,2,13
202400047019,2024-03-29,Afternoon,4,1,3.0,1,2,13
202400047020,2024-05-08,Morning,4,1,3.0,1,1,82
202400047021,2024-02-18,Evening,4,1,4.0,1,1,33
202400047023,2024-03-29,Evening,4,1,1.0,3,1,13
202400047024,2024-02-19,Morning,4,1,7.0,1,1,59
202400047027,2024-02-19,Night,3,1,6.0,5,1,92
202400047028,2024-03-29,Evening,3,1,5.0,3,1,13
202400047029,2024-02-18,Night,4,2,6.0,3,1,93
202400047030,2024-05-07,Evening,3,1,2.0,1,2,77
202400047031,2024-03-29,Evening,4,1,3.0,1,2,11
202400047032,2024-01-07,Night,4,2,3.0,5,2,69
202400047033,2024-02-18,Evening,4,2,6.0,3,1,95
202400047034,2024-03-26,Evening,4,2,7.0,1,2,10
202400047035,2024-05-08,Morning,3,1,6.0,1,2,95
202400047036,2024-01-06,Afternoon,4,2,3.0,2,2,69
202400047037,2024-03-30,Morning,4,8,7.0,2,2,10
202400047038,2024-02-18,Afternoon,4,2,3.0,1,1,95
202400047039,2024-05-08,Evening,3,1,3.0,1,2,13
202400047040,2024-01-06,Afternoon,4,1,3.0,1,2,2B
202400047041,2024-02-17,Night,4,1,3.0,5,1,93
202400047042,2024-03-30,Evening,4,2,2.0,5,2,06
202400047043,2024-06-13,Morning,4,1,3.0,1,1,94
202400047044,2024-07-13,Morning,3,1,6.0,1,1,48
202400047045,2024-05-07,Afternoon,4,1,5.0,1,1,67
202400047046,2024-02-17,Afternoon,4,1,7.0,1,1,95
202400047048,2024-02-18,Night,4,2,6.0,3,1,77
202400047049,2024-06-13,Night,4,1,2.0,2,1,94
202400047050,2024-07-15,Afternoon,4,1,1.0,1,1,08
202400047051,2024-03-30,Morning,4,8,4.0,1,2,01
202400047052,2024-05-07,Afternoon,4,2,4.0,1,2,73
202400047053,2024-01-06,Night,4,8,1.0,5,2,95
202400047054,2024-02-09,Evening,4,1,6.0,1,2,59
202400047055,2024-06-12,Evening,4,1,2.0,1,1,94
202400047056,2024-05-07,Night,4,3,3.0,3,1,38
202400047057,2024-01-06,Morning,4,8,6.0,5,2,91
202400047058,2024-02-17,Afternoon,4,1,5.0,1,2,75
202400047059,2024-03-29,Night,4,3,7.0,5,2,75
202400047060,2024-06-12,Afternoon,4,1,3.0,1,1,94
202400047061,2024-01-06,Morning,4,1,6.0,2,1,85
202400047062,2024-02-18,Evening,4,2,6.0,5,2,75
202400047063,2024-05-08,Afternoon,4,1,3.0,1,2,01
202400047064,2024-03-29,Evening,4,2,4.0,5,2,75
202400047065,2024-07-14,Night,3,1,6.0,3,1,11
202400047066,2024-02-18,Evening,4,2,6.0,5,2,75
202400047067,2024-01-06,Evening,3,1,6.0,5,2,84
202400047068,2024-01-05,Evening,3,1,3.0,5,2,88
202400047069,2024-03-29,Morning,4,1,6.0,1,2,75
202400047071,2024-02-18,Morning,4,2,3.0,1,2,75
202400047072,2024-05-05,Evening,4,1,3.0,1,1,17
202400047073,2024-02-27,Afternoon,4,1,2.0,1,1,84
202400047074,2024-07-15,Evening,3,1,6.0,1,1,77
202400047075,2024-03-30,Morning,4,2,2.0,1,2,75
202400047076,2024-05-08,Morning,4,1,7.0,1,1,22
202400047077,2024-01-07,Night,4,1,3.0,5,2,78
202400047078,2024-05-08,Evening,4,1,7.0,1,1,60
202400047079,2024-02-17,Night,4,1,6.0,5,2,75
202400047080,2024-03-29,Morning,4,1,6.0,1,2,75
202400047081,2024-02-28,Morning,3,1,3.0,2,1,32
202400047082,2024-07-13,Afternoon,4,1,3.0,1,1,78
202400047083,2024-01-05,Morning,3,7,6.0,1,2,78
202400047084,2024-02-17,Night,4,1,3.0,5,2,75
202400047085,2024-05-08,Afternoon,4,1,2.0,1,1,60
202400047086,2024-03-30,Afternoon,4,8,6.0,1,2,75
202400047087,2024-07-13,Evening,3,1,6.0,1,2,84
202400047088,2024-05-07,Evening,3,1,6.0,1,2,02
202400047089,2024-02-25,Evening,3,3,3.0,3,1,32
202400047090,2024-08-19,Afternoon,4,1,3.0,1,2,29
202400047091,2024-03-29,Evening,4,3,6.0,5,2,75
202400047092,2024-02-18,Night,4,1,2.0,5,2,75
202400047093,2024-08-20,Afternoon,3,1,6.0,1,1,22
202400047094,2024-07-15,Evening,3,1,3.0,3,1,83
202400047096,2024-03-29,Afternoon,4,1,3.0,1,2,75
202400047097,2024-01-05,Afternoon,3,1,6.0,1,2,76
202400047098,2024-05-05,Night,4,1,3.0,5,2,59
202400047099,2024-02-18,Evening,4,2,6.0,5,2,75
202400047100,2024-08-20,Afternoon,4,1,3.0,1,2,17
202400047101,2024-01-06,Evening,4,1,1.0,3,1,76
202400047102,2024-03-29,Morning,4,1,2.0,1,2,75
202400047103,2024-05-05,Afternoon,3,1,3.0,1,1,59
202400047104,2024-07-15,Night,3,1,3.0,5,2,83
202400047106,2024-02-18,Afternoon,4,2,6.0,1,2,75
202400047107,2024-01-06,Night,3,2,6.0,5,2,76
202400047108,2024-03-28,Evening,4,1,3.0,5,2,75
202400047110,2024-05-07,Afternoon,4,1,2.0,1,1,13
202400047111,2024-08-19,Evening,4,1,2.0,1,2,11
202400047112,2024-07-16,Morning,3,1,2.0,1,1,13
202400047113,2024-02-18,Morning,4,1,3.0,1,2,94
202400047114,2024-03-29,Morning,4,1,7.0,1,2,75
202400047116,2024-01-06,Afternoon,4,1,1.0,1,2,72
202400047117,2024-08-19,Afternoon,4,1,7.0,1,2,10
202400047118,2024-02-18,Evening,4,2,6.0,5,2,94
202400047119,2024-05-06,Afternoon,4,1,4.0,1,1,83
202400047121,2024-03-28,Night,4,1,3.0,5,2,75
202400047122,2024-08-20,Afternoon,4,1,6.0,1,2,09
202400047123,2024-01-06,Afternoon,4,1,3.0,1,2,72
202400047124,2024-07-15,Night,4,1,3.0,3,1,13
202400047125,2024-02-18,Evening,3,1,6.0,5,2,93
202400047126,2024-03-29,Afternoon,4,2,6.0,1,2,75
202400047127,2024-08-19,Evening,4,1,6.0,1,2,04
202400047128,2024-02-18,Night,4,1,3.0,5,2,93
202400047129,2024-01-06,Evening,4,2,3.0,5,2,69
202400047131,2024-08-20,Afternoon,4,2,7.0,1,2,75
202400047132,2024-02-17,Evening,3,1,6.0,5,2,93
202400047133,2024-03-29,Evening,4,3,6.0,5,2,75
202400047135,2024-01-05,Afternoon,4,1,2.0,1,2,63
202400047136,2024-07-15,Afternoon,3,1,4.0,1,1,38
202400047137,2024-08-20,Afternoon,4,1,6.0,1,2,75
202400047138,2024-03-28,Afternoon,4,1,6.0,1,2,75
202400047139,2024-02-18,Morning,4,1,2.0,5,2,92
202400047140,2024-01-06,Evening,3,2,6.0,5,2,59
202400047141,2024-03-30,Night,4,1,2.0,5,2,75
202400047143,2024-08-20,Afternoon,4,1,1.0,1,2,75
202400047144,2024-02-18,Afternoon,4,2,2.0,1,1,92
202400047145,2024-07-16,Morning,3,1,2.0,1,1,89
202400047146,2024-01-05,Afternoon,3,1,6.0,2,2,57
202400047147,2024-05-07,Afternoon,4,2,4.0,1,1,33
202400047149,2024-07-14,Night,4,1,6.0,3,1,89
202400047150,2024-03-30,Morning,4,2,3.0,1,2,75
202400047151,2024-02-18,Afternoon,4,2,6.0,1,2,92
202400047152,2024-08-20,Afternoon,4,1,6.0,1,2,75
202400047153,2024-01-06,Afternoon,4,2,2.0,5,2,51
202400047154,2024-08-19,Afternoon,4,1,7.0,1,2,75
202400047155,2024-06-11,Night,4,1,2.0,5,2,69
202400047156,2024-07-15,Afternoon,3,1,3.0,1,1,67
202400047157,2024-02-18,Morning,4,1,3.0,2,1,72
202400047158,2024-03-29,Evening,4,2,6.0,5,2,75
202400047159,2024-01-06,Night,4,1,3.0,5,2,45
202400047160,2024-05-07,Afternoon,4,1,5.0,1,1,91
202400047162,2024-02-18,Evening,3,2,2.0,3,1,86
202400047163,2024-08-20,Evening,4,1,3.0,1,2,75
202400047164,2024-03-29,Evening,4,3,6.0,5,2,75
202400047165,2024-01-05,Evening,4,2,6.0,5,2,35
202400047166,2024-07-15,Afternoon,3,1,1.0,1,2,88
202400047167,2024-06-12,Afternoon,4,1,6.0,1,2,95
202400047168,2024-05-07,Afternoon,4,1,3.0,1,1,92
202400047169,2024-08-20,Afternoon,4,3,7.0,1,2,75
202400047170,2024-02-12,Afternoon,3,1,6.0,1,2,51
202400047171,2024-01-07,Night,4,1,3.0,5,2,34
202400047172,2024-03-30,Evening,4,1,3.0,5,2,75
202400047173,2024-07-16,Morning,4,1,3.0,1,1,69
202400047174,2024-06-12,Evening,4,1,3.0,1,2,91
202400047175,2024-02-08,Afternoon,4,1,1.0,1,2,84
202400047176,2024-05-07,Afternoon,4,1,4.0,1,1,93