Num_Acc,date,time_of_day,max_severity,weather,collision_type,lighting,urban_area,department
202400047177,2024-07-16,Afternoon,3,1,7.0,1,1,69
202400047178,2024-01-06,Evening,2,1,4.0,3,1,31
202400047179,2024-08-20,Afternoon,4,1,3.0,1,2,75
202400047180,2024-06-11,Afternoon,3,1,6.0,1,2,86
202400047181,2024-03-29,Afternoon,4,1,3.0,1,2,75
202400047182,2024-07-15,Evening,3,1,7.0,1,2,69
202400047183,2024-05-07,Morning,4,1,6.0,1,1,95
202400047184,2024-02-19,Morning,3,1,2.0,1,1,35
202400047185,2024-01-06,Afternoon,4,1,4.0,1,2,29
202400047186,2024-03-29,Morning,4,2,3.0,1,2,75
202400047187,2024-01-06,Morning,4,2,6.0,3,1,25
202400047188,2024-07-12,Night,3,1,7.0,3,2,44
202400047189,2024-08-19,Night,4,1,3.0,5,2,94
202400047190,2024-06-09,Evening,4,2,1.0,1,2,84
202400047191,2024-05-07,Morning,4,1,2.0,1,1,93
202400047192,2024-02-19,Afternoon,4,1,1.0,1,1,26
202400047193,2024-03-30,Afternoon,4,8,7.0,1,2,75
202400047194,2024-01-06,Afternoon,3,1,6.0,1,2,13
202400047195,2024-08-20,Morning,4,1,6.0,1,2,94
202400047196,2024-05-07,Night,4,1,6.0,3,1,75
202400047197,2024-06-12,Afternoon,4,1,6.0,1,1,84
202400047198,2024-02-18,Evening,4,1,1.0,5,2,66
202400047199,2024-01-06,Evening,4,1,3.0,5,2,13
202400047200,2024-03-30,Morning,4,2,6.0,1,2,75
202400047201,2024-07-16,Afternoon,4,1,4.0,1,1,22
202400047202,2024-05-06,Afternoon,4,1,3.0,1,1,93
202400047203,2024-08-20,Night,4,2,2.0,4,2,94
202400047204,2024-02-18,Night,4,1,6.0,3,1,69
202400047205,2024-01-06,Night,4,1,1.0,5,2,13
202400047206,2024-06-11,Afternoon,4,1,3.0,1,2,84
202400047207,2024-03-29,Afternoon,4,1,3.0,1,2,75
202400047208,2024-05-06,Morning,4,1,6.0,1,1,93
202400047209,2024-07-10,Afternoon,4,1,2.0,1,1,54
202400047210,2024-08-20,Afternoon,4,1,3.0,1,2,93
202400047211,2024-02-18,Evening,4,2,1.0,3,1,71
202400047212,2024-01-05,Afternoon,4,2,6.0,1,1,10
202400047213,2024-06-12,Morning,4,1,2.0,1,2,84
202400047214,2024-03-29,Morning,3,1,6.0,1,2,75
202400047215,2024-02-18,Night,3,1,6.0,4,2,89
202400047216,2024-01-06,Morning,4,1,6.0,2,2,08
202400047217,2024-07-15,Afternoon,4,1,2.0,1,1,93
202400047218,2024-05-06,Evening,4,1,6.0,2,1,77
202400047219,2024-06-12,Morning,4,1,2.0,1,2,78
202400047220,2024-08-19,Night,4,1,2.0,3,2,93
202400047221,2024-03-28,Evening,4,8,6.0,1,2,94
202400047222,2024-01-05,Afternoon,3,1,2.0,1,1,02
202400047223,2024-05-06,Morning,4,1,2.0,1,1,94
202400047224,2024-01-31,Afternoon,4,1,5.0,1,1,49
202400047225,2024-08-20,Evening,4,2,6.0,1,2,92
202400047226,2024-06-11,Afternoon,4,1,3.0,1,2,78
202400047227,2024-03-29,Evening,3,2,1.0,5,2,94
202400047228,2024-01-05,Afternoon,4,1,6.0,1,2,75
202400047230,2024-07-14,Night,4,1,5.0,3,1,93
202400047231,2024-03-29,Evening,4,2,2.0,5,2,94
202400047232,2024-08-20,Afternoon,4,3,2.0,1,2,92
202400047233,2024-06-12,Morning,4,1,3.0,1,1,77
202400047234,2024-01-06,Morning,4,1,6.0,1,2,75
202400047235,2024-02-19,Morning,4,1,5.0,1,1,12
202400047237,2024-07-15,Morning,4,1,2.0,1,1,77
202400047238,2024-03-29,Evening,4,1,3.0,1,2,94
202400047239,2024-01-06,Evening,4,1,6.0,3,2,75
202400047240,2024-02-18,Afternoon,3,1,7.0,1,1,42
202400047241,2024-06-11,Evening,3,8,1.0,1,1,77
202400047242,2024-08-20,Afternoon,4,2,3.0,1,2,92
202400047244,2024-07-15,Morning,4,1,2.0,1,1,77
202400047245,2024-01-06,Night,4,1,6.0,5,2,75
202400047246,2024-03-30,Night,4,3,3.0,5,2,94
202400047247,2024-02-16,Morning,3,1,6.0,1,2,44
202400047248,2024-06-12,Afternoon,4,1,3.0,1,2,76
202400047249,2024-08-20,Morning,4,1,3.0,1,2,92
202400047250,2024-04-14,Afternoon,4,1,6.0,1,1,74
202400047251,2024-05-06,Morning,4,2,3.0,1,1,69
202400047252,2024-01-06,Evening,4,2,2.0,3,2,75
202400047253,2024-06-12,Afternoon,4,1,6.0,1,2,74
202400047254,2024-05-06,Afternoon,4,8,6.0,1,2,2B
202400047255,2024-04-03,Night,4,1,3.0,5,2,94
202400047256,2024-08-15,Morning,3,1,2.0,1,1,76
202400047257,2024-02-17,Afternoon,4,1,3.0,1,2,29
202400047258,2024-01-05,Afternoon,4,1,3.0,5,2,75
202400047259,2024-04-30,Afternoon,4,1,6.0,1,2,74
202400047260,2024-08-20,Morning,3,3,6.0,1,1,35
202400047261,2024-06-12,Morning,4,1,2.0,1,2,74
202400047262,2024-02-18,Afternoon,3,3,7.0,1,1,02
202400047264,2024-01-06,Night,3,1,7.0,5,2,75
202400047265,2024-04-14,Morning,3,1,7.0,1,2,74
202400047266,2024-03-29,Evening,4,2,2.0,5,2,94
202400047267,2024-02-18,Afternoon,3,1,7.0,1,1,66
202400047268,2024-08-19,Afternoon,3,1,3.0,1,1,35
202400047269,2024-06-11,Afternoon,4,1,1.0,1,2,72
202400047270,2024-05-06,Evening,4,1,3.0,1,2,2A
202400047271,2024-01-04,Evening,4,1,6.0,5,2,75
202400047272,2024-03-29,Evening,4,3,3.0,5,2,94
202400047273,2024-04-25,Night,2,1,3.0,3,1,74
202400047274,2024-08-20,Night,3,1,6.0,3,2,63
202400047275,2024-02-19,Morning,4,2,6.0,2,1,60
202400047276,2024-06-12,Evening,4,1,6.0,1,2,69
202400047277,2024-05-06,Afternoon,4,1,2.0,1,2,95
202400047278,2024-03-29,Evening,4,2,3.0,5,2,94
202400047279,2024-04-24,Morning,3,1,3.0,1,1,74
202400047280,2024-08-19,Night,4,1,1.0,3,1,01
202400047281,2024-03-29,Morning,4,1,6.0,1,2,94
202400047282,2024-05-06,Morning,4,1,6.0,1,2,95
202400047283,2024-02-18,Evening,3,1,1.0,1,2,64
202400047284,2024-01-05,Afternoon,4,1,4.0,1,1,94
202400047285,2024-08-20,Morning,3,1,7.0,1,1,30
202400047286,2024-02-19,Afternoon,4,1,7.0,1,1,18
202400047287,2024-04-18,Afternoon,4,1,1.0,1,2,74
202400047288,2024-06-12,Night,3,1,6.0,5,2,69
202400047289,2024-03-29,Afternoon,4,3,6.0,1,2,94
202400047290,2024-05-06,Morning,4,1,6.0,1,2,91
202400047291,2024-01-06,Night,4,1,6.0,5,2,94
202400047292,2024-05-05,Morning,3,1,6.0,1,1,87
202400047293,2024-08-20,Evening,3,1,3.0,1,1,57
202400047294,2024-02-18,Night,4,5,1.0,3,1,43
202400047295,2024-04-23,Afternoon,3,1,1.0,1,2,74
202400047296,2024-06-11,Morning,4,1,3.0,1,2,69
202400047297,2024-01-06,Evening,4,2,3.0,5,2,94
202400047298,2024-03-27,Morning,4,1,5.0,1,2,94
202400047299,2024-05-06,Evening,4,1,6.0,5,1,83
202400047300,2024-02-14,Morning,3,5,6.0,1,2,85
202400047301,2024-04-27,Evening,2,1,3.0,1,1,74
202400047302,2024-02-18,Morning,4,2,6.0,2,1,27
202400047303,2024-03-30,Morning,3,1,1.0,2,2,94
202400047304,2024-01-06,Night,4,1,3.0,5,1,93
202400047305,2024-06-12,Afternoon,4,2,3.0,1,2,64
202400047306,2024-05-06,Morning,4,1,3.0,1,2,83
202400047307,2024-02-18,Afternoon,3,1,7.0,1,1,30
202400047308,2024-04-19,Night,4,1,6.0,5,2,74
202400047309,2024-03-29,Evening,3,3,6.0,5,2,94
202400047310,2024-08-20,Evening,4,8,1.0,1,1,51
202400047311,2024-05-06,Evening,4,7,3.0,1,2,81
202400047312,2024-01-06,Afternoon,4,1,3.0,1,2,93
202400047313,2024-06-12,Morning,4,1,3.0,1,2,64
202400047314,2024-03-29,Morning,4,8,3.0,1,2,94
202400047315,2024-04-14,Afternoon,2,1,6.0,1,1,74
202400047316,2024-02-18,Evening,4,3,2.0,5,2,68
202400047317,2024-08-20,Afternoon,3,1,7.0,1,2,56
202400047319,2024-05-06,Morning,2,1,6.0,1,2,77
202400047320,2024-01-06,Afternoon,4,1,3.0,1,2,92
202400047321,2024-06-04,Afternoon,4,1,3.0,1,2,62
202400047322,2024-02-01,Afternoon,3,1,7.0,1,1,35
202400047323,2024-04-10,Morning,4,1,1.0,1,2,74
202400047324,2024-03-28,Evening,4,1,3.0,5,2,94
202400047325,2024-05-06,Night,3,8,6.0,4,2,77
202400047327,2024-08-20,Afternoon,3,1,2.0,1,1,56
202400047328,2024-01-06,Night,4,1,3.0,5,2,92
202400047329,2024-02-18,Morning,3,8,1.0,2,1,91
202400047330,2024-06-12,Evening,4,1,3.0,1,2,60
202400047331,2024-03-29,Afternoon,4,1,7.0,1,2,93
202400047332,2024-02-02,Evening,4,1,3.0,3,1,73
202400047333,2024-05-02,Afternoon,4,2,2.0,1,1,77
202400047334,2024-08-15,Night,4,1,6.0,3,2,76
202400047335,2024-01-06,Night,4,1,2.0,5,2,92
202400047337,2024-09-24,Evening,4,8,4.0,1,1,91
202400047338,2024-06-12,Afternoon,4,1,1.0,1,2,59
202400047339,2024-03-29,Afternoon,4,2,2.0,1,2,93
202400047341,2024-08-21,Evening,3,1,2.0,2,1,80
202400047342,2024-05-06,Afternoon,3,2,6.0,1,2,69
202400047343,2024-01-06,Afternoon,4,1,2.0,1,1,60
202400047345,2024-06-12,Night,4,1,6.0,4,2,59
202400047347,2024-05-02,Evening,3,1,6.0,1,2,68
202400047348,2024-01-06,Night,3,2,7.0,3,2,63
202400047349,2024-09-23,Evening,4,3,6.0,4,1,87
202400047350,2024-03-29,Evening,4,2,3.0,5,2,93
202400047351,2024-06-12,Morning,4,1,7.0,1,1,54
202400047352,2024-08-21,Morning,4,1,3.0,1,1,81
202400047353,2024-09-23,Evening,4,2,6.0,1,2,87
202400047354,2024-05-06,Afternoon,4,2,6.0,1,2,67
202400047357,2024-02-18,Evening,4,2,3.0,3,1,91
202400047358,2024-03-29,Evening,3,2,6.0,3,2,93
202400047359,2024-05-06,Afternoon,3,1,7.0,1,2,66
202400047360,2024-08-20,Morning,3,1,6.0,1,1,32
202400047361,2024-06-10,Evening,4,1,7.0,2,2,51
202400047364,2024-09-23,Afternoon,4,1,2.0,1,1,87
202400047365,2024-02-18,Afternoon,3,2,3.0,1,1,78
202400047366,2024-03-29,Morning,4,1,6.0,1,2,93
202400047367,2024-05-05,Evening,3,1,3.0,1,2,65
202400047368,2024-06-12,Afternoon,4,1,6.0,1,2,50
202400047369,2024-01-06,Afternoon,3,1,6.0,1,1,44
202400047370,2024-08-18,Afternoon,3,1,1.0,1,1,71
202400047371,2024-05-05,Morning,4,1,7.0,1,2,64
202400047372,2024-03-29,Afternoon,4,1,3.0,1,2,93
202400047373,2024-02-16,Afternoon,3,1,3.0,1,2,66
202400047374,2024-06-11,Afternoon,4,1,7.0,1,2,49
202400047375,2024-09-21,Night,4,1,3.0,5,2,87
202400047376,2024-02-19,Night,2,1,6.0,3,1,34
202400047377,2024-07-15,Night,4,1,3.0,5,2,69
202400047378,2024-05-05,Evening,4,3,3.0,1,2,64
202400047379,2024-03-29,Evening,4,3,3.0,5,2,93
202400047380,2024-02-18,Morning,4,1,7.0,1,2,21
202400047381,2024-01-06,Morning,4,2,6.0,1,1,87
202400047382,2024-06-11,Afternoon,4,1,3.0,1,2,49
202400047383,2024-09-24,Evening,4,1,6.0,5,2,83
202400047384,2024-03-29,Afternoon,4,1,2.0,1,2,93
202400047385,2024-05-03,Afternoon,4,1,3.0,1,2,62
202400047386,2024-07-13,Afternoon,4,1,2.0,1,1,91
202400047387,2024-02-06,Morning,4,1,3.0,1,2,07
202400047388,2024-08-20,Morning,4,1,3.0,1,1,63
202400047389,2024-05-06,Evening,4,2,6.0,1,2,61
202400047390,2024-02-18,Night,3,1,7.0,5,2,07
202400047391,2024-03-30,Afternoon,4,1,6.0,1,2,93
202400047392,2024-09-24,Morning,4,1,2.0,2,1,83
202400047393,2024-07-14,Morning,3,1,6.0,1,2,91
202400047394,2024-06-12,Afternoon,4,1,3.0,1,2,44
202400047395,2024-05-06,Morning,3,1,3.0,1,2,61
202400047396,2024-02-19,Morning,4,1,3.0,1,1,69
202400047397,2024-03-30,Evening,4,1,3.0,3,2,93
202400047398,2024-09-23,Afternoon,4,1,2.0,1,1,82
202400047399,2024-07-14,Morning,4,1,6.0,1,2,91
202400047400,2024-08-19,Afternoon,3,1,7.0,1,2,86
202400047401,2024-05-06,Evening,4,1,2.0,1,1,59
202400047402,2024-06-12,Morning,3,1,6.0,1,2,38
202400047403,2024-02-18,Evening,4,1,7.0,5,2,09
202400047404,2024-03-29,Morning,4,1,6.0,1,2,92
202400047405,2024-02-18,Evening,3,1,6.0,3,1,31
202400047406,2024-07-14,Morning,4,1,3.0,1,2,91
202400047407,2024-05-06,Morning,4,1,3.0,1,2,58
202400047408,2024-09-23,Afternoon,3,8,3.0,1,2,79
202400047409,2024-06-12,Evening,3,1,6.0,1,2,35
202400047410,2024-02-19,Afternoon,3,8,7.0,1,1,17
202400047411,2024-08-20,Morning,4,3,5.0,1,1,22
202400047412,2024-05-05,Night,4,1,7.0,2,2,56
202400047413,2024-03-28,Morning,4,1,2.0,1,2,92
202400047414,2024-09-24,Afternoon,4,3,6.0,1,2,78
202400047415,2024-02-17,Afternoon,2,1,7.0,1,2,33
202400047416,2024-07-13,Evening,3,1,3.0,1,2,90
202400047417,2024-06-12,Evening,4,1,2.0,1,1,35
202400047418,2024-03-29,Night,4,1,6.0,3,2,92
202400047419,2024-08-21,Morning,3,1,6.0,1,1,44
202400047420,2024-05-03,Evening,4,1,3.0,2,2,56
202400047421,2024-02-17,Morning,3,1,6.0,1,2,44
202400047422,2024-06-12,Afternoon,4,1,7.0,1,1,35
202400047423,2024-02-18,Morning,3,2,6.0,2,1,35
202400047424,2024-03-30,Evening,4,8,6.0,1,2,92
202400047425,2024-07-08,Morning,3,1,7.0,1,2,88
202400047426,2024-08-22,Afternoon,4,2,6.0,3,1,44
202400047427,2024-05-06,Morning,4,3,3.0,1,2,54
202400047428,2024-09-23,Afternoon,4,2,3.0,1,2,77
202400047429,2024-03-29,Evening,4,2,6.0,2,2,92
202400047430,2024-02-18,Afternoon,3,8,3.0,1,1,76
202400047431,2024-06-12,Morning,4,1,3.0,1,2,35
202400047432,2024-04-21,Night,3,1,6.0,3,2,52
202400047433,2024-07-14,Night,3,1,1.0,3,2,85
202400047434,2024-03-30,Morning,4,8,6.0,1,2,92
202400047435,2024-02-19,Morning,4,8,7.0,1,1,60
202400047436,2024-06-11,Evening,4,1,1.0,1,2,33
202400047437,2024-05-06,Afternoon,4,1,3.0,1,2,51
202400047438,2024-09-24,Evening,4,2,3.0,5,2,71
202400047439,2024-03-30,Afternoon,4,1,6.0,1,2,92
202400047440,2024-02-18,Night,4,1,2.0,5,1,13
202400047441,2024-08-14,Evening,4,1,6.0,1,2,29
202400047442,2024-07-14,Night,4,1,2.0,5,2,85
202400047443,2024-06-08,Morning,4,1,6.0,1,2,30
202400047444,2024-05-06,Morning,4,1,6.0,1,2,51
202400047445,2024-03-30,Evening,4,1,6.0,5,2,92
202400047446,2024-08-20,Afternoon,3,1,7.0,1,2,58
202400047447,2024-09-23,Evening,4,1,3.0,5,2,69
202400047448,2024-06-12,Morning,4,1,6.0,1,2,23
202400047449,2024-02-17,Morning,4,1,2.0,4,1,13
202400047450,2024-07-13,Evening,3,1,1.0,1,2,83
202400047451,2024-05-03,Night,4,1,3.0,5,2,50
202400047452,2024-08-20,Afternoon,4,1,7.0,1,2,06
202400047453,2024-03-30,Night,4,3,6.0,3,2,92
202400047454,2024-05-06,Afternoon,4,3,6.0,1,2,49
202400047455,2024-03-29,Afternoon,4,1,7.0,1,2,92
202400047456,2024-08-20,Afternoon,3,1,1.0,1,2,90
202400047457,2024-09-24,Afternoon,4,1,3.0,1,2,64
202400047458,2024-02-16,Evening,4,1,5.0,3,1,13
202400047459,2024-06-10,Afternoon,3,1,3.0,1,2,13
202400047460,2024-05-04,Evening,4,2,7.0,2,2,49
202400047461,2024-02-18,Night,3,1,6.0,5,1,38
202400047462,2024-07-14,Afternoon,4,7,2.0,1,1,81
202400047463,2024-07-28,Night,3,1,6.0,3,1,90
202400047464,2024-09-19,Evening,4,1,3.0,1,1,62
202400047465,2024-04-20,Afternoon,3,1,7.0,1,1,42
202400047466,2024-06-11,Evening,4,1,3.0,1,2,11
202400047467,2024-03-28,Afternoon,4,8,3.0,1,2,92
202400047468,2024-07-13,Night,4,1,6.0,5,2,76
202400047469,2024-02-18,Night,4,1,6.0,3,1,94
202400047470,2024-05-05,Evening,4,1,6.0,1,1,42
202400047471,2024-08-21,Evening,3,7,3.0,2,1,18
202400047472,2024-06-12,Evening,4,1,6.0,1,2,06
202400047473,2024-09-20,Morning,3,1,3.0,1,2,62
202400047474,2024-02-18,Morning,4,2,2.0,1,1,95
202400047475,2024-07-14,Afternoon,4,1,3.0,1,2,69
202400047476,2024-05-06,Night,4,3,1.0,5,2,37
202400047477,2024-02-29,Evening,3,2,1.0,5,2,92
202400047478,2024-02-18,Afternoon,4,2,6.0,1,1,94
202400047479,2024-09-24,Morning,4,8,3.0,2,2,61
202400047480,2024-08-21,Evening,3,1,3.0,1,1,53
202400047481,2024-06-12,Evening,4,1,2.0,1,2,06
202400047482,2024-02-18,Morning,4,1,2.0,1,1,77
202400047483,2024-05-06,Afternoon,4,2,2.0,1,2,35
202400047484,2024-09-21,Evening,4,3,6.0,1,2,61
202400047485,2024-08-20,Evening,3,1,7.0,1,1,21
202400047486,2024-07-14,Morning,4,1,3.0,1,2,64
202400047487,2024-03-29,Evening,4,1,2.0,3,2,92
202400047488,2024-05-30,Afternoon,3,2,2.0,1,2,02
202400047489,2024-02-16,Morning,3,1,6.0,1,2,76
202400047490,2024-09-24,Afternoon,4,2,6.0,1,2,59
202400047491,2024-05-06,Morning,4,1,3.0,2,2,35
202400047492,2024-07-13,Night,3,1,6.0,3,2,62
202400047493,2024-09-24,Morning,4,1,6.0,2,2,59
202400047494,2024-05-06,Afternoon,4,2,3.0,1,2,34
202400047495,2024-02-02,Morning,4,1,3.0,5,2,92
202400047496,2024-08-15,Afternoon,4,1,3.0,1,1,30
202400047497,2024-06-12,Morning,4,1,2.0,1,2,01
202400047498,2024-03-29,Morning,4,1,2.0,1,2,92
202400047499,2024-05-04,Morning,3,1,6.0,1,2,34
202400047502,2024-09-24,Afternoon,4,1,3.0,1,2,56
202400047503,2024-07-14,Evening,3,1,5.0,1,2,62
202400047504,2024-05-06,Afternoon,4,2,3.0,1,2,33
202400047505,2024-08-20,Morning,3,1,6.0,1,1,38
202400047507,2024-06-12,Afternoon,3,1,4.0,1,2,01
202400047508,2024-09-23,Afternoon,4,1,6.0,1,2,54
202400047509,2024-02-17,Evening,4,1,6.0,5,2,69
202400047510,2024-07-13,Afternoon,3,1,3.0,1,2,62
202400047511,2024-02-17,Morning,4,1,3.0,2,2,69
202400047512,2024-03-30,Night,4,3,3.0,5,1,92
202400047513,2024-09-24,Morning,4,2,3.0,1,2,51
202400047514,2024-08-21,Morning,3,1,1.0,1,1,42
202400047515,2024-06-12,Afternoon,4,1,1.0,1,2,01
202400047516,2024-02-16,Afternoon,4,1,2.0,1,2,69
202400047517,2024-09-23,Evening,4,1,3.0,1,2,51
202400047518,2024-07-14,Evening,4,7,3.0,1,2,62
202400047519,2024-03-30,Afternoon,3,1,6.0,1,1,50
202400047521,2024-07-14,Morning,4,1,6.0,2,2,61
202400047523,2024-09-23,Afternoon,4,1,2.0,1,2,51
202400047524,2024-03-30,Night,3,1,6.0,3,1,01
202400047525,2024-06-11,Evening,4,1,6.0,2,2,75
202400047527,2024-09-24,Morning,4,2,6.0,2,2,50
202400047529,2024-03-31,Morning,4,1,6.0,1,1,62
202400047530,2024-08-20,Evening,4,3,1.0,1,2,77
202400047531,2024-09-24,Evening,4,1,3.0,1,2,49
202400047532,2024-07-14,Night,3,1,3.0,2,2,59
202400047533,2024-02-17,Evening,4,1,2.0,5,2,95
202400047534,2024-02-17,Afternoon,4,1,5.0,1,2,95
202400047535,2024-06-12,Afternoon,4,1,3.0,1,2,75
202400047536,2024-08-21,Afternoon,4,1,7.0,1,1,30
202400047537,2024-07-14,Morning,4,1,6.0,1,2,59
202400047538,2024-09-24,Morning,4,8,4.0,1,1,49
202400047539,2024-03-31,Morning,4,1,1.0,1,1,41
202400047540,2024-06-11,Night,4,1,6.0,5,2,75
202400047541,2024-08-21,Night,3,6,7.0,3,1,11
202400047542,2024-02-17,Evening,4,1,4.0,5,2,91
202400047543,2024-07-14,Night,4,1,6.0,5,2,59
202400047544,2024-09-23,Morning,4,8,3.0,1,2,49
202400047545,2024-06-11,Afternoon,4,1,7.0,1,2,75
202400047546,2024-08-21,Afternoon,4,1,3.0,1,2,05
202400047548,2024-02-17,Morning,3,1,1.0,1,2,86
202400047549,2024-07-12,Morning,4,7,3.0,1,2,56
202400047550,2024-06-12,Afternoon,4,1,7.0,1,2,75
202400047551,2024-08-13,Afternoon,4,1,1.0,1,1,46
202400047552,2024-03-30,Evening,4,1,7.0,5,1,30
202400047553,2024-02-17,Night,3,1,6.0,3,2,85
202400047554,2024-08-21,Morning,2,1,3.0,1,2,89
202400047555,2024-02-17,Afternoon,4,1,7.0,1,1,82
202400047556,2024-06-12,Afternoon,4,1,6.0,1,2,75
202400047557,2024-09-24,Afternoon,2,1,6.0,1,2,44
202400047558,2024-07-13,Morning,4,1,4.0,1,1,54
202400047559,2024-03-30,Afternoon,3,7,7.0,1,1,79
202400047560,2024-02-17,Night,4,1,6.0,5,2,80
202400047561,2024-08-21,Morning,4,2,3.0,1,2,38
202400047562,2024-02-18,Night,4,1,7.0,3,2,80
202400047563,2024-09-24,Evening,4,1,3.0,1,2,44
202400047564,2024-06-12,Night,4,1,3.0,5,2,75
202400047565,2024-03-30,Afternoon,4,1,1.0,1,1,29
202400047566,2024-06-11,Night,4,1,7.0,5,2,75
202400047567,2024-08-20,Afternoon,3,1,7.0,1,1,38
202400047568,2024-02-17,Night,4,1,3.0,5,2,77
202400047569,2024-03-30,Afternoon,4,8,7.0,1,1,26
202400047570,2024-06-12,Afternoon,4,1,6.0,1,2,94
202400047571,2024-08-14,Morning,4,2,6.0,1,2,81
202400047572,2024-02-17,Night,3,1,1.0,5,2,77
202400047573,2024-06-12,Evening,4,1,1.0,1,2,94
202400047574,2024-03-31,Morning,4,1,6.0,1,2,14
202400047575,2024-07-14,Night,4,1,6.0,5,2,45
202400047576,2024-08-21,Night,4,1,6.0,3,2,65
202400047577,2024-02-17,Night,4,1,3.0,3,1,77
202400047578,2024-03-30,Night,2,3,6.0,3,1,60
202400047579,2024-06-12,Morning,4,1,2.0,1,2,94
202400047580,2024-09-23,Night,4,1,1.0,5,2,41
202400047581,2024-03-31,Morning,3,2,7.0,1,1,43
202400047582,2024-07-14,Night,4,1,2.0,3,1,44
202400047583,2024-06-12,Afternoon,4,1,3.0,1,2,94
202400047584,2024-02-17,Afternoon,4,1,1.0,1,2,76
202400047585,2024-08-21,Afternoon,2,1,1.0,1,1,33
202400047586,2024-08-12,Morning,4,1,2.0,1,2,38
202400047587,2024-06-12,Afternoon,4,1,6.0,1,2,93
202400047588,2024-02-16,Morning,4,1,6.0,1,2,69
202400047589,2024-07-14,Afternoon,4,1,3.0,1,2,37
202400047590,2024-09-23,Afternoon,4,1,6.0,1,2,37
202400047591,2024-08-21,Afternoon,3,1,3.0,1,2,44
202400047592,2024-03-30,Night,4,1,3.0,3,1,16
202400047593,2024-06-12,Morning,4,1,3.0,1,2,93
202400047594,2024-08-20,Evening,2,1,7.0,1,1,50
202400047595,2024-09-24,Afternoon,4,1,6.0,1,2,35
202400047596,2024-02-17,Morning,4,1,3.0,1,2,69
202400047597,2024-07-14,Afternoon,4,1,6.0,1,2,37
202400047598,2024-02-17,Night,3,1,6.0,5,2,69
202400047599,2024-06-10,Evening,4,1,3.0,1,2,93
202400047600,2024-03-30,Morning,4,1,3.0,1,1,85
202400047601,2024-08-17,Night,4,1,1.0,3,1,29
202400047602,2024-09-24,Morning,4,2,3.0,1,2,35
202400047603,2024-02-16,Evening,3,1,3.0,5,2,68
202400047604,2024-06-12,Morning,4,1,3.0,1,2,93
202400047605,2024-03-30,Afternoon,3,1,6.0,1,2,27
202400047606,2024-08-21,Night,4,1,6.0,3,1,60
202400047607,2024-09-24,Evening,4,1,6.0,5,2,34
202400047608,2024-02-16,Evening,4,3,3.0,5,2,67
202400047609,2024-06-12,Morning,4,1,3.0,1,2,93
202400047610,2024-08-21,Morning,3,1,3.0,1,1,60
202400047611,2024-02-17,Afternoon,4,1,3.0,1,2,64
202400047612,2024-03-30,Morning,3,2,6.0,1,1,87
202400047613,2024-06-12,Morning,4,1,6.0,1,2,92
202400047614,2024-09-23,Afternoon,4,1,3.0,1,2,34
202400047615,2024-02-17,Evening,4,1,1.0,3,2,64
202400047616,2024-07-13,Afternoon,4,1,3.0,1,2,37
202400047617,2024-06-12,Morning,4,1,7.0,1,2,92
202400047618,2024-03-30,Afternoon,2,1,6.0,1,1,10
202400047619,2024-08-21,Afternoon,4,1,2.0,1,1,80
202400047620,2024-02-16,Afternoon,4,1,3.0,1,2,64
202400047621,2024-06-12,Evening,4,1,3.0,1,2,92
202400047622,2024-09-23,Afternoon,4,1,3.0,1,2,34
202400047623,2024-07-13,Afternoon,4,1,4.0,1,2,37
202400047625,2024-02-17,Afternoon,4,1,3.0,1,2,64
202400047626,2024-08-20,Afternoon,4,2,1.0,1,1,62
202400047627,2024-07-15,Night,3,1,6.0,4,2,35
202400047628,2024-06-12,Afternoon,4,1,4.0,1,2,92
202400047629,2024-09-24,Afternoon,4,1,6.0,1,2,33
202400047630,2024-02-17,Evening,4,1,6.0,5,2,62
202400047631,2024-08-16,Afternoon,3,2,1.0,1,1,59
202400047632,2024-06-12,Afternoon,4,1,2.0,1,2,92
202400047633,2024-02-17,Morning,3,1,6.0,1,2,62
202400047634,2024-09-24,Afternoon,4,1,3.0,1,2,33
202400047635,2024-07-14,Evening,4,1,3.0,2,2,35
202400047636,2024-08-19,Morning,4,1,3.0,1,1,13
202400047637,2024-06-12,Evening,4,1,6.0,1,2,92
202400047638,2024-02-17,Night,3,1,6.0,5,2,59
202400047639,2024-07-09,Afternoon,4,2,2.0,1,2,35
202400047640,2024-02-17,Evening,3,1,6.0,5,2,59
202400047641,2024-09-24,Morning,4,2,3.0,1,2,33
202400047642,2024-06-11,Night,4,1,2.0,5,2,92
202400047643,2024-08-19,Afternoon,4,1,4.0,1,1,83
202400047644,2024-06-12,Afternoon,4,1,6.0,1,2,92
202400047645,2024-02-17,Night,4,1,3.0,5,2,51
202400047646,2024-09-24,Night,4,2,6.0,5,2,33
202400047647,2024-08-17,Evening,4,1,6.0,5,1,38
202400047648,2024-07-14,Evening,4,1,3.0,2,2,34
202400047649,2024-06-12,Evening,4,2,6.0,1,2,92
202400047650,2024-02-16,Night,4,1,7.0,3,2,49
202400047651,2024-08-17,Night,4,1,6.0,3,1,67
202400047652,2024-09-22,Night,2,3,7.0,3,1,14