Num_Acc,date,time_of_day,max_severity,weather,collision_type,lighting,urban_area,department
202400047653,2024-07-14,Morning,3,1,6.0,1,1,34
202400047654,2024-02-18,Night,4,1,2.0,3,2,49
202400047655,2024-06-12,Afternoon,3,1,3.0,1,1,47
202400047656,2024-09-23,Morning,4,1,5.0,1,1,13
202400047657,2024-02-17,Afternoon,4,1,3.0,1,2,49
202400047658,2024-07-14,Afternoon,4,1,3.0,1,2,33
202400047659,2024-02-17,Night,4,1,7.0,3,1,46
202400047660,2024-08-19,Afternoon,4,1,4.0,1,1,33
202400047661,2024-06-12,Afternoon,4,1,4.0,1,2,68
202400047662,2024-09-23,Morning,4,1,3.0,1,2,10
202400047663,2024-02-17,Evening,3,1,6.0,2,2,45
202400047664,2024-06-13,Afternoon,3,1,6.0,1,2,86
202400047665,2024-02-16,Afternoon,4,1,2.0,1,2,45
202400047666,2024-08-19,Afternoon,4,1,2.0,1,1,33
202400047667,2024-09-23,Morning,4,1,6.0,1,2,10
202400047668,2024-07-13,Afternoon,4,1,4.0,1,2,33
202400047669,2024-06-12,Afternoon,3,1,3.0,1,1,59
202400047670,2024-02-17,Evening,3,1,6.0,5,2,44
202400047671,2024-02-17,Afternoon,3,1,6.0,1,2,44
202400047672,2024-09-24,Afternoon,3,1,6.0,1,2,06
202400047673,2024-07-14,Morning,4,1,2.0,1,2,31
202400047674,2024-08-19,Afternoon,4,1,4.0,1,1,33
202400047675,2024-06-11,Afternoon,3,1,3.0,1,1,62
202400047676,2024-02-17,Morning,4,1,3.0,5,2,37
202400047677,2024-07-14,Evening,4,1,6.0,1,2,29
202400047678,2024-09-24,Morning,3,1,3.0,1,2,06
202400047679,2024-02-17,Evening,2,1,6.0,5,2,35
202400047680,2024-02-17,Evening,3,1,6.0,5,2,31
202400047681,2024-08-20,Evening,4,3,4.0,1,1,91
202400047682,2024-07-14,Afternoon,4,1,6.0,1,2,27
202400047683,2024-09-23,Morning,3,3,1.0,1,2,06
202400047684,2024-06-13,Morning,4,1,1.0,1,1,83
202400047685,2024-02-17,Afternoon,4,1,4.0,1,2,29
202400047686,2024-09-24,Afternoon,4,1,2.0,1,2,75
202400047687,2024-06-13,Morning,4,1,1.0,1,1,51
202400047688,2024-02-17,Afternoon,4,1,3.0,1,2,27
202400047689,2024-07-12,Afternoon,4,8,7.0,1,1,14
202400047690,2024-08-20,Afternoon,4,1,3.0,1,1,91
202400047691,2024-06-12,Night,3,1,6.0,3,1,56
202400047692,2024-02-17,Afternoon,3,5,6.0,1,2,25
202400047693,2024-09-24,Morning,4,2,2.0,2,2,75
202400047694,2024-07-14,Afternoon,3,1,1.0,1,2,13
202400047695,2024-06-07,Morning,3,1,3.0,1,2,76
202400047696,2024-08-19,Afternoon,4,7,2.0,1,1,78
202400047697,2024-02-16,Afternoon,4,1,3.0,1,2,25
202400047698,2024-09-23,Afternoon,4,2,2.0,1,2,75
202400047699,2024-07-14,Afternoon,4,1,5.0,1,2,09
202400047700,2024-02-18,Night,4,2,6.0,5,2,25
202400047701,2024-08-20,Afternoon,4,1,3.0,1,1,93
202400047702,2024-06-13,Morning,4,1,2.0,1,1,2A
202400047703,2024-11-25,Afternoon,3,8,2.0,1,2,05
202400047704,2024-02-16,Morning,4,2,3.0,1,2,18
202400047705,2024-07-14,Afternoon,4,1,2.0,1,2,06
202400047706,2024-12-05,Evening,3,2,6.0,5,2,03
202400047707,2024-06-11,Afternoon,4,1,3.0,1,2,31
202400047708,2024-09-22,Evening,4,1,4.0,4,2,75
202400047709,2024-02-16,Morning,3,1,3.0,1,2,13
202400047710,2024-08-20,Morning,4,1,2.0,1,1,95
202400047711,2024-06-13,Morning,4,1,3.0,1,1,65
202400047712,2024-12-04,Afternoon,3,1,6.0,1,2,03
202400047713,2024-07-13,Afternoon,3,1,2.0,1,2,06
202400047714,2024-02-17,Evening,3,1,6.0,2,2,06
202400047715,2024-08-20,Evening,3,2,3.0,5,1,94
202400047716,2024-06-12,Evening,3,1,3.0,1,1,81
202400047717,2024-09-22,Night,4,2,2.0,5,2,75
202400047718,2024-02-17,Afternoon,2,1,6.0,1,2,06
202400047719,2024-07-14,Morning,4,1,2.0,2,2,75
202400047720,2024-12-04,Afternoon,4,1,2.0,1,2,75
202400047721,2024-06-12,Afternoon,4,1,2.0,1,2,63
202400047722,2024-02-17,Evening,4,1,3.0,2,2,04
202400047723,2024-08-20,Afternoon,4,2,2.0,1,1,94
202400047724,2024-02-16,Evening,4,1,3.0,5,2,75
202400047725,2024-09-24,Morning,3,2,3.0,1,2,75
202400047726,2024-07-13,Night,4,1,5.0,5,2,75
202400047727,2024-12-05,Morning,3,2,6.0,1,2,75
202400047728,2024-08-19,Morning,4,1,2.0,1,1,94
202400047729,2024-06-12,Afternoon,4,1,2.0,1,1,12
202400047730,2024-02-16,Night,4,1,7.0,3,2,75
202400047731,2024-12-05,Evening,4,2,2.0,5,2,75
202400047732,2024-07-14,Night,4,1,3.0,5,2,75
202400047733,2024-02-17,Afternoon,4,1,3.0,1,2,75
202400047734,2024-06-13,Morning,3,1,3.0,1,1,46
202400047735,2024-09-24,Afternoon,4,1,3.0,1,2,75
202400047736,2024-05-31,Evening,4,2,3.0,1,2,76
202400047737,2024-10-26,Evening,2,1,6.0,5,2,57
202400047738,2024-12-05,Afternoon,4,2,6.0,1,2,75
202400047739,2024-02-17,Night,4,1,7.0,5,2,75
202400047740,2024-06-12,Evening,4,1,3.0,1,1,47
202400047741,2024-07-14,Morning,4,1,3.0,1,2,75
202400047742,2024-12-05,Morning,4,2,3.0,1,2,75
202400047743,2024-06-05,Afternoon,4,1,2.0,1,1,17
202400047744,2024-10-26,Evening,4,1,6.0,1,2,57
202400047745,2024-09-24,Afternoon,4,2,2.0,1,2,75
202400047746,2024-07-14,Afternoon,4,8,6.0,1,2,75
202400047747,2024-06-12,Night,2,1,3.0,3,1,86
202400047748,2024-12-05,Afternoon,4,8,3.0,1,2,75
202400047749,2024-02-17,Afternoon,4,1,3.0,1,2,75
202400047750,2024-10-28,Afternoon,4,1,1.0,1,2,54
202400047752,2024-06-12,Afternoon,4,1,5.0,1,1,25
202400047753,2024-09-19,Afternoon,4,1,2.0,1,2,75
202400047754,2024-07-14,Night,3,1,3.0,5,2,75
202400047755,2024-02-17,Evening,3,1,2.0,5,2,75
202400047756,2024-12-05,Afternoon,4,2,2.0,1,2,75
202400047758,2024-06-12,Afternoon,3,1,6.0,1,1,29
202400047759,2024-10-29,Evening,3,8,1.0,3,1,54
202400047760,2024-09-24,Afternoon,4,1,6.0,1,2,75
202400047761,2024-07-14,Morning,4,1,3.0,1,2,75
202400047762,2024-12-04,Morning,4,1,6.0,1,2,75
202400047763,2024-06-12,Afternoon,3,1,2.0,1,1,29
202400047765,2024-10-29,Morning,4,1,6.0,1,2,54
202400047766,2024-02-17,Night,4,1,3.0,5,2,75
202400047767,2024-12-04,Afternoon,4,1,2.0,5,2,75
202400047768,2024-09-24,Afternoon,4,8,6.0,1,2,75
202400047769,2024-06-13,Morning,4,1,6.0,1,1,03
202400047770,2024-07-14,Afternoon,4,1,2.0,1,2,75
202400047772,2024-02-17,Evening,4,1,2.0,5,2,94
202400047773,2024-12-05,Morning,4,2,3.0,1,2,75
202400047774,2024-06-13,Afternoon,3,1,1.0,1,1,01
202400047775,2024-07-14,Afternoon,4,1,3.0,1,2,75
202400047776,2024-10-29,Morning,4,1,3.0,1,2,51
202400047777,2024-08-19,Night,4,1,3.0,5,2,95
202400047778,2024-09-24,Morning,4,1,3.0,1,2,75
202400047779,2024-02-17,Evening,4,1,3.0,5,2,94
202400047780,2024-12-05,Morning,4,2,6.0,2,2,75
202400047781,2024-09-24,Morning,4,3,7.0,1,2,75
202400047782,2024-10-28,Morning,4,8,3.0,1,1,49
202400047783,2024-02-17,Afternoon,3,1,2.0,2,2,94
202400047784,2024-07-14,Evening,4,1,3.0,1,2,94
202400047785,2024-04-15,Afternoon,4,1,4.0,1,2,72
202400047786,2024-12-05,Afternoon,4,2,6.0,1,2,75
202400047787,2024-08-18,Night,4,1,3.0,5,2,87
202400047788,2024-09-23,Afternoon,4,2,6.0,1,2,75
202400047789,2024-08-16,Evening,4,1,6.0,5,2,87
202400047790,2024-10-28,Evening,4,1,6.0,5,2,47
202400047791,2024-07-14,Evening,4,1,2.0,1,2,94
202400047792,2024-12-05,Afternoon,4,2,6.0,1,2,75
202400047793,2024-02-17,Night,3,1,3.0,5,2,94
202400047794,2024-06-12,Afternoon,4,1,6.0,1,1,07
202400047795,2024-07-14,Night,3,1,6.0,5,2,94
202400047796,2024-10-29,Afternoon,2,1,6.0,1,2,42
202400047797,2024-12-05,Morning,4,2,6.0,5,2,75
202400047798,2024-08-16,Evening,3,1,3.0,1,2,87
202400047799,2024-09-24,Morning,4,2,3.0,5,2,75
202400047800,2024-06-13,Afternoon,3,1,6.0,1,2,07
202400047801,2024-02-17,Afternoon,3,1,6.0,1,2,94
202400047802,2024-07-14,Evening,4,1,6.0,1,2,93
202400047803,2024-10-29,Evening,4,1,6.0,5,2,38
202400047804,2024-12-05,Evening,4,2,3.0,5,2,75
202400047805,2024-06-13,Afternoon,4,1,7.0,1,1,07
202400047806,2024-02-17,Afternoon,4,1,7.0,5,2,93
202400047807,2024-09-24,Morning,4,9,3.0,1,2,75
202400047808,2024-07-14,Evening,4,1,6.0,1,2,93
202400047809,2024-10-29,Afternoon,4,1,6.0,1,2,34
202400047810,2024-12-05,Evening,4,2,3.0,5,2,94
202400047811,2024-08-19,Afternoon,4,1,5.0,1,2,84
202400047812,2024-06-13,Morning,4,1,6.0,1,1,07
202400047813,2024-10-28,Afternoon,4,8,6.0,1,2,34
202400047814,2024-02-16,Night,4,1,3.0,5,2,93
202400047815,2024-07-14,Morning,4,1,6.0,2,2,93
202400047816,2024-12-04,Evening,4,1,3.0,5,2,94
202400047817,2024-09-24,Afternoon,4,8,6.0,1,2,75
202400047818,2024-02-17,Afternoon,4,1,6.0,1,2,93
202400047819,2024-08-19,Afternoon,4,1,3.0,1,2,81
202400047820,2024-06-13,Night,4,1,6.0,4,1,21
202400047821,2024-10-29,Afternoon,3,1,6.0,2,2,33
202400047822,2024-07-14,Afternoon,4,1,6.0,1,2,93
202400047823,2024-12-05,Morning,4,2,3.0,1,2,94
202400047824,2024-09-23,Afternoon,4,2,3.0,1,2,75
202400047825,2024-08-18,Night,4,1,3.0,5,2,80
202400047826,2024-07-14,Afternoon,4,1,3.0,1,2,92
202400047827,2024-02-17,Night,4,1,3.0,5,2,93
202400047828,2024-12-05,Afternoon,4,2,3.0,2,2,94
202400047829,2024-10-29,Afternoon,4,1,3.0,1,2,33
202400047830,2024-06-08,Afternoon,4,1,1.0,1,1,17
202400047831,2024-12-05,Morning,4,2,6.0,2,2,94
202400047832,2024-02-17,Afternoon,4,1,6.0,1,2,93
202400047833,2024-06-13,Morning,4,1,3.0,1,1,30
202400047834,2024-07-14,Night,4,1,3.0,1,2,92
202400047835,2024-08-18,Night,3,1,3.0,5,2,80
202400047836,2024-10-28,Afternoon,3,1,3.0,2,1,30
202400047837,2024-09-23,Evening,4,2,3.0,5,2,75
202400047838,2024-12-04,Morning,4,1,3.0,1,2,94
202400047839,2024-02-17,Evening,4,1,1.0,5,2,93
202400047840,2024-07-14,Evening,4,1,3.0,1,2,92
202400047841,2024-06-12,Night,4,1,2.0,2,1,73
202400047842,2024-12-05,Evening,4,2,3.0,5,2,94
202400047843,2024-02-17,Morning,4,7,2.0,1,2,92
202400047844,2024-10-29,Afternoon,4,1,3.0,1,2,30
202400047845,2024-07-14,Night,4,1,6.0,5,2,92
202400047846,2024-09-23,Afternoon,4,1,1.0,1,2,75
202400047847,2024-08-10,Evening,4,1,3.0,1,2,77
202400047848,2024-02-17,Evening,4,1,6.0,5,2,92
202400047849,2024-12-04,Morning,4,8,3.0,1,2,93
202400047850,2024-10-29,Afternoon,3,1,1.0,1,2,29
202400047851,2024-02-17,Afternoon,4,1,6.0,1,2,92
202400047853,2024-09-24,Morning,4,2,6.0,1,2,94
202400047854,2024-12-05,Morning,4,2,1.0,1,2,93
202400047855,2024-07-14,Morning,4,1,3.0,1,2,92
202400047856,2024-08-19,Morning,4,1,3.0,1,2,71
202400047858,2024-10-28,Evening,4,1,1.0,5,2,28
202400047860,2024-11-19,Evening,4,2,6.0,5,2,93
202400047862,2024-02-18,Morning,3,1,1.0,1,1,43
202400047863,2024-09-23,Afternoon,4,2,3.0,1,2,94
202400047864,2024-07-13,Afternoon,3,1,6.0,1,2,76
202400047865,2024-12-05,Morning,4,3,6.0,2,2,93
202400047866,2024-08-19,Afternoon,4,1,3.0,1,2,71
202400047867,2024-10-29,Afternoon,4,1,6.0,1,2,25
202400047868,2024-06-12,Morning,3,1,3.0,1,1,83
202400047869,2024-10-29,Afternoon,4,2,6.0,1,2,22
202400047870,2024-07-12,Afternoon,3,1,2.0,1,2,24
202400047871,2024-12-05,Evening,4,2,3.0,5,2,92
202400047872,2024-02-18,Afternoon,3,1,6.0,1,1,43
202400047873,2024-08-19,Night,4,1,7.0,3,2,67
202400047874,2024-09-24,Evening,4,2,3.0,5,2,94
202400047875,2024-02-17,Morning,3,1,6.0,1,1,76
202400047876,2024-06-13,Morning,3,1,1.0,1,1,83
202400047877,2024-10-28,Afternoon,3,7,6.0,1,2,14
202400047878,2024-07-02,Night,4,1,1.0,5,2,33
202400047879,2024-08-19,Night,4,1,3.0,5,2,64
202400047880,2024-09-24,Afternoon,4,2,2.0,1,2,93
202400047881,2024-06-11,Afternoon,3,1,7.0,1,1,83
202400047882,2024-10-29,Afternoon,4,1,6.0,1,2,13
202400047883,2024-12-05,Afternoon,4,2,3.0,2,2,92
202400047884,2024-08-19,Afternoon,4,1,3.0,1,1,62
202400047885,2024-07-12,Afternoon,4,1,1.0,1,1,31
202400047886,2024-12-05,Morning,4,2,6.0,5,2,92
202400047887,2024-06-12,Afternoon,4,1,1.0,1,1,03
202400047888,2024-09-24,Morning,4,8,3.0,1,2,93
202400047889,2024-10-28,Evening,3,1,3.0,5,2,13
202400047890,2024-07-15,Morning,3,1,7.0,1,1,51
202400047891,2024-12-05,Evening,4,2,2.0,5,2,92
202400047892,2024-08-17,Evening,3,1,3.0,1,2,62
202400047893,2024-06-13,Evening,3,1,3.0,1,1,42
202400047895,2024-09-12,Night,2,1,1.0,5,2,93
202400047896,2024-11-29,Morning,4,1,3.0,2,2,92
202400047897,2024-08-20,Night,4,1,6.0,5,2,59
202400047898,2024-06-11,Evening,4,7,6.0,1,2,38
202400047899,2024-10-28,Afternoon,2,1,2.0,1,2,13
202400047900,2024-07-13,Night,3,1,7.0,3,1,46
202400047901,2024-12-03,Night,4,1,3.0,3,2,92
202400047902,2024-09-23,Afternoon,4,2,2.0,1,2,92
202400047903,2024-08-18,Night,4,2,6.0,5,2,58
202400047904,2024-06-12,Morning,3,1,3.0,2,2,49
202400047905,2024-10-20,Morning,3,1,6.0,1,2,12
202400047907,2024-12-05,Morning,4,2,2.0,1,2,92
202400047908,2024-09-24,Morning,4,2,7.0,2,2,92
202400047909,2024-06-13,Afternoon,4,8,7.0,1,1,14
202400047910,2024-08-16,Morning,3,7,3.0,1,2,57
202400047911,2024-12-05,Afternoon,4,2,6.0,5,2,92
202400047912,2024-10-15,Afternoon,4,1,3.0,1,2,12
202400047913,2024-09-24,Evening,4,2,3.0,1,2,92
202400047914,2024-07-14,Evening,4,1,6.0,2,1,14
202400047915,2024-12-04,Evening,2,1,6.0,5,2,92
202400047916,2024-08-16,Evening,4,1,6.0,3,2,56
202400047917,2024-06-11,Afternoon,3,7,3.0,1,1,14
202400047918,2024-10-13,Morning,4,1,3.0,1,2,12
202400047919,2024-08-17,Afternoon,4,1,6.0,1,2,50
202400047920,2024-09-23,Evening,4,1,6.0,1,2,92
202400047921,2024-06-12,Afternoon,3,1,3.0,1,1,35
202400047922,2024-12-05,Morning,4,2,3.0,1,2,92
202400047924,2024-06-13,Morning,4,1,1.0,1,1,27
202400047925,2024-07-14,Night,3,1,6.0,5,2,31
202400047926,2024-10-29,Evening,3,1,3.0,5,2,11
202400047927,2024-12-05,Evening,4,3,5.0,3,1,37
202400047928,2024-08-15,Evening,4,1,3.0,1,2,49
202400047929,2024-06-12,Afternoon,4,1,3.0,1,2,60
202400047930,2024-07-13,Evening,4,1,3.0,1,2,95
202400047931,2024-09-24,Morning,4,2,6.0,1,2,92
202400047932,2024-08-09,Night,4,1,7.0,5,2,49
202400047933,2024-10-28,Afternoon,4,1,6.0,1,2,10
202400047934,2024-12-05,Evening,2,1,1.0,3,1,22
202400047935,2024-06-12,Afternoon,4,1,2.0,1,1,33
202400047936,2024-07-15,Afternoon,4,1,7.0,1,1,56
202400047937,2024-09-24,Evening,4,2,6.0,2,2,92
202400047938,2024-10-28,Afternoon,4,1,3.0,1,2,10
202400047939,2024-08-18,Afternoon,4,1,3.0,1,2,49
202400047940,2024-06-12,Morning,4,1,3.0,1,1,33
202400047941,2024-07-14,Evening,4,1,6.0,1,1,76
202400047942,2024-08-15,Afternoon,3,1,7.0,1,1,43
202400047943,2024-09-17,Morning,4,1,3.0,1,2,05
202400047944,2024-06-11,Afternoon,4,1,2.0,1,1,33
202400047945,2024-12-05,Morning,3,1,2.0,2,1,11
202400047946,2024-07-13,Night,4,1,7.0,5,2,2B
202400047947,2024-09-21,Night,4,2,3.0,5,2,92
202400047948,2024-08-19,Afternoon,4,1,6.0,1,1,36
202400047949,2024-10-29,Afternoon,4,1,3.0,1,2,75
202400047950,2024-12-03,Morning,3,1,6.0,1,2,51
202400047951,2024-06-12,Afternoon,4,1,5.0,1,1,91
202400047952,2024-09-24,Morning,4,2,2.0,5,2,92
202400047953,2024-08-19,Night,4,1,3.0,2,1,35
202400047954,2024-10-29,Morning,4,1,3.0,1,2,75
202400047955,2024-12-05,Afternoon,4,2,1.0,2,2,59
202400047956,2024-06-12,Afternoon,4,1,6.0,1,1,77
202400047957,2024-07-15,Afternoon,4,1,1.0,1,1,65
202400047958,2024-08-19,Evening,4,1,1.0,1,2,33
202400047959,2024-10-28,Evening,4,1,3.0,5,2,75
202400047960,2024-09-13,Morning,2,1,2.0,2,1,40
202400047961,2024-06-12,Morning,4,1,3.0,1,1,91
202400047962,2024-12-04,Afternoon,3,1,1.0,5,1,82
202400047963,2024-07-14,Afternoon,3,1,1.0,1,1,33
202400047964,2024-10-28,Afternoon,4,1,2.0,1,2,75
202400047965,2024-09-25,Morning,3,1,6.0,2,1,24
202400047966,2024-12-06,Night,3,2,6.0,3,1,65
202400047967,2024-08-19,Afternoon,4,1,3.0,1,2,33
202400047968,2024-06-12,Morning,4,1,4.0,1,1,92
202400047969,2024-07-15,Morning,4,1,2.0,1,1,63
202400047970,2024-09-24,Afternoon,3,2,6.0,1,1,60
202400047971,2024-10-29,Morning,4,1,6.0,5,2,75
202400047972,2024-12-06,Morning,4,2,6.0,1,2,69
202400047973,2024-06-11,Evening,4,1,3.0,1,1,92
202400047974,2024-08-19,Afternoon,4,1,3.0,1,1,33
202400047975,2024-07-14,Evening,2,1,7.0,1,2,49
202400047976,2024-10-29,Evening,4,1,6.0,5,2,75
202400047977,2024-09-25,Afternoon,4,1,6.0,1,2,31
202400047978,2024-11-30,Evening,3,1,1.0,3,1,11
202400047979,2024-06-10,Afternoon,4,1,3.0,1,1,92
202400047980,2024-07-15,Afternoon,4,1,7.0,1,1,22
202400047981,2024-12-04,Morning,3,7,6.0,1,2,71
202400047982,2024-08-19,Afternoon,4,1,2.0,1,2,30
202400047983,2024-06-12,Evening,4,1,1.0,1,1,95
202400047984,2024-10-28,Evening,4,1,3.0,5,2,75
202400047985,2024-07-15,Morning,3,1,2.0,1,1,39
202400047987,2024-08-18,Evening,4,1,6.0,1,2,29
202400047988,2024-06-12,Morning,4,1,2.0,1,1,95
202400047989,2024-10-28,Afternoon,4,1,7.0,1,2,75
202400047990,2024-07-15,Afternoon,3,1,1.0,1,2,25
202400047991,2024-12-06,Morning,4,1,3.0,2,2,71
202400047992,2024-09-24,Afternoon,4,1,2.0,1,2,62
202400047993,2024-08-06,Evening,4,1,3.0,1,2,15
202400047994,2024-10-28,Evening,4,1,2.0,5,2,75
202400047995,2024-02-28,Afternoon,4,1,1.0,1,2,84
202400047996,2024-07-09,Evening,3,1,1.0,1,1,25
202400047997,2024-12-04,Night,4,1,6.0,5,2,63
202400047998,2024-08-18,Night,4,1,2.0,3,1,13
202400047999,2024-02-21,Evening,4,1,7.0,5,1,84
202400048000,2024-10-29,Afternoon,4,1,6.0,1,2,75
202400048001,2024-07-14,Evening,3,1,7.0,1,1,25
202400048002,2024-09-23,Afternoon,3,1,4.0,1,1,63
202400048003,2024-10-26,Night,4,2,1.0,3,1,61
202400048004,2024-08-19,Night,3,1,3.0,5,2,13
202400048005,2024-10-29,Afternoon,4,1,6.0,1,2,75
202400048006,2024-07-14,Evening,4,1,2.0,3,1,25
202400048007,2024-02-17,Afternoon,4,1,3.0,1,2,84
202400048008,2024-12-06,Morning,4,1,6.0,5,2,61
202400048009,2024-07-14,Morning,3,1,7.0,1,1,29
202400048010,2024-09-22,Evening,4,1,3.0,1,2,83
202400048011,2024-02-17,Night,4,6,1.0,3,1,84
202400048012,2024-10-29,Night,4,1,1.0,5,2,75
202400048013,2024-12-06,Morning,4,1,7.0,3,1,55
202400048014,2024-08-18,Evening,4,1,1.0,1,2,13
202400048015,2024-07-15,Afternoon,4,1,6.0,1,2,31
202400048016,2024-09-24,Evening,3,2,6.0,3,1,51
202400048017,2024-10-28,Afternoon,4,1,6.0,1,2,75
202400048018,2024-12-06,Morning,3,1,2.0,1,1,55
202400048019,2024-02-02,Morning,4,1,3.0,1,2,84
202400048020,2024-07-15,Morning,4,7,6.0,2,2,38
202400048021,2024-08-18,Afternoon,4,1,2.0,1,2,13
202400048022,2024-10-28,Morning,4,1,3.0,1,2,75
202400048023,2024-03-31,Morning,3,1,7.0,3,2,74
202400048024,2024-09-25,Evening,3,3,1.0,2,1,80
202400048025,2024-12-05,Afternoon,4,2,1.0,2,1,42
202400048026,2024-07-15,Morning,4,1,3.0,1,2,02
202400048027,2024-05-11,Morning,2,1,7.0,1,1,76
202400048028,2024-12-05,Afternoon,3,1,2.0,1,2,47
202400048029,2024-08-18,Evening,4,1,6.0,1,1,11
202400048030,2024-10-29,Night,4,1,3.0,5,2,94
202400048031,2024-07-14,Afternoon,3,1,1.0,1,1,03
202400048032,2024-09-24,Evening,4,1,6.0,3,1,41
202400048033,2024-04-12,Afternoon,4,1,3.0,1,2,67
202400048034,2024-08-18,Night,2,1,6.0,4,1,06
202400048035,2024-07-14,Night,4,1,7.0,3,1,03
202400048036,2024-12-05,Evening,4,5,1.0,3,1,29
202400048037,2024-09-25,Afternoon,4,1,7.0,1,1,71
202400048038,2024-10-29,Afternoon,4,1,3.0,1,2,94
202400048039,2024-07-15,Morning,4,1,6.0,1,1,03
202400048040,2024-03-30,Afternoon,4,1,4.0,1,2,19
202400048041,2024-08-14,Afternoon,3,1,1.0,1,2,75
202400048042,2024-09-21,Afternoon,4,1,1.0,1,2,25
202400048043,2024-10-29,Morning,4,1,3.0,5,2,94
202400048044,2024-12-06,Morning,4,8,5.0,2,1,03
202400048045,2024-07-14,Afternoon,2,1,1.0,1,1,01
202400048047,2024-10-29,Morning,4,1,3.0,1,2,94
202400048048,2024-08-19,Evening,4,1,3.0,1,2,75
202400048049,2024-09-25,Morning,3,2,3.0,3,1,44
202400048050,2024-07-15,Afternoon,4,8,3.0,1,1,58
202400048052,2024-11-19,Evening,3,1,3.0,5,2,01
202400048053,2024-10-29,Afternoon,4,1,1.0,1,2,93
202400048054,2024-09-25,Morning,3,1,7.0,1,1,34
202400048055,2024-08-19,Evening,4,1,3.0,1,2,75
202400048057,2024-07-14,Afternoon,4,1,3.0,1,2,72
202400048058,2024-12-02,Afternoon,4,1,3.0,1,2,58
202400048059,2024-09-24,Morning,2,1,7.0,1,2,29
202400048060,2024-08-19,Morning,4,1,1.0,1,2,75
202400048061,2024-10-28,Morning,4,8,2.0,1,2,93
202400048063,2024-07-14,Afternoon,3,1,6.0,1,1,90
202400048064,2024-12-05,Afternoon,3,1,3.0,1,1,72
202400048065,2024-09-22,Night,3,8,6.0,3,2,29
202400048067,2024-08-19,Morning,4,1,3.0,1,2,75
202400048068,2024-10-29,Afternoon,4,1,3.0,5,2,93
202400048069,2024-07-15,Evening,3,1,6.0,1,2,18
202400048070,2024-09-21,Morning,3,1,6.0,3,2,29
202400048071,2024-11-03,Afternoon,3,1,3.0,1,2,73
202400048073,2024-10-29,Afternoon,4,1,3.0,1,2,93
202400048074,2024-07-12,Morning,3,1,7.0,1,2,18
202400048075,2024-08-19,Afternoon,4,1,2.0,1,2,75
202400048076,2024-09-20,Morning,3,1,3.0,1,2,29
202400048077,2024-07-14,Afternoon,3,1,7.0,1,1,07
202400048078,2024-12-04,Afternoon,3,7,3.0,1,1,18
202400048079,2024-06-11,Afternoon,4,1,3.0,1,2,69
202400048080,2024-10-28,Evening,4,1,6.0,2,2,93
202400048081,2024-12-06,Morning,2,2,6.0,1,1,07
202400048082,2024-07-11,Night,3,1,6.0,3,1,53
202400048083,2024-09-24,Afternoon,3,2,6.0,1,1,01
202400048084,2024-08-18,Afternoon,4,1,3.0,1,2,94
202400048085,2024-12-06,Evening,2,2,6.0,3,1,85
202400048086,2024-07-15,Morning,3,1,7.0,1,1,87
202400048088,2024-10-29,Night,4,1,3.0,5,2,93
202400048089,2024-07-15,Afternoon,3,1,7.0,1,2,30
202400048090,2024-12-03,Night,4,1,6.0,3,2,85
202400048091,2024-08-19,Evening,4,1,2.0,1,2,93
202400048093,2024-09-25,Morning,3,1,5.0,1,1,83
202400048094,2024-07-14,Afternoon,3,1,6.0,1,1,48
202400048095,2024-08-19,Morning,4,1,6.0,1,2,93
202400048096,2024-12-05,Afternoon,3,1,2.0,2,1,48
202400048097,2024-10-28,Evening,4,1,2.0,5,2,93
202400048099,2024-09-24,Evening,4,2,1.0,1,1,07
202400048100,2024-12-05,Afternoon,4,2,3.0,3,2,35
202400048101,2024-10-29,Morning,4,1,3.0,1,2,93
202400048102,2024-08-18,Evening,4,1,3.0,1,2,93
202400048104,2024-07-14,Night,3,1,6.0,3,1,49
202400048105,2024-12-06,Afternoon,4,1,2.0,1,1,73
202400048106,2024-10-29,Afternoon,4,1,3.0,1,2,92
202400048107,2024-09-24,Afternoon,4,2,1.0,1,1,53
202400048108,2024-08-18,Evening,4,1,3.0,1,2,93
202400048109,2024-06-11,Afternoon,3,1,6.0,1,2,69
202400048110,2024-07-12,Morning,4,8,5.0,1,1,64
202400048111,2024-08-19,Afternoon,4,1,3.0,1,2,93
202400048112,2024-06-11,Morning,3,1,3.0,1,2,69
202400048113,2024-10-28,Morning,4,5,3.0,1,2,92
202400048114,2024-09-25,Afternoon,4,3,1.0,1,1,53
202400048115,2024-12-05,Afternoon,4,1,2.0,3,1,69
202400048117,2024-08-19,Morning,4,1,6.0,1,2,92
202400048118,2024-09-24,Afternoon,3,1,6.0,1,1,24
202400048119,2024-10-29,Afternoon,3,8,3.0,1,2,92
202400048121,2024-11-19,Evening,4,1,5.0,3,1,64
202400048122,2024-08-19,Afternoon,4,1,3.0,1,2,92
202400048123,2024-07-14,Afternoon,4,1,4.0,1,1,38
202400048125,2024-09-25,Afternoon,4,3,3.0,1,1,85
202400048126,2024-10-29,Afternoon,4,1,2.0,2,2,92
202400048128,2024-08-19,Afternoon,3,1,2.0,1,1,60
202400048129,2024-06-11,Morning,2,1,1.0,1,1,2A