Num_Acc,date,time_of_day,max_severity,weather,collision_type,lighting,urban_area,department
202400048130,2024-10-29,Evening,4,1,3.0,2,2,92
202400048133,2024-12-06,Morning,4,1,6.0,5,2,51
202400048134,2024-06-11,Evening,4,1,6.0,1,2,95
202400048136,2024-10-29,Evening,4,1,3.0,5,2,92
202400048137,2024-09-24,Afternoon,3,1,1.0,1,1,01
202400048138,2024-08-13,Afternoon,4,1,3.0,1,1,47
202400048139,2024-06-11,Morning,4,1,6.0,1,2,91
202400048140,2024-07-15,Morning,4,1,6.0,1,2,78
202400048141,2024-09-19,Afternoon,4,1,2.0,1,1,65
202400048143,2024-07-14,Evening,4,1,1.0,1,2,66
202400048144,2024-06-11,Evening,3,1,3.0,1,2,91
202400048145,2024-08-19,Evening,4,1,1.0,1,2,14
202400048147,2024-08-19,Morning,3,1,7.0,1,1,26
202400048148,2024-09-14,Afternoon,4,1,2.0,1,2,67
202400048149,2024-10-29,Afternoon,4,1,6.0,1,2,92
202400048150,2024-06-11,Evening,4,1,1.0,1,2,91
202400048151,2024-07-14,Afternoon,2,1,6.0,1,2,06
202400048153,2024-08-19,Afternoon,3,1,2.0,1,1,48
202400048154,2024-06-11,Evening,4,1,3.0,4,2,84
202400048155,2024-09-24,Afternoon,4,1,1.0,1,1,11
202400048156,2024-10-29,Evening,3,1,3.0,3,1,60
202400048157,2024-12-05,Afternoon,4,2,1.0,2,1,45
202400048158,2024-08-19,Evening,2,1,6.0,2,1,83
202400048159,2024-10-30,Morning,3,2,6.0,3,1,95
202400048160,2024-07-15,Afternoon,3,1,3.0,1,1,04
202400048161,2024-06-10,Afternoon,3,1,1.0,1,1,83
202400048163,2024-10-30,Morning,2,5,6.0,1,1,36
202400048164,2024-12-05,Morning,3,2,4.0,1,2,77
202400048165,2024-06-06,Morning,4,1,2.0,1,2,83
202400048166,2024-08-20,Afternoon,4,2,1.0,1,1,76
202400048168,2024-07-14,Evening,4,1,1.0,1,2,13
202400048169,2024-10-28,Evening,3,1,6.0,5,2,42
202400048170,2024-11-29,Afternoon,4,1,6.0,1,1,78
202400048171,2024-08-18,Afternoon,4,1,6.0,1,1,61
202400048172,2024-06-11,Morning,4,1,7.0,1,2,80
202400048173,2024-07-14,Afternoon,3,1,6.0,1,1,67
202400048174,2024-10-29,Evening,4,5,6.0,3,1,58
202400048175,2024-12-05,Afternoon,4,1,2.0,2,1,2B
202400048176,2024-06-10,Morning,4,2,6.0,1,2,80
202400048177,2024-08-19,Evening,3,1,3.0,1,1,44
202400048178,2024-12-01,Afternoon,4,9,7.0,1,1,06
202400048179,2024-09-24,Night,4,1,3.0,5,2,21
202400048180,2024-10-29,Afternoon,3,1,6.0,1,2,85
202400048181,2024-07-14,Afternoon,3,1,3.0,1,1,88
202400048182,2024-05-08,Afternoon,2,1,7.0,1,2,77
202400048183,2024-12-05,Evening,3,2,7.0,3,1,21
202400048184,2024-10-26,Morning,3,2,6.0,2,2,33
202400048185,2024-09-24,Evening,3,2,1.0,5,1,37
202400048186,2024-06-11,Morning,3,1,6.0,1,2,77
202400048187,2024-08-19,Afternoon,4,8,1.0,1,1,29
202400048188,2024-07-14,Morning,4,1,6.0,1,1,09
202400048189,2024-10-27,Afternoon,3,1,3.0,1,2,33
202400048190,2024-08-19,Morning,3,1,7.0,1,1,29
202400048191,2024-06-10,Morning,4,1,6.0,1,2,77
202400048192,2024-09-23,Afternoon,3,2,3.0,1,1,45
202400048193,2024-12-06,Evening,3,1,1.0,5,2,42
202400048194,2024-07-13,Morning,3,1,6.0,1,2,31
202400048195,2024-10-23,Afternoon,3,1,6.0,1,2,11
202400048196,2024-06-10,Afternoon,4,1,3.0,1,2,77
202400048197,2024-09-25,Night,4,1,6.0,5,2,77
202400048198,2024-08-20,Afternoon,3,1,6.0,1,1,29
202400048199,2024-12-05,Evening,4,2,1.0,3,1,38
202400048200,2024-09-25,Morning,2,2,6.0,1,1,77
202400048201,2024-07-15,Afternoon,4,1,6.0,1,1,33
202400048202,2024-08-19,Afternoon,3,1,3.0,1,1,26
202400048203,2024-10-30,Morning,4,7,1.0,1,1,71
202400048204,2024-06-11,Evening,3,1,3.0,1,2,76
202400048205,2024-07-15,Morning,3,2,6.0,1,1,35
202400048206,2024-08-20,Evening,3,1,6.0,1,1,58
202400048207,2024-06-11,Afternoon,3,1,6.0,1,1,76
202400048208,2024-09-06,Morning,4,1,1.0,1,2,30
202400048209,2024-12-04,Morning,3,1,6.0,1,1,07
202400048210,2024-07-14,Afternoon,4,1,7.0,1,1,27
202400048211,2024-10-30,Evening,4,5,3.0,5,2,89
202400048212,2024-08-20,Morning,2,1,3.0,1,2,58
202400048213,2024-08-17,Afternoon,3,1,7.0,1,1,06
202400048214,2024-09-25,Morning,4,1,1.0,1,1,13
202400048215,2024-07-14,Evening,4,1,3.0,1,1,13
202400048216,2024-06-10,Afternoon,4,1,3.0,1,2,76
202400048217,2024-12-06,Morning,4,2,3.0,2,1,01
202400048218,2024-10-29,Morning,4,7,3.0,1,1,61
202400048219,2024-08-20,Afternoon,4,7,3.0,1,1,73
202400048220,2024-06-10,Afternoon,4,1,3.0,1,2,72
202400048221,2024-09-11,Afternoon,4,8,2.0,1,1,26
202400048222,2024-08-19,Evening,3,1,7.0,1,1,43
202400048223,2024-07-14,Afternoon,4,1,5.0,1,1,13
202400048224,2024-11-27,Evening,4,1,4.0,5,1,69
202400048225,2024-10-29,Afternoon,3,3,3.0,1,1,22
202400048226,2024-09-18,Evening,4,1,7.0,2,2,68
202400048227,2024-06-09,Afternoon,4,1,3.0,1,2,72
202400048228,2024-10-29,Morning,3,1,3.0,1,1,22
202400048229,2024-12-06,Night,2,2,6.0,5,2,40
202400048230,2024-10-29,Afternoon,3,1,6.0,1,1,39
202400048231,2024-09-25,Afternoon,3,8,1.0,1,1,57
202400048232,2024-08-19,Evening,4,1,6.0,1,1,10
202400048233,2024-12-05,Evening,3,2,6.0,3,1,50
202400048234,2024-09-25,Afternoon,3,1,6.0,1,2,73
202400048235,2024-06-10,Afternoon,4,1,5.0,1,2,70
202400048236,2024-07-13,Night,4,1,2.0,3,1,13
202400048237,2024-10-30,Afternoon,4,1,2.0,1,2,29
202400048238,2024-09-24,Afternoon,3,1,6.0,1,2,01
202400048239,2024-08-06,Morning,3,1,3.0,1,2,40
202400048240,2024-06-11,Morning,4,1,6.0,1,2,69
202400048241,2024-12-06,Morning,4,1,6.0,3,1,80
202400048242,2024-07-14,Night,3,1,7.0,5,1,13
202400048243,2024-09-25,Morning,3,2,1.0,3,2,22
202400048244,2024-06-11,Morning,4,1,3.0,1,1,69
202400048245,2024-10-29,Afternoon,4,2,1.0,2,1,29
202400048246,2024-12-06,Afternoon,3,1,3.0,1,2,80
202400048247,2024-08-20,Morning,3,1,1.0,1,1,24
202400048248,2024-09-25,Morning,3,1,6.0,1,2,60
202400048249,2024-07-12,Night,4,1,2.0,3,1,13
202400048250,2024-06-10,Afternoon,2,1,6.0,1,2,69
202400048251,2024-08-18,Night,4,3,7.0,3,1,67
202400048252,2024-10-30,Morning,3,1,3.0,1,1,03
202400048253,2024-09-24,Afternoon,4,1,3.0,1,1,13
202400048254,2024-06-09,Evening,3,1,6.0,2,2,69
202400048255,2024-08-19,Afternoon,4,1,6.0,1,1,01
202400048256,2024-07-13,Night,3,1,2.0,3,1,83
202400048257,2024-10-24,Afternoon,3,1,6.0,1,1,85
202400048258,2024-12-05,Afternoon,3,1,3.0,1,1,13
202400048259,2024-09-24,Afternoon,4,1,4.0,1,1,13
202400048260,2024-08-20,Night,2,1,2.0,3,1,77
202400048261,2024-06-10,Afternoon,4,1,3.0,1,2,67
202400048262,2024-10-27,Night,3,2,1.0,3,1,26
202400048263,2024-07-14,Evening,4,1,5.0,1,1,91
202400048264,2024-12-04,Morning,4,1,4.0,1,1,13
202400048265,2024-09-24,Afternoon,4,3,6.0,1,1,13
202400048266,2024-10-27,Afternoon,3,1,6.0,1,2,14
202400048267,2024-07-14,Morning,4,1,6.0,1,1,91
202400048269,2024-09-24,Morning,4,1,2.0,1,1,13
202400048270,2024-12-01,Afternoon,4,1,2.0,3,1,13
202400048271,2024-10-29,Morning,2,1,6.0,1,1,05
202400048272,2024-09-24,Morning,4,1,3.0,1,1,13
202400048273,2024-07-14,Night,4,2,6.0,3,1,91
202400048275,2024-10-29,Afternoon,3,1,1.0,1,1,07
202400048276,2024-12-05,Morning,4,1,4.0,5,1,33
202400048277,2024-09-23,Morning,4,1,2.0,2,1,13
202400048278,2024-08-19,Evening,3,1,7.0,1,1,13
202400048279,2024-07-13,Evening,4,1,2.0,3,1,91
202400048280,2024-10-30,Morning,4,1,7.0,1,1,07
202400048281,2024-12-05,Morning,4,2,7.0,3,1,91
202400048282,2024-09-19,Morning,4,1,3.0,1,1,69
202400048283,2024-12-04,Night,2,1,6.0,3,1,91
202400048284,2024-10-30,Morning,3,1,6.0,3,1,07
202400048285,2024-07-14,Night,4,1,7.0,2,1,92
202400048286,2024-08-17,Night,4,1,2.0,3,2,66
202400048287,2024-09-23,Afternoon,4,1,2.0,1,1,42
202400048288,2024-12-05,Afternoon,4,2,2.0,2,1,95
202400048289,2024-07-14,Afternoon,4,1,6.0,1,1,93
202400048290,2024-10-29,Evening,2,8,3.0,3,1,37
202400048291,2024-12-05,Afternoon,4,2,3.0,1,1,93
202400048292,2024-08-20,Afternoon,4,1,1.0,1,1,04
202400048293,2024-09-24,Afternoon,4,2,4.0,1,1,33
202400048294,2024-07-14,Night,4,1,1.0,3,1,95
202400048295,2024-10-29,Evening,3,1,3.0,3,1,30
202400048296,2024-09-21,Evening,3,1,6.0,1,1,59
202400048297,2024-12-05,Morning,4,3,6.0,1,1,95
202400048298,2024-08-20,Morning,3,1,7.0,1,2,68
202400048299,2024-07-14,Night,3,1,2.0,3,1,93
202400048300,2024-09-24,Evening,4,1,6.0,3,1,91
202400048301,2024-12-05,Morning,4,3,7.0,3,1,93
202400048302,2024-10-29,Afternoon,3,1,2.0,1,1,38
202400048303,2024-09-24,Evening,4,1,7.0,5,1,94
202400048304,2024-08-16,Night,3,1,3.0,4,2,67
202400048305,2024-12-04,Evening,4,1,2.0,2,1,93
202400048306,2024-07-13,Evening,4,1,4.0,1,1,92
202400048307,2024-10-30,Morning,4,1,3.0,1,1,07
202400048308,2024-08-19,Morning,4,1,7.0,1,2,03
202400048309,2024-09-23,Morning,4,2,4.0,1,1,78
202400048310,2024-12-05,Night,4,1,2.0,3,1,77
202400048311,2024-07-14,Morning,4,1,2.0,1,1,77
202400048312,2024-08-19,Evening,3,1,1.0,1,1,63
202400048313,2024-09-23,Morning,4,2,4.0,1,1,78
202400048314,2024-07-14,Night,4,1,2.0,3,1,77
202400048315,2024-10-26,Night,4,2,4.0,3,1,34
202400048316,2024-12-04,Evening,4,1,4.0,5,1,77
202400048317,2024-09-24,Morning,4,2,7.0,1,1,93
202400048318,2024-08-20,Morning,3,1,2.0,1,1,26
202400048319,2024-07-14,Night,4,1,6.0,3,1,94
202400048321,2024-12-04,Night,4,5,3.0,4,1,77
202400048322,2024-09-24,Morning,4,2,4.0,2,1,93
202400048323,2024-07-12,Morning,4,1,2.0,1,1,94
202400048324,2024-12-02,Evening,4,2,7.0,5,1,95
202400048326,2024-08-20,Morning,4,1,1.0,1,1,26
202400048327,2024-09-24,Morning,4,8,2.0,1,1,92
202400048328,2024-04-13,Afternoon,3,1,1.0,1,1,50
202400048329,2024-08-18,Morning,3,1,1.0,1,1,26
202400048330,2024-09-23,Night,4,1,6.0,3,1,92
202400048331,2024-10-29,Evening,4,5,3.0,5,2,45
202400048332,2024-07-08,Afternoon,4,1,3.0,1,2,44
202400048333,2024-09-30,Morning,3,1,3.0,1,2,73
202400048334,2024-09-23,Afternoon,3,1,3.0,1,1,93
202400048335,2024-08-19,Morning,4,1,2.0,1,2,01
202400048336,2024-10-28,Evening,3,8,5.0,3,1,91
202400048337,2024-07-07,Evening,4,8,3.0,5,2,44
202400048338,2024-09-03,Afternoon,4,1,1.0,1,1,57
202400048339,2024-10-30,Afternoon,4,1,6.0,1,1,06
202400048340,2024-09-24,Morning,4,3,3.0,1,1,94
202400048341,2024-08-20,Morning,3,1,3.0,1,1,31
202400048342,2024-09-27,Afternoon,2,1,1.0,1,1,57
202400048343,2024-10-28,Afternoon,3,1,1.0,1,2,68
202400048344,2024-05-13,Afternoon,3,1,3.0,1,2,74
202400048345,2024-05-12,Evening,4,1,6.0,1,2,74
202400048346,2024-06-13,Morning,3,7,6.0,1,2,84
202400048348,2024-10-29,Afternoon,3,1,1.0,2,2,69
202400048349,2024-08-17,Afternoon,4,3,1.0,1,1,86
202400048350,2024-09-17,Morning,4,1,6.0,2,2,44
202400048351,2024-07-04,Morning,4,1,3.0,1,2,44
202400048353,2024-10-30,Morning,4,5,4.0,1,1,79
202400048354,2024-08-19,Afternoon,3,1,3.0,1,2,64
202400048355,2024-09-23,Afternoon,3,1,3.0,1,2,62
202400048358,2024-08-19,Evening,4,1,6.0,1,2,14
202400048359,2024-09-17,Morning,4,1,3.0,1,2,44
202400048361,2024-10-29,Afternoon,4,1,5.0,1,1,61
202400048362,2024-08-19,Evening,4,1,1.0,3,1,27
202400048363,2024-07-24,Evening,4,1,3.0,1,2,74
202400048364,2024-12-04,Evening,4,1,6.0,5,2,69
202400048365,2024-10-29,Morning,4,1,2.0,1,1,13
202400048366,2024-08-19,Evening,4,1,6.0,3,1,02
202400048368,2024-10-29,Afternoon,4,1,3.0,1,1,13
202400048369,2024-12-04,Afternoon,3,1,6.0,1,2,69
202400048370,2024-07-22,Night,3,1,3.0,2,2,57
202400048371,2024-08-19,Night,4,1,3.0,3,1,69
202400048372,2024-10-20,Night,4,1,2.0,3,1,13
202400048374,2024-05-20,Afternoon,4,8,1.0,1,1,24
202400048375,2024-08-17,Afternoon,3,1,7.0,1,1,59
202400048376,2024-10-27,Evening,2,1,1.0,3,1,59
202400048379,2024-08-19,Afternoon,4,1,3.0,1,1,91
202400048380,2024-12-04,Night,4,1,3.0,5,2,95
202400048381,2024-10-24,Evening,2,1,7.0,1,1,59
202400048382,2024-12-04,Morning,4,8,6.0,1,2,91
202400048384,2024-08-19,Afternoon,4,1,4.0,1,1,91
202400048385,2024-10-29,Evening,4,1,4.0,3,1,91
202400048386,2024-12-03,Afternoon,4,1,6.0,5,2,91
202400048387,2024-08-19,Morning,4,1,2.0,1,1,94
202400048388,2024-10-29,Afternoon,4,1,3.0,1,1,94
202400048389,2024-09-23,Morning,4,1,3.0,1,2,69
202400048390,2024-12-03,Afternoon,4,1,1.0,2,2,91
202400048391,2024-10-28,Morning,4,5,2.0,1,1,92
202400048392,2024-09-23,Morning,4,2,3.0,1,2,69
202400048393,2024-12-04,Morning,3,1,3.0,1,2,84
202400048394,2024-10-29,Evening,4,1,2.0,3,1,93
202400048396,2024-12-03,Evening,4,1,6.0,5,2,84
202400048397,2024-10-29,Afternoon,3,1,2.0,1,1,77
202400048398,2024-09-23,Afternoon,4,1,6.0,1,2,2B
202400048399,2024-12-03,Afternoon,4,1,6.0,1,2,84
202400048400,2024-10-29,Morning,4,1,4.0,1,1,94
202400048401,2024-12-04,Morning,4,1,6.0,1,2,83
202400048403,2024-05-25,Afternoon,4,1,1.0,1,2,84
202400048404,2024-11-06,Afternoon,4,8,3.0,1,2,78
202400048406,2024-03-25,Afternoon,4,1,6.0,1,1,84
202400048407,2024-09-23,Night,4,8,3.0,3,1,91
202400048408,2024-12-04,Evening,4,1,7.0,5,2,77
202400048409,2024-07-28,Afternoon,3,1,3.0,1,2,84
202400048410,2024-12-02,Evening,4,2,3.0,3,1,77
202400048412,2024-12-03,Afternoon,3,1,2.0,1,2,76
202400048413,2024-08-29,Night,4,1,7.0,4,2,74
202400048414,2024-12-03,Evening,4,1,2.0,5,2,74
202400048415,2024-07-11,Afternoon,3,1,1.0,1,2,74
202400048416,2024-07-07,Afternoon,4,1,3.0,1,2,85
202400048417,2024-12-02,Morning,4,8,6.0,1,2,74
202400048418,2024-12-02,Morning,4,8,3.0,5,2,74
202400048419,2024-09-22,Evening,4,2,1.0,5,2,84
202400048420,2024-12-03,Evening,4,1,3.0,5,2,69
202400048421,2024-09-23,Night,4,1,6.0,3,1,77
202400048422,2024-07-27,Afternoon,4,1,3.0,1,1,22
202400048423,2024-12-03,Afternoon,4,2,6.0,5,2,67
202400048424,2024-09-22,Night,4,2,6.0,5,2,69
202400048425,2024-05-30,Evening,3,1,6.0,1,1,32
202400048426,2024-08-27,Night,2,1,6.0,3,1,29
202400048427,2024-12-04,Afternoon,4,1,3.0,1,2,66
202400048428,2024-09-23,Morning,4,1,3.0,1,2,67
202400048430,2024-12-04,Afternoon,4,1,6.0,1,2,64
202400048431,2024-09-23,Afternoon,3,1,3.0,1,2,64
202400048433,2024-12-04,Morning,4,1,3.0,1,2,64
202400048434,2024-09-23,Evening,4,1,2.0,1,2,64
202400048436,2024-09-18,Afternoon,3,1,6.0,1,2,62
202400048437,2024-12-04,Afternoon,4,1,4.0,1,2,64
202400048438,2024-10-28,Afternoon,4,1,3.0,2,2,69
202400048439,2024-12-01,Morning,3,1,3.0,1,2,62
202400048440,2024-09-22,Morning,3,1,3.0,1,2,59
202400048442,2024-11-20,Afternoon,3,1,2.0,1,2,62
202400048443,2024-09-22,Evening,3,1,3.0,2,2,56
202400048445,2024-12-04,Morning,4,1,3.0,2,2,62
202400048447,2024-09-22,Morning,4,1,3.0,1,2,54
202400048448,2024-12-04,Night,2,1,3.0,5,2,59
202400048449,2024-10-26,Night,3,2,6.0,5,2,87
202400048450,2024-09-23,Afternoon,4,1,2.0,1,2,54
202400048451,2024-12-04,Night,4,8,3.0,5,2,59
202400048452,2024-09-22,Night,4,2,3.0,5,2,51
202400048453,2024-10-24,Afternoon,4,1,4.0,1,2,87
202400048454,2024-09-23,Morning,2,8,6.0,1,2,38
202400048455,2024-10-28,Morning,4,1,6.0,1,2,83
202400048456,2024-12-03,Morning,4,2,4.0,3,1,59
202400048457,2024-09-23,Morning,3,1,3.0,1,2,37
202400048458,2024-10-28,Afternoon,3,1,3.0,1,2,79
202400048459,2024-12-03,Evening,4,2,6.0,5,2,54
202400048460,2024-09-23,Night,4,2,6.0,3,2,37
202400048461,2024-10-28,Afternoon,4,1,6.0,1,2,78
202400048462,2024-09-22,Evening,4,2,6.0,2,1,37
202400048463,2024-12-03,Afternoon,4,2,3.0,5,2,54
202400048464,2024-10-28,Afternoon,3,1,6.0,2,2,77
202400048465,2024-10-28,Afternoon,3,1,3.0,1,2,77
202400048466,2024-09-20,Afternoon,4,1,3.0,1,2,37
202400048467,2024-12-04,Morning,4,1,3.0,1,2,51
202400048468,2024-12-04,Morning,4,1,4.0,1,2,50
202400048469,2024-09-23,Afternoon,4,1,1.0,1,2,35
202400048470,2024-10-28,Afternoon,4,8,3.0,1,2,77
202400048471,2024-12-03,Night,4,1,6.0,5,2,50
202400048472,2024-10-28,Evening,4,5,6.0,5,2,77
202400048473,2024-09-23,Morning,4,2,7.0,2,2,35
202400048474,2024-12-03,Afternoon,4,1,3.0,1,2,49
202400048475,2024-10-28,Night,4,5,6.0,5,2,77
202400048476,2024-09-23,Morning,4,1,6.0,1,2,34
202400048477,2024-12-04,Afternoon,3,5,1.0,1,2,45
202400048478,2024-10-28,Evening,4,1,3.0,3,1,76
202400048479,2024-09-23,Evening,4,1,3.0,1,2,33
202400048480,2024-12-04,Morning,4,8,2.0,3,1,38
202400048481,2024-09-23,Night,4,1,6.0,5,2,31
202400048482,2024-10-27,Afternoon,4,1,3.0,1,2,73
202400048483,2024-12-03,Morning,3,1,4.0,1,1,34
202400048484,2024-10-28,Afternoon,4,1,3.0,1,2,69
202400048485,2024-12-04,Afternoon,3,1,3.0,1,2,33
202400048486,2024-10-28,Night,3,1,1.0,5,2,68
202400048487,2024-12-04,Morning,3,1,6.0,2,2,31
202400048488,2024-10-28,Morning,4,1,2.0,1,2,68
202400048489,2024-12-03,Night,4,2,7.0,3,1,29
202400048490,2024-10-26,Evening,4,1,3.0,5,2,67
202400048491,2024-11-23,Afternoon,4,1,6.0,1,2,24
202400048492,2024-12-04,Afternoon,4,1,6.0,1,2,19
202400048493,2024-10-27,Evening,4,1,3.0,5,1,64
202400048494,2024-10-28,Afternoon,4,1,2.0,1,2,59
202400048495,2024-12-01,Evening,4,1,3.0,5,2,13
202400048496,2024-10-03,Afternoon,4,8,3.0,1,2,57
202400048497,2024-12-02,Afternoon,4,1,3.0,3,1,11
202400048498,2024-10-26,Morning,4,1,3.0,1,2,56
202400048499,2024-10-10,Afternoon,4,1,6.0,1,2,01
202400048500,2024-10-27,Evening,4,1,3.0,5,2,49
202400048501,2024-12-04,Afternoon,4,1,6.0,5,2,75
202400048502,2024-10-27,Evening,4,1,2.0,3,1,37
202400048503,2024-12-04,Afternoon,4,1,6.0,1,2,75
202400048504,2024-10-27,Morning,4,2,6.0,1,2,37
202400048505,2024-12-04,Afternoon,4,1,2.0,1,2,75
202400048506,2024-10-28,Afternoon,3,8,6.0,1,2,34
202400048507,2024-10-25,Afternoon,3,3,1.0,1,1,34
202400048508,2024-12-03,Evening,4,1,4.0,5,2,75
202400048509,2024-10-28,Evening,4,1,2.0,2,2,33
202400048510,2024-12-04,Night,2,1,6.0,5,2,75
202400048511,2024-12-04,Evening,4,1,7.0,5,2,75
202400048512,2024-10-28,Morning,4,8,2.0,1,2,33
202400048513,2024-10-28,Morning,4,8,2.0,1,2,32
202400048514,2024-12-03,Evening,4,1,2.0,5,2,75
202400048515,2024-10-28,Afternoon,3,1,3.0,1,2,31
202400048516,2024-12-04,Evening,4,1,3.0,5,2,75
202400048517,2024-10-28,Morning,4,1,7.0,1,2,30
202400048518,2024-12-03,Afternoon,4,2,6.0,2,2,75
202400048519,2024-10-26,Evening,4,2,3.0,5,2,29
202400048520,2024-12-03,Afternoon,4,1,1.0,1,2,75
202400048521,2024-12-02,Night,4,2,7.0,5,2,75
202400048522,2024-10-24,Night,4,1,3.0,5,2,29
202400048523,2024-12-02,Morning,3,1,6.0,1,2,75
202400048524,2024-10-28,Evening,3,1,6.0,4,1,26
202400048525,2024-12-04,Afternoon,4,1,3.0,1,2,94
202400048526,2024-10-28,Morning,4,1,5.0,1,2,25
202400048527,2024-12-03,Evening,4,2,3.0,5,2,94
202400048528,2024-12-04,Night,4,1,1.0,5,2,94
202400048529,2024-10-28,Evening,3,1,3.0,5,2,13
202400048530,2024-12-04,Afternoon,4,1,3.0,1,2,93
202400048531,2024-12-04,Evening,4,1,3.0,5,2,93
202400048532,2024-10-28,Evening,4,1,3.0,5,2,13
202400048533,2024-12-03,Evening,4,1,3.0,2,2,93
202400048534,2024-10-28,Morning,4,1,5.0,1,1,13
202400048535,2024-12-04,Afternoon,4,1,6.0,5,2,93
202400048536,2024-10-04,Night,4,1,3.0,5,2,12
202400048537,2024-12-03,Night,4,1,2.0,5,2,92
202400048538,2024-10-03,Evening,3,1,2.0,2,2,12
202400048539,2024-10-28,Afternoon,4,1,6.0,1,2,75
202400048540,2024-12-04,Evening,4,1,4.0,5,2,92
202400048541,2024-10-27,Night,4,1,1.0,5,2,75
202400048542,2024-12-03,Evening,4,1,3.0,5,2,92
202400048543,2024-10-27,Evening,4,1,3.0,5,2,75
202400048544,2024-12-04,Evening,4,1,3.0,5,2,92
202400048545,2024-10-28,Afternoon,4,1,6.0,1,2,75
202400048546,2024-12-04,Evening,4,1,6.0,5,2,92
202400048547,2024-10-28,Afternoon,4,1,3.0,2,2,75
202400048548,2024-12-04,Night,4,1,2.0,3,2,92
202400048549,2024-10-28,Evening,4,1,7.0,5,2,75
202400048550,2024-10-28,Afternoon,4,1,3.0,1,2,75
202400048551,2024-12-03,Evening,4,1,1.0,3,1,39
202400048552,2024-10-28,Evening,4,1,1.0,5,2,75
202400048553,2024-10-28,Afternoon,4,1,6.0,1,2,94
202400048554,2024-10-27,Night,4,1,6.0,5,2,94
202400048555,2024-12-04,Morning,3,5,1.0,3,1,54
202400048556,2024-10-28,Morning,4,5,2.0,1,2,94
202400048557,2024-12-05,Morning,4,1,3.0,1,1,47
202400048558,2024-10-28,Morning,4,5,2.0,2,2,94
202400048559,2024-10-27,Morning,4,8,6.0,1,2,94
202400048560,2024-10-28,Morning,4,8,3.0,1,2,93
202400048561,2024-10-28,Evening,4,1,6.0,5,2,93
202400048562,2024-10-28,Morning,4,1,6.0,1,2,93
202400048563,2024-10-28,Morning,4,1,3.0,1,2,92
202400048564,2024-10-28,Afternoon,3,1,4.0,1,2,92
202400048565,2024-10-28,Evening,4,1,6.0,3,2,92
202400048566,2024-10-28,Evening,4,1,3.0,4,2,92
202400048567,2024-10-28,Evening,4,1,2.0,5,2,92
202400048568,2024-10-28,Morning,4,5,1.0,1,1,37
202400048569,2024-10-28,Afternoon,4,1,1.0,1,1,01
202400048570,2024-10-29,Afternoon,2,1,6.0,1,1,76
202400048571,2024-10-27,Evening,3,1,6.0,2,1,71
202400048572,2024-10-13,Afternoon,3,1,2.0,1,2,33
202400048573,2024-10-29,Morning,4,5,5.0,1,1,07
202400048574,2024-01-06,Morning,3,4,7.0,1,1,63
202400048575,2024-01-05,Night,3,6,7.0,3,2,30
202400048576,2024-01-07,Afternoon,2,1,6.0,1,2,62
202400048577,2024-01-06,Evening,3,1,6.0,2,1,65
202400048578,2024-01-07,Afternoon,3,8,7.0,1,2,32
202400048579,2024-01-07,Night,4,2,6.0,5,1,71
202400048580,2024-01-06,Evening,4,2,2.0,5,1,63
202400048581,2024-01-06,Evening,3,4,6.0,3,1,63
202400048582,2024-01-07,Night,3,1,6.0,3,1,61
202400048583,2024-01-06,Night,4,1,6.0,3,1,47
202400048584,2024-01-06,Afternoon,3,9,6.0,1,1,68
202400048585,2024-01-05,Afternoon,3,3,6.0,1,1,22
202400048586,2024-01-07,Night,4,1,6.0,3,1,44
202400048587,2024-01-05,Evening,4,2,1.0,3,1,29
202400048588,2024-01-05,Morning,3,2,7.0,1,2,29
202400048589,2024-01-06,Afternoon,2,2,2.0,3,1,58
202400048590,2024-01-06,Afternoon,3,2,4.0,1,1,53
202400048591,2024-01-04,Afternoon,3,1,3.0,3,1,24
202400048592,2024-01-06,Evening,3,1,3.0,5,1,17
202400048594,2024-01-02,Morning,4,3,3.0,2,1,89
202400048595,2024-01-06,Afternoon,4,1,1.0,1,2,33
202400048596,2024-01-07,Afternoon,2,1,2.0,1,1,85
202400048597,2024-01-06,Afternoon,3,1,6.0,1,2,44
202400048598,2024-01-06,Evening,4,1,2.0,5,2,22
202400048599,2024-01-05,Afternoon,3,2,2.0,1,2,22
202400048600,2024-01-06,Afternoon,4,1,4.0,1,1,33
202400048601,2024-01-06,Afternoon,4,1,6.0,3,1,91
202400048602,2024-01-06,Afternoon,4,1,2.0,1,1,94
202400048603,2024-05-05,Night,3,3,6.0,5,2,31
202400048604,2024-01-06,Night,4,1,2.0,3,1,78
202400048605,2024-05-06,Night,3,2,7.0,5,2,28
202400048606,2024-04-14,Night,4,1,7.0,3,2,27
202400048607,2024-01-06,Afternoon,4,1,2.0,1,1,93
202400048608,2024-05-06,Evening,4,8,6.0,1,2,13
202400048609,2024-01-06,Morning,3,1,5.0,1,1,95
202400048610,2024-05-06,Afternoon,4,1,3.0,1,2,06
202400048611,2024-01-05,Evening,4,1,2.0,3,1,92
202400048612,2024-05-06,Afternoon,2,2,3.0,1,2,06
202400048613,2024-01-06,Night,4,1,2.0,3,1,93
202400048614,2024-04-23,Morning,4,1,1.0,1,2,05