Num_Acc,date,time_of_day,max_severity,weather,collision_type,lighting,urban_area,department
202400049596,2024-08-18,Afternoon,3,1,6.0,1,2,22
202400049597,2024-06-11,Evening,3,1,6.0,1,2,05
202400049598,2024-07-13,Morning,4,8,6.0,1,2,75
202400049599,2024-02-16,Evening,3,1,3.0,5,2,95
202400049600,2024-12-04,Evening,3,5,6.0,3,1,86
202400049602,2024-10-27,Evening,4,1,2.0,3,1,78
202400049603,2024-09-24,Afternoon,3,1,2.0,1,2,40
202400049604,2024-08-16,Afternoon,3,2,7.0,1,1,29
202400049605,2024-06-12,Morning,4,1,1.0,1,1,24
202400049607,2024-07-13,Morning,4,2,3.0,1,2,75
202400049609,2024-12-04,Morning,3,1,3.0,1,2,44
202400049610,2024-08-19,Morning,4,1,6.0,1,2,38
202400049611,2024-06-12,Morning,2,1,6.0,1,2,28
202400049613,2024-02-17,Morning,3,1,6.0,3,1,57
202400049614,2024-10-27,Evening,4,1,4.0,3,1,78
202400049615,2024-09-24,Afternoon,3,7,3.0,1,1,40
202400049616,2024-06-11,Afternoon,3,1,6.0,1,1,52
202400049617,2024-12-04,Afternoon,4,5,3.0,1,1,61
202400049618,2024-10-27,Morning,4,8,6.0,1,1,92
202400049619,2024-08-18,Night,4,1,6.0,4,2,15
202400049620,2024-02-17,Afternoon,2,1,6.0,1,1,85
202400049621,2024-07-13,Night,4,8,3.0,5,2,75
202400049623,2024-09-24,Morning,4,1,7.0,1,1,40
202400049624,2024-12-05,Morning,4,2,1.0,3,1,60
202400049625,2024-10-28,Evening,4,1,2.0,3,1,93
202400049626,2024-06-11,Morning,3,1,6.0,1,2,08
202400049627,2024-02-15,Afternoon,3,1,6.0,1,1,62
202400049628,2024-08-17,Afternoon,3,1,6.0,1,1,85
202400049629,2024-12-05,Morning,4,2,6.0,3,1,60
202400049630,2024-07-12,Afternoon,4,1,2.0,1,2,75
202400049631,2024-10-28,Afternoon,4,1,2.0,1,1,93
202400049632,2024-12-04,Morning,4,1,1.0,1,1,59
202400049633,2024-06-11,Afternoon,4,1,3.0,1,2,06
202400049634,2024-02-09,Afternoon,4,2,2.0,1,1,83
202400049635,2024-09-23,Afternoon,3,1,3.0,1,1,85
202400049636,2024-08-18,Morning,4,2,1.0,1,2,66
202400049638,2024-07-13,Afternoon,4,1,3.0,1,2,75
202400049639,2024-12-04,Night,4,1,1.0,3,1,59
202400049640,2024-10-28,Morning,4,1,3.0,1,1,93
202400049641,2024-09-22,Morning,4,8,7.0,1,1,27
202400049642,2024-02-14,Night,3,1,2.0,3,1,56
202400049643,2024-08-19,Morning,2,1,1.0,1,1,66
202400049645,2024-03-28,Morning,3,1,6.0,1,2,69
202400049646,2024-10-28,Afternoon,4,1,2.0,2,1,94
202400049647,2024-09-23,Night,2,1,7.0,3,1,30
202400049648,2024-02-17,Morning,4,5,3.0,1,2,56
202400049649,2024-06-11,Afternoon,3,1,7.0,1,1,95
202400049650,2024-07-13,Night,4,1,1.0,5,2,94
202400049651,2024-12-01,Evening,4,1,4.0,3,1,13
202400049652,2024-10-28,Afternoon,4,1,3.0,1,1,77
202400049653,2024-02-16,Afternoon,3,1,6.0,1,2,56
202400049654,2024-08-18,Afternoon,3,1,3.0,1,2,18
202400049655,2024-07-13,Evening,4,1,6.0,1,2,94
202400049657,2024-06-12,Afternoon,4,1,7.0,1,1,52
202400049658,2024-09-24,Afternoon,4,1,2.0,1,1,72
202400049659,2024-12-04,Evening,4,1,2.0,3,1,33
202400049660,2024-02-17,Afternoon,3,1,3.0,1,2,76
202400049661,2024-07-13,Evening,3,1,3.0,1,1,84
202400049662,2024-09-24,Night,2,1,1.0,3,1,13
202400049663,2024-07-13,Afternoon,4,1,3.0,1,2,94
202400049664,2024-03-28,Afternoon,3,1,1.0,1,2,91
202400049665,2024-08-17,Evening,4,2,3.0,1,1,21
202400049666,2024-12-02,Afternoon,2,1,6.0,1,1,59
202400049667,2024-06-12,Morning,4,1,1.0,1,2,79
202400049668,2024-09-23,Night,4,8,6.0,3,1,01
202400049670,2024-12-04,Afternoon,4,1,3.0,2,1,94
202400049671,2024-06-11,Night,3,1,7.0,3,1,17
202400049672,2024-08-18,Afternoon,4,1,1.0,1,1,40
202400049673,2024-03-28,Morning,4,1,6.0,1,2,91
202400049674,2024-07-13,Afternoon,4,1,2.0,1,2,93
202400049676,2024-12-04,Morning,4,1,2.0,2,1,91
202400049677,2024-09-24,Morning,3,1,3.0,1,1,34
202400049678,2024-06-12,Afternoon,2,1,6.0,1,1,86
202400049679,2024-08-17,Afternoon,4,1,3.0,1,2,40
202400049680,2024-02-13,Afternoon,4,1,6.0,1,2,2B
202400049681,2024-03-27,Evening,4,1,6.0,5,2,91
202400049682,2024-10-26,Afternoon,4,1,2.0,1,2,95
202400049683,2024-07-13,Evening,4,2,6.0,1,2,93
202400049684,2024-02-16,Evening,3,1,3.0,1,1,33
202400049685,2024-06-11,Afternoon,4,1,3.0,1,2,35
202400049686,2024-06-08,Night,3,1,1.0,5,2,35
202400049687,2024-12-04,Morning,4,1,4.0,1,1,92
202400049688,2024-10-27,Morning,4,8,1.0,1,2,95
202400049689,2024-08-18,Evening,4,1,3.0,1,1,28
202400049690,2024-02-16,Morning,4,2,6.0,1,1,32
202400049691,2024-12-04,Morning,4,1,3.0,1,1,92
202400049692,2024-06-12,Night,2,5,6.0,2,1,27
202400049693,2024-03-28,Evening,4,2,4.0,5,2,86
202400049694,2024-09-22,Evening,4,3,6.0,2,1,01
202400049695,2024-07-12,Evening,4,1,3.0,1,2,93
202400049696,2024-10-27,Evening,4,2,2.0,5,2,95
202400049697,2024-08-18,Night,4,1,6.0,3,1,37
202400049698,2024-03-24,Evening,4,1,6.0,5,2,85
202400049699,2024-06-11,Afternoon,4,1,3.0,1,2,60
202400049700,2024-09-23,Afternoon,4,2,7.0,1,1,06
202400049701,2024-07-13,Morning,4,2,3.0,1,2,93
202400049702,2024-02-17,Afternoon,3,1,3.0,1,2,55
202400049703,2024-08-17,Morning,4,8,6.0,1,1,48
202400049704,2024-10-27,Morning,4,1,3.0,2,2,88
202400049705,2024-06-05,Afternoon,3,1,2.0,1,1,59
202400049706,2024-09-22,Morning,4,2,6.0,1,2,69
202400049707,2024-12-03,Evening,4,1,4.0,3,1,78
202400049708,2024-02-15,Night,3,9,7.0,3,1,49
202400049709,2024-12-03,Evening,4,1,6.0,3,1,93
202400049710,2024-10-27,Evening,4,1,3.0,3,1,82
202400049711,2024-07-13,Evening,4,3,3.0,1,2,92
202400049712,2024-02-17,Morning,3,1,6.0,2,2,35
202400049713,2024-08-19,Afternoon,3,1,2.0,1,1,06
202400049714,2024-09-23,Evening,3,1,7.0,1,1,30
202400049715,2024-06-11,Morning,4,1,4.0,1,1,13
202400049716,2024-12-03,Morning,4,2,2.0,2,1,95
202400049717,2024-02-15,Evening,3,1,6.0,3,1,31
202400049718,2024-07-13,Night,3,1,6.0,5,2,92
202400049719,2024-03-27,Afternoon,4,1,2.0,1,2,83
202400049720,2024-10-27,Evening,4,9,3.0,5,2,78
202400049722,2024-06-11,Morning,4,1,3.0,1,1,13
202400049723,2024-12-03,Morning,4,1,2.0,1,1,93
202400049724,2024-09-24,Afternoon,4,1,3.0,1,1,21
202400049725,2024-02-16,Evening,3,1,3.0,2,1,02
202400049726,2024-06-10,Night,4,8,6.0,3,1,13
202400049727,2024-07-13,Morning,4,1,2.0,1,2,92
202400049728,2024-10-27,Afternoon,4,1,6.0,1,2,77
202400049729,2024-03-27,Morning,4,1,3.0,1,2,83
202400049730,2024-02-17,Afternoon,4,1,7.0,1,1,03
202400049732,2024-12-03,Morning,4,1,2.0,1,1,93
202400049733,2024-07-13,Morning,4,1,6.0,1,2,92
202400049734,2024-06-10,Night,4,8,6.0,3,1,13
202400049735,2024-10-27,Evening,4,1,3.0,5,2,76
202400049736,2024-09-22,Morning,4,3,1.0,1,1,33
202400049737,2024-03-27,Evening,3,1,5.0,1,2,78
202400049738,2024-12-02,Morning,4,1,5.0,1,1,95
202400049739,2024-06-10,Night,4,8,6.0,3,1,13
202400049740,2024-08-19,Afternoon,4,1,4.0,1,1,38
202400049741,2024-02-17,Afternoon,2,7,1.0,2,1,45
202400049742,2024-07-13,Afternoon,4,1,1.0,1,1,24
202400049743,2024-06-11,Night,3,1,6.0,3,1,57
202400049744,2024-09-24,Afternoon,3,1,1.0,1,1,30
202400049745,2024-10-27,Evening,4,1,5.0,5,2,74
202400049746,2024-12-04,Evening,4,1,4.0,3,1,94
202400049748,2024-02-16,Morning,3,1,2.0,1,2,64
202400049749,2024-03-28,Morning,2,1,6.0,1,2,77
202400049750,2024-06-11,Morning,4,2,2.0,1,1,33
202400049751,2024-07-14,Afternoon,4,1,3.0,1,1,38
202400049752,2024-06-11,Afternoon,4,1,6.0,1,1,91
202400049753,2024-03-27,Afternoon,4,1,6.0,1,2,77
202400049754,2024-12-02,Afternoon,4,2,2.0,3,1,77
202400049755,2024-02-16,Evening,4,2,3.0,5,2,64
202400049756,2024-10-27,Evening,4,1,3.0,2,2,71
202400049757,2024-08-17,Night,4,3,6.0,3,1,77
202400049758,2024-09-24,Afternoon,4,1,1.0,1,1,84
202400049759,2024-06-11,Morning,4,1,3.0,1,1,91
202400049760,2024-07-13,Afternoon,3,1,2.0,1,1,86
202400049761,2024-09-27,Evening,4,1,3.0,2,2,88
202400049762,2024-03-27,Afternoon,4,1,3.0,1,1,77
202400049763,2024-08-19,Evening,3,1,6.0,1,2,54
202400049764,2024-02-17,Afternoon,4,1,1.0,1,1,18
202400049765,2024-09-22,Afternoon,3,1,6.0,1,1,83
202400049766,2024-10-27,Night,4,1,2.0,5,2,69
202400049767,2024-06-11,Night,4,2,3.0,5,1,75
202400049768,2024-03-28,Afternoon,4,1,7.0,1,2,69
202400049769,2024-08-18,Afternoon,3,2,7.0,1,1,01
202400049770,2024-07-14,Morning,4,1,6.0,1,2,33
202400049771,2024-10-27,Evening,4,1,7.0,2,2,64
202400049772,2024-02-16,Afternoon,3,2,1.0,1,1,10
202400049773,2024-09-27,Afternoon,3,8,7.0,1,1,88
202400049774,2024-06-10,Night,4,1,2.0,3,1,92
202400049775,2024-07-14,Afternoon,4,1,3.0,1,1,21
202400049776,2024-09-23,Afternoon,4,3,3.0,1,1,25
202400049777,2024-03-26,Evening,4,3,3.0,5,2,69
202400049778,2024-02-16,Night,4,1,7.0,3,1,07
202400049779,2024-08-17,Afternoon,4,1,4.0,1,1,65
202400049780,2024-09-08,Night,3,2,7.0,3,1,88
202400049781,2024-07-14,Afternoon,2,1,7.0,1,1,51
202400049782,2024-10-27,Afternoon,4,1,3.0,1,2,62
202400049783,2024-09-17,Afternoon,3,1,6.0,1,2,67
202400049784,2024-06-11,Afternoon,4,1,5.0,1,1,93
202400049785,2024-03-26,Afternoon,4,2,3.0,1,2,69
202400049786,2024-08-19,Evening,3,1,3.0,1,1,85
202400049787,2024-10-26,Afternoon,4,1,6.0,1,2,51
202400049788,2024-02-17,Night,3,1,2.0,4,1,07
202400049789,2024-08-31,Afternoon,4,1,3.0,1,1,88
202400049790,2024-06-11,Morning,4,1,6.0,1,1,95
202400049791,2024-07-13,Afternoon,3,1,3.0,1,1,12
202400049792,2024-09-16,Afternoon,4,8,3.0,1,2,67
202400049793,2024-06-11,Morning,4,1,3.0,1,1,93
202400049794,2024-08-05,Afternoon,3,1,3.0,1,2,22
202400049795,2024-02-16,Morning,3,2,2.0,1,1,21
202400049796,2024-08-28,Afternoon,4,1,3.0,1,2,88
202400049797,2024-03-28,Evening,3,1,6.0,1,2,68
202400049798,2024-06-10,Morning,4,1,7.0,1,1,93
202400049800,2024-10-27,Afternoon,3,1,3.0,1,2,47
202400049801,2024-06-10,Night,4,1,7.0,3,1,95
202400049802,2024-03-28,Afternoon,4,1,3.0,1,2,67
202400049803,2024-07-13,Night,2,1,2.0,3,1,35
202400049804,2024-02-16,Afternoon,3,1,1.0,1,1,04
202400049805,2024-09-24,Evening,3,8,3.0,2,1,42
202400049806,2024-08-17,Night,4,1,5.0,3,1,13
202400049808,2024-10-27,Afternoon,4,1,1.0,1,2,45
202400049809,2024-03-28,Afternoon,4,1,3.0,1,2,64
202400049810,2024-06-09,Evening,4,1,2.0,1,1,93
202400049811,2024-08-17,Night,4,3,2.0,3,1,91
202400049812,2024-09-23,Morning,4,8,1.0,1,1,81
202400049813,2024-02-17,Evening,3,1,1.0,3,2,27
202400049815,2024-06-11,Morning,4,1,2.0,1,1,77
202400049817,2024-07-13,Evening,3,1,1.0,1,1,30
202400049818,2024-03-27,Afternoon,4,1,2.0,1,1,63
202400049819,2024-10-27,Evening,4,1,5.0,5,2,38
202400049820,2024-02-16,Evening,3,1,3.0,3,1,17
202400049821,2024-06-10,Afternoon,4,1,2.0,1,1,77
202400049822,2024-08-17,Night,4,2,4.0,3,1,91
202400049823,2024-12-03,Morning,4,7,6.0,1,2,2B
202400049824,2024-09-21,Afternoon,4,1,2.0,1,1,81
202400049825,2024-07-13,Afternoon,2,1,1.0,1,1,30
202400049826,2024-03-27,Afternoon,4,1,1.0,1,2,63
202400049827,2024-04-12,Night,2,1,1.0,3,1,74
202400049828,2024-02-16,Afternoon,3,2,3.0,1,2,87
202400049829,2024-10-27,Evening,4,1,2.0,3,1,35
202400049830,2024-09-24,Afternoon,3,1,7.0,1,2,65
202400049831,2024-08-18,Afternoon,4,1,3.0,1,1,78
202400049832,2024-07-13,Afternoon,3,1,7.0,1,1,51
202400049833,2024-12-03,Morning,4,1,3.0,1,1,2B
202400049834,2024-04-08,Morning,2,1,7.0,1,1,74
202400049835,2024-02-17,Afternoon,4,1,7.0,1,1,30
202400049836,2024-08-18,Morning,4,1,2.0,5,1,92
202400049837,2024-03-22,Morning,4,1,4.0,1,2,62
202400049838,2024-07-13,Morning,4,1,7.0,1,1,19
202400049839,2024-10-27,Evening,4,2,3.0,5,2,34
202400049840,2024-09-24,Morning,3,8,1.0,2,2,64
202400049842,2024-07-13,Morning,2,1,7.0,1,1,76
202400049843,2024-03-28,Morning,4,1,3.0,1,2,74
202400049844,2024-10-27,Night,4,1,6.0,5,2,29
202400049845,2024-08-17,Night,4,1,2.0,3,1,92
202400049846,2024-03-28,Night,4,8,6.0,5,2,60
202400049847,2024-12-03,Morning,4,1,3.0,1,2,2A
202400049848,2024-09-19,Evening,3,1,3.0,5,2,35
202400049849,2024-03-27,Night,4,1,7.0,3,2,74
202400049850,2024-10-27,Evening,4,1,7.0,3,1,27
202400049851,2024-07-13,Morning,4,1,6.0,1,2,33
202400049852,2024-02-16,Evening,3,1,5.0,3,1,30
202400049853,2024-03-20,Night,3,1,3.0,5,2,59
202400049854,2024-07-13,Afternoon,3,1,7.0,1,1,32
202400049855,2024-08-18,Afternoon,4,1,4.0,1,1,95
202400049856,2024-04-08,Afternoon,4,1,2.0,1,2,42
202400049857,2024-12-02,Afternoon,4,1,2.0,5,2,95
202400049858,2024-09-22,Afternoon,4,2,1.0,1,1,60
202400049859,2024-08-18,Morning,4,1,6.0,1,1,92
202400049860,2024-10-27,Afternoon,4,1,3.0,1,2,27
202400049861,2024-03-28,Morning,4,1,3.0,1,2,59
202400049862,2024-07-13,Night,3,1,7.0,3,2,71
202400049863,2024-02-06,Morning,4,1,1.0,2,1,13
202400049864,2024-08-18,Night,4,2,6.0,3,1,95
202400049865,2024-09-24,Afternoon,4,2,6.0,1,1,60
202400049866,2024-10-27,Evening,4,1,7.0,1,1,26
202400049867,2024-12-03,Morning,4,2,5.0,1,1,95
202400049868,2024-08-18,Night,4,2,6.0,3,1,92
202400049869,2024-03-28,Morning,4,8,3.0,1,2,59
202400049870,2024-02-25,Afternoon,4,1,1.0,1,1,32
202400049871,2024-07-14,Night,4,1,2.0,2,1,71
202400049872,2024-09-22,Evening,3,1,7.0,3,1,59
202400049873,2024-12-02,Morning,4,1,6.0,1,2,91
202400049874,2024-02-16,Evening,4,2,4.0,3,1,21
202400049875,2024-03-27,Afternoon,4,1,6.0,1,2,59
202400049876,2024-10-27,Afternoon,4,1,3.0,1,2,25
202400049877,2024-01-30,Night,3,1,6.0,3,1,32
202400049878,2024-08-17,Evening,4,2,5.0,1,1,95
202400049879,2024-09-23,Afternoon,4,1,2.0,1,1,69
202400049881,2024-02-22,Afternoon,4,1,2.0,1,1,13
202400049882,2024-07-14,Night,3,1,6.0,2,2,89
202400049883,2024-10-27,Morning,4,5,3.0,2,2,18
202400049884,2024-12-03,Evening,4,2,4.0,5,2,91
202400049885,2024-03-26,Night,4,2,3.0,5,2,57
202400049887,2024-12-02,Morning,3,1,3.0,2,2,89
202400049888,2024-02-15,Evening,4,8,1.0,3,1,28
202400049889,2024-10-28,Night,4,1,3.0,5,2,13
202400049890,2024-09-19,Afternoon,4,1,5.0,1,1,01
202400049891,2024-07-14,Morning,4,1,3.0,1,1,89
202400049892,2024-05-31,Afternoon,3,2,6.0,1,2,74
202400049893,2024-03-28,Morning,4,2,4.0,1,1,56
202400049895,2024-12-03,Morning,4,1,1.0,5,2,86
202400049896,2024-05-04,Night,4,2,6.0,3,2,74
202400049897,2024-07-13,Night,3,1,6.0,2,1,49
202400049898,2024-02-17,Afternoon,4,1,1.0,1,1,45
202400049899,2024-03-28,Morning,4,2,6.0,2,2,56
202400049900,2024-09-19,Afternoon,3,1,5.0,1,1,69
202400049902,2024-07-14,Afternoon,4,1,7.0,1,1,22
202400049903,2024-03-02,Afternoon,4,1,2.0,1,1,73
202400049904,2024-10-27,Evening,4,1,2.0,2,2,06
202400049905,2024-06-10,Evening,4,1,1.0,1,2,69
202400049906,2024-03-28,Morning,4,1,3.0,1,2,51
202400049907,2024-12-02,Afternoon,3,1,6.0,2,2,83
202400049909,2024-07-13,Night,3,1,1.0,3,1,39
202400049910,2024-10-27,Evening,4,9,6.0,3,1,06
202400049911,2024-02-17,Afternoon,4,1,2.0,1,2,2A
202400049912,2024-09-19,Afternoon,4,1,2.0,1,1,67
202400049913,2024-06-10,Afternoon,4,1,1.0,1,2,69
202400049914,2024-12-03,Morning,4,1,6.0,1,2,83
202400049915,2024-07-14,Night,3,1,6.0,3,1,25
202400049916,2024-10-26,Afternoon,4,3,6.0,1,2,04
202400049917,2024-03-27,Morning,3,1,3.0,2,2,51
202400049920,2024-12-01,Morning,3,1,6.0,1,2,83
202400049921,2024-02-16,Afternoon,4,2,1.0,2,1,11
202400049922,2024-07-14,Afternoon,4,8,6.0,1,1,02
202400049923,2024-09-20,Night,3,1,5.0,5,1,59
202400049924,2024-06-10,Afternoon,3,1,6.0,1,2,69
202400049926,2024-10-27,Afternoon,4,1,6.0,1,2,75
202400049927,2024-03-28,Afternoon,4,1,3.0,1,2,47
202400049928,2024-11-29,Morning,4,1,7.0,1,2,80
202400049929,2024-06-10,Afternoon,4,1,6.0,1,2,69
202400049930,2024-12-02,Evening,4,2,7.0,2,2,80
202400049931,2024-03-27,Night,3,1,7.0,5,2,42
202400049932,2024-09-22,Night,3,1,6.0,5,1,59
202400049933,2024-02-11,Afternoon,4,1,7.0,1,1,34
202400049934,2024-07-11,Evening,4,2,2.0,1,1,02
202400049936,2024-08-17,Morning,4,1,2.0,1,2,2B
202400049937,2024-10-27,Night,4,2,3.0,5,2,75
202400049938,2024-03-28,Morning,3,1,3.0,1,2,42
202400049940,2024-02-17,Morning,4,1,3.0,1,1,05
202400049941,2024-08-17,Night,4,1,1.0,4,2,2B
202400049942,2024-09-23,Morning,4,2,4.0,2,1,91
202400049943,2024-02-17,Night,4,1,7.0,3,1,13
202400049944,2024-10-26,Afternoon,4,1,3.0,1,2,75
202400049945,2024-12-02,Morning,4,1,1.0,2,1,77
202400049947,2024-03-28,Afternoon,4,1,2.0,1,2,38
202400049948,2024-07-13,Night,4,1,6.0,3,1,03
202400049949,2024-02-16,Morning,4,2,7.0,1,1,03
202400049951,2024-06-10,Afternoon,4,1,2.0,1,2,2A
202400049952,2024-09-23,Night,4,8,3.0,3,1,92
202400049953,2024-07-13,Night,3,1,2.0,3,2,03
202400049954,2024-03-28,Afternoon,4,1,6.0,1,1,34
202400049955,2024-10-26,Night,4,1,6.0,5,2,75
202400049957,2024-12-03,Morning,3,2,3.0,1,2,73
202400049958,2024-07-13,Morning,3,1,6.0,1,1,70
202400049959,2024-09-22,Evening,4,2,6.0,1,1,78
202400049960,2024-06-09,Afternoon,3,1,6.0,1,2,95
202400049961,2024-02-16,Afternoon,4,1,2.0,1,2,73
202400049962,2024-10-27,Night,4,2,6.0,5,2,75
202400049964,2024-11-24,Morning,4,1,1.0,1,2,72
202400049965,2024-09-22,Morning,4,8,2.0,1,1,93
202400049966,2024-07-14,Night,4,1,6.0,3,1,54
202400049967,2024-02-16,Evening,4,1,3.0,3,1,38
202400049968,2024-06-10,Night,4,1,5.0,1,2,95
202400049969,2024-12-03,Evening,4,1,6.0,5,2,69
202400049970,2024-08-17,Evening,4,2,6.0,5,2,91
202400049971,2024-09-22,Night,4,2,6.0,3,1,94
202400049972,2024-07-14,Night,3,1,6.0,4,2,10
202400049973,2024-10-27,Evening,4,1,6.0,5,2,75
202400049974,2024-02-16,Afternoon,3,1,6.0,1,2,38
202400049975,2024-06-29,Afternoon,3,1,7.0,1,1,43
202400049976,2024-06-10,Evening,4,1,3.0,1,2,91
202400049977,2024-08-17,Afternoon,4,2,6.0,1,2,91
202400049978,2024-12-03,Morning,4,1,3.0,1,2,69
202400049979,2024-06-14,Morning,3,8,6.0,1,1,43
202400049980,2024-10-27,Afternoon,4,1,6.0,1,2,75
202400049981,2024-07-13,Evening,4,1,4.0,2,1,40
202400049982,2024-02-17,Afternoon,4,1,3.0,1,1,01
202400049983,2024-06-10,Morning,4,1,6.0,1,2,91
202400049984,2024-07-13,Evening,2,1,7.0,1,1,24
202400049985,2024-12-03,Morning,4,1,3.0,1,2,69
202400049986,2024-06-25,Morning,4,1,3.0,1,1,50
202400049987,2024-08-16,Morning,3,1,3.0,1,2,90
202400049988,2024-10-27,Evening,4,1,6.0,5,2,75
202400049989,2024-06-09,Night,4,1,6.0,5,2,91
202400049990,2024-02-16,Evening,4,1,4.0,3,1,17
202400049991,2024-12-02,Evening,4,2,6.0,5,2,67
202400049992,2024-06-28,Morning,4,1,2.0,1,1,85
202400049993,2024-10-27,Afternoon,4,1,6.0,1,2,94
202400049994,2024-06-08,Evening,4,1,6.0,1,2,87
202400049996,2024-02-16,Morning,3,1,2.0,2,2,22
202400049997,2024-12-02,Afternoon,4,2,3.0,5,2,67
202400049998,2024-08-17,Morning,4,1,5.0,1,1,83
202400049999,2024-06-08,Morning,4,1,7.0,1,2,87
202400050000,2024-10-27,Afternoon,4,1,3.0,1,2,94
202400050002,2024-02-16,Evening,3,1,2.0,3,1,60
202400050003,2024-07-13,Morning,4,1,6.0,1,2,27
202400050004,2024-12-02,Afternoon,4,2,6.0,5,2,67
202400050006,2024-06-10,Evening,4,1,6.0,1,2,84
202400050007,2024-07-14,Night,4,1,7.0,3,2,17
202400050008,2024-10-27,Evening,4,1,3.0,5,2,93
202400050009,2024-08-16,Afternoon,4,1,1.0,1,2,79
202400050010,2024-11-17,Night,3,1,3.0,5,2,66
202400050011,2024-07-13,Night,2,1,7.0,3,1,17
202400050012,2024-06-10,Night,4,1,6.0,5,2,83
202400050013,2024-09-22,Afternoon,4,8,3.0,1,2,95
202400050014,2024-11-24,Evening,3,1,3.0,3,1,64
202400050015,2024-08-17,Evening,4,2,3.0,2,2,78
202400050016,2024-07-10,Evening,3,1,1.0,1,1,17
202400050017,2024-02-15,Evening,3,1,6.0,3,1,59
202400050018,2024-06-09,Morning,4,1,3.0,1,2,83
202400050019,2024-10-27,Morning,4,1,7.0,1,2,93
202400050020,2024-08-17,Night,4,2,6.0,3,1,77
202400050021,2024-12-03,Evening,4,2,3.0,5,2,64
202400050022,2024-09-21,Afternoon,4,1,1.0,1,1,95
202400050023,2024-06-09,Morning,4,1,2.0,1,2,83
202400050024,2024-02-15,Night,3,1,2.0,5,1,92
202400050025,2024-07-14,Morning,3,1,3.0,1,2,30
202400050026,2024-09-22,Evening,3,3,7.0,5,2,91
202400050027,2024-10-27,Evening,4,2,2.0,5,2,93
202400050028,2024-12-03,Morning,4,8,3.0,5,2,64
202400050029,2024-02-15,Evening,4,1,2.0,3,1,78
202400050030,2024-08-17,Night,4,1,6.0,4,1,69
202400050032,2024-06-08,Night,3,1,3.0,1,2,80
202400050033,2024-09-22,Afternoon,4,8,3.0,1,2,91
202400050034,2024-12-02,Night,3,2,7.0,5,2,64
202400050035,2024-07-12,Afternoon,4,1,3.0,1,1,49
202400050036,2024-10-27,Morning,4,2,2.0,5,2,93
202400050037,2024-02-15,Evening,4,1,2.0,5,1,92
202400050038,2024-08-17,Evening,4,2,2.0,1,2,69
202400050039,2024-06-09,Afternoon,3,1,3.0,1,2,78
202400050040,2024-12-02,Evening,4,2,3.0,5,2,64
202400050041,2024-09-21,Evening,4,1,3.0,5,2,78
202400050042,2024-10-27,Afternoon,4,1,6.0,1,2,93
202400050043,2024-07-13,Afternoon,3,1,6.0,1,1,38
202400050044,2024-02-14,Evening,3,1,3.0,3,1,92
202400050045,2024-06-10,Night,4,1,6.0,5,2,78
202400050046,2024-09-21,Night,4,2,6.0,5,2,78
202400050047,2024-11-28,Afternoon,3,1,6.0,2,2,62
202400050048,2024-08-17,Night,4,1,3.0,3,1,69
202400050049,2024-09-22,Afternoon,4,1,6.0,1,2,77
202400050050,2024-10-26,Evening,4,1,5.0,1,2,93
202400050051,2024-12-01,Afternoon,4,1,3.0,1,2,59
202400050052,2024-02-15,Afternoon,4,1,5.0,1,1,93
202400050053,2024-06-10,Night,4,1,5.0,4,1,78
202400050054,2024-12-02,Evening,4,1,6.0,5,2,58
202400050055,2024-07-13,Morning,4,1,4.0,1,1,13
202400050056,2024-08-10,Afternoon,4,1,3.0,1,2,68
202400050057,2024-10-27,Afternoon,4,8,2.0,1,2,92
202400050058,2024-06-08,Afternoon,4,1,6.0,1,2,77
202400050059,2024-02-16,Morning,4,1,3.0,1,1,93
202400050060,2024-12-02,Morning,4,2,6.0,5,2,57
202400050062,2024-09-21,Morning,4,1,6.0,1,2,77
202400050063,2024-08-17,Night,4,1,6.0,5,2,65
202400050064,2024-10-26,Afternoon,4,1,6.0,1,2,92
202400050065,2024-12-02,Afternoon,4,1,6.0,1,2,56
202400050066,2024-02-16,Morning,4,1,3.0,1,1,93
202400050067,2024-06-10,Morning,4,1,3.0,1,2,77
202400050069,2024-09-22,Evening,4,2,3.0,2,2,76
202400050070,2024-07-06,Night,4,1,2.0,5,2,65
202400050071,2024-10-27,Morning,4,8,3.0,1,2,92
202400050072,2024-11-30,Afternoon,4,8,4.0,1,2,56
202400050073,2024-09-22,Afternoon,4,1,1.0,1,2,76
202400050074,2024-08-17,Evening,4,2,3.0,1,2,64
202400050075,2024-07-12,Evening,4,1,4.0,1,1,77
202400050076,2024-06-08,Afternoon,4,1,4.0,1,2,76
202400050077,2024-09-22,Afternoon,3,1,3.0,1,1,66
202400050078,2024-12-02,Evening,4,2,6.0,3,2,54
202400050079,2024-10-28,Afternoon,3,1,3.0,1,2,01
202400050080,2024-08-17,Evening,4,2,1.0,5,2,64
202400050081,2024-07-14,Morning,4,1,1.0,1,1,95
202400050082,2024-06-08,Night,4,1,7.0,5,2,76
202400050083,2024-02-15,Morning,4,1,5.0,1,1,93
202400050084,2024-12-03,Morning,4,1,6.0,1,1,51
202400050085,2024-10-27,Morning,4,1,6.0,2,1,11
202400050086,2024-09-22,Afternoon,3,2,6.0,1,2,65