Num_Acc,date,time_of_day,max_severity,weather,collision_type,lighting,urban_area,department
202400050087,2024-06-09,Night,4,1,6.0,2,2,72
202400050088,2024-08-18,Night,2,1,7.0,5,2,62
202400050089,2024-12-02,Afternoon,4,1,2.0,2,2,51
202400050090,2024-09-21,Afternoon,4,1,3.0,1,2,64
202400050091,2024-06-10,Afternoon,4,1,1.0,1,2,71
202400050092,2024-10-27,Afternoon,3,1,1.0,1,1,22
202400050094,2024-06-19,Afternoon,4,1,5.0,1,1,34
202400050095,2024-08-16,Afternoon,4,2,7.0,1,1,61
202400050096,2024-07-14,Afternoon,4,7,7.0,1,1,84
202400050097,2024-06-10,Night,4,1,6.0,5,2,69
202400050098,2024-11-30,Night,4,1,1.0,5,2,51
202400050099,2024-09-22,Afternoon,4,8,3.0,1,2,64
202400050100,2024-10-28,Morning,4,5,3.0,1,1,41
202400050101,2024-08-13,Afternoon,4,1,2.0,1,2,60
202400050103,2024-06-10,Afternoon,4,1,6.0,1,2,69
202400050104,2024-07-14,Night,4,1,1.0,5,2,06
202400050105,2024-12-02,Evening,4,2,3.0,5,2,51
202400050106,2024-10-27,Evening,3,1,6.0,3,1,83
202400050107,2024-08-16,Evening,4,1,2.0,1,2,59
202400050108,2024-12-02,Afternoon,2,1,3.0,1,2,49
202400050109,2024-06-10,Evening,4,1,3.0,1,2,69
202400050110,2024-07-14,Morning,4,1,3.0,1,1,13
202400050112,2024-09-22,Evening,4,1,3.0,5,2,63
202400050113,2024-12-02,Morning,3,5,6.0,3,1,48
202400050114,2024-08-17,Evening,3,1,6.0,1,2,59
202400050115,2024-07-13,Morning,3,1,6.0,1,1,88
202400050116,2024-10-28,Afternoon,4,1,3.0,2,1,30
202400050118,2024-06-10,Afternoon,3,1,1.0,1,2,67
202400050119,2024-11-03,Morning,4,1,2.0,1,2,47
202400050120,2024-09-22,Afternoon,4,2,1.0,1,2,63
202400050121,2024-07-14,Afternoon,4,1,6.0,1,2,63
202400050122,2024-10-28,Morning,4,1,1.0,2,1,30
202400050124,2024-06-10,Afternoon,4,1,7.0,1,2,64
202400050125,2024-08-16,Evening,4,2,3.0,1,2,59
202400050126,2024-12-02,Afternoon,4,2,3.0,1,2,47
202400050127,2024-09-22,Afternoon,4,2,3.0,1,2,63
202400050128,2024-07-13,Evening,3,1,7.0,2,1,42
202400050129,2024-10-27,Afternoon,3,2,6.0,2,1,95
202400050131,2024-12-03,Afternoon,4,1,3.0,1,2,45
202400050132,2024-06-10,Morning,4,1,3.0,1,2,64
202400050133,2024-08-16,Afternoon,4,2,3.0,1,2,56
202400050134,2024-07-13,Afternoon,3,7,3.0,1,2,38
202400050136,2024-10-27,Morning,4,1,3.0,1,2,51
202400050137,2024-09-22,Afternoon,4,1,1.0,1,2,59
202400050138,2024-12-03,Afternoon,4,1,6.0,1,2,45
202400050139,2024-08-17,Afternoon,4,1,6.0,1,2,49
202400050140,2024-06-10,Evening,4,1,3.0,1,2,64
202400050141,2024-07-14,Night,4,1,6.0,3,1,81
202400050143,2024-12-02,Afternoon,4,8,6.0,5,2,42
202400050144,2024-07-14,Afternoon,3,1,6.0,1,1,50
202400050145,2024-08-16,Afternoon,3,1,3.0,1,2,34
202400050146,2024-10-27,Evening,4,1,2.0,3,1,56
202400050147,2024-06-10,Evening,4,1,3.0,1,2,64
202400050148,2024-12-03,Afternoon,4,1,1.0,1,2,38
202400050150,2024-07-13,Afternoon,4,1,6.0,1,1,91
202400050151,2024-10-27,Evening,3,1,7.0,2,1,59
202400050152,2024-08-17,Evening,4,1,3.0,1,2,34
202400050153,2024-12-03,Afternoon,4,2,3.0,1,2,37
202400050155,2024-09-21,Night,4,1,3.0,5,2,42
202400050156,2024-07-13,Night,4,1,2.0,3,1,91
202400050157,2024-10-27,Evening,3,1,4.0,3,1,81
202400050158,2024-06-10,Morning,4,1,3.0,1,2,63
202400050159,2024-12-03,Morning,4,1,2.0,1,1,35
202400050160,2024-08-17,Evening,4,1,3.0,1,2,30
202400050161,2024-09-22,Afternoon,4,2,2.0,1,2,37
202400050162,2024-07-13,Afternoon,4,1,2.0,1,1,92
202400050163,2024-10-25,Afternoon,2,1,7.0,1,1,11
202400050164,2024-12-03,Afternoon,3,1,7.0,1,2,34
202400050165,2024-06-10,Morning,4,7,1.0,1,2,60
202400050166,2024-08-12,Evening,4,1,3.0,1,2,27
202400050167,2024-12-02,Afternoon,3,1,3.0,1,2,34
202400050168,2024-10-28,Morning,2,5,3.0,2,1,61
202400050169,2024-06-10,Morning,3,2,3.0,1,2,59
202400050170,2024-09-21,Afternoon,4,8,3.0,1,2,37
202400050171,2024-07-12,Afternoon,4,1,5.0,1,1,78
202400050172,2024-08-17,Evening,3,1,6.0,1,2,25
202400050173,2024-12-03,Afternoon,4,1,2.0,1,2,33
202400050174,2024-10-27,Evening,4,8,7.0,2,1,49
202400050175,2024-06-08,Afternoon,4,1,7.0,1,2,56
202400050176,2024-12-03,Morning,4,2,6.0,1,2,33
202400050177,2024-07-13,Afternoon,4,1,3.0,1,1,95
202400050178,2024-10-25,Morning,2,1,7.0,1,1,49
202400050179,2024-09-22,Evening,4,2,6.0,5,2,36
202400050180,2024-08-17,Morning,4,3,1.0,1,2,16
202400050181,2024-06-11,Night,4,1,3.0,3,2,54
202400050182,2024-12-03,Morning,3,1,6.0,1,2,33
202400050183,2024-07-12,Afternoon,4,1,2.0,1,1,93
202400050184,2024-09-21,Morning,4,1,3.0,1,2,35
202400050185,2024-06-09,Afternoon,4,1,7.0,1,2,51
202400050186,2024-10-27,Afternoon,4,1,3.0,1,1,34
202400050187,2024-12-03,Evening,3,1,6.0,5,2,31
202400050188,2024-07-12,Night,4,1,6.0,3,1,93
202400050189,2024-08-15,Evening,4,1,2.0,1,2,15
202400050190,2024-09-22,Night,4,1,1.0,5,2,33
202400050191,2024-12-03,Morning,4,2,2.0,1,2,31
202400050192,2024-06-10,Afternoon,4,1,6.0,1,2,50
202400050193,2024-10-27,Afternoon,4,1,5.0,3,1,68
202400050194,2024-05-03,Evening,4,1,5.0,1,1,95
202400050195,2024-12-01,Afternoon,4,1,6.0,5,2,30
202400050196,2024-10-26,Afternoon,3,1,7.0,1,1,39
202400050197,2024-09-22,Night,4,2,2.0,5,2,33
202400050198,2024-06-09,Morning,4,1,6.0,1,2,47
202400050200,2024-08-17,Evening,4,1,2.0,2,1,14
202400050201,2024-10-27,Afternoon,3,1,2.0,1,1,25
202400050203,2024-09-22,Morning,4,1,2.0,5,2,25
202400050204,2024-06-10,Morning,2,1,6.0,1,2,42
202400050205,2024-10-28,Morning,4,5,4.0,2,1,44
202400050207,2024-12-03,Evening,4,1,6.0,5,2,27
202400050208,2024-08-17,Evening,4,1,5.0,5,2,11
202400050209,2024-09-12,Morning,4,1,1.0,1,2,44
202400050210,2024-09-20,Afternoon,3,1,3.0,1,2,22
202400050212,2024-12-03,Evening,3,1,5.0,3,1,26
202400050213,2024-06-07,Evening,4,1,5.0,1,2,40
202400050214,2024-08-16,Morning,4,1,2.0,1,1,07
202400050215,2024-09-21,Morning,2,1,7.0,1,2,18
202400050217,2024-12-02,Afternoon,4,2,3.0,5,2,25
202400050218,2024-10-26,Evening,4,1,5.0,3,1,44
202400050219,2024-09-22,Morning,4,3,7.0,1,1,17
202400050220,2024-06-10,Morning,4,1,3.0,1,2,38
202400050221,2024-12-03,Night,2,1,6.0,5,2,25
202400050222,2024-09-22,Morning,4,2,7.0,2,1,16
202400050224,2024-08-17,Afternoon,4,1,3.0,1,2,06
202400050225,2024-06-01,Night,3,1,7.0,5,2,38
202400050226,2024-10-27,Afternoon,4,1,1.0,1,1,44
202400050227,2024-12-03,Morning,4,1,3.0,3,2,22
202400050228,2024-08-17,Afternoon,4,1,7.0,1,1,04
202400050230,2024-06-10,Morning,4,7,6.0,1,2,37
202400050231,2024-09-20,Afternoon,4,1,3.0,1,1,13
202400050232,2024-08-17,Evening,4,3,6.0,1,2,75
202400050233,2024-10-27,Afternoon,3,1,3.0,1,1,29
202400050234,2024-07-12,Evening,4,1,3.0,1,2,69
202400050235,2024-12-03,Afternoon,4,1,4.0,3,2,15
202400050236,2024-09-22,Afternoon,4,1,3.0,1,2,13
202400050237,2024-08-17,Evening,4,2,3.0,5,2,75
202400050238,2024-12-03,Afternoon,4,1,7.0,1,2,15
202400050239,2024-06-10,Evening,4,7,1.0,1,2,35
202400050240,2024-10-28,Evening,4,2,6.0,2,2,31
202400050242,2024-08-17,Night,4,3,3.0,5,2,75
202400050243,2024-09-22,Morning,4,1,1.0,5,2,13
202400050244,2024-10-24,Morning,3,5,7.0,2,1,45
202400050245,2024-12-03,Evening,4,1,1.0,5,2,13
202400050246,2024-08-17,Morning,4,2,7.0,1,2,75
202400050247,2024-10-27,Evening,3,1,6.0,3,1,21
202400050248,2024-06-10,Afternoon,4,1,5.0,1,2,35
202400050250,2024-09-17,Afternoon,4,1,2.0,1,2,13
202400050251,2024-11-23,Afternoon,3,1,1.0,1,2,13
202400050252,2024-09-22,Night,4,1,3.0,5,2,13
202400050253,2024-10-26,Night,4,1,6.0,5,2,33
202400050254,2024-12-02,Morning,4,1,7.0,2,2,11
202400050255,2024-08-16,Morning,4,1,2.0,1,2,75
202400050256,2024-06-10,Morning,4,1,2.0,1,2,35
202400050257,2024-07-12,Evening,3,1,2.0,1,2,95
202400050258,2024-10-27,Afternoon,3,1,6.0,3,1,69
202400050259,2024-06-09,Night,2,1,6.0,4,2,31
202400050260,2024-12-02,Afternoon,4,1,3.0,1,2,10
202400050261,2024-07-01,Evening,4,1,1.0,1,2,91
202400050262,2024-08-17,Afternoon,4,3,3.0,1,2,75
202400050263,2024-09-22,Evening,4,2,3.0,2,2,06
202400050264,2024-12-02,Afternoon,3,1,6.0,1,2,06
202400050265,2024-10-27,Afternoon,4,8,2.0,1,1,45
202400050266,2024-06-10,Evening,3,1,3.0,1,2,30
202400050267,2024-07-09,Afternoon,4,1,3.0,1,2,84
202400050268,2024-09-22,Evening,4,1,3.0,1,2,06
202400050269,2024-12-03,Morning,3,1,6.0,2,2,03
202400050270,2024-08-17,Evening,4,3,3.0,1,2,94
202400050271,2024-07-12,Morning,4,1,3.0,1,2,84
202400050272,2024-10-25,Morning,4,1,4.0,1,1,13
202400050273,2024-12-03,Afternoon,4,1,6.0,1,2,01
202400050274,2024-08-17,Afternoon,4,2,6.0,1,2,94
202400050275,2024-09-21,Morning,4,8,3.0,1,2,05
202400050276,2024-12-03,Evening,4,1,2.0,5,2,75
202400050277,2024-07-11,Morning,4,1,3.0,1,2,84
202400050278,2024-08-17,Evening,4,3,4.0,1,2,94
202400050279,2024-09-21,Afternoon,4,1,3.0,1,2,75
202400050281,2024-09-20,Night,3,8,7.0,5,2,75
202400050282,2024-07-12,Night,4,1,3.0,5,2,83
202400050283,2024-08-16,Night,3,1,3.0,5,2,93
202400050284,2024-12-03,Afternoon,3,2,3.0,1,2,75
202400050285,2024-10-15,Evening,3,1,6.0,5,1,84
202400050286,2024-08-17,Afternoon,4,2,6.0,1,2,93
202400050287,2024-09-21,Night,4,1,3.0,5,2,75
202400050288,2024-12-02,Night,4,8,6.0,5,2,75
202400050289,2024-07-12,Evening,4,8,1.0,1,2,80
202400050291,2024-10-26,Morning,4,1,4.0,1,2,71
202400050292,2024-09-22,Afternoon,4,2,3.0,1,2,75
202400050293,2024-12-03,Afternoon,4,2,6.0,5,2,75
202400050294,2024-10-18,Evening,3,1,1.0,2,1,68
202400050295,2024-08-17,Evening,4,1,1.0,1,2,35
202400050296,2024-07-11,Afternoon,4,1,7.0,1,2,80
202400050297,2024-09-22,Night,4,2,3.0,5,2,75
202400050298,2024-10-27,Afternoon,3,1,7.0,1,1,03
202400050299,2024-07-11,Afternoon,4,1,6.0,1,2,80
202400050300,2024-12-03,Afternoon,4,1,2.0,1,2,75
202400050301,2024-09-22,Afternoon,4,1,3.0,1,2,75
202400050302,2024-10-28,Afternoon,4,1,5.0,1,1,42
202400050303,2024-12-03,Afternoon,4,1,2.0,1,2,75
202400050304,2024-07-10,Afternoon,4,1,4.0,1,2,80
202400050305,2024-10-27,Afternoon,3,1,6.0,1,1,69
202400050306,2024-09-22,Afternoon,4,1,3.0,1,2,75
202400050307,2024-12-03,Afternoon,4,1,3.0,5,2,75
202400050308,2024-08-18,Morning,4,8,2.0,1,1,71
202400050309,2024-09-21,Evening,4,1,7.0,1,2,75
202400050310,2024-07-12,Afternoon,3,2,3.0,1,2,76
202400050311,2024-10-26,Afternoon,4,2,1.0,1,2,19
202400050312,2024-12-03,Morning,4,8,3.0,1,2,75
202400050313,2024-08-18,Morning,3,2,2.0,1,1,52
202400050314,2024-09-21,Evening,4,1,3.0,2,2,75
202400050315,2024-10-23,Afternoon,4,1,6.0,1,1,86
202400050316,2024-07-11,Afternoon,3,1,3.0,1,2,76
202400050317,2024-12-02,Afternoon,4,9,7.0,5,2,75
202400050318,2024-09-22,Evening,4,3,1.0,5,2,75
202400050319,2024-10-27,Evening,2,1,6.0,3,1,86
202400050320,2024-08-17,Evening,4,1,3.0,1,2,12
202400050321,2024-12-03,Afternoon,4,1,6.0,5,2,94
202400050322,2024-10-27,Evening,2,1,6.0,3,1,60
202400050323,2024-09-22,Morning,4,2,7.0,2,2,75
202400050324,2024-07-12,Afternoon,4,3,5.0,1,2,73
202400050325,2024-08-18,Night,4,2,7.0,3,1,30
202400050326,2024-10-27,Afternoon,4,1,7.0,1,1,59
202400050327,2024-07-12,Afternoon,4,1,3.0,1,2,72
202400050328,2024-12-03,Morning,4,2,3.0,5,2,94
202400050329,2024-08-17,Afternoon,3,1,7.0,1,1,57
202400050330,2024-09-21,Evening,4,1,3.0,5,2,75
202400050331,2024-10-27,Afternoon,4,1,2.0,1,1,13
202400050332,2024-07-10,Evening,3,2,1.0,2,2,72
202400050333,2024-12-03,Afternoon,4,1,3.0,2,1,93
202400050334,2024-10-27,Morning,4,1,1.0,5,1,13
202400050335,2024-08-17,Afternoon,4,1,1.0,1,1,2B
202400050336,2024-07-12,Evening,4,1,2.0,1,2,71
202400050337,2024-09-21,Evening,4,1,3.0,5,2,75
202400050338,2024-10-26,Night,4,1,7.0,3,1,13
202400050339,2024-08-18,Morning,3,1,6.0,1,1,80
202400050340,2024-12-03,Afternoon,4,2,6.0,2,2,93
202400050341,2024-07-12,Evening,4,1,6.0,1,2,69
202400050342,2024-09-22,Night,4,2,2.0,5,2,75
202400050343,2024-12-03,Morning,4,8,6.0,1,2,93
202400050344,2024-10-26,Evening,4,3,2.0,3,1,13
202400050345,2024-08-17,Evening,4,1,1.0,3,1,82
202400050346,2024-07-11,Afternoon,4,1,3.0,1,2,69
202400050347,2024-09-22,Evening,4,2,6.0,5,2,75
202400050348,2024-08-17,Evening,3,1,7.0,1,1,55
202400050349,2024-12-03,Afternoon,4,1,3.0,1,2,93
202400050350,2024-07-11,Morning,3,1,6.0,1,2,68
202400050351,2024-10-26,Night,2,1,6.0,3,1,91
202400050352,2024-06-22,Afternoon,2,1,7.0,1,2,64
202400050353,2024-09-22,Evening,4,1,3.0,1,2,75
202400050354,2024-08-17,Afternoon,4,1,1.0,1,2,12
202400050355,2024-12-03,Afternoon,4,1,3.0,1,2,93
202400050356,2024-08-18,Morning,4,8,3.0,1,1,68
202400050357,2024-09-22,Afternoon,4,8,3.0,1,2,75
202400050358,2024-07-12,Afternoon,4,1,3.0,1,2,63
202400050359,2024-10-27,Afternoon,4,1,4.0,1,1,95
202400050360,2024-12-03,Afternoon,4,8,6.0,1,2,93
202400050361,2024-08-17,Afternoon,4,1,1.0,1,2,22
202400050362,2024-10-27,Night,4,1,6.0,3,1,93
202400050363,2024-09-22,Night,4,2,1.0,5,2,94
202400050364,2024-07-11,Afternoon,3,7,1.0,1,2,62
202400050365,2024-12-03,Morning,4,2,7.0,1,2,92
202400050366,2024-10-26,Morning,4,1,6.0,3,1,93
202400050367,2024-08-15,Afternoon,4,1,6.0,1,2,39
202400050368,2024-09-22,Evening,4,2,6.0,5,2,94
202400050369,2024-07-11,Morning,3,1,6.0,1,2,59
202400050370,2024-08-18,Evening,4,1,1.0,1,1,72
202400050371,2024-12-03,Morning,4,1,1.0,5,2,92
202400050372,2024-09-22,Evening,4,2,2.0,5,2,93
202400050373,2024-10-26,Evening,4,1,3.0,3,1,93
202400050374,2024-12-02,Morning,4,8,7.0,1,2,92
202400050375,2024-08-18,Morning,4,1,3.0,1,1,05
202400050376,2024-07-12,Morning,4,1,2.0,1,2,58
202400050377,2024-09-22,Evening,3,1,1.0,1,2,93
202400050378,2024-10-26,Morning,4,1,3.0,3,1,93
202400050379,2024-08-18,Afternoon,3,1,6.0,1,1,50
202400050380,2024-12-02,Evening,4,8,3.0,5,2,92
202400050381,2024-07-10,Afternoon,4,1,2.0,1,2,55
202400050382,2024-09-22,Afternoon,4,1,3.0,1,2,93
202400050383,2024-08-18,Morning,3,1,3.0,1,1,50
202400050384,2024-07-10,Morning,4,1,7.0,1,2,55
202400050385,2024-10-26,Afternoon,3,1,5.0,1,1,95
202400050386,2024-09-22,Evening,4,2,6.0,5,2,93
202400050387,2024-08-18,Afternoon,2,1,6.0,1,1,50
202400050388,2024-12-01,Afternoon,3,1,3.0,1,2,92
202400050389,2024-09-22,Afternoon,4,2,6.0,1,1,93
202400050390,2024-02-22,Afternoon,4,2,2.0,1,2,55
202400050391,2024-10-26,Night,4,2,6.0,3,1,93
202400050392,2024-12-02,Afternoon,4,9,3.0,5,2,92
202400050393,2024-09-21,Afternoon,4,1,3.0,1,1,93
202400050394,2024-08-16,Morning,3,1,7.0,1,2,64
202400050395,2024-07-12,Evening,4,1,3.0,1,2,54
202400050396,2024-10-27,Afternoon,3,1,3.0,1,1,94
202400050397,2024-08-18,Morning,2,9,6.0,2,2,64
202400050398,2024-12-03,Afternoon,3,1,7.0,3,2,76
202400050399,2024-09-21,Evening,4,1,6.0,1,2,93
202400050400,2024-07-11,Afternoon,4,1,2.0,1,1,51
202400050401,2024-10-25,Evening,4,1,6.0,1,1,77
202400050402,2024-12-03,Evening,4,1,7.0,3,1,38
202400050403,2024-08-17,Afternoon,3,1,2.0,1,1,64
202400050404,2024-07-12,Night,4,1,3.0,5,2,49
202400050405,2024-09-22,Night,4,2,3.0,5,2,93
202400050406,2024-08-18,Afternoon,4,2,7.0,1,1,10
202400050407,2024-10-25,Afternoon,4,1,3.0,1,1,94
202400050408,2024-09-22,Morning,4,2,7.0,1,2,92
202400050409,2024-07-12,Afternoon,4,1,2.0,1,1,49
202400050410,2024-09-22,Morning,4,2,6.0,5,2,92
202400050411,2024-12-04,Evening,3,1,5.0,4,2,01
202400050412,2024-07-31,Morning,4,1,1.0,1,2,88
202400050413,2024-08-17,Afternoon,4,2,3.0,1,2,36
202400050414,2024-07-12,Afternoon,4,1,2.0,1,1,49
202400050415,2024-09-21,Night,4,2,3.0,5,2,92
202400050416,2024-07-28,Afternoon,3,1,7.0,1,1,88
202400050417,2024-07-11,Afternoon,4,1,2.0,1,2,49
202400050418,2024-08-17,Afternoon,3,3,6.0,1,2,87
202400050419,2024-12-04,Morning,4,1,6.0,1,2,83
202400050420,2024-09-22,Afternoon,4,3,3.0,2,1,01
202400050421,2024-08-26,Morning,4,1,3.0,1,2,74
202400050422,2024-08-15,Morning,3,8,6.0,1,1,87
202400050423,2024-07-12,Morning,4,8,3.0,1,2,45
202400050424,2024-12-04,Morning,4,5,3.0,2,2,19
202400050425,2024-09-23,Morning,4,1,7.0,1,2,30
202400050426,2024-07-12,Evening,4,1,6.0,1,2,38
202400050427,2024-08-16,Morning,3,1,3.0,1,2,30
202400050428,2024-07-12,Evening,4,1,3.0,1,2,37
202400050429,2024-09-13,Morning,4,1,4.0,1,1,41
202400050430,2024-08-25,Evening,4,8,5.0,1,2,74
202400050431,2024-12-04,Afternoon,4,1,3.0,1,1,82
202400050432,2024-08-18,Morning,4,2,3.0,2,2,52
202400050433,2024-09-22,Morning,3,2,6.0,1,1,2A
202400050434,2024-07-12,Evening,4,1,2.0,1,2,35
202400050436,2024-09-22,Evening,2,1,7.0,1,1,32
202400050437,2024-05-25,Afternoon,4,1,3.0,1,1,69
202400050438,2024-08-18,Morning,4,1,2.0,1,1,10
202400050440,2024-07-12,Morning,4,1,3.0,1,2,35
202400050441,2024-12-03,Evening,3,1,6.0,3,1,86
202400050443,2024-09-22,Afternoon,4,2,5.0,1,1,71
202400050444,2024-06-11,Afternoon,4,1,6.0,1,1,84
202400050445,2024-07-12,Afternoon,3,1,3.0,1,2,34
202400050446,2024-12-02,Morning,4,1,3.0,1,1,25
202400050449,2024-08-16,Afternoon,4,1,4.0,1,1,03
202400050450,2024-12-03,Evening,4,1,6.0,5,2,31
202400050453,2024-09-22,Evening,3,1,6.0,5,2,63
202400050454,2024-08-18,Evening,4,1,5.0,1,2,42
202400050455,2024-11-23,Afternoon,4,1,1.0,1,1,38
202400050456,2024-09-23,Morning,4,8,1.0,1,1,38
202400050458,2024-08-18,Afternoon,4,3,7.0,1,1,39
202400050459,2024-12-04,Morning,4,5,1.0,2,1,02
202400050460,2024-09-22,Afternoon,4,2,1.0,1,2,01
202400050461,2024-10-26,Morning,4,1,1.0,1,2,69
202400050462,2024-12-03,Evening,4,1,3.0,5,2,03
202400050463,2024-08-17,Afternoon,4,3,3.0,1,1,72
202400050464,2024-09-23,Afternoon,4,1,1.0,1,1,14
202400050465,2024-10-25,Afternoon,4,1,1.0,1,2,69
202400050466,2024-08-10,Morning,3,7,3.0,1,2,66
202400050467,2024-09-22,Afternoon,3,2,7.0,1,1,09
202400050468,2024-12-03,Afternoon,4,8,1.0,3,2,14
202400050469,2024-10-26,Evening,4,1,3.0,5,2,95
202400050470,2024-09-20,Morning,3,1,2.0,1,2,73
202400050471,2024-12-04,Afternoon,3,1,6.0,1,1,50
202400050472,2024-08-18,Morning,4,1,2.0,1,1,62
202400050473,2024-09-22,Evening,3,2,6.0,3,1,07
202400050474,2024-08-18,Night,3,2,6.0,3,1,45
202400050475,2024-10-26,Night,4,2,7.0,3,1,84
202400050476,2024-09-22,Evening,4,3,3.0,1,1,07
202400050477,2024-08-17,Evening,4,2,7.0,1,1,51
202400050478,2024-10-26,Evening,3,2,2.0,3,2,30
202400050479,2024-09-23,Morning,2,5,1.0,3,1,53
202400050480,2024-10-26,Evening,4,2,6.0,5,2,84
202400050481,2024-08-18,Afternoon,2,1,6.0,1,1,77
202400050482,2024-10-26,Night,4,2,3.0,5,2,83
202400050483,2024-09-23,Morning,4,8,3.0,1,1,85
202400050484,2024-10-25,Evening,4,1,6.0,2,2,80
202400050485,2024-08-18,Afternoon,3,1,6.0,1,1,48
202400050486,2024-10-27,Night,4,2,6.0,4,1,78
202400050487,2024-10-26,Morning,4,2,6.0,1,2,78
202400050488,2024-10-26,Evening,4,1,3.0,4,2,77
202400050489,2024-10-26,Morning,4,1,3.0,1,2,77
202400050490,2024-10-26,Night,4,2,7.0,3,1,77
202400050491,2024-10-26,Night,4,2,6.0,3,1,77
202400050492,2024-10-26,Night,3,1,3.0,5,2,73
202400050493,2024-10-25,Afternoon,4,2,3.0,1,2,72
202400050494,2024-10-26,Night,4,1,6.0,3,2,69
202400050495,2024-10-26,Morning,3,3,7.0,1,2,64
202400050496,2024-10-26,Afternoon,4,1,6.0,1,2,63
202400050497,2024-10-26,Morning,4,2,6.0,5,2,63
202400050498,2024-10-22,Afternoon,4,2,6.0,1,2,62
202400050499,2024-10-26,Evening,3,1,1.0,1,2,62
202400050500,2024-10-25,Afternoon,4,1,3.0,1,2,59
202400050501,2024-10-26,Evening,4,1,6.0,5,2,59
202400050502,2024-10-26,Evening,4,1,6.0,5,2,54
202400050503,2024-10-26,Evening,3,1,6.0,5,2,54
202400050504,2024-10-25,Afternoon,3,1,2.0,1,1,49
202400050505,2024-10-26,Morning,4,2,3.0,1,2,45
202400050506,2024-10-26,Afternoon,4,8,7.0,1,2,37
202400050507,2024-10-26,Morning,4,5,6.0,3,2,35
202400050508,2024-10-26,Evening,3,2,6.0,4,2,31
202400050509,2024-10-26,Afternoon,4,2,6.0,1,2,27
202400050510,2024-10-26,Evening,4,2,2.0,5,2,19
202400050511,2024-01-01,Night,3,2,6.0,5,2,44
202400050512,2024-01-03,Evening,3,1,3.0,5,2,42
202400050513,2024-01-04,Morning,4,1,7.0,1,2,37
202400050514,2024-01-03,Afternoon,4,8,6.0,1,2,37
202400050515,2024-01-04,Afternoon,3,2,3.0,1,2,35
202400050516,2024-01-03,Evening,2,1,6.0,3,1,35
202400050517,2024-01-03,Afternoon,4,1,6.0,1,2,35
202400050518,2024-01-04,Morning,3,1,1.0,1,2,34
202400050519,2024-01-04,Night,4,1,5.0,5,1,33
202400050520,2024-01-04,Evening,4,1,3.0,5,1,33
202400050521,2024-01-04,Afternoon,3,1,3.0,5,2,31
202400050522,2024-01-03,Afternoon,3,2,7.0,1,2,29
202400050523,2024-01-03,Afternoon,4,2,6.0,3,2,29
202400050524,2024-01-04,Night,4,2,3.0,5,2,29
202400050525,2024-01-04,Afternoon,4,2,6.0,5,2,28
202400050526,2024-01-04,Afternoon,4,2,3.0,5,2,28
202400050528,2024-01-04,Afternoon,4,1,1.0,1,2,27
202400050532,2024-01-04,Afternoon,4,1,3.0,1,2,25
202400050533,2024-05-04,Afternoon,4,1,3.0,1,2,95
202400050534,2024-01-04,Morning,4,2,1.0,2,2,25
202400050535,2024-05-03,Afternoon,4,1,3.0,1,2,91
202400050536,2024-01-04,Afternoon,4,1,6.0,1,2,22
202400050537,2024-05-04,Night,4,1,6.0,5,2,83
202400050538,2024-01-04,Morning,4,1,6.0,1,2,17
202400050539,2024-05-04,Evening,3,1,3.0,5,2,83
202400050540,2024-01-04,Morning,4,8,7.0,5,2,14
202400050541,2024-05-04,Night,4,1,2.0,3,2,81
202400050542,2024-01-04,Afternoon,4,1,3.0,1,2,13
202400050543,2024-05-04,Night,4,2,6.0,3,1,81
202400050544,2024-01-04,Afternoon,2,1,1.0,5,2,13
202400050545,2024-01-04,Morning,4,1,3.0,1,2,13
202400050546,2024-05-03,Evening,3,1,5.0,1,1,77
202400050547,2024-01-03,Afternoon,3,1,6.0,1,2,11
202400050548,2024-05-04,Evening,3,1,6.0,1,2,74
202400050549,2024-01-04,Morning,4,1,6.0,1,2,07
202400050550,2024-05-04,Morning,4,2,3.0,1,2,69
202400050551,2024-01-03,Morning,4,1,4.0,1,2,07
202400050552,2024-05-04,Afternoon,4,1,3.0,1,2,67
202400050553,2024-01-04,Evening,4,1,2.0,5,2,75
202400050554,2024-05-04,Afternoon,4,1,3.0,1,2,67
202400050555,2024-05-04,Morning,3,1,6.0,1,2,67
202400050556,2024-01-03,Evening,4,1,4.0,5,2,75
202400050557,2024-01-03,Night,4,1,6.0,5,2,75
202400050558,2024-05-03,Afternoon,4,1,3.0,1,2,67
202400050559,2024-01-04,Afternoon,3,8,6.0,1,2,75
202400050560,2024-03-28,Afternoon,3,1,1.0,1,2,34
202400050561,2024-05-04,Night,3,1,7.0,5,2,64
202400050562,2024-01-04,Afternoon,3,1,7.0,1,2,75
202400050563,2024-03-28,Evening,2,3,6.0,5,2,33
202400050564,2024-05-04,Morning,4,8,6.0,1,2,64
202400050565,2024-01-04,Afternoon,4,1,6.0,1,2,75
202400050566,2024-01-03,Evening,2,1,7.0,5,2,75
202400050567,2024-03-28,Afternoon,4,1,3.0,1,2,33
202400050568,2024-05-03,Morning,4,1,3.0,1,2,64
202400050569,2024-01-03,Evening,4,2,6.0,5,2,75
202400050570,2024-03-27,Evening,4,1,3.0,5,2,31