Num_Acc,date,time_of_day,max_severity,weather,collision_type,lighting,urban_area,department
202400050571,2024-05-04,Afternoon,4,1,2.0,1,2,59
202400050572,2024-01-03,Morning,4,2,3.0,1,2,75
202400050573,2024-03-28,Morning,4,7,7.0,1,2,30
202400050574,2024-01-03,Morning,3,1,6.0,1,2,75
202400050575,2024-05-04,Night,4,1,6.0,5,2,59
202400050576,2024-03-27,Afternoon,4,1,7.0,1,2,30
202400050577,2024-01-04,Morning,4,1,7.0,1,2,75
202400050578,2024-05-03,Morning,4,1,6.0,1,2,59
202400050579,2024-03-28,Afternoon,4,2,6.0,1,2,29
202400050580,2024-01-04,Afternoon,4,1,7.0,1,2,75
202400050581,2024-05-04,Afternoon,4,1,6.0,1,2,57
202400050582,2024-03-27,Morning,4,1,3.0,1,2,29
202400050583,2024-05-04,Morning,4,2,6.0,1,2,56
202400050584,2024-01-04,Afternoon,4,1,1.0,1,2,75
202400050585,2024-03-25,Morning,4,2,3.0,1,2,29
202400050586,2024-05-04,Morning,4,1,3.0,1,1,54
202400050587,2024-01-04,Evening,4,1,3.0,5,2,94
202400050588,2024-03-25,Morning,3,1,2.0,1,2,29
202400050589,2024-01-03,Afternoon,4,2,6.0,2,2,94
202400050590,2024-05-03,Evening,4,1,7.0,2,2,54
202400050591,2024-03-27,Afternoon,4,8,5.0,1,2,19
202400050592,2024-05-04,Afternoon,4,2,7.0,1,2,49
202400050593,2024-01-03,Night,4,2,3.0,5,2,94
202400050594,2024-03-28,Night,4,2,6.0,5,2,16
202400050595,2024-05-04,Afternoon,3,2,3.0,1,2,41
202400050596,2024-01-03,Afternoon,2,8,6.0,1,2,94
202400050597,2024-03-28,Afternoon,4,1,3.0,1,2,13
202400050598,2024-04-29,Afternoon,3,1,3.0,1,2,39
202400050599,2024-01-04,Afternoon,4,1,1.0,1,2,93
202400050600,2024-03-28,Evening,3,1,3.0,2,2,13
202400050601,2024-05-04,Morning,4,1,6.0,1,2,35
202400050602,2024-01-04,Afternoon,4,1,3.0,1,2,93
202400050603,2024-03-28,Night,3,1,6.0,3,2,13
202400050604,2024-05-04,Afternoon,4,1,3.0,1,2,34
202400050605,2024-01-04,Morning,4,1,1.0,1,2,93
202400050606,2024-03-28,Afternoon,4,1,2.0,1,2,13
202400050607,2024-05-04,Night,4,1,2.0,3,1,34
202400050608,2024-01-04,Evening,4,2,3.0,3,2,93
202400050609,2024-03-27,Afternoon,3,1,3.0,1,2,13
202400050610,2024-05-04,Night,4,2,3.0,5,2,31
202400050611,2024-03-28,Afternoon,3,1,6.0,1,2,13
202400050612,2024-01-04,Afternoon,4,1,2.0,1,2,92
202400050613,2024-05-04,Evening,4,1,3.0,5,2,31
202400050614,2024-03-28,Afternoon,3,1,6.0,1,2,06
202400050615,2024-05-04,Afternoon,4,1,6.0,1,2,31
202400050616,2024-01-04,Afternoon,4,1,1.0,1,2,92
202400050617,2024-03-27,Afternoon,3,1,6.0,1,2,06
202400050618,2024-01-04,Morning,4,1,6.0,1,2,92
202400050619,2024-03-28,Morning,3,9,6.0,1,2,02
202400050620,2024-05-04,Night,4,2,3.0,5,2,29
202400050621,2024-01-04,Morning,3,2,1.0,2,1,54
202400050622,2024-05-04,Night,3,2,2.0,3,1,17
202400050623,2024-03-28,Afternoon,3,1,1.0,1,2,01
202400050624,2024-03-28,Evening,4,1,2.0,1,2,75
202400050625,2024-01-04,Afternoon,4,2,3.0,1,1,14
202400050626,2024-05-04,Afternoon,4,1,2.0,1,2,13
202400050627,2024-01-04,Evening,4,2,6.0,5,2,17
202400050628,2024-03-28,Morning,3,1,2.0,1,2,75
202400050629,2024-01-05,Morning,4,8,7.0,1,1,21
202400050630,2024-05-04,Morning,4,1,3.0,1,2,13
202400050631,2024-03-27,Afternoon,4,1,4.0,1,2,75
202400050632,2024-05-03,Afternoon,4,1,4.0,1,2,13
202400050633,2024-03-28,Morning,4,1,6.0,1,2,75
202400050634,2024-01-04,Evening,3,8,2.0,5,1,37
202400050635,2024-05-04,Morning,4,1,7.0,1,1,11
202400050636,2024-03-28,Night,4,1,1.0,5,2,75
202400050637,2024-01-02,Afternoon,4,8,3.0,1,2,83
202400050638,2024-05-04,Evening,4,2,3.0,5,2,10
202400050640,2024-02-14,Afternoon,4,1,2.0,1,2,2B
202400050641,2024-03-28,Afternoon,3,1,2.0,1,2,75
202400050642,2024-05-04,Evening,4,3,5.0,1,1,10
202400050643,2024-01-04,Afternoon,4,8,5.0,3,1,91
202400050645,2024-02-14,Morning,4,1,2.0,1,2,2A
202400050646,2024-01-05,Afternoon,4,1,6.0,1,2,51
202400050647,2024-05-04,Evening,4,3,2.0,1,2,10
202400050648,2024-03-28,Morning,4,1,2.0,1,2,75
202400050649,2024-02-16,Night,4,1,6.0,5,2,95
202400050650,2024-01-03,Afternoon,4,1,2.0,1,2,2A
202400050651,2024-03-27,Afternoon,4,1,3.0,1,2,75
202400050652,2024-05-04,Night,3,1,3.0,5,2,06
202400050653,2024-02-15,Night,4,2,6.0,3,2,95
202400050654,2024-02-15,Morning,4,1,3.0,1,2,91
202400050655,2024-05-04,Afternoon,4,1,6.0,1,2,06
202400050656,2024-01-05,Evening,4,2,6.0,5,2,80
202400050657,2024-02-15,Morning,4,1,6.0,1,2,91
202400050658,2024-03-28,Morning,4,1,3.0,1,2,75
202400050659,2024-02-15,Evening,4,1,6.0,3,1,76
202400050660,2024-05-03,Evening,4,1,3.0,2,2,75
202400050661,2024-02-14,Afternoon,4,1,7.0,1,2,76
202400050662,2024-03-28,Afternoon,4,1,1.0,1,2,75
202400050663,2024-02-15,Night,4,1,6.0,5,2,72
202400050664,2024-01-02,Evening,3,2,3.0,5,1,49
202400050665,2024-02-14,Morning,3,1,6.0,1,2,69
202400050666,2024-02-14,Morning,4,1,3.0,1,2,69
202400050667,2024-01-05,Morning,3,2,6.0,2,2,34
202400050668,2024-03-28,Afternoon,4,2,6.0,1,2,75
202400050669,2024-05-03,Evening,4,1,3.0,1,2,75
202400050670,2024-01-31,Morning,4,1,3.0,2,2,69
202400050671,2024-02-13,Night,4,1,6.0,5,2,68
202400050672,2024-01-03,Afternoon,3,1,3.0,1,1,34
202400050673,2024-02-14,Afternoon,4,1,6.0,1,2,67
202400050674,2024-08-17,Afternoon,3,1,6.0,1,2,04
202400050675,2024-05-04,Afternoon,4,1,2.0,1,2,75
202400050676,2024-07-12,Afternoon,4,1,3.0,1,2,34
202400050677,2024-03-27,Afternoon,3,1,3.0,1,2,75
202400050678,2024-01-04,Evening,2,1,6.0,3,1,39
202400050679,2024-02-14,Evening,4,1,6.0,5,2,67
202400050680,2024-02-11,Evening,3,1,6.0,5,2,67
202400050681,2024-05-04,Evening,4,1,6.0,1,2,75
202400050682,2024-07-12,Morning,3,1,6.0,1,2,34
202400050683,2024-01-05,Afternoon,3,1,6.0,1,2,44
202400050684,2024-08-15,Evening,4,1,1.0,1,1,13
202400050685,2024-03-27,Morning,4,1,3.0,1,2,75
202400050686,2024-08-17,Afternoon,4,1,3.0,1,2,13
202400050687,2024-01-04,Afternoon,4,8,3.0,2,2,64
202400050688,2024-07-11,Afternoon,4,1,2.0,1,2,34
202400050689,2024-03-28,Afternoon,4,1,6.0,1,2,75
202400050690,2024-05-04,Night,4,1,1.0,5,2,75
202400050691,2024-02-15,Afternoon,4,1,3.0,1,2,64
202400050692,2024-08-18,Afternoon,3,8,1.0,1,1,70
202400050693,2024-07-11,Morning,4,1,6.0,1,2,34
202400050694,2024-03-27,Night,3,1,6.0,5,2,75
202400050695,2024-09-23,Morning,3,1,3.0,1,1,27
202400050696,2024-05-03,Evening,4,1,6.0,5,2,75
202400050697,2024-01-05,Afternoon,3,1,3.0,1,1,36
202400050698,2024-07-11,Evening,3,1,6.0,1,2,34
202400050699,2024-02-15,Morning,4,8,6.0,2,2,64
202400050700,2024-08-17,Afternoon,3,1,2.0,1,2,68
202400050701,2024-07-12,Morning,4,8,7.0,1,1,32
202400050702,2024-09-22,Night,4,2,7.0,3,1,17
202400050703,2024-03-28,Morning,4,1,2.0,1,2,94
202400050704,2024-01-04,Evening,4,1,7.0,5,2,07
202400050705,2024-05-04,Evening,4,1,6.0,1,2,75
202400050706,2024-02-14,Afternoon,4,1,3.0,1,2,64
202400050707,2024-09-23,Morning,3,2,7.0,1,1,48
202400050708,2024-08-16,Afternoon,4,1,2.0,1,2,67
202400050709,2024-07-12,Morning,4,1,3.0,1,2,30
202400050710,2024-03-26,Evening,4,2,3.0,2,2,94
202400050711,2024-01-05,Morning,3,1,6.0,1,2,17
202400050712,2024-02-15,Afternoon,4,1,6.0,1,2,63
202400050713,2024-05-04,Morning,3,2,6.0,1,2,75
202400050714,2024-06-10,Night,4,1,3.0,5,2,30
202400050715,2024-07-11,Afternoon,4,1,2.0,1,2,30
202400050716,2024-09-23,Morning,2,2,2.0,3,1,48
202400050717,2024-03-26,Morning,4,2,2.0,1,2,94
202400050718,2024-08-16,Evening,3,1,3.0,1,1,73
202400050719,2024-01-05,Morning,3,8,1.0,1,1,48
202400050720,2024-02-15,Afternoon,4,1,3.0,1,2,62
202400050721,2024-06-09,Evening,4,1,1.0,1,2,28
202400050722,2024-03-28,Morning,4,1,3.0,1,2,93
202400050723,2024-01-03,Afternoon,2,4,7.0,2,1,52
202400050724,2024-05-04,Night,4,1,2.0,5,2,75
202400050725,2024-02-15,Evening,3,1,6.0,5,2,59
202400050726,2024-07-09,Morning,2,1,1.0,1,1,26
202400050727,2024-08-18,Night,4,1,6.0,5,1,42
202400050728,2024-09-23,Morning,2,8,4.0,2,1,49
202400050729,2024-01-02,Night,4,2,6.0,3,1,46
202400050730,2024-02-15,Morning,4,2,6.0,2,2,59
202400050731,2024-08-17,Afternoon,3,1,7.0,1,1,38
202400050732,2024-05-04,Night,4,1,6.0,5,2,75
202400050733,2024-06-10,Morning,4,1,6.0,1,1,27
202400050734,2024-03-28,Morning,4,1,3.0,1,2,93
202400050735,2024-07-11,Morning,4,1,3.0,1,2,23
202400050737,2024-02-15,Morning,4,1,3.0,1,2,59
202400050738,2024-08-18,Afternoon,2,1,6.0,1,1,07
202400050739,2024-01-04,Afternoon,4,1,6.0,1,2,78
202400050740,2024-06-10,Morning,4,1,3.0,1,2,25
202400050741,2024-05-04,Morning,4,8,6.0,1,2,75
202400050742,2024-03-28,Afternoon,4,1,3.0,1,2,93
202400050743,2024-07-12,Night,4,1,1.0,5,2,17
202400050744,2024-01-03,Afternoon,4,1,6.0,1,1,06
202400050745,2024-02-15,Evening,4,1,3.0,2,2,54
202400050746,2024-08-16,Evening,4,1,1.0,1,1,69
202400050747,2024-05-03,Evening,4,1,3.0,5,2,75
202400050748,2024-03-28,Morning,4,2,6.0,1,2,93
202400050749,2024-06-10,Evening,3,1,1.0,1,2,13
202400050750,2024-02-15,Morning,4,1,6.0,1,1,54
202400050752,2024-01-05,Morning,3,3,6.0,1,1,38
202400050753,2024-08-17,Afternoon,3,8,7.0,1,1,69
202400050754,2024-03-28,Evening,4,1,7.0,1,2,92
202400050755,2024-07-12,Evening,4,1,3.0,1,2,17
202400050756,2024-05-03,Afternoon,4,1,6.0,1,2,94
202400050758,2024-06-10,Afternoon,4,1,3.0,1,2,13
202400050759,2024-02-15,Evening,4,1,6.0,5,2,51
202400050760,2024-01-05,Afternoon,4,1,3.0,1,2,34
202400050761,2024-08-18,Afternoon,4,1,7.0,1,1,65
202400050762,2024-05-04,Morning,4,2,3.0,1,2,94
202400050763,2024-03-27,Evening,4,1,6.0,1,2,92
202400050764,2024-01-04,Morning,3,1,7.0,1,1,21
202400050765,2024-07-12,Evening,4,1,3.0,2,2,13
202400050766,2024-09-20,Morning,4,1,1.0,1,1,34
202400050767,2024-06-10,Evening,4,1,2.0,1,2,13
202400050768,2024-08-17,Afternoon,2,1,7.0,1,1,32
202400050769,2024-03-28,Morning,4,1,6.0,1,2,92
202400050770,2024-01-05,Morning,3,4,7.0,1,1,73
202400050771,2024-02-15,Morning,4,1,3.0,1,2,51
202400050772,2024-08-17,Night,3,1,6.0,2,1,22
202400050773,2024-07-12,Afternoon,4,1,3.0,1,2,13
202400050774,2024-03-28,Afternoon,4,1,6.0,1,2,92
202400050775,2024-06-10,Evening,4,1,7.0,1,2,10
202400050776,2024-10-26,Evening,4,2,3.0,1,2,17
202400050777,2024-05-04,Night,4,1,1.0,5,2,94
202400050778,2024-01-04,Afternoon,3,8,7.0,2,1,86
202400050779,2024-10-26,Morning,3,1,7.0,2,2,13
202400050780,2024-08-18,Night,2,1,6.0,3,1,22
202400050781,2024-03-28,Evening,4,1,6.0,1,2,92
202400050782,2024-07-09,Afternoon,4,1,1.0,1,1,13
202400050783,2024-09-21,Morning,4,1,5.0,1,2,71
202400050784,2024-12-03,Night,3,1,6.0,3,1,04
202400050785,2024-02-15,Morning,4,1,2.0,1,2,50
202400050786,2024-10-26,Night,4,1,3.0,5,2,13
202400050787,2024-01-05,Morning,3,7,3.0,1,2,50
202400050788,2024-06-10,Night,4,1,3.0,5,2,06
202400050789,2024-07-12,Evening,4,1,6.0,1,2,11
202400050790,2024-03-28,Morning,4,8,7.0,1,2,92
202400050791,2024-05-03,Afternoon,4,1,3.0,1,2,94
202400050792,2024-01-04,Morning,4,2,7.0,3,1,14
202400050793,2024-12-03,Afternoon,3,1,6.0,1,1,85
202400050794,2024-09-20,Morning,3,1,3.0,2,1,67
202400050795,2024-10-26,Night,4,1,7.0,5,2,13
202400050796,2024-02-14,Afternoon,4,1,3.0,1,2,50
202400050797,2024-01-04,Evening,4,1,6.0,5,2,60
202400050798,2024-06-10,Morning,4,1,1.0,1,1,06
202400050799,2024-01-05,Morning,3,2,1.0,1,1,59
202400050800,2024-01-04,Evening,4,1,2.0,3,1,91
202400050801,2024-01-04,Night,4,1,6.0,3,1,91
202400050802,2024-01-03,Evening,4,2,3.0,3,1,92
202400050803,2024-07-13,Night,4,2,7.0,3,2,10
202400050804,2024-02-15,Morning,4,2,2.0,1,2,49
202400050805,2024-06-10,Afternoon,4,1,2.0,1,2,75
202400050806,2024-03-28,Evening,4,1,6.0,1,2,92
202400050807,2024-01-04,Morning,4,1,2.0,1,1,95
202400050808,2024-09-21,Morning,4,1,3.0,1,1,54
202400050809,2024-12-04,Afternoon,3,1,3.0,1,2,23
202400050810,2024-10-25,Afternoon,3,2,7.0,1,1,13
202400050811,2024-05-04,Evening,4,1,5.0,1,2,93
202400050812,2024-08-17,Evening,4,1,3.0,1,2,59
202400050813,2024-01-04,Morning,4,1,1.0,1,2,94
202400050814,2024-06-07,Afternoon,4,1,6.0,1,2,75
202400050815,2024-11-09,Afternoon,3,3,6.0,1,1,33
202400050816,2024-02-15,Afternoon,4,1,6.0,1,2,45
202400050817,2024-03-28,Evening,4,1,5.0,2,1,60
202400050818,2024-07-12,Afternoon,4,8,6.0,1,2,10
202400050819,2024-10-26,Night,4,2,2.0,5,2,13
202400050820,2024-09-22,Afternoon,4,2,6.0,1,2,63
202400050821,2024-05-03,Afternoon,4,1,3.0,1,2,92
202400050822,2024-01-03,Night,4,2,2.0,3,1,94
202400050823,2024-06-16,Afternoon,3,1,2.0,1,1,13
202400050824,2024-03-26,Afternoon,4,2,3.0,2,2,06
202400050825,2024-02-15,Afternoon,4,1,3.0,1,2,45
202400050826,2024-08-17,Evening,4,1,3.0,1,1,13
202400050827,2024-06-10,Afternoon,4,1,3.0,1,2,75
202400050828,2024-05-03,Afternoon,4,1,6.0,1,2,92
202400050829,2024-09-21,Afternoon,2,1,1.0,1,1,73
202400050830,2024-10-26,Morning,2,3,6.0,1,2,11
202400050831,2024-12-04,Afternoon,4,1,6.0,5,2,69
202400050832,2024-03-29,Morning,4,1,6.0,1,2,95
202400050833,2024-02-15,Evening,4,1,6.0,5,2,42
202400050834,2024-01-03,Evening,4,2,2.0,3,1,93
202400050835,2024-08-17,Night,3,1,7.0,3,1,69
202400050836,2024-05-04,Afternoon,4,1,2.0,1,2,92
202400050837,2024-06-10,Evening,4,1,3.0,1,2,75
202400050838,2024-07-12,Afternoon,3,2,3.0,1,2,06
202400050839,2024-10-26,Morning,4,9,6.0,5,2,10
202400050840,2024-12-04,Afternoon,4,1,6.0,1,1,83
202400050841,2024-03-28,Evening,4,1,2.0,1,1,21
202400050842,2024-02-15,Morning,4,1,7.0,1,2,37
202400050843,2024-09-22,Afternoon,4,1,3.0,1,1,38
202400050844,2024-01-03,Afternoon,4,3,5.0,1,1,93
202400050845,2024-05-03,Afternoon,4,1,6.0,1,2,92
202400050846,2024-10-27,Night,4,9,6.0,5,2,06
202400050847,2024-08-12,Evening,4,1,3.0,3,1,42
202400050848,2024-12-04,Morning,3,1,2.0,1,1,13
202400050850,2024-09-23,Afternoon,4,1,1.0,1,1,32
202400050851,2024-07-12,Afternoon,4,1,3.0,1,2,06
202400050852,2024-02-14,Afternoon,4,1,3.0,1,2,36
202400050853,2024-10-17,Morning,4,1,7.0,1,2,05
202400050854,2024-06-08,Evening,4,1,3.0,1,2,75
202400050856,2024-05-03,Evening,4,1,3.0,1,2,92
202400050857,2024-12-01,Afternoon,4,1,3.0,1,2,38
202400050858,2024-03-28,Afternoon,3,1,1.0,1,1,01
202400050859,2024-10-21,Afternoon,4,1,7.0,1,1,05
202400050860,2024-02-15,Afternoon,4,1,3.0,1,2,31
202400050861,2024-07-12,Morning,4,1,3.0,1,1,06
202400050863,2024-09-22,Afternoon,3,1,3.0,1,2,17
202400050864,2024-07-12,Afternoon,4,7,6.0,1,2,06
202400050865,2024-03-14,Afternoon,4,1,7.0,1,1,51
202400050866,2024-12-03,Morning,3,2,7.0,1,1,64
202400050867,2024-02-15,Morning,4,1,3.0,1,2,31
202400050868,2024-06-09,Night,3,1,3.0,2,2,75
202400050869,2024-08-17,Evening,4,3,6.0,1,1,92
202400050870,2024-05-04,Evening,4,1,3.0,1,2,83
202400050871,2024-02-14,Afternoon,4,1,1.0,1,2,31
202400050872,2024-09-20,Afternoon,3,1,3.0,1,2,17
202400050873,2024-07-09,Morning,3,1,3.0,2,2,03
202400050874,2024-10-25,Morning,4,8,3.0,2,1,04
202400050875,2024-12-03,Afternoon,3,2,1.0,3,1,78
202400050877,2024-06-10,Morning,4,1,3.0,1,2,75
202400050878,2024-03-23,Night,4,1,3.0,3,1,51
202400050879,2024-05-05,Night,3,2,6.0,3,1,12
202400050880,2024-02-14,Afternoon,4,1,6.0,1,2,31
202400050881,2024-09-22,Morning,4,9,6.0,2,1,29
202400050882,2024-03-28,Night,3,2,6.0,3,1,51
202400050883,2024-01-03,Morning,4,1,6.0,1,2,69
202400050884,2024-07-11,Evening,4,1,5.0,2,2,75
202400050885,2024-06-10,Morning,4,1,6.0,1,2,75
202400050886,2024-08-17,Evening,4,3,6.0,1,1,94
202400050887,2024-05-04,Afternoon,4,1,6.0,1,1,01
202400050888,2024-02-15,Morning,4,1,2.0,1,2,27
202400050889,2024-03-27,Night,4,3,6.0,3,1,56
202400050890,2024-09-21,Afternoon,3,8,3.0,1,2,35
202400050891,2024-06-09,Evening,3,1,6.0,1,2,94
202400050892,2024-01-03,Night,4,1,3.0,5,2,69
202400050893,2024-05-04,Afternoon,3,2,7.0,1,1,44
202400050894,2024-03-29,Morning,3,2,6.0,2,1,56
202400050895,2024-07-10,Evening,4,1,3.0,1,2,75
202400050896,2024-02-16,Night,4,1,3.0,5,2,26
202400050897,2024-05-05,Night,4,2,7.0,3,1,58
202400050898,2024-06-06,Afternoon,4,1,3.0,1,2,94
202400050899,2024-12-03,Evening,2,9,6.0,5,2,41
202400050900,2024-10-26,Evening,4,1,2.0,4,2,75
202400050901,2024-09-23,Morning,4,2,3.0,1,2,60
202400050902,2024-03-29,Afternoon,3,1,2.0,1,1,81
202400050903,2024-01-02,Evening,3,1,6.0,5,2,69
202400050904,2024-08-17,Afternoon,4,3,2.0,1,1,92
202400050905,2024-07-12,Evening,4,1,3.0,1,2,75
202400050906,2024-02-15,Evening,4,1,1.0,1,2,26
202400050907,2024-09-23,Morning,3,2,6.0,3,1,80
202400050908,2024-12-01,Evening,4,1,7.0,5,1,95
202400050909,2024-06-10,Evening,4,1,3.0,1,2,94
202400050910,2024-05-04,Evening,4,1,1.0,1,1,30
202400050912,2024-10-26,Morning,4,8,6.0,1,2,75
202400050913,2024-03-28,Afternoon,2,1,3.0,1,1,34
202400050914,2024-07-10,Afternoon,4,1,6.0,1,2,75
202400050915,2024-02-12,Evening,4,1,3.0,5,2,19
202400050916,2024-12-03,Afternoon,3,1,3.0,1,1,66
202400050917,2024-09-22,Night,3,1,6.0,3,1,80
202400050918,2024-01-03,Afternoon,4,2,6.0,1,2,91
202400050919,2024-08-17,Evening,4,2,6.0,1,1,95
202400050920,2024-06-09,Evening,3,1,6.0,1,2,94
202400050921,2024-03-28,Night,3,1,7.0,5,2,34
202400050922,2024-10-26,Night,4,1,3.0,5,2,75
202400050923,2024-07-10,Night,4,2,6.0,5,2,75
202400050924,2024-09-23,Evening,4,1,2.0,1,2,59
202400050925,2024-08-01,Evening,4,1,6.0,1,1,95
202400050926,2024-01-03,Afternoon,4,2,2.0,1,2,91
202400050927,2024-02-15,Morning,3,1,3.0,1,2,17
202400050928,2024-06-09,Afternoon,4,1,3.0,1,2,94
202400050929,2024-12-03,Afternoon,4,2,2.0,1,1,57
202400050930,2024-03-29,Afternoon,4,1,1.0,1,2,34
202400050931,2024-07-12,Morning,4,2,7.0,1,2,75
202400050932,2024-08-17,Afternoon,4,2,6.0,1,1,92
202400050933,2024-05-03,Morning,4,1,3.0,1,1,2B
202400050934,2024-10-25,Afternoon,4,1,1.0,1,2,75
202400050935,2024-01-03,Evening,3,2,6.0,5,2,91
202400050936,2024-09-22,Night,3,1,3.0,3,1,59
202400050937,2024-06-10,Morning,4,1,6.0,1,2,93
202400050939,2024-02-10,Evening,4,1,2.0,2,2,14
202400050940,2024-12-02,Afternoon,3,2,6.0,5,2,69
202400050941,2024-07-12,Afternoon,4,8,6.0,1,2,75
202400050942,2024-05-04,Night,3,1,6.0,3,1,69
202400050943,2024-03-28,Evening,4,2,1.0,5,2,29
202400050944,2024-01-03,Morning,4,2,2.0,1,2,91
202400050945,2024-12-04,Afternoon,3,1,6.0,1,2,69
202400050946,2024-02-15,Evening,3,1,1.0,5,2,13
202400050947,2024-09-22,Morning,4,2,1.0,2,1,69
202400050948,2024-06-10,Evening,4,1,6.0,1,2,93
202400050949,2024-10-26,Evening,4,1,6.0,1,2,75
202400050950,2024-05-04,Night,3,1,1.0,3,1,56
202400050951,2024-07-12,Evening,4,1,6.0,1,2,75
202400050952,2024-03-28,Morning,4,2,2.0,1,2,29
202400050954,2024-02-14,Afternoon,4,1,1.0,1,2,13
202400050955,2024-12-04,Afternoon,3,1,6.0,1,1,31
202400050956,2024-06-09,Night,4,1,1.0,5,2,93
202400050957,2024-01-03,Morning,4,1,3.0,1,2,84
202400050958,2024-09-22,Morning,4,2,6.0,1,1,92
202400050959,2024-05-03,Evening,3,1,3.0,3,2,79
202400050960,2024-02-14,Evening,3,1,3.0,2,2,13
202400050961,2024-10-26,Night,4,1,3.0,5,2,75
202400050962,2024-07-12,Evening,4,1,3.0,1,2,75
202400050964,2024-03-28,Afternoon,4,1,4.0,1,2,26
202400050965,2024-12-04,Afternoon,3,2,1.0,5,2,80
202400050966,2024-01-03,Morning,4,1,1.0,1,2,83
202400050967,2024-06-09,Evening,4,1,3.0,1,2,93
202400050968,2024-09-20,Morning,4,1,2.0,1,1,94
202400050969,2024-02-15,Morning,4,1,3.0,1,2,06
202400050970,2024-05-04,Evening,3,2,1.0,1,1,63
202400050971,2024-10-26,Afternoon,4,1,3.0,1,2,75
202400050972,2024-08-17,Night,4,1,7.0,5,2,69
202400050973,2024-07-11,Afternoon,4,1,3.0,1,2,75
202400050974,2024-10-26,Night,3,1,7.0,3,1,59
202400050975,2024-02-14,Afternoon,4,1,6.0,1,2,06
202400050976,2024-03-28,Afternoon,4,2,1.0,1,1,72
202400050977,2024-05-05,Evening,3,1,7.0,1,2,38
202400050978,2024-01-03,Morning,3,1,3.0,1,2,83
202400050979,2024-06-10,Morning,4,1,1.0,1,2,93
202400050980,2024-10-26,Night,4,2,3.0,5,2,75
202400050981,2024-07-11,Morning,4,1,3.0,1,2,75
202400050982,2024-03-29,Morning,3,1,6.0,1,2,50
202400050983,2024-05-03,Afternoon,3,1,2.0,1,1,84
202400050984,2024-02-15,Evening,4,1,3.0,5,2,01
202400050985,2024-01-02,Morning,4,2,6.0,1,2,77
202400050986,2024-03-25,Morning,3,1,2.0,1,1,46
202400050987,2024-12-02,Evening,4,1,3.0,3,1,13
202400050988,2024-08-16,Night,3,1,3.0,5,2,69
202400050989,2024-06-10,Morning,4,8,6.0,1,2,92
202400050990,2024-10-26,Night,3,2,7.0,5,2,75
202400050991,2024-05-05,Morning,3,2,7.0,1,1,85
202400050992,2024-12-03,Morning,4,1,7.0,1,1,13
202400050993,2024-07-12,Morning,4,2,6.0,1,2,75
202400050994,2024-01-02,Morning,3,1,6.0,1,1,77
202400050995,2024-02-15,Morning,4,1,3.0,1,2,75
202400050996,2024-06-09,Evening,4,1,6.0,1,2,92
202400050997,2024-03-28,Afternoon,3,1,3.0,1,2,60
202400050998,2024-05-05,Afternoon,4,1,7.0,1,1,58
202400050999,2024-05-29,Afternoon,4,7,3.0,1,2,62
202400051000,2024-10-25,Afternoon,4,8,6.0,1,2,75
202400051001,2024-01-03,Afternoon,4,2,6.0,1,2,77
202400051002,2024-08-16,Evening,4,1,3.0,5,2,69
202400051003,2024-06-10,Evening,4,1,6.0,1,2,92
202400051004,2024-02-14,Afternoon,4,1,3.0,1,2,75
202400051005,2024-07-12,Night,4,3,6.0,5,2,75
202400051006,2024-05-05,Night,4,1,6.0,2,1,06
202400051007,2024-12-03,Afternoon,4,1,4.0,1,1,83
202400051008,2024-03-28,Evening,3,1,6.0,3,1,43
202400051009,2024-01-03,Morning,4,1,6.0,3,2,76
202400051010,2024-02-14,Morning,4,2,6.0,1,2,75
202400051011,2024-05-09,Morning,4,5,1.0,2,2,62
202400051012,2024-03-29,Afternoon,3,3,6.0,1,1,16
202400051013,2024-10-26,Afternoon,4,1,1.0,1,2,94
202400051014,2024-05-04,Evening,4,1,7.0,2,1,06
202400051015,2024-12-02,Afternoon,4,1,2.0,1,2,83
202400051016,2024-07-12,Night,4,3,7.0,5,2,75
202400051017,2024-06-10,Afternoon,4,1,2.0,1,2,92
202400051018,2024-01-02,Afternoon,3,2,3.0,1,2,72
202400051019,2024-02-14,Morning,4,1,5.0,5,2,75
202400051020,2024-05-04,Night,4,3,7.0,3,1,18
202400051022,2024-07-11,Night,4,1,6.0,5,2,75
202400051023,2024-05-24,Morning,3,1,3.0,1,2,18
202400051024,2024-12-03,Morning,4,1,2.0,1,1,67
202400051025,2024-10-26,Evening,3,1,6.0,5,2,94
202400051026,2024-03-29,Morning,4,8,3.0,1,1,07
202400051027,2024-06-10,Morning,3,1,7.0,2,2,92
202400051028,2024-05-05,Afternoon,3,1,7.0,1,1,07
202400051029,2024-01-03,Afternoon,4,1,1.0,2,2,69
202400051030,2024-09-11,Morning,4,1,7.0,1,2,44
202400051031,2024-10-26,Afternoon,4,1,3.0,1,2,94
202400051032,2024-02-14,Evening,4,1,6.0,5,2,75
202400051033,2024-06-10,Morning,4,1,3.0,1,2,92
202400051035,2024-03-26,Afternoon,3,1,1.0,1,1,23
202400051036,2024-05-05,Night,3,1,2.0,3,1,53
202400051037,2024-01-03,Night,2,1,6.0,4,2,69