Num_Acc,date,time_of_day,max_severity,weather,collision_type,lighting,urban_area,department
202400051038,2024-12-03,Morning,4,1,4.0,1,1,33
202400051039,2024-05-23,Morning,4,1,7.0,1,2,92
202400051040,2024-09-11,Afternoon,4,1,2.0,1,2,44
202400051041,2024-07-12,Evening,4,1,1.0,1,2,94
202400051042,2024-08-16,Afternoon,4,1,6.0,1,2,80
202400051043,2024-05-04,Morning,3,1,6.0,1,2,53
202400051044,2024-02-15,Night,4,1,3.0,5,2,75
202400051046,2024-11-20,Afternoon,4,1,2.0,1,1,59
202400051047,2024-05-04,Afternoon,3,1,7.0,1,1,28
202400051048,2024-01-02,Afternoon,4,2,2.0,1,2,67
202400051049,2024-08-15,Afternoon,4,1,7.0,1,2,80
202400051050,2024-02-15,Afternoon,3,1,6.0,1,2,75
202400051051,2024-07-11,Evening,4,1,3.0,1,2,94
202400051052,2024-06-10,Afternoon,4,1,4.0,1,2,92
202400051053,2024-09-09,Evening,4,1,3.0,5,2,44
202400051054,2024-10-26,Morning,4,1,5.0,1,2,94
202400051056,2024-12-03,Evening,4,1,2.0,3,1,94
202400051057,2024-02-15,Morning,4,1,3.0,1,2,75
202400051058,2024-01-03,Afternoon,2,1,6.0,1,2,08
202400051059,2024-01-03,Afternoon,4,1,3.0,1,2,66
202400051060,2024-06-09,Afternoon,4,1,3.0,1,2,92
202400051061,2024-07-11,Morning,4,1,1.0,1,2,93
202400051062,2024-10-26,Night,4,1,6.0,5,2,94
202400051063,2024-05-03,Afternoon,4,3,6.0,1,1,52
202400051064,2024-07-28,Afternoon,3,1,3.0,1,2,78
202400051065,2024-12-03,Evening,4,1,3.0,3,1,91
202400051066,2024-03-28,Morning,3,8,3.0,1,1,91
202400051067,2024-02-15,Morning,4,1,6.0,1,2,75
202400051068,2024-01-03,Evening,4,1,3.0,5,2,65
202400051069,2024-05-05,Morning,4,3,6.0,1,2,67
202400051070,2024-07-06,Evening,4,1,7.0,2,1,93
202400051071,2024-10-26,Afternoon,4,1,6.0,1,2,94
202400051072,2024-06-10,Evening,4,1,2.0,1,2,92
202400051073,2024-12-03,Morning,4,2,3.0,1,1,91
202400051074,2024-09-09,Afternoon,4,1,6.0,1,2,44
202400051075,2024-08-16,Morning,3,1,3.0,1,2,69
202400051076,2024-03-08,Afternoon,4,1,3.0,1,2,67
202400051077,2024-01-03,Morning,3,1,6.0,1,2,64
202400051078,2024-10-26,Morning,4,1,1.0,3,1,94
202400051080,2024-02-14,Afternoon,4,1,5.0,1,2,75
202400051081,2024-12-03,Afternoon,4,1,3.0,3,1,94
202400051082,2024-07-12,Morning,4,2,3.0,1,2,93
202400051083,2024-06-11,Evening,4,1,5.0,1,1,60
202400051084,2024-01-03,Evening,4,1,3.0,5,2,64
202400051085,2024-08-16,Evening,4,1,1.0,5,2,69
202400051086,2024-05-04,Evening,4,3,6.0,3,1,36
202400051087,2024-05-23,Afternoon,4,2,6.0,1,2,59
202400051088,2024-10-25,Afternoon,4,1,3.0,1,1,94
202400051089,2024-12-03,Morning,4,1,3.0,1,1,94
202400051090,2024-07-12,Morning,4,2,6.0,1,2,92
202400051091,2024-01-02,Evening,4,2,7.0,5,2,64
202400051092,2024-03-29,Afternoon,3,2,5.0,1,1,88
202400051093,2024-06-11,Night,4,1,1.0,3,2,60
202400051094,2024-05-04,Night,3,2,6.0,3,2,45
202400051095,2024-02-15,Afternoon,4,1,7.0,1,2,75
202400051096,2024-10-26,Evening,4,1,6.0,4,2,94
202400051097,2024-04-29,Afternoon,4,1,3.0,1,2,59
202400051098,2024-02-15,Night,3,1,6.0,5,2,75
202400051099,2024-03-28,Afternoon,4,7,6.0,1,2,57
202400051100,2024-12-03,Morning,4,1,3.0,2,1,77
202400051101,2024-01-03,Afternoon,4,3,6.0,1,2,62
202400051102,2024-08-16,Evening,4,1,3.0,5,2,67
202400051103,2024-07-12,Afternoon,4,8,3.0,1,2,92
202400051104,2024-06-10,Morning,3,8,1.0,1,1,2A
202400051105,2024-05-04,Morning,4,2,3.0,1,1,78
202400051106,2024-10-26,Morning,4,1,6.0,5,2,94
202400051107,2024-03-29,Night,4,2,6.0,3,1,63
202400051108,2024-09-16,Afternoon,2,1,6.0,1,2,77
202400051109,2024-08-29,Afternoon,4,1,2.0,1,2,38
202400051110,2024-07-12,Evening,3,1,7.0,1,2,92
202400051111,2024-02-15,Afternoon,4,1,3.0,5,2,75
202400051112,2024-08-16,Evening,4,1,1.0,1,2,67
202400051113,2024-05-05,Afternoon,3,1,3.0,1,1,2B
202400051114,2024-01-03,Morning,4,1,5.0,2,1,60
202400051115,2024-06-10,Afternoon,4,1,3.0,1,2,68
202400051116,2024-03-28,Morning,3,1,1.0,1,2,38
202400051117,2024-10-26,Evening,4,1,1.0,5,2,93
202400051118,2024-09-20,Night,3,1,6.0,3,1,73
202400051119,2024-07-22,Afternoon,4,1,6.0,1,2,12
202400051120,2024-02-15,Afternoon,4,1,7.0,1,2,75
202400051121,2024-07-12,Afternoon,4,1,3.0,1,2,92
202400051122,2024-06-11,Afternoon,4,1,6.0,1,2,01
202400051123,2024-01-01,Night,3,8,6.0,5,2,59
202400051124,2024-08-16,Morning,3,1,3.0,1,1,66
202400051125,2024-03-28,Morning,2,1,6.0,2,1,09
202400051126,2024-05-04,Evening,4,1,1.0,3,1,2B
202400051128,2024-10-26,Evening,4,1,1.0,3,2,93
202400051129,2024-02-15,Morning,4,1,6.0,1,2,75
202400051130,2024-09-06,Morning,4,1,3.0,2,2,44
202400051131,2024-06-08,Night,4,1,6.0,3,1,83
202400051132,2024-01-02,Afternoon,4,3,6.0,5,2,57
202400051133,2024-08-16,Morning,4,1,2.0,1,2,66
202400051134,2024-07-12,Night,3,2,6.0,5,2,92
202400051135,2024-05-04,Afternoon,4,1,7.0,1,2,67
202400051138,2024-10-25,Night,4,1,6.0,5,2,93
202400051139,2024-01-02,Afternoon,3,3,6.0,5,2,57
202400051140,2024-08-16,Afternoon,4,1,7.0,1,2,64
202400051141,2024-02-14,Evening,4,1,3.0,5,2,75
202400051142,2024-07-13,Morning,2,1,7.0,1,1,14
202400051143,2024-07-22,Evening,4,1,2.0,1,2,74
202400051144,2024-01-03,Morning,3,2,7.0,2,2,57
202400051146,2024-10-26,Evening,4,1,2.0,2,2,93
202400051147,2024-03-29,Afternoon,4,1,6.0,1,1,27
202400051148,2024-07-13,Morning,2,1,6.0,1,1,24
202400051150,2024-05-04,Night,3,2,2.0,3,1,57
202400051151,2024-08-15,Evening,4,1,7.0,1,2,64
202400051152,2024-02-14,Evening,4,1,3.0,5,2,75
202400051154,2024-01-02,Evening,4,2,6.0,5,2,51
202400051155,2024-06-11,Afternoon,4,1,6.0,1,1,21
202400051156,2024-03-29,Afternoon,3,1,6.0,1,2,59
202400051157,2024-10-26,Afternoon,4,1,6.0,1,2,93
202400051158,2024-12-02,Evening,4,2,3.0,4,2,69
202400051159,2024-05-05,Afternoon,4,1,3.0,1,2,38
202400051160,2024-08-16,Night,3,1,1.0,4,1,59
202400051162,2024-02-15,Evening,3,1,6.0,5,2,75
202400051163,2024-10-26,Evening,4,1,6.0,5,2,93
202400051165,2024-05-04,Morning,4,1,6.0,1,2,69
202400051166,2024-12-02,Afternoon,4,1,3.0,2,2,2B
202400051167,2024-03-28,Morning,4,1,2.0,1,1,13
202400051168,2024-06-08,Evening,3,1,3.0,1,1,62
202400051169,2024-10-26,Evening,4,1,7.0,5,1,92
202400051170,2024-01-02,Morning,4,3,2.0,1,2,51
202400051171,2024-08-16,Afternoon,4,2,7.0,1,1,56
202400051172,2024-02-14,Evening,3,1,1.0,5,2,94
202400051173,2024-01-03,Afternoon,4,2,6.0,1,1,49
202400051174,2024-10-26,Evening,4,1,6.0,1,2,92
202400051175,2024-12-02,Morning,4,1,2.0,1,1,2B
202400051176,2024-07-13,Night,3,1,2.0,3,1,71
202400051177,2024-03-28,Afternoon,4,1,2.0,1,1,83
202400051178,2024-05-03,Afternoon,3,1,3.0,1,2,31
202400051179,2024-09-21,Evening,4,1,3.0,5,2,69
202400051180,2024-06-10,Afternoon,4,1,3.0,1,2,65
202400051181,2024-08-16,Night,3,2,6.0,3,2,56
202400051183,2024-03-24,Afternoon,4,2,6.0,1,1,67
202400051184,2024-07-13,Night,3,1,6.0,3,2,42
202400051185,2024-10-26,Morning,4,8,3.0,1,2,92
202400051186,2024-03-30,Morning,3,1,7.0,1,1,49
202400051187,2024-02-15,Evening,4,1,3.0,5,2,94
202400051188,2024-08-16,Night,4,2,6.0,3,2,56
202400051189,2024-06-10,Morning,4,1,1.0,1,2,71
202400051191,2024-10-26,Evening,4,1,6.0,3,1,54
202400051192,2024-07-13,Night,4,2,6.0,4,2,60
202400051193,2024-03-28,Evening,4,1,2.0,2,1,91
202400051195,2024-01-03,Evening,3,1,3.0,2,2,35
202400051196,2024-05-05,Morning,3,1,3.0,1,1,22
202400051197,2024-02-15,Night,4,2,6.0,5,2,94
202400051198,2024-10-26,Evening,3,9,6.0,3,1,59
202400051200,2024-06-10,Afternoon,3,1,3.0,1,1,30
202400051202,2024-03-28,Morning,4,1,2.0,1,1,91
202400051203,2024-01-03,Morning,4,1,6.0,1,2,25
202400051204,2024-10-26,Evening,3,1,6.0,1,1,26
202400051205,2024-08-16,Afternoon,4,1,3.0,1,2,54
202400051206,2024-02-14,Afternoon,4,1,3.0,1,2,93
202400051207,2024-07-13,Afternoon,4,1,3.0,1,1,30
202400051208,2024-06-10,Afternoon,3,1,1.0,1,1,30
202400051210,2024-10-10,Morning,4,2,6.0,1,1,33
202400051211,2024-05-04,Night,3,1,7.0,3,1,60
202400051212,2024-01-03,Afternoon,3,2,6.0,1,2,25
202400051214,2024-03-28,Afternoon,4,1,4.0,1,1,78
202400051215,2024-11-19,Evening,3,3,6.0,5,2,89
202400051216,2024-02-15,Afternoon,4,1,2.0,1,2,93
202400051217,2024-06-11,Morning,3,1,7.0,1,1,83
202400051218,2024-10-26,Afternoon,3,1,7.0,1,2,51
202400051219,2024-07-12,Evening,4,2,3.0,5,2,69
202400051220,2024-01-03,Evening,4,2,6.0,5,2,22
202400051221,2024-08-15,Morning,4,1,3.0,1,2,54
202400051222,2024-05-04,Afternoon,4,1,2.0,1,1,91
202400051223,2024-01-03,Night,2,9,7.0,5,2,17
202400051224,2024-03-27,Afternoon,4,1,2.0,1,1,78
202400051225,2024-10-27,Afternoon,4,1,3.0,1,1,06
202400051226,2024-07-12,Morning,4,2,6.0,1,1,51
202400051227,2024-09-21,Afternoon,4,1,3.0,1,2,69
202400051228,2024-08-15,Evening,2,7,6.0,1,2,51
202400051229,2024-06-10,Morning,4,1,1.0,1,2,76
202400051230,2024-02-15,Afternoon,4,1,2.0,2,2,93
202400051231,2024-05-03,Evening,4,1,5.0,1,1,92
202400051232,2024-12-02,Afternoon,4,1,7.0,1,2,78
202400051233,2024-10-23,Morning,4,5,7.0,2,2,77
202400051234,2024-03-27,Morning,4,1,2.0,1,1,78
202400051235,2024-01-03,Morning,3,1,3.0,1,2,16
202400051236,2024-08-15,Afternoon,4,1,7.0,1,2,50
202400051237,2024-07-12,Morning,3,1,6.0,1,2,51
202400051238,2024-06-10,Afternoon,4,1,1.0,1,1,82
202400051239,2024-02-15,Afternoon,4,1,6.0,1,2,93
202400051242,2024-01-03,Afternoon,4,1,5.0,1,2,13
202400051243,2024-10-26,Afternoon,4,1,3.0,1,1,66
202400051244,2024-03-26,Afternoon,4,2,3.0,1,1,92
202400051245,2024-08-16,Afternoon,4,1,2.0,1,2,49
202400051246,2024-07-13,Morning,3,1,5.0,1,1,19
202400051247,2024-06-10,Evening,3,1,1.0,1,1,33
202400051249,2024-09-22,Night,4,1,6.0,3,2,2A
202400051250,2024-02-15,Evening,4,1,6.0,5,2,93
202400051251,2024-10-27,Afternoon,4,1,2.0,2,2,57
202400051252,2024-01-03,Evening,3,1,3.0,5,2,11
202400051253,2024-03-27,Afternoon,4,1,2.0,1,1,93
202400051254,2024-07-12,Evening,2,1,7.0,1,1,67
202400051255,2024-10-20,Night,4,1,3.0,5,2,76
202400051256,2024-08-16,Morning,3,1,3.0,1,2,49
202400051257,2024-10-26,Evening,3,1,6.0,3,2,91
202400051258,2024-01-03,Morning,3,1,6.0,1,2,07
202400051259,2024-11-17,Morning,4,8,6.0,2,2,76
202400051260,2024-09-21,Night,4,1,1.0,3,1,91
202400051262,2024-02-15,Afternoon,4,1,6.0,1,2,92
202400051263,2024-07-12,Evening,3,2,7.0,1,2,65
202400051264,2024-08-16,Night,4,2,3.0,5,2,44
202400051265,2024-12-02,Morning,4,1,6.0,1,2,73
202400051266,2024-10-26,Evening,4,1,3.0,2,1,51
202400051267,2024-03-28,Evening,4,1,3.0,3,1,94
202400051268,2024-11-17,Evening,3,1,2.0,5,2,69
202400051269,2024-10-26,Night,3,2,6.0,3,1,19
202400051270,2024-08-11,Evening,4,1,6.0,1,2,42
202400051271,2024-02-15,Morning,4,1,1.0,1,2,92
202400051272,2024-01-03,Afternoon,4,1,4.0,1,2,75
202400051273,2024-12-02,Afternoon,4,2,3.0,1,2,69
202400051274,2024-06-11,Evening,4,1,1.0,1,2,71
202400051275,2024-07-12,Afternoon,4,1,5.0,1,1,32
202400051277,2024-01-16,Morning,3,1,6.0,5,2,74
202400051278,2024-01-03,Night,4,1,7.0,5,2,75
202400051279,2024-09-21,Afternoon,4,1,1.0,1,1,91
202400051280,2024-02-15,Evening,4,1,2.0,2,2,92
202400051281,2024-10-26,Afternoon,3,1,3.0,1,2,56
202400051282,2024-12-02,Evening,4,2,1.0,3,2,69
202400051283,2024-01-22,Night,2,2,6.0,3,1,74
202400051285,2024-06-10,Afternoon,4,1,7.0,1,1,49
202400051286,2024-02-15,Evening,4,1,7.0,5,2,92
202400051287,2024-08-17,Night,4,2,2.0,5,2,38
202400051288,2024-07-13,Afternoon,3,1,3.0,1,1,71
202400051289,2024-01-03,Afternoon,3,1,3.0,1,2,75
202400051290,2024-01-26,Night,4,1,6.0,5,2,74
202400051291,2024-12-02,Morning,4,1,6.0,5,2,66
202400051292,2024-10-26,Afternoon,4,1,1.0,1,1,56
202400051293,2024-06-10,Morning,3,1,7.0,1,1,42
202400051295,2024-02-15,Morning,4,1,6.0,5,2,92
202400051296,2024-07-13,Evening,4,1,7.0,1,1,71
202400051297,2024-09-22,Night,3,1,1.0,5,2,86
202400051298,2024-08-16,Night,4,2,1.0,3,1,34
202400051299,2024-10-26,Afternoon,4,2,6.0,1,1,63
202400051300,2024-12-02,Afternoon,4,2,2.0,1,2,64
202400051301,2024-06-11,Morning,3,1,7.0,1,1,34
202400051302,2024-02-14,Afternoon,2,1,6.0,1,2,92
202400051303,2024-01-03,Evening,4,2,3.0,5,2,75
202400051304,2024-07-12,Night,3,2,6.0,3,1,89
202400051305,2024-08-15,Evening,4,3,6.0,5,2,34
202400051306,2024-01-18,Evening,4,3,3.0,5,2,74
202400051307,2024-09-20,Evening,4,1,3.0,1,2,83
202400051309,2024-05-29,Afternoon,4,1,6.0,1,1,22
202400051310,2024-01-02,Evening,4,2,6.0,5,2,75
202400051311,2024-12-01,Morning,4,1,3.0,1,2,64
202400051312,2024-07-13,Morning,3,1,6.0,1,2,63
202400051313,2024-02-14,Afternoon,4,2,3.0,1,2,92
202400051314,2024-01-24,Afternoon,4,1,3.0,1,2,74
202400051315,2024-08-17,Night,4,1,3.0,5,2,33
202400051316,2024-12-01,Evening,4,1,7.0,5,2,64
202400051317,2024-09-17,Morning,4,1,6.0,1,2,83
202400051319,2024-06-07,Evening,4,1,2.0,2,1,44
202400051320,2024-07-12,Evening,3,8,7.0,1,1,55
202400051321,2024-01-03,Morning,4,3,3.0,1,2,75
202400051322,2024-10-27,Evening,4,1,5.0,3,1,68
202400051323,2024-01-23,Morning,3,1,6.0,3,2,74
202400051324,2024-02-15,Morning,4,1,3.0,1,2,92
202400051325,2024-07-12,Night,3,1,6.0,3,1,12
202400051326,2024-12-02,Morning,4,1,6.0,5,2,59
202400051327,2024-06-08,Morning,4,1,6.0,1,1,29
202400051328,2024-10-27,Afternoon,3,1,7.0,1,1,68
202400051329,2024-01-17,Afternoon,4,2,6.0,1,2,74
202400051330,2024-01-03,Morning,4,2,3.0,1,2,75
202400051332,2024-08-16,Evening,4,1,7.0,1,2,33
202400051333,2024-09-21,Evening,4,1,3.0,2,2,80
202400051334,2024-02-14,Afternoon,4,8,1.0,1,2,92
202400051335,2024-10-25,Afternoon,3,1,7.0,1,1,39
202400051336,2024-07-11,Afternoon,3,1,1.0,1,2,68
202400051338,2024-12-01,Night,4,1,3.0,5,2,59
202400051339,2024-01-08,Afternoon,3,2,1.0,3,1,74
202400051340,2024-01-03,Evening,4,2,6.0,5,2,75
202400051341,2024-09-21,Evening,4,2,2.0,1,2,79
202400051342,2024-06-11,Morning,4,1,5.0,1,1,02
202400051343,2024-02-15,Afternoon,4,1,3.0,5,2,92
202400051344,2024-08-16,Morning,4,1,3.0,5,2,33
202400051345,2024-10-27,Night,2,1,6.0,4,2,39
202400051346,2024-07-12,Morning,3,1,3.0,1,1,68
202400051348,2024-10-30,Morning,3,1,6.0,1,2,59
202400051350,2024-06-11,Morning,2,3,7.0,1,1,03
202400051351,2024-01-03,Afternoon,4,1,3.0,1,2,75
202400051352,2024-07-12,Evening,4,2,7.0,2,2,25
202400051353,2024-02-16,Afternoon,3,1,3.0,1,1,2A
202400051354,2024-11-29,Night,4,1,6.0,5,2,57
202400051355,2024-05-03,Evening,4,1,3.0,1,1,2B
202400051357,2024-10-27,Night,4,2,3.0,3,1,38
202400051358,2024-07-12,Evening,2,1,6.0,2,1,44
202400051359,2024-06-11,Afternoon,3,1,3.0,1,1,03
202400051360,2024-01-03,Afternoon,4,2,3.0,5,2,94
202400051361,2024-02-15,Evening,4,1,6.0,5,2,51
202400051362,2024-12-02,Afternoon,3,1,3.0,1,2,56
202400051363,2024-07-12,Evening,3,1,6.0,1,2,44
202400051364,2024-05-02,Night,4,3,6.0,5,2,2B
202400051366,2024-10-27,Afternoon,3,1,3.0,1,1,70
202400051367,2024-06-11,Morning,3,1,3.0,1,2,03
202400051368,2024-08-16,Afternoon,4,2,2.0,1,2,29
202400051369,2024-02-16,Morning,3,8,6.0,1,1,13
202400051370,2024-12-01,Evening,4,1,6.0,5,2,54
202400051371,2024-01-03,Morning,4,2,6.0,5,2,94
202400051372,2024-07-12,Evening,2,1,6.0,1,1,35
202400051373,2024-10-27,Afternoon,3,1,6.0,1,2,70
202400051374,2024-09-21,Night,4,1,3.0,3,1,77
202400051375,2024-08-16,Afternoon,4,2,7.0,1,2,29
202400051376,2024-06-09,Night,3,1,6.0,3,1,54
202400051379,2024-01-03,Morning,4,1,6.0,1,2,93
202400051380,2024-07-13,Afternoon,3,1,6.0,1,2,38
202400051381,2024-09-21,Afternoon,4,1,6.0,1,2,74
202400051382,2024-12-02,Morning,4,2,3.0,5,2,45
202400051385,2024-06-10,Afternoon,3,2,1.0,1,2,72
202400051386,2024-10-27,Night,4,1,1.0,3,1,14
202400051389,2024-08-16,Afternoon,4,1,2.0,1,1,29
202400051390,2024-07-12,Evening,3,1,6.0,1,2,15
202400051392,2024-01-03,Evening,4,2,3.0,2,2,93
202400051393,2024-04-28,Morning,4,1,3.0,1,1,72
202400051394,2024-02-15,Evening,3,1,6.0,3,1,62
202400051395,2024-12-02,Morning,3,1,2.0,1,2,41
202400051396,2024-09-21,Morning,4,1,2.0,1,2,74
202400051397,2024-06-05,Morning,2,1,6.0,1,1,50
202400051399,2024-05-01,Morning,4,1,3.0,1,2,89
202400051400,2024-07-13,Afternoon,4,1,6.0,1,1,06
202400051401,2024-10-27,Afternoon,3,1,6.0,1,1,43
202400051402,2024-01-03,Night,4,2,6.0,5,2,92
202400051403,2024-09-18,Evening,2,1,6.0,2,2,72
202400051404,2024-08-12,Afternoon,4,1,2.0,1,2,29
202400051405,2024-12-02,Evening,3,2,6.0,5,2,38
202400051406,2024-02-16,Afternoon,2,2,1.0,1,1,88
202400051408,2024-05-02,Afternoon,4,2,6.0,1,2,87
202400051409,2024-08-16,Evening,3,1,6.0,1,2,22
202400051410,2024-07-11,Evening,4,8,1.0,1,2,14
202400051411,2024-10-27,Afternoon,4,2,1.0,1,1,43
202400051412,2024-02-14,Evening,3,3,6.0,3,1,29
202400051413,2024-01-02,Afternoon,4,2,3.0,2,2,92
202400051415,2024-09-21,Evening,4,1,3.0,1,2,67
202400051416,2024-12-02,Evening,4,3,3.0,5,2,38
202400051417,2024-07-13,Morning,4,1,1.0,1,2,60
202400051418,2024-05-09,Afternoon,4,1,4.0,1,1,60
202400051419,2024-05-02,Morning,4,3,3.0,1,2,87
202400051420,2024-02-16,Afternoon,4,1,6.0,1,1,22
202400051421,2024-10-26,Afternoon,3,2,4.0,1,1,16
202400051422,2024-08-16,Evening,4,1,3.0,1,1,22
202400051423,2024-09-21,Evening,4,1,7.0,1,1,64
202400051424,2024-12-02,Night,4,1,6.0,3,1,36
202400051425,2024-03-27,Night,4,1,2.0,5,2,69
202400051426,2024-02-14,Afternoon,3,1,6.0,2,2,72
202400051427,2024-01-03,Evening,4,2,3.0,5,2,92
202400051428,2024-07-13,Afternoon,3,1,6.0,1,2,45
202400051429,2024-06-11,Afternoon,4,8,1.0,1,2,60
202400051430,2024-05-03,Morning,4,1,2.0,1,2,84
202400051431,2024-09-21,Night,4,1,6.0,5,2,64
202400051432,2024-02-16,Morning,2,2,6.0,1,1,62
202400051433,2024-07-12,Evening,3,1,7.0,1,1,43
202400051434,2024-03-27,Afternoon,3,1,6.0,1,2,69
202400051435,2024-01-03,Evening,4,1,6.0,5,2,92
202400051436,2024-10-26,Afternoon,4,1,1.0,1,1,85
202400051437,2024-08-15,Night,4,1,7.0,5,2,17
202400051438,2024-12-02,Afternoon,4,2,6.0,5,2,35
202400051439,2024-05-02,Evening,4,2,3.0,1,1,84
202400051440,2024-09-21,Morning,4,2,6.0,1,2,64
202400051441,2024-06-10,Afternoon,4,1,3.0,1,2,64
202400051442,2024-07-13,Night,3,1,6.0,5,2,10
202400051443,2024-10-25,Evening,4,2,7.0,3,1,85
202400051444,2024-02-15,Afternoon,3,1,7.0,1,1,19
202400051445,2024-03-27,Afternoon,4,1,6.0,1,2,69
202400051446,2024-12-02,Afternoon,4,1,6.0,1,2,35
202400051447,2024-07-12,Morning,3,1,6.0,1,2,10
202400051448,2024-01-03,Morning,4,2,6.0,1,2,92
202400051449,2024-08-14,Morning,3,1,3.0,1,2,12
202400051450,2024-10-26,Morning,3,5,7.0,3,1,17
202400051451,2024-09-22,Night,3,1,3.0,5,2,59
202400051452,2024-06-11,Afternoon,3,1,2.0,1,2,16
202400051453,2024-12-02,Afternoon,4,1,3.0,1,2,35
202400051454,2024-02-15,Afternoon,3,1,1.0,1,1,79
202400051455,2024-07-12,Afternoon,4,1,1.0,1,1,21
202400051456,2024-05-03,Afternoon,4,2,6.0,1,2,77
202400051458,2024-06-11,Afternoon,4,8,6.0,1,2,07
202400051459,2024-08-16,Morning,4,1,3.0,1,2,11
202400051461,2024-09-21,Afternoon,4,1,3.0,1,2,59
202400051462,2024-07-12,Evening,3,7,7.0,2,1,21
202400051463,2024-12-02,Morning,4,1,4.0,1,1,35
202400051464,2024-10-26,Evening,4,1,3.0,1,1,08
202400051465,2024-02-15,Afternoon,3,7,3.0,1,1,80
202400051466,2024-05-03,Morning,4,1,3.0,1,2,74
202400051467,2024-03-27,Morning,4,2,2.0,1,2,91
202400051468,2024-06-11,Afternoon,4,1,7.0,1,1,53
202400051469,2024-01-04,Afternoon,4,1,1.0,1,1,01
202400051470,2024-08-16,Morning,4,1,2.0,1,2,11
202400051471,2024-10-27,Morning,3,1,7.0,1,1,34
202400051472,2024-09-21,Evening,4,1,3.0,5,2,54
202400051473,2024-12-02,Morning,4,1,1.0,1,2,35
202400051474,2024-07-12,Afternoon,4,1,5.0,1,1,85
202400051476,2024-05-02,Morning,3,8,6.0,1,2,72
202400051477,2024-01-03,Evening,3,2,6.0,3,2,17
202400051478,2024-06-10,Afternoon,3,1,3.0,1,1,24
202400051479,2024-02-02,Morning,3,5,7.0,3,1,89
202400051480,2024-08-16,Night,3,1,6.0,5,2,06
202400051481,2024-09-21,Afternoon,4,1,6.0,1,2,51
202400051482,2024-03-22,Morning,4,1,3.0,1,2,89
202400051483,2024-07-12,Evening,3,1,2.0,2,1,28
202400051484,2024-10-26,Evening,4,1,3.0,5,2,69
202400051485,2024-12-02,Afternoon,4,2,3.0,2,2,34
202400051486,2024-01-03,Morning,3,8,6.0,1,1,47
202400051487,2024-05-02,Morning,4,2,6.0,1,2,71
202400051488,2024-06-06,Afternoon,3,1,6.0,1,1,85
202400051489,2024-07-11,Morning,3,1,6.0,1,1,37
202400051490,2024-09-21,Evening,4,1,6.0,1,2,49
202400051491,2024-02-15,Afternoon,4,1,6.0,1,1,63
202400051492,2024-03-26,Evening,3,2,3.0,5,2,84
202400051493,2024-08-16,Night,4,1,2.0,5,2,75
202400051494,2024-10-26,Evening,4,2,3.0,5,1,33
202400051495,2024-06-11,Morning,2,1,1.0,1,2,88
202400051496,2024-12-02,Morning,3,1,3.0,2,1,34
202400051497,2024-04-21,Afternoon,4,1,2.0,1,1,30
202400051498,2024-05-03,Evening,4,1,3.0,1,2,69
202400051499,2024-01-03,Morning,4,6,1.0,3,1,62
202400051500,2024-02-15,Morning,2,5,6.0,2,1,12
202400051502,2024-03-26,Afternoon,3,3,6.0,1,2,83
202400051503,2024-09-21,Afternoon,4,8,2.0,1,1,49
202400051506,2024-02-14,Afternoon,3,1,2.0,1,1,47
202400051507,2024-01-04,Afternoon,2,1,1.0,1,1,40
202400051508,2024-12-02,Afternoon,4,2,3.0,1,2,33
202400051509,2024-05-03,Afternoon,4,1,6.0,1,2,69
202400051510,2024-08-16,Morning,4,1,3.0,1,2,75
202400051512,2024-09-21,Night,4,1,6.0,5,2,47
202400051513,2024-02-16,Night,3,1,2.0,3,1,86
202400051514,2024-05-02,Morning,4,8,6.0,1,2,69
202400051515,2024-01-04,Morning,4,2,3.0,1,1,56
202400051516,2024-07-12,Evening,3,1,5.0,1,1,13
202400051518,2024-06-10,Afternoon,4,1,5.0,1,1,42
202400051519,2024-03-27,Night,4,1,3.0,3,2,78
202400051520,2024-12-02,Morning,4,2,3.0,1,2,33
202400051521,2024-08-16,Morning,4,1,3.0,1,2,75
202400051522,2024-02-06,Evening,4,8,2.0,2,1,29
202400051523,2024-09-21,Morning,4,1,6.0,1,2,47
202400051524,2024-01-03,Evening,4,2,1.0,3,1,56
202400051525,2024-12-02,Morning,4,3,6.0,2,2,33
202400051527,2024-05-03,Afternoon,4,1,3.0,1,2,69
202400051528,2024-03-27,Afternoon,4,1,3.0,1,2,76
202400051529,2024-07-12,Afternoon,4,1,2.0,1,1,78
202400051530,2024-10-27,Night,4,1,7.0,3,1,29
202400051531,2024-08-15,Evening,4,1,6.0,1,2,94
202400051532,2024-02-15,Afternoon,3,1,6.0,1,1,03
202400051533,2024-01-03,Afternoon,4,2,3.0,1,1,65
202400051534,2024-12-02,Morning,4,2,3.0,3,2,29
202400051535,2024-10-26,Night,4,1,6.0,3,1,66
202400051536,2024-06-09,Evening,3,1,2.0,1,2,28
202400051537,2024-03-27,Morning,4,2,3.0,1,2,73
202400051538,2024-06-25,Night,4,1,3.0,3,1,33
202400051539,2024-09-22,Night,4,2,3.0,5,2,45
202400051540,2024-05-02,Afternoon,3,2,1.0,1,2,67
202400051541,2024-01-04,Morning,3,2,6.0,1,1,71