Num_Acc,date,time_of_day,max_severity,weather,collision_type,lighting,urban_area,department
202400051542,2024-08-16,Afternoon,4,8,3.0,1,2,94
202400051543,2024-12-02,Afternoon,4,1,6.0,1,2,28
202400051544,2024-05-03,Afternoon,4,1,7.0,1,2,64
202400051545,2024-07-08,Afternoon,3,1,6.0,1,1,77
202400051546,2024-02-10,Morning,4,8,1.0,1,1,01
202400051547,2024-06-11,Morning,4,1,1.0,1,1,77
202400051548,2024-10-26,Evening,3,8,1.0,3,1,13
202400051549,2024-01-04,Afternoon,3,8,1.0,2,1,89
202400051550,2024-09-21,Night,4,2,2.0,3,1,44
202400051551,2024-08-16,Evening,4,8,6.0,1,2,94
202400051552,2024-03-26,Afternoon,4,2,3.0,1,2,72
202400051553,2024-05-03,Afternoon,4,1,6.0,1,2,64
202400051555,2024-12-02,Afternoon,4,1,1.0,2,1,28
202400051556,2024-10-27,Morning,3,1,6.0,1,1,88
202400051557,2024-02-14,Afternoon,4,1,3.0,1,1,58
202400051558,2024-06-10,Morning,4,1,6.0,2,2,77
202400051559,2024-01-03,Night,3,1,6.0,3,1,34
202400051560,2024-09-21,Afternoon,4,1,3.0,1,2,41
202400051561,2024-08-16,Evening,3,1,1.0,5,2,94
202400051562,2024-03-26,Afternoon,4,2,3.0,1,2,72
202400051564,2024-02-15,Night,3,1,1.0,3,1,58
202400051565,2024-05-03,Morning,4,1,3.0,1,2,64
202400051566,2024-12-02,Morning,4,2,2.0,1,2,25
202400051567,2024-10-27,Night,2,5,6.0,5,2,57
202400051568,2024-06-10,Evening,3,1,2.0,1,1,34
202400051569,2024-03-27,Afternoon,4,1,6.0,1,2,71
202400051570,2024-09-21,Afternoon,3,1,1.0,1,2,38
202400051571,2024-01-04,Evening,4,1,3.0,5,2,68
202400051572,2024-08-16,Afternoon,4,1,2.0,1,2,94
202400051574,2024-05-03,Afternoon,4,1,6.0,1,2,63
202400051575,2024-06-11,Night,4,1,1.0,3,1,04
202400051576,2024-10-27,Afternoon,4,1,2.0,1,1,38
202400051577,2024-02-16,Afternoon,4,1,5.0,1,1,73
202400051578,2024-03-27,Afternoon,4,1,6.0,1,2,71
202400051579,2024-01-03,Morning,4,1,3.0,2,2,44
202400051581,2024-11-30,Night,4,5,3.0,5,2,21
202400051582,2024-08-15,Evening,3,1,1.0,1,2,93
202400051583,2024-10-26,Evening,3,2,7.0,2,2,38
202400051584,2024-09-21,Afternoon,4,1,4.0,1,1,35
202400051585,2024-06-09,Evening,4,1,3.0,2,1,13
202400051586,2024-03-26,Evening,4,1,7.0,5,2,67
202400051587,2024-10-27,Afternoon,3,1,7.0,1,1,07
202400051588,2024-05-01,Afternoon,4,2,2.0,1,1,63
202400051589,2024-02-15,Afternoon,3,1,7.0,1,1,37
202400051590,2024-01-04,Morning,4,1,3.0,5,2,02
202400051591,2024-12-02,Morning,4,2,2.0,1,1,17
202400051592,2024-06-08,Afternoon,3,1,7.0,1,1,08
202400051593,2024-08-15,Afternoon,4,1,3.0,1,2,93
202400051594,2024-10-26,Afternoon,4,1,6.0,1,2,07
202400051595,2024-09-20,Afternoon,4,1,3.0,1,2,35
202400051596,2024-01-04,Morning,4,1,7.0,1,1,84
202400051597,2024-03-25,Afternoon,4,1,4.0,1,2,67
202400051598,2024-05-02,Night,3,1,1.0,5,2,59
202400051600,2024-07-12,Morning,4,1,3.0,1,1,66
202400051601,2024-06-11,Morning,4,1,3.0,1,2,01
202400051602,2024-11-19,Morning,4,1,2.0,1,2,14
202400051603,2024-08-16,Afternoon,4,1,3.0,1,2,92
202400051604,2024-08-27,Night,3,1,7.0,3,1,69
202400051605,2024-05-03,Evening,4,1,7.0,1,1,59
202400051607,2024-07-12,Afternoon,4,1,3.0,1,1,34
202400051608,2024-06-10,Morning,2,1,1.0,1,1,56
202400051609,2024-01-03,Afternoon,4,1,5.0,3,1,01
202400051610,2024-11-29,Afternoon,4,1,2.0,2,2,14
202400051611,2024-05-03,Night,4,1,6.0,5,2,56
202400051612,2024-03-26,Morning,4,2,2.0,1,2,66
202400051613,2024-10-22,Morning,3,7,6.0,1,2,17
202400051614,2024-09-21,Evening,3,8,3.0,2,1,31
202400051615,2024-08-16,Night,4,1,3.0,5,2,92
202400051616,2024-01-03,Afternoon,4,3,1.0,1,1,60
202400051617,2024-12-03,Night,3,1,7.0,5,2,13
202400051618,2024-06-11,Morning,4,1,3.0,1,1,60
202400051619,2024-10-27,Afternoon,3,1,6.0,2,1,14
202400051620,2024-08-15,Night,4,1,7.0,4,1,78
202400051621,2024-07-12,Evening,4,1,5.0,3,2,34
202400051622,2024-03-27,Afternoon,4,1,2.0,1,2,64
202400051623,2024-05-03,Afternoon,4,1,2.0,1,2,54
202400051624,2024-09-21,Afternoon,4,1,6.0,1,2,31
202400051625,2024-11-28,Afternoon,3,1,1.0,1,2,13
202400051626,2024-02-15,Afternoon,3,1,2.0,1,2,69
202400051627,2024-06-10,Evening,4,1,2.0,1,1,60
202400051628,2024-01-01,Morning,3,9,3.0,3,1,17
202400051629,2024-08-17,Afternoon,4,2,6.0,1,1,86
202400051630,2024-07-13,Night,2,1,6.0,3,1,84
202400051631,2024-05-03,Night,3,1,6.0,3,1,47
202400051632,2024-12-01,Evening,4,1,6.0,3,2,11
202400051633,2024-03-27,Evening,4,1,6.0,2,2,62
202400051634,2024-09-21,Night,3,1,3.0,5,2,30
202400051635,2024-02-15,Evening,3,1,3.0,3,1,27
202400051636,2024-01-03,Afternoon,3,1,6.0,1,1,73
202400051637,2024-10-26,Evening,4,1,3.0,3,1,14
202400051638,2024-08-17,Night,2,1,6.0,3,1,01
202400051639,2024-05-04,Night,4,1,7.0,5,2,37
202400051640,2024-06-05,Morning,4,1,3.0,1,1,13
202400051641,2024-12-02,Afternoon,3,1,7.0,1,2,10
202400051642,2024-07-12,Evening,3,1,3.0,3,1,83
202400051643,2024-03-08,Afternoon,2,1,6.0,1,2,59
202400051644,2024-08-17,Afternoon,4,1,6.0,1,2,06
202400051645,2024-02-16,Morning,3,1,2.0,2,1,14
202400051646,2024-05-03,Evening,4,1,7.0,1,2,37
202400051647,2024-06-10,Night,4,1,3.0,3,1,83
202400051648,2024-12-02,Night,3,1,7.0,5,2,06
202400051649,2024-10-27,Afternoon,3,1,7.0,1,1,80
202400051650,2024-07-13,Afternoon,3,1,7.0,1,1,83
202400051651,2024-09-20,Morning,4,1,3.0,1,2,29
202400051652,2024-03-26,Night,3,2,1.0,5,2,59
202400051653,2024-01-04,Morning,3,2,2.0,1,1,79
202400051654,2024-08-17,Night,3,1,6.0,3,1,57
202400051656,2024-05-03,Evening,4,1,6.0,1,2,37
202400051657,2024-12-02,Afternoon,4,1,3.0,1,2,75
202400051658,2024-06-08,Afternoon,4,1,3.0,1,1,13
202400051659,2024-10-26,Afternoon,3,1,2.0,1,2,62
202400051660,2024-07-12,Morning,4,3,2.0,1,1,13
202400051661,2024-01-04,Night,4,1,6.0,3,1,44
202400051662,2024-08-16,Evening,4,1,1.0,1,1,58
202400051663,2024-09-21,Afternoon,4,1,2.0,1,1,29
202400051664,2024-02-15,Afternoon,4,1,2.0,1,1,69
202400051665,2024-12-02,Morning,4,1,3.0,1,2,75
202400051666,2024-01-03,Afternoon,2,1,6.0,1,1,33
202400051667,2024-06-08,Evening,4,7,2.0,1,1,57
202400051668,2024-05-03,Morning,4,1,3.0,1,2,37
202400051669,2024-07-13,Afternoon,3,1,1.0,1,1,03
202400051670,2024-08-16,Afternoon,3,1,6.0,1,1,72
202400051671,2024-03-27,Afternoon,4,1,3.0,1,2,58
202400051672,2024-02-10,Afternoon,4,2,6.0,1,1,28
202400051673,2024-10-27,Afternoon,3,1,7.0,1,1,59
202400051674,2024-11-30,Night,3,1,2.0,5,2,75
202400051675,2024-06-10,Afternoon,3,1,3.0,1,1,33
202400051676,2024-10-24,Night,4,1,2.0,3,1,13
202400051677,2024-02-15,Evening,3,2,6.0,3,1,29
202400051678,2024-11-30,Night,4,1,2.0,5,2,75
202400051679,2024-08-17,Evening,4,1,7.0,1,1,44
202400051680,2024-09-22,Night,4,3,3.0,3,2,27
202400051681,2024-10-24,Morning,4,2,3.0,5,1,13
202400051682,2024-05-03,Evening,4,1,3.0,5,2,35
202400051683,2024-06-06,Night,4,1,6.0,3,1,59
202400051684,2024-01-04,Afternoon,4,1,4.0,1,1,77
202400051685,2024-07-12,Morning,3,3,3.0,1,1,73
202400051686,2024-03-26,Morning,4,1,6.0,1,2,56
202400051687,2024-08-17,Morning,3,1,3.0,1,1,30
202400051688,2024-02-15,Evening,4,1,1.0,5,1,78
202400051690,2024-06-08,Night,4,1,6.0,3,1,59
202400051691,2024-09-21,Morning,4,1,3.0,1,2,25
202400051692,2024-03-26,Afternoon,4,1,6.0,1,2,54
202400051693,2024-05-03,Evening,4,1,3.0,2,2,34
202400051694,2024-07-09,Morning,3,1,6.0,1,2,38
202400051695,2024-02-14,Afternoon,4,1,3.0,1,1,83
202400051696,2024-01-03,Afternoon,3,1,3.0,1,1,13
202400051697,2024-12-02,Afternoon,4,1,3.0,1,2,75
202400051698,2024-06-01,Night,4,2,6.0,3,1,59
202400051699,2024-03-26,Afternoon,4,1,6.0,1,2,54
202400051700,2024-07-12,Evening,4,3,7.0,2,2,38
202400051701,2024-08-12,Afternoon,4,1,1.0,1,2,83
202400051702,2024-05-04,Night,4,1,2.0,5,2,34
202400051703,2024-01-04,Morning,4,1,6.0,4,1,71
202400051704,2024-10-26,Night,4,1,5.0,3,1,69
202400051705,2024-09-20,Night,4,1,5.0,5,2,18
202400051706,2024-06-10,Afternoon,4,1,2.0,1,1,93
202400051707,2024-02-15,Evening,4,1,3.0,3,1,71
202400051708,2024-08-15,Evening,3,7,7.0,2,2,19
202400051709,2024-12-02,Night,4,8,6.0,5,2,75
202400051710,2024-01-03,Afternoon,4,3,1.0,2,1,88
202400051711,2024-05-03,Evening,4,1,3.0,1,2,34
202400051712,2024-03-27,Afternoon,4,1,2.0,1,2,51
202400051713,2024-02-16,Afternoon,4,2,1.0,1,1,57
202400051714,2024-09-21,Afternoon,4,8,2.0,1,1,17
202400051715,2024-06-10,Morning,4,1,3.0,1,1,92
202400051716,2024-10-26,Night,2,1,3.0,3,1,01
202400051717,2024-07-08,Afternoon,3,1,6.0,1,1,69
202400051718,2024-01-02,Afternoon,4,3,6.0,3,2,57
202400051719,2024-01-29,Evening,4,1,6.0,3,2,84
202400051720,2024-12-02,Morning,4,1,3.0,1,2,75
202400051721,2024-02-15,Afternoon,4,1,6.0,1,1,38
202400051722,2024-05-03,Morning,4,1,6.0,1,2,34
202400051723,2024-10-26,Afternoon,4,1,2.0,1,1,91
202400051724,2024-03-27,Afternoon,4,1,3.0,1,2,51
202400051725,2024-09-21,Night,4,1,6.0,5,2,13
202400051726,2024-12-02,Evening,4,1,2.0,3,2,75
202400051727,2024-08-17,Morning,4,8,1.0,2,1,80
202400051728,2024-05-04,Night,4,1,6.0,5,2,31
202400051729,2024-02-14,Morning,4,1,3.0,1,2,38
202400051730,2024-02-27,Morning,4,1,2.0,1,2,14
202400051731,2024-01-04,Morning,4,1,6.0,1,1,73
202400051732,2024-07-13,Night,4,1,6.0,5,2,81
202400051733,2024-10-26,Night,4,2,6.0,4,1,75
202400051734,2024-03-22,Evening,3,1,2.0,5,2,50
202400051735,2024-07-12,Evening,3,1,7.0,1,1,09
202400051736,2024-02-15,Afternoon,2,1,7.0,1,1,85
202400051737,2024-12-02,Afternoon,4,1,6.0,1,2,75
202400051738,2024-09-21,Afternoon,4,1,2.0,1,2,13
202400051739,2024-05-03,Afternoon,4,1,6.0,1,2,31
202400051740,2024-08-16,Morning,3,2,3.0,1,2,80
202400051741,2024-01-03,Evening,4,1,3.0,3,1,81
202400051742,2024-03-27,Afternoon,4,1,3.0,1,2,49
202400051743,2024-02-15,Evening,3,1,6.0,5,2,44
202400051745,2024-10-25,Night,4,2,2.0,5,1,91
202400051746,2024-07-09,Afternoon,3,1,6.0,1,2,33
202400051747,2024-05-03,Morning,4,1,6.0,1,2,29
202400051748,2024-12-02,Evening,3,1,1.0,5,2,75
202400051749,2024-09-20,Afternoon,4,1,3.0,1,2,12
202400051750,2024-02-13,Evening,3,2,7.0,2,2,44
202400051751,2024-03-27,Morning,4,2,1.0,1,1,39
202400051752,2024-01-03,Morning,4,3,5.0,1,1,50
202400051754,2024-02-14,Afternoon,3,1,6.0,1,1,83
202400051755,2024-08-16,Afternoon,3,1,7.0,1,1,65
202400051756,2024-07-12,Evening,2,3,3.0,1,1,35
202400051757,2024-05-03,Morning,4,1,3.0,1,2,29
202400051758,2024-12-02,Morning,4,1,6.0,5,2,75
202400051759,2024-03-27,Afternoon,4,8,6.0,1,2,37
202400051760,2024-10-26,Morning,4,1,2.0,5,1,92
202400051761,2024-01-03,Afternoon,3,1,6.0,1,2,22
202400051762,2024-09-21,Afternoon,3,1,5.0,1,2,06
202400051763,2024-08-16,Afternoon,4,1,7.0,1,1,63
202400051765,2024-12-02,Evening,4,1,6.0,5,2,75
202400051766,2024-02-14,Morning,4,1,4.0,1,1,83
202400051767,2024-07-13,Night,4,1,1.0,2,1,62
202400051768,2024-01-04,Afternoon,3,3,6.0,4,2,76
202400051769,2024-08-16,Morning,3,2,7.0,2,1,22
202400051770,2024-03-27,Evening,4,2,3.0,2,2,35
202400051771,2024-05-02,Morning,4,1,3.0,1,2,29
202400051772,2024-09-21,Night,4,1,1.0,3,2,06
202400051773,2024-10-26,Evening,4,1,6.0,3,1,95
202400051774,2024-02-15,Morning,2,1,6.0,3,1,69
202400051775,2024-06-09,Afternoon,4,1,6.0,1,2,69
202400051776,2024-12-02,Afternoon,4,1,2.0,1,2,75
202400051777,2024-01-03,Morning,3,1,2.0,5,1,13
202400051778,2024-03-27,Morning,4,2,2.0,1,2,35
202400051779,2024-08-13,Morning,3,7,6.0,1,2,39
202400051780,2024-09-17,Afternoon,4,1,1.0,1,1,05
202400051781,2024-07-08,Afternoon,4,1,4.0,1,1,13
202400051782,2024-10-26,Afternoon,3,1,5.0,1,1,93
202400051783,2024-01-03,Morning,4,1,6.0,1,1,33
202400051784,2024-03-27,Night,4,2,6.0,3,1,34
202400051785,2024-08-17,Morning,4,1,7.0,1,1,39
202400051786,2024-06-09,Morning,4,1,6.0,1,2,95
202400051787,2024-02-14,Afternoon,4,1,2.0,1,1,33
202400051788,2024-12-01,Afternoon,4,1,1.0,1,2,94
202400051789,2024-05-04,Night,4,1,3.0,5,2,25
202400051790,2024-10-26,Morning,4,2,6.0,1,1,92
202400051791,2024-09-20,Afternoon,3,1,3.0,1,2,01
202400051792,2024-03-27,Morning,4,1,6.0,1,2,34
202400051793,2024-07-12,Night,4,1,2.0,3,1,13
202400051794,2024-01-02,Morning,4,8,3.0,1,1,33
202400051795,2024-10-26,Night,4,2,6.0,3,1,95
202400051796,2024-08-17,Afternoon,4,7,1.0,1,1,39
202400051797,2024-12-02,Afternoon,3,1,6.0,1,2,94
202400051798,2024-06-09,Afternoon,4,1,1.0,1,1,95
202400051799,2024-02-15,Morning,4,1,4.0,1,1,91
202400051800,2024-05-02,Afternoon,4,8,3.0,1,2,23
202400051801,2024-03-27,Evening,4,1,3.0,2,2,33
202400051802,2024-09-20,Morning,3,1,6.0,1,2,75
202400051803,2024-07-10,Morning,4,1,2.0,1,1,13
202400051804,2024-01-03,Afternoon,4,8,2.0,2,1,91
202400051805,2024-10-25,Afternoon,4,1,3.0,1,1,95
202400051806,2024-08-15,Morning,4,1,3.0,1,1,39
202400051807,2024-12-02,Morning,4,1,3.0,1,2,94
202400051808,2024-06-09,Morning,4,1,2.0,2,1,91
202400051809,2024-02-15,Morning,4,1,2.0,1,1,92
202400051810,2024-09-21,Afternoon,3,1,6.0,1,2,75
202400051811,2024-12-02,Morning,4,2,6.0,5,2,94
202400051812,2024-03-27,Evening,4,1,3.0,1,2,33
202400051813,2024-10-25,Morning,4,1,3.0,2,1,93
202400051814,2024-08-16,Morning,3,2,6.0,1,1,29
202400051815,2024-06-08,Morning,4,1,3.0,1,2,85
202400051816,2024-01-03,Afternoon,4,2,4.0,1,1,91
202400051817,2024-05-03,Afternoon,4,1,3.0,1,2,19
202400051818,2024-02-14,Afternoon,4,1,5.0,1,1,78
202400051819,2024-09-21,Evening,3,1,3.0,5,2,75
202400051820,2024-08-17,Afternoon,4,1,7.0,1,1,29
202400051821,2024-12-02,Evening,4,1,1.0,5,2,93
202400051822,2024-03-27,Morning,4,1,6.0,1,2,31
202400051823,2024-10-26,Evening,4,1,2.0,3,1,77
202400051824,2024-02-13,Evening,4,2,6.0,3,1,95
202400051825,2024-01-03,Afternoon,4,3,6.0,1,1,91
202400051826,2024-06-08,Morning,4,1,3.0,1,2,85
202400051827,2024-08-17,Night,4,1,6.0,3,2,29
202400051828,2024-07-12,Afternoon,2,1,5.0,1,1,33
202400051829,2024-09-20,Evening,4,2,6.0,1,2,75
202400051830,2024-05-03,Afternoon,4,1,3.0,1,2,19
202400051831,2024-12-02,Afternoon,4,1,6.0,5,2,93
202400051832,2024-10-26,Morning,4,2,6.0,3,1,94
202400051833,2024-03-22,Night,4,1,7.0,5,1,30
202400051834,2024-01-03,Morning,4,1,7.0,1,1,91
202400051836,2024-07-11,Morning,4,1,7.0,1,1,33
202400051837,2024-08-10,Evening,3,1,6.0,1,2,31
202400051838,2024-06-09,Evening,4,3,2.0,5,1,84
202400051839,2024-01-03,Morning,4,2,6.0,5,1,75
202400051840,2024-09-21,Evening,4,1,1.0,5,2,75
202400051842,2024-05-02,Night,4,2,7.0,5,2,14
202400051844,2024-12-02,Afternoon,4,8,3.0,1,2,93
202400051845,2024-03-27,Morning,4,1,4.0,1,2,28
202400051846,2024-07-10,Night,4,1,6.0,3,1,33
202400051847,2024-06-09,Afternoon,3,1,6.0,1,2,77
202400051848,2024-08-16,Night,3,2,7.0,3,2,02
202400051850,2024-05-03,Evening,4,1,1.0,5,2,13
202400051851,2024-09-21,Night,4,2,1.0,5,2,75
202400051852,2024-03-27,Morning,3,8,7.0,1,2,27
202400051853,2024-12-01,Evening,4,1,3.0,4,2,93
202400051855,2024-08-17,Morning,4,1,6.0,1,1,26
202400051856,2024-07-11,Afternoon,3,1,6.0,1,1,59
202400051857,2024-06-08,Evening,4,1,3.0,1,2,77
202400051858,2024-02-20,Afternoon,4,1,3.0,1,2,26
202400051859,2024-09-21,Morning,4,2,3.0,5,2,94
202400051860,2024-08-17,Night,2,1,6.0,3,1,58
202400051861,2024-03-14,Evening,4,1,3.0,2,2,11
202400051863,2024-07-09,Morning,4,1,2.0,1,1,59
202400051864,2024-12-02,Evening,4,1,1.0,5,2,92
202400051866,2024-03-22,Morning,3,1,6.0,1,1,16
202400051867,2024-06-09,Afternoon,3,1,3.0,1,2,77
202400051868,2024-05-03,Afternoon,4,1,7.0,1,2,11
202400051869,2024-09-21,Evening,4,1,6.0,2,2,94
202400051870,2024-08-16,Afternoon,3,1,3.0,1,2,54
202400051872,2024-12-02,Morning,3,1,7.0,1,2,92
202400051873,2024-03-27,Morning,3,3,1.0,1,2,13
202400051874,2024-08-16,Night,2,2,6.0,3,1,14
202400051875,2024-07-11,Evening,4,1,2.0,1,1,92
202400051876,2024-12-02,Afternoon,3,3,6.0,5,2,39
202400051878,2024-09-20,Afternoon,4,1,3.0,1,2,94
202400051879,2024-05-03,Afternoon,4,1,3.0,1,2,11
202400051880,2024-10-26,Night,4,1,3.0,5,2,69
202400051881,2024-06-09,Afternoon,4,1,3.0,1,2,77
202400051882,2024-03-27,Afternoon,3,1,3.0,1,2,13
202400051883,2024-08-16,Afternoon,4,8,7.0,1,1,05
202400051885,2024-12-01,Morning,3,1,2.0,1,1,83
202400051886,2024-05-03,Morning,3,1,2.0,1,2,06
202400051887,2024-03-27,Night,4,3,1.0,5,2,13
202400051890,2024-06-07,Afternoon,4,1,2.0,1,1,76
202400051891,2024-09-21,Evening,4,1,5.0,2,2,94
202400051892,2024-07-11,Evening,4,1,4.0,1,1,92
202400051893,2024-03-26,Night,3,2,1.0,5,2,13
202400051895,2024-06-09,Night,4,1,6.0,3,2,76
202400051897,2024-05-02,Afternoon,4,1,1.0,1,2,06
202400051898,2024-11-22,Morning,4,9,5.0,2,1,01
202400051899,2024-08-17,Afternoon,4,1,1.0,1,1,64
202400051900,2024-03-26,Morning,4,1,6.0,1,2,10
202400051902,2024-07-11,Evening,4,1,2.0,1,1,78
202400051903,2024-02-14,Evening,4,1,6.0,5,1,2B
202400051904,2024-08-17,Morning,4,2,2.0,1,1,10
202400051905,2024-07-12,Evening,3,1,6.0,1,1,93
202400051906,2024-03-27,Afternoon,4,1,2.0,1,2,75
202400051907,2024-05-03,Afternoon,4,1,2.0,1,2,06
202400051908,2024-10-25,Afternoon,4,1,3.0,1,2,95
202400051909,2024-12-02,Evening,4,3,5.0,3,1,68
202400051910,2024-08-17,Afternoon,3,2,6.0,1,1,10
202400051911,2024-02-14,Afternoon,4,1,1.0,1,1,2B
202400051912,2024-09-20,Afternoon,4,1,5.0,1,1,94
202400051913,2024-06-09,Morning,4,2,6.0,1,2,64
202400051914,2024-07-12,Morning,4,2,3.0,1,1,93
202400051915,2024-03-27,Morning,4,1,2.0,1,2,75
202400051916,2024-08-17,Afternoon,4,1,6.0,1,1,16
202400051917,2024-12-03,Morning,4,1,6.0,1,1,06
202400051918,2024-05-03,Evening,4,1,3.0,1,2,04
202400051919,2024-10-25,Morning,2,2,3.0,1,2,95
202400051921,2024-06-08,Afternoon,4,1,2.0,1,2,64
202400051922,2024-09-20,Night,4,1,2.0,5,2,93
202400051923,2024-07-12,Night,4,2,2.0,5,1,95
202400051924,2024-03-27,Evening,4,1,6.0,5,2,75
202400051925,2024-05-03,Morning,4,1,6.0,1,2,03
202400051926,2024-02-14,Morning,4,1,6.0,1,1,2A
202400051927,2024-10-24,Evening,4,1,3.0,5,2,91
202400051928,2024-12-02,Morning,3,1,3.0,2,2,83
202400051929,2024-02-27,Afternoon,3,1,6.0,1,2,75
202400051930,2024-05-02,Evening,4,2,3.0,1,2,75
202400051931,2024-09-21,Evening,4,1,3.0,1,2,93
202400051932,2024-06-08,Afternoon,3,1,3.0,1,2,62
202400051933,2024-08-17,Afternoon,4,2,1.0,1,1,21
202400051934,2024-02-14,Morning,4,1,1.0,1,2,2A
202400051936,2024-12-01,Evening,4,1,1.0,4,1,83
202400051937,2024-10-25,Night,4,1,1.0,5,2,91
202400051938,2024-08-17,Afternoon,2,1,6.0,1,2,40
202400051939,2024-09-21,Afternoon,4,1,1.0,1,2,93
202400051940,2024-06-09,Afternoon,4,1,6.0,1,2,62
202400051941,2024-03-24,Evening,4,1,3.0,5,2,75
202400051942,2024-05-03,Night,4,1,3.0,5,2,75
202400051943,2024-02-14,Night,4,2,6.0,3,1,95
202400051944,2024-08-17,Night,4,2,7.0,3,1,85
202400051945,2024-11-23,Afternoon,3,1,3.0,1,2,26
202400051947,2024-09-20,Afternoon,4,1,6.0,1,2,93
202400051948,2024-06-09,Evening,4,1,3.0,1,2,60
202400051949,2024-03-27,Morning,4,1,6.0,1,2,75
202400051950,2024-05-03,Afternoon,4,1,3.0,1,2,75
202400051951,2024-10-25,Morning,4,1,4.0,1,2,91
202400051952,2024-02-14,Morning,4,1,6.0,5,2,95
202400051953,2024-05-03,Afternoon,4,1,6.0,1,2,75
202400051954,2024-12-01,Afternoon,3,1,6.0,1,1,37
202400051955,2024-08-16,Afternoon,4,1,3.0,1,1,37
202400051956,2024-06-08,Afternoon,3,7,2.0,1,1,53
202400051957,2024-03-26,Afternoon,4,2,3.0,1,2,75
202400051958,2024-10-24,Afternoon,4,1,3.0,1,2,91
202400051959,2024-02-13,Evening,4,1,3.0,5,2,87
202400051960,2024-08-17,Morning,4,1,3.0,1,2,13
202400051961,2024-09-21,Evening,4,1,3.0,5,2,92
202400051962,2024-05-03,Afternoon,4,1,6.0,1,2,75
202400051964,2024-12-03,Afternoon,4,1,3.0,1,1,77
202400051965,2024-10-25,Night,3,3,6.0,5,2,82
202400051966,2024-09-21,Night,4,2,6.0,5,2,92
202400051967,2024-03-27,Morning,4,1,3.0,1,2,75
202400051968,2024-06-09,Evening,4,1,3.0,1,2,51
202400051969,2024-02-14,Afternoon,3,1,6.0,1,2,85
202400051970,2024-10-26,Night,4,2,7.0,3,1,81
202400051971,2024-04-30,Afternoon,4,1,3.0,1,2,75
202400051973,2024-12-02,Evening,3,1,3.0,3,1,32
202400051974,2024-02-14,Morning,4,1,7.0,3,1,30
202400051975,2024-09-21,Afternoon,4,1,6.0,1,2,92
202400051976,2024-10-26,Night,4,1,6.0,5,2,80
202400051977,2024-06-09,Evening,4,1,3.0,1,2,51
202400051978,2024-03-26,Afternoon,4,1,2.0,1,2,94
202400051979,2024-04-30,Afternoon,4,1,3.0,1,2,75
202400051980,2024-08-17,Morning,4,1,3.0,1,1,06
202400051981,2024-02-14,Morning,4,2,3.0,1,1,77
202400051982,2024-12-02,Night,3,2,6.0,3,1,61
202400051983,2024-03-27,Evening,4,1,6.0,2,2,94
202400051984,2024-09-20,Evening,4,1,6.0,5,2,92
202400051985,2024-10-24,Evening,4,1,3.0,5,2,80
202400051987,2024-05-02,Afternoon,4,2,6.0,1,2,75
202400051988,2024-06-09,Night,4,1,3.0,2,2,42
202400051989,2024-06-30,Night,4,1,6.0,5,2,39
202400051990,2024-07-30,Afternoon,3,1,3.0,1,2,13
202400051991,2024-09-20,Morning,3,1,6.0,1,2,33
202400051992,2024-02-14,Morning,4,1,6.0,1,2,76
202400051993,2024-03-27,Morning,4,1,6.0,1,2,94
202400051994,2024-07-12,Night,4,3,3.0,5,2,69
202400051995,2024-06-09,Morning,3,1,6.0,1,1,35
202400051996,2024-05-03,Morning,4,1,3.0,1,2,75
202400051997,2024-02-14,Afternoon,3,1,6.0,2,2,68
202400051998,2024-08-16,Morning,3,8,2.0,1,1,14
202400051999,2024-12-03,Morning,3,1,1.0,2,2,44
202400052000,2024-03-27,Morning,4,1,6.0,1,2,93
202400052001,2024-10-24,Afternoon,3,1,2.0,1,2,79
202400052002,2024-06-09,Morning,3,1,6.0,1,1,35
202400052003,2024-05-03,Afternoon,4,1,3.0,1,2,75
202400052004,2024-02-14,Morning,4,1,2.0,1,2,66
202400052005,2024-07-11,Afternoon,4,2,3.0,1,2,69
202400052006,2024-09-21,Afternoon,3,1,3.0,1,1,34
202400052007,2024-03-27,Evening,4,1,6.0,1,2,93
202400052008,2024-12-03,Morning,2,2,1.0,3,2,14
202400052009,2024-10-24,Afternoon,4,1,2.0,1,2,79
202400052010,2024-08-16,Evening,3,1,3.0,1,1,11
202400052011,2024-06-09,Evening,4,1,1.0,1,2,34
202400052012,2024-05-03,Afternoon,4,1,6.0,1,2,75
202400052013,2024-02-09,Morning,3,2,6.0,1,2,65
202400052014,2024-03-27,Morning,4,1,6.0,2,2,93
202400052015,2024-08-16,Afternoon,3,1,6.0,1,2,69
202400052016,2024-07-11,Morning,4,1,3.0,1,2,69
202400052017,2024-09-22,Morning,2,1,7.0,1,2,73
202400052018,2024-12-03,Afternoon,4,1,6.0,2,2,14
202400052019,2024-06-09,Night,4,1,6.0,4,2,33
202400052020,2024-05-03,Afternoon,4,8,6.0,1,2,75
202400052021,2024-10-24,Afternoon,4,1,3.0,1,2,77
202400052022,2024-12-03,Afternoon,3,1,6.0,3,1,50
202400052023,2024-02-14,Night,3,2,4.0,5,2,59
202400052024,2024-07-10,Afternoon,4,1,3.0,1,2,69
202400052025,2024-03-27,Evening,4,1,5.0,1,2,93