Num_Acc,date,time_of_day,max_severity,weather,collision_type,lighting,urban_area,department
202400052027,2024-06-09,Morning,4,1,7.0,1,2,30
202400052028,2024-05-03,Afternoon,4,1,6.0,1,2,75
202400052030,2024-10-25,Afternoon,4,1,1.0,1,2,77
202400052031,2024-06-09,Evening,4,1,7.0,1,1,29
202400052032,2024-08-16,Morning,3,1,3.0,1,2,66
202400052033,2024-07-10,Afternoon,4,1,2.0,1,2,2B
202400052034,2024-02-13,Afternoon,4,1,3.0,1,2,56
202400052035,2024-05-03,Evening,4,1,3.0,1,2,94
202400052036,2024-12-02,Afternoon,3,1,2.0,2,1,27
202400052037,2024-03-27,Afternoon,4,1,2.0,1,2,93
202400052039,2024-10-25,Night,3,1,6.0,3,2,76
202400052040,2024-06-09,Night,4,1,3.0,4,2,22
202400052041,2024-07-11,Morning,4,1,3.0,1,2,2A
202400052042,2024-12-02,Evening,4,2,3.0,1,1,23
202400052043,2024-08-17,Night,4,1,2.0,3,1,26
202400052044,2024-09-21,Evening,3,1,7.0,1,1,38
202400052045,2024-05-03,Afternoon,4,1,4.0,1,2,94
202400052046,2024-03-27,Afternoon,4,1,6.0,1,2,93
202400052047,2024-02-13,Morning,4,1,6.0,1,2,54
202400052048,2024-06-09,Evening,4,1,1.0,1,2,19
202400052049,2024-12-02,Morning,3,2,6.0,1,1,87
202400052050,2024-10-24,Afternoon,4,1,3.0,1,2,76
202400052051,2024-08-16,Night,4,1,7.0,3,1,71
202400052052,2024-07-11,Afternoon,4,1,6.0,1,2,95
202400052053,2024-03-26,Night,4,1,6.0,5,2,92
202400052054,2024-09-22,Night,3,1,6.0,3,2,62
202400052055,2024-02-13,Evening,4,2,3.0,5,2,51
202400052056,2024-08-16,Afternoon,3,1,1.0,1,1,73
202400052057,2024-12-02,Afternoon,4,1,3.0,5,2,06
202400052058,2024-03-27,Evening,2,1,6.0,1,2,92
202400052059,2024-10-24,Afternoon,4,1,7.0,1,2,76
202400052060,2024-05-03,Afternoon,4,1,3.0,1,2,94
202400052061,2024-07-11,Evening,4,1,6.0,1,2,91
202400052062,2024-06-09,Night,4,1,1.0,3,2,18
202400052063,2024-09-19,Evening,4,1,3.0,1,1,83
202400052064,2024-02-13,Afternoon,4,1,3.0,1,2,49
202400052065,2024-10-25,Afternoon,4,2,6.0,1,2,72
202400052066,2024-03-27,Night,4,1,6.0,5,2,92
202400052067,2024-08-16,Afternoon,4,1,1.0,1,1,38
202400052068,2024-06-09,Night,4,1,2.0,5,1,17
202400052069,2024-12-02,Afternoon,4,7,3.0,1,1,91
202400052070,2024-08-16,Night,4,2,6.0,3,1,07
202400052071,2024-07-11,Evening,4,1,3.0,1,2,91
202400052072,2024-10-24,Night,4,1,6.0,5,2,72
202400052073,2024-09-22,Afternoon,4,1,2.0,1,1,56
202400052074,2024-03-28,Morning,4,1,1.0,1,2,69
202400052075,2024-12-03,Morning,4,8,7.0,1,1,67
202400052076,2024-06-09,Night,3,1,3.0,5,2,13
202400052077,2024-08-16,Afternoon,3,1,6.0,1,2,01
202400052078,2024-02-14,Afternoon,4,1,1.0,1,2,47
202400052079,2024-10-23,Afternoon,4,1,6.0,1,2,72
202400052080,2024-07-11,Night,3,1,6.0,5,2,88
202400052081,2024-09-20,Afternoon,3,1,3.0,1,1,56
202400052083,2024-02-13,Morning,4,5,2.0,1,2,41
202400052084,2024-06-09,Night,4,1,7.0,3,1,13
202400052085,2024-08-14,Night,4,2,1.0,3,1,09
202400052086,2024-12-03,Afternoon,3,6,2.0,1,1,13
202400052087,2024-09-22,Afternoon,4,3,3.0,1,1,69
202400052088,2024-07-11,Evening,4,1,3.0,5,2,88
202400052089,2024-06-09,Evening,4,1,6.0,1,2,06
202400052091,2024-02-14,Evening,4,1,3.0,5,2,37
202400052092,2024-08-16,Evening,2,1,6.0,1,2,17
202400052093,2024-10-23,Afternoon,4,1,6.0,1,2,72
202400052094,2024-07-11,Afternoon,3,1,7.0,1,2,87
202400052095,2024-09-21,Evening,3,1,7.0,3,2,89
202400052096,2024-12-03,Afternoon,4,8,1.0,1,1,78
202400052097,2024-08-16,Afternoon,4,1,7.0,1,1,49
202400052098,2024-03-27,Evening,3,1,7.0,5,2,59
202400052099,2024-06-08,Night,4,1,6.0,4,2,04
202400052100,2024-02-14,Night,3,1,6.0,5,2,33
202400052101,2024-09-22,Morning,4,1,6.0,3,2,63
202400052102,2024-07-11,Morning,4,8,6.0,1,2,86
202400052103,2024-12-03,Evening,4,1,6.0,3,1,66
202400052104,2024-10-24,Night,4,1,3.0,2,2,69
202400052105,2024-06-07,Afternoon,4,1,6.0,1,2,01
202400052106,2024-08-16,Afternoon,3,2,1.0,1,1,29
202400052107,2024-09-20,Afternoon,3,1,3.0,1,1,61
202400052108,2024-02-14,Evening,4,1,6.0,5,2,33
202400052109,2024-12-02,Afternoon,3,1,7.0,5,2,83
202400052110,2024-07-08,Morning,4,1,3.0,1,2,84
202400052111,2024-03-28,Morning,4,1,4.0,1,2,34
202400052112,2024-10-23,Afternoon,4,1,6.0,1,2,67
202400052113,2024-08-17,Afternoon,2,1,6.0,1,1,22
202400052114,2024-06-09,Afternoon,4,1,2.0,1,2,75
202400052115,2024-09-22,Night,3,1,7.0,3,1,12
202400052116,2024-12-02,Afternoon,3,1,3.0,1,1,13
202400052117,2024-03-28,Morning,2,2,6.0,1,1,56
202400052118,2024-10-21,Afternoon,3,1,3.0,1,2,67
202400052119,2024-07-11,Night,4,2,1.0,3,1,81
202400052120,2024-02-14,Evening,4,1,2.0,5,2,33
202400052121,2024-09-21,Evening,4,1,3.0,5,2,34
202400052122,2024-06-07,Afternoon,4,1,2.0,1,2,75
202400052123,2024-03-28,Night,3,1,6.0,3,1,76
202400052124,2024-08-15,Night,4,1,2.0,3,1,59
202400052125,2024-11-30,Afternoon,4,1,5.0,1,2,42
202400052126,2024-07-11,Morning,4,1,2.0,1,2,79
202400052127,2024-10-25,Afternoon,4,2,2.0,2,2,64
202400052128,2024-02-12,Afternoon,4,8,6.0,1,2,33
202400052129,2024-09-20,Evening,4,1,3.0,1,2,68
202400052130,2024-06-07,Evening,2,7,6.0,1,2,75
202400052131,2024-12-02,Afternoon,2,2,6.0,3,1,26
202400052132,2024-03-27,Afternoon,3,1,3.0,1,2,79
202400052133,2024-08-16,Evening,4,1,2.0,2,1,94
202400052134,2024-10-25,Morning,4,2,6.0,1,2,64
202400052135,2024-02-14,Evening,4,1,1.0,5,2,31
202400052136,2024-07-10,Morning,3,1,3.0,1,2,78
202400052137,2024-03-27,Evening,3,1,7.0,3,1,39
202400052138,2024-08-16,Night,4,1,3.0,2,1,94
202400052139,2024-12-03,Night,3,2,6.0,3,1,69
202400052140,2024-10-24,Afternoon,3,1,6.0,1,2,64
202400052141,2024-09-22,Afternoon,4,1,1.0,1,1,44
202400052142,2024-06-09,Afternoon,4,1,2.0,1,2,75
202400052143,2024-03-25,Evening,4,2,3.0,2,2,29
202400052144,2024-08-16,Afternoon,4,1,3.0,1,1,95
202400052145,2024-12-03,Afternoon,2,1,2.0,1,1,81
202400052146,2024-09-19,Afternoon,3,1,5.0,1,1,31
202400052147,2024-06-09,Evening,4,1,2.0,1,2,75
202400052148,2024-10-24,Afternoon,4,1,4.0,1,2,64
202400052149,2024-03-25,Night,3,1,6.0,5,2,38
202400052150,2024-08-16,Night,4,1,2.0,3,1,77
202400052151,2024-07-11,Afternoon,4,1,6.0,1,2,77
202400052152,2024-12-02,Evening,3,1,2.0,3,1,86
202400052153,2024-02-13,Afternoon,4,1,3.0,1,2,14
202400052154,2024-09-21,Evening,4,2,5.0,1,1,31
202400052155,2024-11-26,Morning,3,1,7.0,3,1,33
202400052156,2024-06-09,Afternoon,4,1,6.0,1,2,75
202400052157,2024-10-25,Evening,4,1,3.0,3,1,62
202400052158,2024-03-28,Night,3,2,3.0,2,1,02
202400052159,2024-07-11,Morning,4,1,4.0,1,2,76
202400052160,2024-09-21,Night,4,1,7.0,3,1,03
202400052161,2024-02-13,Evening,4,2,3.0,5,2,14
202400052162,2024-06-09,Afternoon,3,1,1.0,1,2,75
202400052163,2024-06-05,Night,4,1,3.0,5,2,42
202400052164,2024-03-27,Evening,4,1,1.0,1,1,02
202400052165,2024-07-11,Afternoon,3,8,2.0,1,1,73
202400052166,2024-10-25,Evening,4,2,3.0,1,1,61
202400052167,2024-02-11,Afternoon,3,1,1.0,2,2,13
202400052168,2024-09-21,Morning,3,5,1.0,1,1,54
202400052169,2024-06-09,Night,4,1,6.0,5,2,75
202400052171,2024-03-26,Afternoon,3,2,6.0,1,1,14
202400052172,2024-02-14,Evening,4,1,1.0,5,2,13
202400052173,2024-10-22,Night,3,1,1.0,5,2,60
202400052174,2024-09-20,Afternoon,4,1,6.0,1,1,14
202400052175,2024-07-10,Afternoon,4,1,3.0,1,2,72
202400052176,2024-06-09,Evening,3,1,7.0,1,2,75
202400052178,2024-12-03,Morning,4,1,1.0,3,1,60
202400052179,2024-03-19,Evening,3,7,1.0,1,2,09
202400052180,2024-09-21,Evening,4,1,7.0,2,1,05
202400052182,2024-12-03,Night,4,1,6.0,3,1,60
202400052183,2024-02-14,Evening,4,1,1.0,5,2,13
202400052184,2024-07-11,Evening,4,1,1.0,1,1,69
202400052185,2024-09-22,Night,4,1,6.0,3,1,50
202400052187,2024-10-25,Morning,4,1,4.0,1,2,60
202400052188,2024-06-09,Morning,4,1,3.0,1,2,75
202400052189,2024-11-29,Night,3,9,6.0,3,1,80
202400052190,2024-09-22,Afternoon,2,3,6.0,1,1,45
202400052192,2024-02-14,Evening,4,1,3.0,5,2,13
202400052193,2024-07-11,Evening,4,3,6.0,1,2,69
202400052194,2024-12-02,Evening,3,2,3.0,3,1,80
202400052195,2024-02-15,Night,3,1,6.0,5,2,10
202400052196,2024-10-25,Evening,3,1,3.0,2,2,57
202400052197,2024-07-11,Afternoon,4,1,6.0,1,2,67
202400052198,2024-08-15,Evening,4,1,3.0,1,2,69
202400052199,2024-09-22,Morning,4,8,6.0,3,2,53
202400052200,2024-12-03,Morning,3,1,6.0,1,2,62
202400052201,2024-06-09,Morning,4,1,3.0,1,2,94
202400052202,2024-02-13,Evening,4,1,6.0,5,2,06
202400052203,2024-10-25,Morning,3,1,3.0,1,2,57
202400052205,2024-12-02,Morning,4,1,6.0,1,1,83
202400052206,2024-09-22,Night,2,5,6.0,3,1,85
202400052207,2024-07-10,Afternoon,3,1,3.0,1,2,64
202400052208,2024-02-12,Afternoon,4,1,3.0,1,2,06
202400052209,2024-08-16,Night,4,1,6.0,5,2,69
202400052210,2024-12-02,Afternoon,4,2,2.0,1,1,33
202400052211,2024-09-21,Afternoon,4,1,3.0,1,1,27
202400052212,2024-07-11,Afternoon,4,1,7.0,1,2,64
202400052213,2024-06-08,Evening,4,1,2.0,1,2,94
202400052214,2024-09-19,Morning,2,1,7.0,3,1,27
202400052215,2024-02-14,Afternoon,4,8,7.0,1,2,75
202400052216,2024-10-25,Afternoon,4,1,3.0,1,2,54
202400052217,2024-08-15,Morning,4,1,3.0,1,2,2A
202400052218,2024-11-30,Morning,4,1,6.0,1,1,59
202400052219,2024-07-11,Morning,4,1,3.0,1,2,64
202400052220,2024-06-09,Evening,4,1,3.0,1,2,93
202400052221,2024-10-25,Afternoon,4,1,6.0,1,2,54
202400052222,2024-02-14,Evening,4,1,6.0,4,2,75
202400052223,2024-12-02,Afternoon,4,1,3.0,1,1,94
202400052224,2024-09-19,Morning,4,1,4.0,1,1,27
202400052225,2024-06-09,Night,4,1,7.0,5,2,92
202400052226,2024-08-15,Evening,2,1,3.0,1,1,95
202400052227,2024-07-10,Afternoon,4,1,2.0,1,2,64
202400052228,2024-10-24,Evening,3,1,6.0,3,2,54
202400052229,2024-02-14,Evening,4,1,2.0,5,2,75
202400052230,2024-06-09,Night,4,1,7.0,5,2,92
202400052231,2024-07-11,Evening,3,1,3.0,1,2,64
202400052232,2024-10-25,Afternoon,4,1,3.0,1,2,51
202400052233,2024-02-14,Morning,4,9,7.0,1,2,75
202400052234,2024-12-01,Afternoon,4,1,4.0,2,1,92
202400052235,2024-08-15,Afternoon,4,1,3.0,1,2,84
202400052236,2024-06-09,Afternoon,4,1,6.0,1,2,92
202400052238,2024-07-10,Evening,3,1,3.0,1,2,64
202400052239,2024-10-25,Afternoon,4,1,2.0,1,2,51
202400052240,2024-02-13,Evening,4,2,6.0,2,2,75
202400052241,2024-11-30,Evening,4,1,2.0,3,1,95
202400052244,2024-08-14,Afternoon,3,7,3.0,1,2,80
202400052245,2024-07-11,Morning,4,1,2.0,1,1,63
202400052246,2024-09-21,Night,4,1,6.0,3,1,73
202400052247,2024-12-01,Night,4,1,6.0,3,1,94
202400052248,2024-02-14,Afternoon,4,1,2.0,1,2,94
202400052249,2024-06-04,Morning,3,1,7.0,1,1,2A
202400052250,2024-10-25,Morning,4,1,3.0,1,2,51
202400052251,2024-08-15,Afternoon,4,1,3.0,1,1,78
202400052253,2024-07-06,Evening,4,1,3.0,1,2,62
202400052254,2024-02-13,Night,4,2,1.0,5,2,94
202400052255,2024-10-25,Morning,4,1,6.0,5,2,49
202400052256,2024-06-10,Afternoon,4,1,1.0,1,1,24
202400052257,2024-08-08,Afternoon,4,1,3.0,1,1,73
202400052258,2024-08-15,Evening,4,1,6.0,1,2,77
202400052259,2024-09-22,Night,3,1,6.0,3,1,13
202400052261,2024-07-11,Morning,4,7,3.0,1,2,62
202400052262,2024-10-25,Morning,4,2,3.0,2,2,49
202400052263,2024-08-30,Afternoon,3,2,2.0,1,1,60
202400052265,2024-06-06,Afternoon,4,1,4.0,1,1,43
202400052266,2024-07-10,Afternoon,4,1,6.0,1,2,59
202400052267,2024-06-08,Night,3,1,6.0,3,2,76
202400052268,2024-10-24,Evening,4,1,3.0,5,2,49
202400052271,2024-08-15,Afternoon,4,1,3.0,1,1,77
202400052272,2024-06-10,Night,2,5,6.0,2,1,23
202400052273,2024-07-11,Afternoon,3,1,6.0,1,2,59
202400052274,2024-10-24,Morning,4,7,6.0,1,2,49
202400052276,2024-12-01,Afternoon,4,1,3.0,1,2,69
202400052277,2024-08-15,Morning,3,7,1.0,1,1,76
202400052278,2024-06-10,Afternoon,4,1,1.0,1,1,54
202400052279,2024-07-11,Morning,3,1,2.0,1,1,59
202400052280,2024-10-25,Morning,3,2,6.0,2,2,44
202400052281,2024-09-21,Evening,4,1,6.0,3,1,30
202400052282,2024-08-15,Morning,4,1,1.0,1,2,71
202400052283,2024-06-09,Morning,4,1,6.0,1,2,54
202400052284,2024-12-01,Evening,4,1,2.0,3,1,95
202400052285,2024-07-11,Morning,3,1,6.0,1,2,59
202400052286,2024-09-22,Night,4,1,7.0,3,1,06
202400052287,2024-08-15,Morning,4,1,6.0,2,2,69
202400052288,2024-10-25,Afternoon,4,2,3.0,1,2,37
202400052289,2024-12-01,Morning,4,1,5.0,5,1,91
202400052290,2024-09-21,Afternoon,3,1,3.0,1,1,67
202400052291,2024-08-15,Evening,4,1,3.0,1,2,67
202400052292,2024-07-11,Night,4,2,3.0,3,2,56
202400052293,2024-10-25,Afternoon,3,1,3.0,1,2,37
202400052294,2024-08-15,Afternoon,4,1,6.0,1,2,67
202400052295,2024-11-30,Afternoon,4,1,2.0,1,2,91
202400052296,2024-05-31,Evening,3,1,6.0,2,2,06
202400052297,2024-09-22,Evening,4,3,3.0,5,2,38
202400052298,2024-08-14,Morning,2,7,7.0,1,1,67
202400052299,2024-11-30,Afternoon,4,1,3.0,1,2,86
202400052300,2024-07-10,Morning,4,1,3.0,1,2,56
202400052301,2024-08-15,Evening,3,1,7.0,3,1,64
202400052302,2024-09-18,Evening,4,1,6.0,1,2,69
202400052303,2024-10-25,Evening,4,1,4.0,3,1,35
202400052304,2024-06-06,Afternoon,4,1,3.0,1,2,34
202400052305,2024-08-15,Night,4,1,6.0,5,2,63
202400052306,2024-09-20,Afternoon,4,1,1.0,1,1,81
202400052307,2024-07-10,Morning,4,1,4.0,1,1,56
202400052308,2024-10-25,Afternoon,4,1,7.0,1,2,35
202400052309,2024-05-09,Night,4,1,6.0,3,1,56
202400052310,2024-12-01,Evening,4,1,5.0,3,1,84
202400052311,2024-09-20,Afternoon,3,1,3.0,1,1,40
202400052312,2024-07-10,Morning,3,1,6.0,1,2,53
202400052313,2024-10-25,Evening,4,8,3.0,5,2,34
202400052314,2024-06-06,Morning,3,7,3.0,2,1,79
202400052315,2024-08-15,Evening,3,1,1.0,1,2,47
202400052316,2024-12-02,Night,3,1,6.0,5,2,83
202400052317,2024-07-11,Afternoon,3,1,7.0,1,2,51
202400052318,2024-08-15,Evening,4,1,6.0,1,2,37
202400052319,2024-06-09,Evening,3,1,7.0,1,1,79
202400052320,2024-12-01,Night,2,1,6.0,3,1,81
202400052321,2024-09-22,Afternoon,3,1,5.0,1,1,40
202400052322,2024-10-24,Night,4,1,3.0,5,2,34
202400052323,2024-08-15,Morning,4,1,2.0,1,2,37
202400052324,2024-06-09,Afternoon,3,1,7.0,1,1,79
202400052325,2024-12-01,Afternoon,4,1,3.0,1,2,78
202400052326,2024-07-11,Night,4,1,6.0,5,2,51
202400052327,2024-09-18,Afternoon,3,1,6.0,1,2,33
202400052328,2024-10-25,Night,4,8,3.0,5,2,33
202400052329,2024-08-14,Afternoon,4,1,3.0,1,2,34
202400052330,2024-12-01,Afternoon,3,1,7.0,1,2,77
202400052331,2024-09-21,Afternoon,3,1,7.0,1,1,85
202400052332,2024-06-10,Morning,4,7,3.0,1,2,79
202400052333,2024-07-10,Afternoon,3,1,1.0,1,2,46
202400052334,2024-08-15,Evening,4,1,6.0,1,2,33
202400052335,2024-06-10,Evening,3,1,6.0,1,1,33
202400052336,2024-10-24,Morning,4,1,6.0,1,2,33
202400052337,2024-09-13,Night,3,1,2.0,4,1,22
202400052338,2024-12-01,Evening,4,1,3.0,2,2,76
202400052339,2024-07-11,Morning,4,1,3.0,1,2,45
202400052340,2024-08-15,Night,3,1,3.0,3,2,33
202400052341,2024-10-25,Morning,4,2,3.0,1,2,33
202400052342,2024-12-01,Afternoon,3,8,3.0,1,2,76
202400052343,2024-06-07,Afternoon,4,1,5.0,1,1,81
202400052344,2024-07-10,Evening,3,1,3.0,1,2,44
202400052345,2024-08-15,Afternoon,4,1,3.0,1,2,31
202400052346,2024-09-21,Afternoon,3,1,3.0,1,1,80
202400052347,2024-07-07,Afternoon,4,1,6.0,1,2,42
202400052348,2024-10-26,Night,4,8,4.0,5,1,31
202400052349,2024-06-09,Morning,3,7,2.0,1,2,49
202400052350,2024-09-22,Morning,4,1,1.0,2,1,59
202400052351,2024-08-15,Evening,3,1,3.0,1,2,28
202400052352,2024-11-29,Afternoon,4,1,4.0,1,1,76
202400052353,2024-07-11,Afternoon,4,1,3.0,1,2,38
202400052354,2024-12-01,Afternoon,3,1,7.0,1,2,67
202400052355,2024-09-22,Morning,3,1,3.0,1,1,59
202400052356,2024-10-25,Night,3,2,7.0,5,2,30
202400052357,2024-08-15,Afternoon,4,1,2.0,1,1,22
202400052358,2024-09-21,Evening,3,1,3.0,1,2,59
202400052359,2024-07-11,Afternoon,4,1,3.0,1,2,37
202400052360,2024-06-10,Morning,4,1,3.0,1,1,46
202400052361,2024-12-01,Afternoon,4,1,4.0,1,2,66
202400052362,2024-08-15,Morning,2,1,7.0,1,2,14
202400052363,2024-07-10,Afternoon,4,1,6.0,1,2,37
202400052364,2024-10-24,Afternoon,4,1,3.0,1,2,29
202400052365,2024-09-20,Afternoon,4,1,3.0,1,1,13
202400052366,2024-06-09,Evening,3,1,6.0,1,1,46
202400052367,2024-08-15,Night,4,2,6.0,3,1,13
202400052368,2024-12-01,Night,3,1,3.0,5,2,66
202400052369,2024-10-24,Evening,4,1,6.0,5,2,27
202400052370,2024-09-21,Morning,4,2,3.0,3,1,91
202400052371,2024-08-15,Night,3,1,7.0,5,2,13
202400052372,2024-06-10,Afternoon,4,1,1.0,1,1,38
202400052373,2024-07-11,Morning,4,1,3.0,1,2,35
202400052374,2024-12-01,Evening,4,1,6.0,5,2,65
202400052375,2024-10-24,Morning,4,1,6.0,1,2,27
202400052376,2024-09-20,Evening,4,8,2.0,3,1,92
202400052377,2024-08-14,Afternoon,4,1,3.0,1,1,13
202400052378,2024-10-25,Evening,4,2,1.0,3,2,16
202400052379,2024-07-11,Afternoon,3,1,2.0,1,1,34
202400052380,2024-09-20,Afternoon,4,1,4.0,1,1,93
202400052381,2024-10-25,Morning,4,1,3.0,1,2,15
202400052382,2024-07-11,Evening,3,1,1.0,2,1,34
202400052383,2024-09-21,Night,4,2,3.0,2,1,93
202400052384,2024-10-25,Evening,4,1,1.0,5,2,13
202400052385,2024-09-21,Night,4,1,6.0,3,1,95
202400052386,2024-07-11,Afternoon,4,1,1.0,1,2,33
202400052387,2024-09-21,Night,4,1,7.0,3,1,93
202400052388,2024-07-11,Morning,4,1,6.0,1,2,33
202400052389,2024-10-25,Evening,4,1,6.0,5,2,13
202400052390,2024-09-21,Night,4,2,6.0,3,1,94
202400052391,2024-12-01,Night,4,2,6.0,5,2,62
202400052392,2024-06-09,Afternoon,4,1,3.0,1,2,54
202400052393,2024-07-11,Afternoon,4,1,6.0,1,2,31
202400052394,2024-08-14,Evening,4,1,2.0,5,2,75
202400052395,2024-11-30,Afternoon,4,1,3.0,1,2,59
202400052396,2024-07-21,Night,3,1,3.0,5,2,57
202400052397,2024-06-10,Morning,3,1,1.0,1,2,06
202400052398,2024-07-11,Evening,4,1,6.0,1,2,28
202400052399,2024-08-14,Morning,4,1,4.0,1,2,75
202400052400,2024-10-24,Night,4,1,3.0,3,2,13
202400052401,2024-12-01,Evening,4,2,7.0,5,2,59
202400052403,2024-08-14,Afternoon,4,1,3.0,1,2,75
202400052404,2024-06-09,Evening,3,1,3.0,1,1,14
202400052405,2024-10-25,Morning,4,1,1.0,2,2,13
202400052406,2024-07-11,Morning,4,1,2.0,1,2,27
202400052407,2024-09-20,Evening,4,1,3.0,1,2,69
202400052408,2024-11-30,Afternoon,4,8,2.0,1,2,56
202400052409,2024-06-09,Afternoon,3,1,6.0,1,1,50
202400052410,2024-10-25,Night,4,1,2.0,5,2,13
202400052411,2024-07-11,Afternoon,4,1,3.0,1,2,19
202400052412,2024-12-01,Evening,4,1,7.0,5,2,49
202400052414,2024-06-10,Morning,3,1,6.0,1,1,50
202400052415,2024-09-20,Night,4,1,1.0,3,2,2B
202400052416,2024-06-08,Afternoon,4,1,2.0,1,2,90
202400052417,2024-10-25,Morning,4,1,3.0,1,1,13
202400052418,2024-09-19,Morning,4,1,3.0,1,2,91
202400052419,2024-12-01,Afternoon,3,1,6.0,1,1,49
202400052420,2024-10-22,Evening,4,1,3.0,1,1,12
202400052421,2024-09-19,Evening,4,1,6.0,1,1,87
202400052422,2024-06-09,Afternoon,4,1,5.0,1,2,73
202400052423,2024-12-01,Afternoon,4,1,3.0,1,1,47
202400052424,2024-09-19,Afternoon,3,1,6.0,1,2,87
202400052425,2024-06-10,Afternoon,3,1,7.0,1,1,16
202400052426,2024-10-25,Night,4,9,2.0,5,2,06
202400052427,2024-12-01,Evening,4,1,3.0,5,2,37
202400052428,2024-09-20,Morning,4,1,3.0,1,2,84
202400052429,2024-06-09,Morning,4,1,5.0,1,1,16
202400052430,2024-10-18,Morning,3,2,3.0,5,2,03
202400052431,2024-12-01,Morning,4,1,3.0,1,2,37
202400052432,2024-09-19,Evening,4,1,3.0,3,2,84
202400052433,2024-06-09,Afternoon,3,1,7.0,1,1,16
202400052434,2024-10-25,Evening,4,1,3.0,5,2,75
202400052435,2024-11-30,Night,4,5,7.0,5,2,37
202400052436,2024-09-19,Afternoon,4,1,6.0,1,2,83
202400052437,2024-06-09,Evening,3,3,6.0,3,1,04
202400052438,2024-10-25,Afternoon,4,1,3.0,1,2,75
202400052439,2024-09-20,Morning,4,1,6.0,1,2,78
202400052440,2024-06-10,Evening,3,1,2.0,1,1,04
202400052441,2024-10-25,Morning,4,1,7.0,1,2,75
202400052442,2024-09-19,Night,3,1,3.0,5,2,77
202400052443,2024-11-30,Evening,4,5,3.0,5,2,37
202400052444,2024-06-09,Morning,3,1,6.0,1,1,85
202400052445,2024-10-25,Evening,4,2,6.0,5,2,75
202400052446,2024-12-01,Night,4,1,3.0,5,2,31
202400052447,2024-11-30,Afternoon,4,1,5.0,1,2,31
202400052448,2024-12-01,Night,4,2,3.0,3,1,29
202400052449,2024-09-20,Morning,4,1,6.0,1,2,77
202400052450,2024-02-13,Evening,3,2,6.0,5,2,94
202400052451,2024-02-14,Afternoon,4,1,3.0,1,2,94
202400052452,2024-02-13,Evening,4,2,6.0,5,2,93
202400052453,2024-09-20,Evening,4,1,2.0,5,2,69
202400052454,2024-01-03,Morning,4,2,7.0,3,1,91
202400052455,2024-02-13,Evening,4,2,6.0,5,2,93
202400052456,2024-02-12,Evening,4,1,6.0,4,2,93
202400052457,2024-09-20,Evening,4,1,6.0,1,2,69
202400052458,2024-01-02,Night,4,1,6.0,3,1,92
202400052459,2024-02-14,Morning,4,8,6.0,1,2,93
202400052460,2024-01-02,Evening,4,3,7.0,5,1,92
202400052461,2024-09-21,Night,4,1,1.0,5,2,69
202400052462,2024-02-14,Evening,4,1,3.0,1,2,92
202400052463,2024-01-02,Evening,4,2,3.0,3,1,78
202400052464,2024-01-02,Afternoon,4,2,2.0,1,1,78
202400052465,2024-02-14,Afternoon,4,1,1.0,1,2,92
202400052466,2024-09-20,Morning,4,1,2.0,1,2,69
202400052467,2024-03-28,Morning,4,1,3.0,1,2,07
202400052468,2024-01-02,Afternoon,4,3,2.0,1,1,78
202400052469,2024-01-01,Evening,4,3,6.0,3,1,78
202400052470,2024-02-14,Afternoon,4,1,4.0,2,2,92
202400052471,2024-09-19,Afternoon,4,1,1.0,1,2,69
202400052472,2024-01-02,Evening,4,2,6.0,3,1,95
202400052473,2024-03-28,Morning,4,1,4.0,1,2,07
202400052474,2024-09-20,Night,3,1,6.0,5,2,67
202400052475,2024-02-13,Night,4,1,3.0,5,2,92
202400052476,2024-01-02,Night,4,3,5.0,3,1,92
202400052477,2024-03-23,Morning,3,7,6.0,2,2,40
202400052478,2024-03-25,Morning,3,1,6.0,1,1,85
202400052479,2024-01-02,Evening,4,2,2.0,3,1,94
202400052480,2024-02-11,Afternoon,4,2,3.0,2,2,92
202400052481,2024-09-20,Afternoon,4,1,3.0,1,2,67
202400052483,2024-02-14,Night,4,1,7.0,5,2,92
202400052484,2024-03-21,Morning,3,1,3.0,1,1,85
202400052485,2024-09-20,Afternoon,4,1,3.0,1,2,64
202400052486,2024-08-14,Afternoon,3,1,6.0,1,2,75
202400052487,2024-02-15,Morning,3,1,6.0,2,1,38
202400052488,2024-01-02,Morning,4,2,3.0,5,2,69
202400052489,2024-03-27,Morning,3,1,7.0,2,1,27
202400052490,2024-08-14,Afternoon,4,1,1.0,1,2,75
202400052491,2024-02-15,Morning,4,1,6.0,1,1,42
202400052492,2024-09-20,Morning,4,1,3.0,1,2,63
202400052493,2024-02-14,Morning,4,1,7.0,1,2,65
202400052494,2024-03-28,Afternoon,2,1,5.0,1,1,01
202400052495,2024-01-02,Afternoon,4,1,6.0,1,2,2B
202400052496,2024-08-15,Afternoon,4,1,6.0,1,2,75
202400052497,2024-09-18,Afternoon,4,1,3.0,1,2,62
202400052498,2024-03-27,Afternoon,4,1,6.0,1,1,83
202400052500,2024-08-15,Morning,4,1,3.0,1,2,75
202400052501,2024-02-15,Night,2,2,6.0,3,1,51
202400052502,2024-03-28,Morning,3,1,6.0,1,1,2B