Num_Acc,date,time_of_day,max_severity,weather,collision_type,lighting,urban_area,department
202400052503,2024-01-02,Evening,4,2,6.0,5,2,95
202400052504,2024-03-27,Morning,4,2,6.0,1,2,88
202400052505,2024-02-14,Evening,4,1,3.0,3,1,56
202400052506,2024-08-15,Afternoon,4,1,3.0,1,2,75
202400052507,2024-09-20,Morning,4,1,3.0,1,2,59
202400052508,2024-01-02,Evening,2,3,6.0,5,2,95
202400052509,2024-08-15,Afternoon,4,1,1.0,1,2,75
202400052510,2024-03-27,Afternoon,3,1,1.0,1,2,88
202400052511,2024-01-02,Evening,4,2,3.0,5,2,91
202400052512,2024-03-02,Afternoon,4,1,7.0,1,2,38
202400052513,2024-08-15,Morning,3,1,7.0,1,2,75
202400052514,2024-02-15,Morning,4,1,2.0,2,1,2B
202400052515,2024-01-02,Morning,4,2,6.0,2,2,91
202400052516,2024-01-02,Morning,3,2,6.0,1,1,87
202400052517,2024-09-19,Morning,3,1,3.0,1,2,59
202400052518,2024-02-14,Evening,3,1,3.0,3,1,11
202400052519,2024-03-27,Night,4,8,6.0,5,1,01
202400052520,2024-08-15,Evening,4,1,7.0,1,2,75
202400052521,2024-05-03,Morning,4,1,3.0,1,2,94
202400052522,2024-01-01,Afternoon,4,1,1.0,1,1,82
202400052523,2024-02-14,Afternoon,3,1,6.0,1,2,12
202400052524,2024-09-20,Afternoon,4,1,7.0,1,2,56
202400052525,2024-03-28,Morning,4,1,6.0,1,2,69
202400052526,2024-05-03,Morning,4,1,3.0,1,2,94
202400052527,2024-01-02,Evening,4,2,6.0,5,2,78
202400052528,2024-10-01,Morning,4,1,2.0,1,2,75
202400052529,2024-03-26,Afternoon,3,2,6.0,1,2,14
202400052530,2024-02-15,Morning,3,1,3.0,3,1,42
202400052531,2024-05-03,Morning,4,1,3.0,1,2,94
202400052532,2024-01-01,Night,3,1,6.0,5,2,77
202400052533,2024-03-27,Afternoon,4,1,3.0,1,1,59
202400052534,2024-09-20,Afternoon,4,1,3.0,1,2,56
202400052535,2024-05-03,Evening,4,1,6.0,5,2,94
202400052536,2024-02-14,Afternoon,4,1,7.0,2,1,42
202400052537,2024-08-15,Night,4,1,2.0,5,2,94
202400052538,2024-01-02,Afternoon,4,2,6.0,5,1,77
202400052539,2024-05-02,Evening,4,3,6.0,1,2,94
202400052540,2024-03-24,Afternoon,4,2,6.0,1,1,54
202400052541,2024-08-15,Afternoon,4,1,3.0,1,2,94
202400052542,2024-09-19,Evening,4,1,6.0,4,1,56
202400052543,2024-01-02,Afternoon,4,3,1.0,1,2,77
202400052544,2024-03-27,Night,4,1,2.0,3,1,91
202400052545,2024-05-02,Morning,4,8,3.0,1,2,94
202400052546,2024-01-01,Evening,4,2,3.0,5,1,77
202400052547,2024-08-15,Evening,4,1,5.0,2,1,94
202400052548,2024-05-02,Night,4,8,6.0,5,2,94
202400052549,2024-03-26,Evening,4,3,3.0,5,1,95
202400052550,2024-02-14,Afternoon,3,1,5.0,1,1,46
202400052551,2024-09-20,Afternoon,4,1,3.0,1,2,54
202400052552,2024-01-02,Morning,4,3,6.0,2,2,76
202400052553,2024-02-14,Night,3,1,6.0,4,2,39
202400052554,2024-05-02,Morning,4,1,1.0,1,2,94
202400052555,2024-08-15,Afternoon,4,1,1.0,1,2,93
202400052556,2024-03-27,Afternoon,4,1,2.0,1,1,77
202400052557,2024-09-20,Afternoon,4,1,3.0,1,2,54
202400052558,2024-01-02,Morning,4,2,3.0,1,2,76
202400052559,2024-02-13,Afternoon,3,1,6.0,2,2,25
202400052560,2024-01-24,Morning,4,1,3.0,1,2,11
202400052561,2024-05-03,Evening,4,1,2.0,1,2,93
202400052562,2024-01-01,Afternoon,3,1,6.0,1,2,57
202400052563,2024-08-15,Evening,4,1,3.0,2,2,93
202400052564,2024-01-02,Afternoon,4,2,6.0,1,2,51
202400052565,2024-02-09,Evening,4,1,5.0,1,1,44
202400052566,2024-01-01,Evening,4,2,6.0,5,2,49
202400052567,2024-09-13,Morning,3,1,6.0,1,2,52
202400052568,2024-01-27,Evening,3,1,7.0,3,1,22
202400052569,2024-02-13,Evening,4,1,1.0,3,1,44
202400052570,2024-01-02,Afternoon,4,2,6.0,5,2,45
202400052571,2024-05-01,Afternoon,4,1,7.0,1,2,93
202400052572,2024-08-15,Morning,4,1,6.0,1,2,93
202400052573,2024-01-02,Morning,4,2,6.0,5,2,45
202400052575,2024-09-19,Afternoon,3,1,3.0,1,2,49
202400052576,2024-02-14,Night,3,1,1.0,3,1,66
202400052577,2024-08-15,Night,4,1,6.0,5,2,92
202400052578,2024-02-15,Afternoon,4,1,6.0,1,1,83
202400052579,2024-09-20,Night,3,1,3.0,5,2,44
202400052580,2024-05-02,Afternoon,4,2,1.0,1,2,93
202400052581,2024-01-02,Morning,4,2,1.0,5,2,45
202400052583,2024-02-13,Afternoon,3,1,7.0,1,1,18
202400052584,2024-08-15,Afternoon,3,1,1.0,1,1,09
202400052585,2024-05-03,Afternoon,4,1,1.0,1,2,93
202400052586,2024-09-20,Evening,4,1,3.0,1,2,42
202400052587,2024-01-01,Afternoon,4,1,1.0,1,1,42
202400052588,2024-02-15,Morning,2,1,7.0,1,1,85
202400052589,2024-03-26,Afternoon,4,2,3.0,1,2,69
202400052590,2024-10-25,Evening,4,9,1.0,5,2,75
202400052591,2024-01-02,Afternoon,3,2,6.0,1,2,42
202400052592,2024-02-14,Afternoon,3,1,6.0,1,1,28
202400052593,2024-05-03,Afternoon,4,1,3.0,1,2,93
202400052594,2024-08-14,Evening,4,1,3.0,2,1,35
202400052595,2024-03-26,Morning,3,2,6.0,1,2,69
202400052596,2024-09-19,Afternoon,3,1,3.0,1,2,39
202400052597,2024-10-25,Night,4,1,1.0,5,2,75
202400052598,2024-05-03,Afternoon,4,1,6.0,1,2,92
202400052599,2024-08-16,Night,3,5,6.0,3,1,12
202400052600,2024-02-14,Evening,4,2,6.0,3,1,28
202400052601,2024-07-11,Morning,4,1,6.0,1,2,14
202400052602,2024-01-02,Afternoon,4,2,3.0,1,2,37
202400052603,2024-10-25,Afternoon,4,8,6.0,1,2,75
202400052604,2024-07-11,Afternoon,3,1,1.0,1,2,13
202400052605,2024-09-19,Morning,4,1,3.0,1,2,37
202400052606,2024-10-24,Afternoon,4,1,6.0,1,2,75
202400052607,2024-02-15,Night,3,1,1.0,3,1,13
202400052608,2024-01-02,Afternoon,4,2,6.0,1,1,37
202400052609,2024-05-03,Morning,3,1,3.0,1,2,92
202400052610,2024-07-11,Evening,4,1,3.0,1,2,13
202400052611,2024-08-16,Afternoon,3,1,6.0,1,2,06
202400052612,2024-06-05,Afternoon,3,1,3.0,1,2,27
202400052613,2024-01-09,Morning,4,1,6.0,1,1,51
202400052614,2024-09-20,Morning,4,1,3.0,1,2,35
202400052615,2024-01-02,Afternoon,4,2,6.0,1,2,37
202400052616,2024-10-25,Night,2,8,3.0,5,2,75
202400052617,2024-05-03,Afternoon,4,1,1.0,1,2,92
202400052618,2024-06-09,Night,3,1,6.0,3,1,87
202400052619,2024-07-11,Morning,3,1,6.0,1,2,13
202400052621,2024-02-13,Evening,4,2,6.0,5,2,95
202400052622,2024-08-14,Afternoon,3,1,1.0,1,1,06
202400052623,2024-09-20,Night,2,1,6.0,5,2,33
202400052624,2024-06-09,Afternoon,4,1,7.0,1,2,37
202400052625,2024-05-03,Morning,4,1,2.0,1,2,92
202400052626,2024-10-25,Morning,4,1,6.0,1,2,75
202400052627,2024-03-26,Evening,4,1,2.0,5,2,69
202400052628,2024-01-02,Afternoon,4,2,6.0,1,2,33
202400052629,2024-02-14,Evening,3,1,3.0,3,1,83
202400052630,2024-07-11,Afternoon,3,1,3.0,1,2,13
202400052631,2024-06-09,Afternoon,3,1,1.0,1,1,88
202400052632,2024-08-16,Afternoon,3,1,4.0,1,1,81
202400052633,2024-10-25,Morning,4,1,6.0,1,2,94
202400052634,2024-09-20,Evening,4,1,3.0,5,2,33
202400052635,2024-05-03,Afternoon,4,1,2.0,1,2,92
202400052636,2024-01-02,Morning,2,8,7.0,1,1,32
202400052638,2024-08-15,Morning,3,1,7.0,1,1,05
202400052639,2024-02-13,Morning,4,1,3.0,2,1,71
202400052640,2024-10-25,Morning,4,1,3.0,1,2,94
202400052641,2024-07-11,Morning,4,1,2.0,1,2,13
202400052642,2024-06-09,Afternoon,3,1,6.0,1,1,45
202400052643,2024-05-02,Night,4,2,6.0,5,2,92
202400052645,2024-09-20,Night,4,1,2.0,5,2,33
202400052646,2024-01-02,Evening,3,1,1.0,5,2,31
202400052647,2024-02-14,Morning,4,1,1.0,1,1,67
202400052648,2024-10-25,Morning,4,1,6.0,1,2,94
202400052649,2024-05-02,Evening,4,2,6.0,1,2,92
202400052650,2024-07-07,Morning,2,1,7.0,1,2,08
202400052652,2024-06-10,Morning,2,1,5.0,2,1,01
202400052654,2024-10-25,Afternoon,4,1,6.0,1,2,94
202400052655,2024-09-07,Afternoon,3,1,3.0,1,2,33
202400052656,2024-05-03,Afternoon,4,1,6.0,1,2,92
202400052657,2024-08-16,Night,4,1,7.0,4,2,63
202400052658,2024-06-06,Afternoon,3,1,2.0,1,1,45
202400052659,2024-11-29,Evening,4,1,6.0,4,2,29
202400052660,2024-05-02,Afternoon,3,8,7.0,1,2,92
202400052661,2024-02-14,Afternoon,4,1,6.0,1,2,69
202400052662,2024-01-02,Afternoon,3,3,6.0,1,2,14
202400052663,2024-07-09,Evening,3,1,6.0,2,2,06
202400052664,2024-03-26,Evening,4,1,3.0,2,2,95
202400052665,2024-12-01,Morning,4,1,6.0,5,2,15
202400052666,2024-09-20,Night,4,1,3.0,5,2,33
202400052667,2024-02-14,Morning,2,1,6.0,1,1,69
202400052669,2024-08-16,Morning,3,1,3.0,1,2,86
202400052670,2024-04-27,Night,3,2,6.0,5,2,12
202400052671,2024-12-01,Night,4,1,1.0,5,2,13
202400052672,2024-10-25,Afternoon,4,1,3.0,1,2,94
202400052673,2024-01-02,Night,4,1,1.0,5,2,13
202400052674,2024-07-11,Morning,4,1,6.0,1,2,06
202400052675,2024-02-11,Night,4,1,6.0,3,1,67
202400052677,2024-06-08,Afternoon,4,1,7.0,1,2,77
202400052678,2024-12-01,Evening,4,1,1.0,5,2,13
202400052679,2024-05-04,Morning,2,1,6.0,1,1,38
202400052680,2024-03-26,Morning,4,2,3.0,1,2,91
202400052681,2024-10-24,Afternoon,4,1,6.0,1,2,94
202400052682,2024-01-01,Morning,4,1,3.0,5,2,13
202400052683,2024-06-10,Evening,3,1,6.0,1,2,30
202400052684,2024-08-16,Morning,3,1,6.0,2,1,60
202400052685,2024-09-19,Afternoon,4,1,3.0,1,2,33
202400052686,2024-12-01,Morning,4,1,2.0,1,2,13
202400052687,2024-07-10,Evening,3,1,3.0,1,2,03
202400052688,2024-02-12,Morning,4,1,4.0,1,1,78
202400052689,2024-01-02,Afternoon,4,1,6.0,1,2,11
202400052690,2024-10-25,Morning,4,1,1.0,3,2,94
202400052691,2024-05-02,Afternoon,4,2,2.0,1,2,06
202400052692,2024-12-01,Morning,4,1,6.0,2,2,13
202400052693,2024-09-20,Afternoon,4,1,7.0,1,1,29
202400052694,2024-08-14,Afternoon,3,1,3.0,1,2,22
202400052695,2024-03-25,Afternoon,3,1,3.0,1,2,89
202400052696,2024-06-08,Night,4,1,1.0,3,1,83
202400052697,2024-07-11,Afternoon,4,1,3.0,1,2,01
202400052698,2024-11-30,Afternoon,3,1,1.0,1,2,13
202400052699,2024-10-25,Morning,4,1,3.0,1,2,94
202400052700,2024-01-02,Evening,4,2,7.0,3,1,07
202400052701,2024-09-20,Evening,4,1,2.0,1,2,29
202400052702,2024-03-21,Afternoon,3,1,6.0,1,2,89
202400052703,2024-05-03,Afternoon,3,1,2.0,1,2,59
202400052704,2024-06-10,Morning,4,1,1.0,1,2,25
202400052705,2024-12-01,Evening,4,1,1.0,3,1,09
202400052706,2024-08-14,Evening,4,1,3.0,1,1,50
202400052707,2024-02-12,Morning,4,1,4.0,1,1,78
202400052708,2024-01-02,Afternoon,4,1,3.0,4,2,06
202400052709,2024-07-11,Morning,4,1,2.0,1,2,75
202400052710,2024-05-03,Night,2,1,6.0,3,1,30
202400052711,2024-10-25,Afternoon,4,1,6.0,1,2,94
202400052712,2024-09-20,Afternoon,4,1,2.0,1,2,27
202400052713,2024-02-18,Evening,3,1,3.0,5,2,83
202400052714,2024-11-30,Afternoon,3,1,6.0,2,2,06
202400052715,2024-06-10,Morning,3,1,6.0,2,2,88
202400052716,2024-10-25,Evening,4,1,6.0,5,2,93
202400052717,2024-05-04,Night,2,1,7.0,3,1,83
202400052718,2024-02-12,Morning,4,1,2.0,1,1,78
202400052719,2024-01-02,Afternoon,4,1,2.0,1,2,06
202400052720,2024-03-26,Afternoon,4,2,6.0,1,2,78
202400052721,2024-06-09,Evening,3,1,7.0,1,1,55
202400052722,2024-07-11,Morning,4,1,3.0,1,2,75
202400052723,2024-12-01,Evening,4,1,1.0,4,2,06
202400052724,2024-05-03,Evening,3,1,6.0,1,2,76
202400052725,2024-02-13,Evening,4,2,6.0,3,1,93
202400052726,2024-08-16,Morning,4,1,1.0,1,2,77
202400052727,2024-10-24,Afternoon,4,1,1.0,1,2,93
202400052728,2024-06-09,Night,4,1,6.0,3,1,57
202400052729,2024-05-03,Afternoon,3,1,1.0,1,2,2A
202400052730,2024-03-21,Evening,4,1,1.0,1,2,78
202400052731,2024-12-01,Evening,4,1,1.0,5,2,06
202400052732,2024-07-10,Night,4,1,2.0,3,2,75
202400052733,2024-02-13,Afternoon,4,1,2.0,1,1,95
202400052734,2024-09-21,Night,4,1,3.0,5,2,25
202400052735,2024-01-01,Afternoon,4,1,3.0,1,2,03
202400052736,2024-06-10,Morning,4,7,1.0,1,1,03
202400052737,2024-08-16,Afternoon,3,2,3.0,1,1,56
202400052738,2024-05-02,Evening,3,1,3.0,1,2,65
202400052739,2024-03-26,Evening,3,2,6.0,5,2,77
202400052740,2024-11-30,Night,4,1,2.0,5,2,75
202400052741,2024-10-25,Night,4,1,3.0,5,2,93
202400052742,2024-01-02,Afternoon,4,2,3.0,5,2,75
202400052743,2024-02-13,Morning,4,1,3.0,1,1,95
202400052744,2024-06-08,Night,3,1,1.0,3,1,63
202400052745,2024-07-11,Morning,3,1,5.0,1,2,75
202400052746,2024-08-15,Evening,4,1,7.0,2,1,82
202400052747,2024-10-25,Afternoon,2,1,1.0,1,2,93
202400052748,2024-12-01,Afternoon,4,1,3.0,1,2,75
202400052749,2024-09-18,Afternoon,4,1,5.0,1,1,24
202400052750,2024-02-14,Evening,4,1,3.0,3,1,94
202400052751,2024-05-04,Afternoon,4,1,3.0,1,1,61
202400052752,2024-01-02,Afternoon,4,2,3.0,1,2,75
202400052753,2024-03-26,Evening,4,2,1.0,3,1,77
202400052754,2024-08-15,Afternoon,4,1,7.0,1,1,63
202400052755,2024-10-25,Afternoon,4,1,7.0,1,2,92
202400052756,2024-06-08,Afternoon,4,8,3.0,1,1,73
202400052757,2024-07-10,Evening,4,1,3.0,1,2,75
202400052758,2024-03-26,Morning,4,1,6.0,1,2,74
202400052759,2024-05-04,Morning,3,2,7.0,1,1,49
202400052760,2024-02-14,Morning,4,2,3.0,1,1,93
202400052761,2024-12-01,Afternoon,4,1,3.0,1,2,75
202400052762,2024-08-16,Afternoon,2,2,6.0,1,1,61
202400052763,2024-06-09,Night,3,2,6.0,3,1,42
202400052764,2024-01-02,Morning,2,2,6.0,1,2,75
202400052765,2024-10-25,Night,3,1,6.0,5,2,92
202400052766,2024-09-19,Morning,4,1,3.0,1,2,23
202400052767,2024-05-03,Afternoon,3,1,6.0,1,1,46
202400052768,2024-07-11,Evening,4,1,6.0,1,2,75
202400052769,2024-08-15,Morning,3,1,7.0,1,1,49
202400052770,2024-10-25,Afternoon,4,2,7.0,1,2,92
202400052772,2024-12-01,Night,4,1,6.0,5,2,75
202400052773,2024-01-02,Morning,4,2,3.0,1,2,75
202400052774,2024-06-07,Evening,2,1,3.0,1,1,17
202400052775,2024-03-25,Afternoon,4,1,4.0,1,2,71
202400052776,2024-09-20,Morning,4,1,1.0,1,1,19
202400052777,2024-10-25,Night,4,1,1.0,3,2,92
202400052778,2024-08-16,Afternoon,4,1,3.0,1,1,39
202400052779,2024-05-04,Afternoon,3,1,1.0,1,1,02
202400052780,2024-07-09,Evening,4,1,3.0,1,2,75
202400052781,2024-11-30,Evening,4,1,3.0,5,2,75
202400052783,2024-01-02,Morning,4,2,3.0,1,2,75
202400052784,2024-09-19,Night,4,1,3.0,5,2,19
202400052785,2024-06-04,Afternoon,4,1,3.0,1,2,33
202400052786,2024-03-26,Afternoon,4,1,3.0,1,2,69
202400052787,2024-05-04,Morning,4,2,6.0,1,2,02
202400052788,2024-10-24,Afternoon,4,1,3.0,1,2,92
202400052789,2024-06-09,Afternoon,3,1,7.0,1,2,50
202400052790,2024-07-10,Evening,4,1,7.0,5,2,75
202400052792,2024-12-01,Afternoon,4,1,6.0,1,2,75
202400052793,2024-08-15,Evening,4,1,5.0,1,1,44
202400052794,2024-01-02,Morning,4,2,6.0,1,2,75
202400052795,2024-09-19,Afternoon,4,1,6.0,1,2,15
202400052796,2024-03-26,Evening,4,3,6.0,5,2,69
202400052797,2024-10-25,Evening,4,2,3.0,5,2,92
202400052799,2024-05-04,Afternoon,2,1,6.0,1,2,01
202400052800,2024-06-09,Night,3,1,1.0,5,2,59
202400052801,2024-12-01,Morning,4,1,6.0,1,2,75
202400052802,2024-01-02,Evening,4,2,6.0,5,2,75
202400052803,2024-08-16,Afternoon,4,1,3.0,1,1,38
202400052804,2024-07-11,Morning,4,1,2.0,1,2,75
202400052805,2024-09-17,Afternoon,3,1,3.0,1,2,14
202400052806,2024-10-24,Night,3,1,3.0,3,2,92
202400052807,2024-03-25,Afternoon,4,1,1.0,1,1,69
202400052808,2024-06-09,Afternoon,4,1,2.0,1,1,13
202400052809,2024-05-03,Afternoon,4,1,3.0,1,1,14
202400052811,2024-08-15,Afternoon,3,1,6.0,1,2,02
202400052812,2024-09-20,Afternoon,4,1,1.0,1,2,13
202400052813,2024-11-30,Evening,4,1,3.0,5,2,75
202400052814,2024-01-02,Morning,4,2,6.0,1,2,75
202400052815,2024-10-25,Evening,4,2,6.0,5,2,92
202400052816,2024-03-25,Afternoon,4,1,3.0,1,2,69
202400052818,2024-07-11,Afternoon,4,1,1.0,1,2,75
202400052819,2024-05-03,Afternoon,3,1,1.0,1,2,14
202400052820,2024-06-04,Morning,4,1,2.0,1,1,13
202400052821,2024-08-10,Morning,3,1,3.0,1,1,84
202400052822,2024-05-04,Afternoon,2,2,6.0,1,1,18
202400052823,2024-10-25,Evening,4,2,3.0,5,2,92
202400052824,2024-07-11,Night,4,1,6.0,5,2,75
202400052825,2024-12-01,Evening,4,1,3.0,4,2,75
202400052826,2024-03-26,Afternoon,4,2,6.0,1,2,69
202400052827,2024-06-08,Night,3,1,2.0,3,1,13
202400052829,2024-01-02,Night,4,2,3.0,5,2,94
202400052830,2024-10-25,Evening,3,2,7.0,3,1,37
202400052831,2024-09-20,Afternoon,4,1,4.0,1,1,11
202400052832,2024-02-13,Morning,3,1,6.0,1,2,69
202400052833,2024-08-15,Evening,4,1,5.0,1,2,01
202400052834,2024-05-03,Afternoon,4,1,3.0,1,1,10
202400052835,2024-01-02,Evening,4,6,6.0,5,2,94
202400052836,2024-03-25,Afternoon,3,7,6.0,1,2,67
202400052837,2024-12-01,Afternoon,4,1,3.0,1,2,75
202400052838,2024-07-11,Afternoon,4,1,3.0,1,2,75
202400052839,2024-06-07,Evening,4,1,2.0,1,1,13
202400052840,2024-09-19,Evening,4,1,3.0,1,2,10
202400052842,2024-10-25,Afternoon,3,8,2.0,1,1,71
202400052843,2024-05-03,Night,4,3,6.0,3,1,16
202400052844,2024-03-25,Afternoon,4,1,6.0,1,2,67
202400052845,2024-07-10,Evening,4,1,2.0,1,2,94
202400052846,2024-06-05,Evening,4,1,2.0,2,1,69
202400052847,2024-01-01,Night,4,3,6.0,5,2,94
202400052848,2024-09-19,Afternoon,4,1,6.0,1,2,10
202400052849,2024-05-03,Evening,3,1,7.0,1,1,53
202400052850,2024-11-30,Morning,4,1,4.0,1,2,75
202400052851,2024-10-25,Afternoon,4,2,3.0,1,2,42
202400052852,2024-02-13,Evening,4,1,3.0,5,2,69
202400052853,2024-03-26,Morning,4,2,3.0,1,2,63
202400052854,2024-01-02,Afternoon,4,2,6.0,1,2,94
202400052855,2024-06-07,Afternoon,4,1,2.0,1,1,67
202400052856,2024-07-09,Afternoon,4,1,6.0,1,2,94
202400052857,2024-08-15,Afternoon,4,1,6.0,1,1,06
202400052858,2024-12-01,Evening,4,1,7.0,5,2,75
202400052859,2024-05-04,Afternoon,3,2,1.0,1,2,21
202400052860,2024-10-25,Evening,4,1,1.0,2,2,31
202400052861,2024-03-26,Evening,4,3,1.0,1,2,60
202400052862,2024-01-02,Morning,4,3,6.0,5,2,94
202400052863,2024-06-09,Night,4,1,6.0,5,1,33
202400052864,2024-09-20,Night,3,1,3.0,5,2,06
202400052865,2024-02-13,Afternoon,4,1,2.0,1,2,69
202400052866,2024-08-15,Morning,2,2,6.0,3,1,06
202400052867,2024-05-01,Morning,3,2,7.0,2,1,37
202400052868,2024-07-06,Night,4,1,2.0,5,2,94
202400052869,2024-01-30,Afternoon,3,9,7.0,5,1,69
202400052870,2024-01-01,Morning,4,1,2.0,1,2,94
202400052871,2024-12-01,Afternoon,4,1,3.0,2,2,75
202400052872,2024-08-16,Evening,4,1,6.0,1,2,60
202400052873,2024-06-09,Evening,4,1,2.0,1,1,91
202400052874,2024-05-04,Afternoon,2,1,7.0,1,1,67
202400052875,2024-09-20,Evening,4,1,3.0,5,2,75
202400052876,2024-03-26,Evening,4,2,4.0,1,1,60
202400052877,2024-08-15,Evening,3,1,7.0,2,1,18
202400052879,2024-07-10,Afternoon,4,1,3.0,1,1,94
202400052880,2024-11-30,Afternoon,4,1,6.0,5,2,75
202400052881,2024-01-02,Evening,4,2,6.0,5,2,93
202400052882,2024-06-09,Afternoon,4,1,2.0,1,1,91
202400052883,2024-09-20,Evening,4,1,3.0,1,2,75
202400052884,2024-05-03,Evening,4,1,1.0,3,1,42
202400052887,2024-12-01,Morning,4,1,6.0,1,2,94
202400052888,2024-03-26,Evening,4,2,3.0,5,2,60
202400052889,2024-06-09,Morning,2,1,6.0,2,1,91
202400052890,2024-07-10,Evening,4,1,2.0,2,2,94
202400052892,2024-01-02,Night,4,8,2.0,3,2,93
202400052893,2024-09-19,Evening,4,1,2.0,5,2,75
202400052894,2024-08-12,Afternoon,4,1,1.0,1,1,40
202400052895,2024-12-01,Morning,4,1,1.0,5,1,95
202400052896,2024-02-12,Afternoon,4,1,6.0,1,2,91
202400052897,2024-10-25,Evening,3,1,1.0,3,2,44
202400052898,2024-06-09,Evening,4,1,2.0,1,1,95
202400052899,2024-05-04,Night,3,1,7.0,3,1,27
202400052900,2024-07-10,Afternoon,4,1,6.0,1,2,94
202400052901,2024-08-11,Morning,3,1,7.0,1,1,24
202400052902,2024-09-19,Evening,4,1,3.0,1,2,75
202400052903,2024-03-25,Afternoon,4,1,3.0,1,2,59
202400052904,2024-01-02,Evening,3,2,3.0,3,2,93
202400052905,2024-11-30,Evening,4,1,3.0,5,2,93
202400052906,2024-06-09,Afternoon,4,1,2.0,1,1,93
202400052907,2024-07-11,Night,4,1,6.0,5,2,94
202400052908,2024-02-12,Afternoon,4,1,6.0,1,2,86
202400052909,2024-10-25,Evening,4,1,3.0,1,2,62
202400052911,2024-04-01,Evening,4,2,7.0,5,2,56
202400052912,2024-08-16,Afternoon,4,3,1.0,1,1,27
202400052913,2024-09-20,Afternoon,4,1,6.0,1,2,75
202400052914,2024-01-02,Afternoon,4,2,3.0,5,2,93
202400052915,2024-11-30,Evening,4,9,3.0,5,2,93
202400052916,2024-06-09,Afternoon,4,1,2.0,1,1,93
202400052917,2024-10-25,Evening,3,2,1.0,3,2,62
202400052918,2024-02-12,Evening,4,1,2.0,5,2,84
202400052919,2024-07-11,Afternoon,4,1,1.0,1,2,94
202400052920,2024-08-14,Afternoon,3,1,1.0,1,2,28
202400052921,2024-01-02,Afternoon,4,2,6.0,1,1,93
202400052922,2024-09-19,Night,4,1,3.0,5,2,75
202400052923,2024-03-23,Afternoon,4,1,4.0,1,1,56
202400052924,2024-10-23,Afternoon,3,1,7.0,1,2,56
202400052925,2024-06-09,Morning,4,1,2.0,1,1,93
202400052926,2024-11-30,Night,4,1,2.0,5,2,93
202400052927,2024-08-16,Morning,2,1,6.0,3,1,28
202400052928,2024-07-11,Morning,4,1,6.0,1,2,93
202400052929,2024-02-13,Night,4,1,1.0,5,2,83
202400052930,2024-03-23,Morning,4,1,6.0,1,1,56
202400052931,2024-06-08,Evening,4,1,6.0,1,1,95
202400052932,2024-10-09,Morning,3,3,3.0,3,1,56
202400052933,2024-05-03,Afternoon,4,1,1.0,1,1,05
202400052934,2024-01-01,Evening,4,1,3.0,5,2,93
202400052935,2024-08-15,Evening,4,1,7.0,1,1,37
202400052936,2024-02-13,Evening,3,1,6.0,5,2,83
202400052937,2024-07-10,Afternoon,4,1,6.0,1,2,93
202400052938,2024-12-01,Night,4,5,3.0,5,2,93
202400052939,2024-09-18,Evening,4,1,1.0,5,2,75
202400052940,2024-10-24,Afternoon,3,1,7.0,1,2,76
202400052941,2024-05-02,Evening,3,2,6.0,2,1,13
202400052942,2024-06-09,Afternoon,4,1,3.0,1,1,94
202400052943,2024-12-01,Afternoon,4,1,6.0,5,2,93
202400052944,2024-03-22,Afternoon,4,1,4.0,1,2,56
202400052945,2024-02-12,Morning,3,1,6.0,1,2,83
202400052946,2024-01-02,Morning,3,3,3.0,1,2,92
202400052947,2024-08-15,Afternoon,4,8,6.0,1,2,08
202400052948,2024-07-11,Afternoon,4,1,6.0,1,2,93
202400052949,2024-10-25,Evening,4,1,1.0,5,1,2B
202400052950,2024-09-20,Evening,4,2,3.0,1,2,75
202400052951,2024-06-09,Morning,4,2,6.0,1,1,94
202400052952,2024-05-03,Evening,3,1,6.0,1,2,21
202400052953,2024-02-02,Morning,3,7,6.0,1,2,83
202400052954,2024-11-30,Night,4,1,3.0,5,2,93
202400052955,2024-03-26,Morning,4,8,6.0,1,2,54
202400052956,2024-10-25,Night,3,3,6.0,5,2,81
202400052957,2024-07-10,Night,4,2,6.0,2,2,93
202400052958,2024-01-02,Evening,4,2,3.0,5,2,92
202400052959,2024-06-08,Evening,2,1,6.0,1,1,77
202400052960,2024-12-01,Night,4,1,6.0,5,2,92
202400052961,2024-02-13,Morning,3,1,6.0,1,2,81
202400052962,2024-04-11,Morning,3,1,3.0,1,1,38
202400052963,2024-09-20,Night,4,1,3.0,5,2,75
202400052964,2024-08-15,Night,4,1,2.0,3,1,60
202400052965,2024-01-03,Night,4,1,1.0,3,1,01
202400052966,2024-03-26,Evening,4,1,3.0,5,2,49
202400052967,2024-10-26,Morning,2,1,3.0,1,1,89
202400052968,2024-05-04,Morning,3,2,6.0,1,1,01
202400052969,2024-07-10,Night,4,1,3.0,5,2,93
202400052970,2024-02-13,Afternoon,3,1,3.0,1,2,81
202400052971,2024-06-08,Evening,4,1,5.0,1,1,94
202400052972,2024-11-30,Night,4,1,3.0,5,2,92
202400052973,2024-08-16,Afternoon,4,1,1.0,1,2,13
202400052974,2024-09-19,Night,4,1,1.0,5,2,75
202400052975,2024-01-02,Afternoon,3,2,6.0,1,2,05
202400052976,2024-04-30,Afternoon,3,1,6.0,1,1,29