Num_Acc,date,time_of_day,max_severity,weather,collision_type,lighting,urban_area,department
202400052977,2024-07-11,Morning,4,1,7.0,1,2,92
202400052978,2024-03-26,Evening,4,1,4.0,1,2,49
202400052979,2024-10-24,Morning,4,1,5.0,2,2,61
202400052980,2024-05-31,Morning,4,1,6.0,1,2,44
202400052981,2024-12-01,Afternoon,4,1,6.0,1,2,92
202400052982,2024-08-16,Afternoon,3,1,6.0,1,1,30
202400052983,2024-02-13,Evening,4,2,3.0,5,2,78
202400052985,2024-04-30,Evening,3,1,6.0,1,1,59
202400052986,2024-10-26,Afternoon,3,1,6.0,1,1,61
202400052987,2024-09-19,Night,4,1,2.0,5,2,75
202400052988,2024-07-11,Afternoon,4,1,3.0,1,2,92
202400052989,2024-03-25,Afternoon,3,1,1.0,1,1,47
202400052990,2024-08-16,Morning,4,2,7.0,1,1,27
202400052991,2024-12-01,Morning,2,8,6.0,1,2,92
202400052992,2024-02-13,Night,3,2,2.0,3,1,77
202400052993,2024-05-31,Morning,4,1,3.0,1,2,44
202400052994,2024-05-03,Morning,4,1,3.0,1,1,13
202400052995,2024-07-10,Afternoon,4,1,6.0,1,2,92
202400052996,2024-09-20,Afternoon,4,1,6.0,1,2,75
202400052997,2024-10-22,Afternoon,3,1,5.0,1,1,49
202400052999,2024-03-25,Afternoon,4,1,3.0,1,2,44
202400053000,2024-12-01,Morning,4,1,6.0,5,2,92
202400053001,2024-05-02,Evening,4,1,2.0,1,1,83
202400053002,2024-05-30,Afternoon,4,1,3.0,1,2,44
202400053003,2024-02-13,Morning,4,1,3.0,1,2,77
202400053005,2024-09-20,Afternoon,4,1,6.0,1,2,75
202400053006,2024-10-25,Evening,2,2,2.0,3,1,49
202400053007,2024-12-02,Afternoon,4,1,3.0,1,2,01
202400053008,2024-01-03,Afternoon,3,1,1.0,2,1,41
202400053009,2024-03-26,Afternoon,4,1,3.0,1,2,43
202400053010,2024-07-11,Morning,4,1,4.0,1,2,92
202400053011,2024-05-30,Morning,4,8,3.0,2,2,44
202400053012,2024-10-25,Evening,3,1,6.0,5,2,34
202400053014,2024-05-02,Afternoon,4,2,4.0,1,1,83
202400053015,2024-09-19,Afternoon,4,1,3.0,1,2,75
202400053016,2024-11-29,Afternoon,2,1,1.0,1,1,18
202400053017,2024-01-02,Afternoon,4,1,3.0,1,1,56
202400053018,2024-07-12,Morning,2,9,6.0,1,1,54
202400053019,2024-05-29,Afternoon,4,1,3.0,1,2,44
202400053020,2024-03-26,Afternoon,4,2,2.0,1,2,37
202400053021,2024-02-13,Evening,3,2,3.0,5,2,76
202400053024,2024-10-26,Morning,4,1,2.0,1,2,29
202400053025,2024-01-01,Afternoon,4,2,7.0,3,1,12
202400053026,2024-02-21,Afternoon,4,2,6.0,1,2,62
202400053027,2024-09-19,Afternoon,4,1,6.0,1,2,75
202400053028,2024-05-02,Afternoon,4,2,4.0,1,1,83
202400053029,2024-02-13,Afternoon,4,2,6.0,1,2,76
202400053030,2024-11-29,Afternoon,3,1,6.0,1,2,28
202400053031,2024-03-25,Afternoon,4,1,2.0,1,2,33
202400053032,2024-10-25,Night,3,8,6.0,3,1,14
202400053033,2024-09-15,Morning,3,1,2.0,1,1,33
202400053034,2024-07-10,Evening,4,1,2.0,1,1,51
202400053035,2024-01-02,Evening,3,1,2.0,3,2,42
202400053036,2024-09-19,Morning,4,1,6.0,1,2,75
202400053037,2024-05-03,Afternoon,4,1,2.0,1,1,33
202400053039,2024-02-13,Morning,4,1,6.0,2,2,76
202400053040,2024-10-25,Afternoon,4,2,3.0,1,2,36
202400053041,2024-03-25,Afternoon,4,1,3.0,1,2,33
202400053042,2024-08-15,Morning,4,1,1.0,1,1,77
202400053043,2024-12-01,Evening,3,2,1.0,3,1,54
202400053044,2024-05-01,Evening,4,3,6.0,1,1,33
202400053045,2024-09-20,Afternoon,4,1,7.0,1,2,75
202400053046,2024-01-03,Afternoon,3,2,3.0,1,1,02
202400053047,2024-07-11,Afternoon,3,1,6.0,1,2,42
202400053048,2024-08-15,Night,3,1,6.0,3,1,95
202400053049,2024-10-25,Afternoon,4,1,7.0,1,1,88
202400053050,2024-02-12,Evening,4,1,2.0,1,2,76
202400053052,2024-03-25,Morning,4,1,6.0,1,2,33
202400053053,2024-05-02,Afternoon,3,1,6.0,1,1,59
202400053055,2024-07-11,Morning,3,1,2.0,1,1,42
202400053056,2024-12-02,Morning,2,1,3.0,1,1,84
202400053057,2024-08-16,Afternoon,4,1,1.0,1,1,2B
202400053058,2024-09-20,Evening,4,2,2.0,1,2,75
202400053059,2024-01-03,Afternoon,4,1,4.0,3,1,26
202400053060,2024-02-09,Morning,4,2,3.0,1,2,72
202400053061,2024-10-26,Afternoon,3,1,3.0,1,1,91
202400053062,2024-03-26,Morning,3,2,3.0,1,2,31
202400053063,2024-05-03,Afternoon,4,1,2.0,1,1,91
202400053064,2024-07-11,Evening,2,1,7.0,1,1,81
202400053065,2024-12-01,Evening,3,9,6.0,3,1,76
202400053067,2024-02-13,Evening,4,1,6.0,5,2,71
202400053068,2024-08-15,Afternoon,4,1,1.0,1,1,66
202400053069,2024-01-03,Morning,4,1,1.0,1,1,26
202400053070,2024-10-26,Afternoon,4,3,6.0,1,1,06
202400053071,2024-03-26,Morning,4,2,3.0,1,2,28
202400053072,2024-09-20,Morning,4,1,3.0,1,2,75
202400053073,2024-05-03,Morning,4,1,3.0,1,1,91
202400053074,2024-12-02,Morning,3,1,1.0,1,2,79
202400053075,2024-08-16,Afternoon,3,1,1.0,1,2,30
202400053077,2024-03-26,Afternoon,4,1,3.0,1,2,25
202400053078,2024-09-19,Night,4,1,2.0,5,2,75
202400053079,2024-07-11,Evening,4,1,5.0,1,2,51
202400053080,2024-02-13,Evening,4,1,3.0,5,2,69
202400053081,2024-01-02,Afternoon,4,2,5.0,1,1,07
202400053082,2024-12-01,Morning,4,1,1.0,1,2,65
202400053083,2024-10-26,Night,4,1,4.0,3,1,84
202400053084,2024-05-03,Morning,4,1,3.0,1,1,78
202400053085,2024-03-26,Morning,2,1,6.0,1,2,22
202400053086,2024-08-16,Afternoon,4,1,6.0,1,1,84
202400053088,2024-07-11,Morning,4,1,6.0,1,2,42
202400053089,2024-12-01,Night,4,9,6.0,3,1,69
202400053090,2024-02-12,Morning,4,1,3.0,1,2,69
202400053091,2024-09-20,Morning,4,1,3.0,1,2,75
202400053092,2024-08-16,Evening,4,1,6.0,1,2,06
202400053093,2024-10-25,Afternoon,4,1,3.0,1,2,69
202400053094,2024-07-11,Night,4,1,6.0,3,1,60
202400053095,2024-01-03,Morning,4,2,3.0,2,1,27
202400053096,2024-03-25,Afternoon,3,1,3.0,1,2,21
202400053098,2024-05-02,Evening,4,2,4.0,1,1,92
202400053099,2024-12-02,Morning,3,2,1.0,2,1,63
202400053100,2024-09-20,Night,4,1,6.0,5,2,75
202400053101,2024-07-12,Night,3,3,6.0,3,2,62
202400053102,2024-08-16,Morning,4,1,6.0,1,1,05
202400053103,2024-02-12,Evening,4,1,3.0,5,2,64
202400053104,2024-01-03,Night,2,1,6.0,3,2,31
202400053106,2024-12-01,Afternoon,3,1,6.0,1,1,86
202400053107,2024-03-25,Afternoon,4,1,3.0,1,2,13
202400053108,2024-05-03,Afternoon,4,1,3.0,1,1,95
202400053109,2024-07-02,Morning,2,1,6.0,1,2,56
202400053110,2024-06-08,Night,4,1,2.0,5,2,69
202400053111,2024-09-19,Afternoon,4,1,6.0,1,2,94
202400053113,2024-08-15,Afternoon,4,1,3.0,1,2,13
202400053114,2024-02-13,Morning,4,1,3.0,1,2,64
202400053115,2024-03-26,Evening,4,2,6.0,2,2,13
202400053116,2024-12-02,Evening,2,2,1.0,3,1,39
202400053117,2024-01-03,Afternoon,3,3,3.0,1,1,55
202400053118,2024-05-03,Afternoon,4,1,2.0,1,1,93
202400053119,2024-10-24,Night,4,1,6.0,5,1,77
202400053120,2024-02-13,Evening,4,1,6.0,1,2,64
202400053121,2024-07-12,Afternoon,4,1,1.0,1,1,77
202400053122,2024-06-12,Morning,3,1,2.0,2,1,13
202400053123,2024-12-01,Morning,3,1,7.0,1,1,29
202400053124,2024-09-20,Evening,3,2,3.0,1,2,94
202400053125,2024-05-03,Afternoon,4,1,2.0,1,1,94
202400053126,2024-06-07,Afternoon,4,1,5.0,1,1,2B
202400053127,2024-01-02,Morning,4,6,6.0,3,1,77
202400053128,2024-10-26,Afternoon,4,1,1.0,1,2,91
202400053129,2024-03-25,Evening,4,1,3.0,5,2,13
202400053130,2024-07-11,Evening,4,2,6.0,3,2,79
202400053131,2024-05-01,Night,4,3,7.0,3,1,93
202400053132,2024-12-01,Afternoon,4,1,2.0,1,2,13
202400053133,2024-01-03,Afternoon,4,2,6.0,1,1,77
202400053134,2024-02-13,Morning,3,1,3.0,1,2,63
202400053135,2024-09-20,Morning,4,1,2.0,1,2,94
202400053136,2024-06-08,Afternoon,4,1,6.0,1,2,95
202400053137,2024-08-16,Morning,4,1,2.0,1,2,21
202400053138,2024-10-24,Afternoon,4,1,3.0,1,2,13
202400053139,2024-03-25,Afternoon,2,6,6.0,1,1,13
202400053140,2024-07-11,Afternoon,3,7,1.0,1,2,31
202400053142,2024-06-08,Afternoon,2,1,6.0,1,2,95
202400053143,2024-12-01,Evening,4,1,2.0,5,2,01
202400053144,2024-09-19,Afternoon,4,1,2.0,1,2,94
202400053145,2024-02-12,Afternoon,4,1,1.0,1,2,63
202400053146,2024-01-02,Evening,4,2,6.0,5,2,77
202400053147,2024-08-12,Afternoon,3,1,3.0,1,1,88
202400053148,2024-10-25,Morning,3,7,6.0,1,2,57
202400053149,2024-03-25,Morning,4,1,3.0,1,2,06
202400053151,2024-12-02,Afternoon,4,1,6.0,1,2,58
202400053152,2024-06-07,Afternoon,4,1,7.0,1,2,91
202400053153,2024-08-14,Afternoon,3,1,3.0,1,1,73
202400053154,2024-01-02,Evening,3,8,6.0,3,1,77
202400053155,2024-07-12,Morning,4,1,4.0,1,1,2B
202400053156,2024-02-13,Morning,4,1,3.0,1,2,59
202400053157,2024-03-26,Morning,4,2,3.0,1,2,75
202400053158,2024-06-08,Afternoon,4,1,6.0,1,2,91
202400053159,2024-10-25,Evening,3,1,6.0,3,1,29
202400053160,2024-05-02,Afternoon,4,1,3.0,1,1,69
202400053161,2024-09-20,Evening,4,1,5.0,2,2,93
202400053162,2024-08-15,Afternoon,3,1,3.0,1,2,33
202400053163,2024-01-02,Morning,3,2,2.0,3,1,77
202400053164,2024-07-11,Morning,3,1,6.0,1,1,82
202400053165,2024-02-12,Afternoon,4,7,6.0,1,2,59
202400053166,2024-03-25,Evening,4,1,2.0,5,2,75
202400053167,2024-05-02,Morning,3,2,6.0,1,2,69
202400053168,2024-01-03,Afternoon,2,2,7.0,1,1,55
202400053169,2024-06-07,Afternoon,4,1,3.0,1,2,91
202400053170,2024-10-25,Evening,4,2,3.0,3,1,27
202400053171,2024-08-15,Night,4,1,6.0,3,2,02
202400053172,2024-09-20,Evening,4,2,3.0,1,2,93
202400053173,2024-03-26,Morning,4,2,2.0,1,2,75
202400053174,2024-07-11,Afternoon,4,1,3.0,1,1,33
202400053175,2024-02-12,Morning,4,1,6.0,1,2,59
202400053176,2024-05-02,Afternoon,4,2,2.0,1,2,2B
202400053177,2024-08-14,Evening,4,1,7.0,3,1,93
202400053178,2024-01-03,Afternoon,3,1,3.0,1,1,73
202400053179,2024-06-06,Afternoon,4,1,2.0,1,2,83
202400053180,2024-10-25,Afternoon,4,1,2.0,1,1,13
202400053181,2024-09-20,Evening,4,2,3.0,1,2,93
202400053182,2024-02-12,Morning,3,1,1.0,2,1,59
202400053183,2024-03-25,Afternoon,4,1,1.0,1,2,75
202400053184,2024-07-12,Evening,4,1,3.0,1,1,71
202400053185,2024-05-06,Evening,3,1,7.0,1,2,83
202400053186,2024-05-19,Morning,4,1,3.0,1,2,45
202400053187,2024-05-01,Afternoon,4,3,2.0,1,2,2B
202400053188,2024-10-24,Evening,4,1,7.0,2,1,13
202400053189,2024-01-03,Afternoon,4,1,2.0,1,2,42
202400053190,2024-02-13,Morning,4,7,6.0,1,2,59
202400053191,2024-09-19,Afternoon,4,1,2.0,1,1,93
202400053192,2024-01-22,Morning,4,1,6.0,2,2,28
202400053193,2024-03-26,Night,4,1,2.0,5,2,75
202400053194,2024-05-02,Afternoon,4,3,2.0,1,2,95
202400053195,2024-07-11,Afternoon,2,1,3.0,1,1,71
202400053196,2024-02-12,Afternoon,4,1,3.0,1,2,54
202400053197,2024-01-01,Afternoon,4,1,3.0,1,2,38
202400053198,2024-05-01,Evening,4,3,7.0,3,2,89
202400053200,2024-10-23,Night,3,8,5.0,3,1,42
202400053201,2024-09-20,Night,4,1,1.0,5,2,93
202400053202,2024-06-08,Morning,4,7,2.0,2,1,78
202400053203,2024-03-26,Afternoon,4,2,3.0,1,2,75
202400053204,2024-07-10,Afternoon,4,1,3.0,1,1,89
202400053205,2024-09-20,Morning,4,1,6.0,1,2,92
202400053207,2024-02-12,Morning,4,1,2.0,1,2,54
202400053208,2024-06-08,Evening,3,1,7.0,1,1,77
202400053209,2024-01-03,Evening,2,2,1.0,3,1,86
202400053210,2024-04-30,Evening,4,2,3.0,1,2,87
202400053211,2024-10-24,Afternoon,4,1,2.0,1,1,57
202400053212,2024-03-26,Evening,3,2,6.0,5,2,75
202400053213,2024-12-01,Afternoon,4,1,6.0,2,1,66
202400053214,2024-07-11,Night,3,1,7.0,4,2,63
202400053215,2024-01-02,Morning,4,2,6.0,2,1,85
202400053216,2024-02-13,Afternoon,3,1,6.0,1,2,54
202400053217,2024-10-25,Evening,4,3,7.0,1,1,33
202400053218,2024-09-20,Night,4,1,7.0,3,2,92
202400053219,2024-05-02,Afternoon,3,2,3.0,1,2,83
202400053220,2024-06-08,Night,4,1,3.0,2,2,77
202400053222,2024-07-09,Morning,3,1,7.0,1,2,55
202400053223,2024-03-24,Evening,4,1,2.0,1,2,75
202400053224,2024-11-28,Morning,4,1,6.0,1,2,60
202400053225,2024-06-07,Afternoon,4,7,6.0,1,2,77
202400053226,2024-02-12,Evening,4,2,3.0,5,2,51
202400053227,2024-05-02,Morning,4,2,6.0,1,2,81
202400053228,2024-10-24,Afternoon,4,1,2.0,1,1,59
202400053229,2024-09-20,Morning,4,1,2.0,2,2,92
202400053230,2024-01-02,Evening,3,3,3.0,5,2,85
202400053232,2024-07-12,Evening,4,1,1.0,1,1,49
202400053233,2024-05-01,Afternoon,4,1,6.0,1,2,80
202400053234,2024-06-08,Evening,4,1,3.0,1,2,72
202400053235,2024-01-30,Afternoon,4,1,4.0,1,2,50
202400053237,2024-03-26,Evening,4,2,2.0,5,2,75
202400053238,2024-11-20,Evening,4,1,3.0,5,1,45
202400053239,2024-10-25,Morning,4,1,4.0,1,1,91
202400053240,2024-09-19,Afternoon,4,1,3.0,1,2,92
202400053241,2024-07-11,Afternoon,4,1,1.0,1,1,49
202400053242,2024-01-03,Afternoon,4,4,6.0,1,1,62
202400053243,2024-06-07,Afternoon,4,1,2.0,1,1,72
202400053244,2024-03-26,Afternoon,4,2,6.0,1,2,75
202400053245,2024-02-08,Evening,4,1,4.0,5,2,49
202400053246,2024-10-25,Morning,4,1,3.0,1,1,91
202400053247,2024-12-01,Night,2,1,6.0,5,2,64
202400053248,2024-09-20,Morning,4,1,3.0,1,2,92
202400053250,2024-01-01,Night,3,1,2.0,3,1,38
202400053251,2024-07-08,Morning,4,1,1.0,1,1,42
202400053252,2024-02-13,Evening,2,1,7.0,1,2,49
202400053253,2024-04-30,Afternoon,4,1,3.0,1,2,76
202400053254,2024-10-25,Night,4,1,6.0,3,1,92
202400053255,2024-12-02,Evening,2,1,7.0,3,1,18
202400053256,2024-06-07,Afternoon,4,1,3.0,1,2,69
202400053257,2024-03-26,Morning,4,1,3.0,1,2,75
202400053258,2024-08-14,Evening,3,1,6.0,1,2,95
202400053259,2024-01-01,Night,4,3,2.0,3,1,91
202400053260,2024-09-20,Morning,4,1,3.0,1,2,92
202400053261,2024-12-01,Morning,3,1,7.0,1,1,53
202400053262,2024-10-25,Evening,4,1,3.0,3,1,93
202400053263,2024-07-12,Afternoon,4,7,1.0,1,1,68
202400053264,2024-05-02,Morning,4,2,6.0,1,2,71
202400053265,2024-02-13,Evening,4,2,5.0,1,2,44
202400053266,2024-01-02,Morning,4,2,6.0,2,1,93
202400053267,2024-08-15,Night,4,1,6.0,5,2,91
202400053268,2024-06-07,Afternoon,4,1,3.0,1,1,64
202400053269,2024-12-02,Morning,2,1,6.0,3,2,24
202400053270,2024-03-26,Morning,4,2,3.0,1,2,75
202400053271,2024-09-21,Night,3,1,1.0,3,1,41
202400053272,2024-10-25,Afternoon,4,1,2.0,1,1,94
202400053273,2024-05-03,Night,4,2,6.0,5,1,69
202400053274,2024-01-01,Evening,3,1,6.0,3,1,93
202400053275,2024-07-11,Morning,4,1,3.0,1,2,31
202400053276,2024-06-08,Morning,4,1,6.0,1,2,64
202400053277,2024-12-01,Night,3,5,7.0,3,1,17
202400053278,2024-08-14,Morning,4,1,3.0,1,2,91
202400053279,2024-01-01,Morning,2,1,6.0,1,1,93
202400053280,2024-05-02,Night,4,2,6.0,5,2,69
202400053281,2024-10-25,Afternoon,4,1,2.0,1,1,77
202400053282,2024-02-04,Afternoon,3,1,5.0,1,2,42
202400053283,2024-09-20,Evening,4,1,3.0,5,2,06
202400053284,2024-12-01,Night,3,2,6.0,3,1,23
202400053285,2024-03-25,Afternoon,4,1,3.0,1,2,75
202400053286,2024-05-02,Afternoon,4,2,7.0,1,2,67
202400053287,2024-07-11,Afternoon,3,1,1.0,1,2,38
202400053288,2024-06-07,Morning,4,1,3.0,1,2,63
202400053289,2024-01-01,Evening,4,1,2.0,3,1,94
202400053290,2024-02-07,Afternoon,4,1,3.0,1,2,42
202400053291,2024-09-21,Afternoon,4,1,1.0,1,1,36
202400053292,2024-03-26,Afternoon,4,2,3.0,1,2,75
202400053293,2024-12-02,Afternoon,3,1,6.0,1,2,53
202400053294,2024-07-03,Afternoon,4,1,3.0,1,1,32
202400053295,2024-06-07,Evening,4,1,6.0,1,2,60
202400053296,2024-08-13,Morning,4,1,4.0,1,1,87
202400053297,2024-07-11,Evening,3,1,1.0,1,1,02
202400053298,2024-05-02,Afternoon,4,8,4.0,1,1,66
202400053300,2024-09-20,Evening,3,3,6.0,3,1,28
202400053301,2024-02-13,Morning,4,1,1.0,1,2,41
202400053302,2024-12-02,Morning,4,1,6.0,1,1,38
202400053303,2024-03-26,Night,4,1,6.0,5,2,75
202400053304,2024-08-14,Night,3,1,6.0,5,2,83
202400053305,2024-07-11,Afternoon,3,1,2.0,1,2,14
202400053307,2024-06-05,Night,4,1,6.0,2,1,59
202400053308,2024-06-13,Afternoon,4,1,4.0,1,1,32
202400053309,2024-09-21,Afternoon,2,7,6.0,1,2,57
202400053310,2024-12-02,Morning,4,2,2.0,1,1,63
202400053311,2024-02-13,Evening,4,8,3.0,1,2,37
202400053312,2024-05-01,Evening,4,1,3.0,1,2,62
202400053314,2024-09-20,Morning,3,1,7.0,2,1,51
202400053315,2024-03-26,Morning,4,2,6.0,1,2,75
202400053316,2024-06-10,Afternoon,3,1,7.0,1,2,32
202400053317,2024-07-11,Afternoon,3,1,1.0,1,1,09
202400053318,2024-02-13,Morning,4,1,7.0,1,2,37
202400053319,2024-08-14,Morning,4,1,3.0,1,2,83
202400053320,2024-06-08,Afternoon,4,1,3.0,1,2,56
202400053321,2024-12-02,Afternoon,3,1,1.0,1,1,38
202400053322,2024-04-30,Afternoon,3,1,7.0,1,2,57
202400053323,2024-01-01,Afternoon,4,1,2.0,1,2,91
202400053324,2024-06-06,Afternoon,4,1,3.0,1,2,32
202400053325,2024-09-21,Afternoon,4,1,3.0,1,1,56
202400053326,2024-03-26,Morning,4,2,3.0,1,2,75
202400053328,2024-05-01,Morning,3,1,7.0,1,2,54
202400053329,2024-07-08,Afternoon,3,1,2.0,1,2,16
202400053330,2024-02-13,Afternoon,4,8,3.0,1,2,35
202400053331,2024-06-08,Afternoon,4,1,1.0,1,2,56
202400053332,2024-08-14,Afternoon,4,1,3.0,1,2,80
202400053333,2024-06-03,Afternoon,4,1,7.0,1,2,32
202400053334,2024-01-01,Evening,4,2,1.0,5,2,91
202400053335,2024-09-21,Night,3,1,7.0,3,2,2B
202400053336,2024-12-01,Night,3,1,7.0,3,1,33
202400053337,2024-03-25,Afternoon,4,1,7.0,1,2,75
202400053338,2024-05-02,Evening,4,2,6.0,1,2,51
202400053339,2024-08-14,Evening,4,1,7.0,1,1,77
202400053340,2024-06-07,Afternoon,3,7,6.0,1,2,54
202400053341,2024-05-04,Afternoon,4,1,7.0,1,2,32
202400053342,2024-07-11,Afternoon,4,3,1.0,1,1,07
202400053343,2024-02-13,Morning,4,1,3.0,1,2,35
202400053344,2024-09-21,Afternoon,2,2,6.0,1,1,32
202400053345,2024-01-01,Morning,4,1,3.0,1,2,91
202400053346,2024-03-25,Morning,4,1,6.0,1,2,94
202400053347,2024-07-11,Afternoon,3,1,7.0,1,2,53
202400053349,2024-05-02,Evening,4,2,3.0,1,2,51
202400053350,2024-08-14,Morning,4,1,7.0,1,2,77
202400053351,2024-09-20,Evening,3,1,6.0,3,1,63
202400053352,2024-04-24,Afternoon,4,1,2.0,1,2,32
202400053353,2024-02-13,Morning,3,1,1.0,2,2,35
202400053354,2024-11-25,Evening,3,3,6.0,3,1,78
202400053355,2024-06-07,Afternoon,4,1,4.0,1,2,54
202400053356,2024-07-11,Afternoon,4,1,1.0,1,1,53
202400053357,2024-01-02,Night,4,1,6.0,5,2,69
202400053358,2024-09-20,Afternoon,3,1,6.0,1,2,63
202400053359,2024-12-01,Evening,3,1,6.0,3,1,05
202400053360,2024-05-02,Afternoon,4,2,3.0,1,2,51
202400053361,2024-08-13,Afternoon,4,2,1.0,1,2,66
202400053362,2024-03-25,Night,4,1,3.0,5,2,94
202400053363,2024-04-23,Evening,4,8,6.0,2,2,32
202400053364,2024-02-12,Afternoon,4,1,3.0,1,2,35
202400053365,2024-06-08,Night,4,1,6.0,5,1,54
202400053366,2024-03-29,Afternoon,3,1,6.0,1,2,32
202400053367,2024-07-09,Night,3,1,1.0,3,1,40
202400053368,2024-01-01,Evening,4,1,6.0,5,2,59
202400053369,2024-03-26,Evening,3,1,7.0,1,2,93
202400053370,2024-11-30,Afternoon,3,1,3.0,1,1,13
202400053371,2024-09-20,Afternoon,3,1,3.0,1,1,63
202400053372,2024-02-12,Afternoon,3,1,6.0,1,2,35
202400053373,2024-08-14,Morning,4,2,3.0,1,2,64
202400053374,2024-05-01,Evening,4,1,3.0,1,2,50
202400053375,2024-01-01,Evening,4,1,7.0,5,2,51
202400053376,2024-12-02,Morning,3,8,2.0,1,1,89
202400053377,2024-07-10,Afternoon,3,1,6.0,1,2,04
202400053378,2024-03-26,Afternoon,4,2,6.0,1,2,93
202400053379,2024-06-07,Evening,4,1,5.0,1,2,50
202400053380,2024-02-12,Afternoon,4,8,6.0,1,2,34
202400053382,2024-08-13,Evening,4,1,7.0,1,2,64
202400053383,2024-09-20,Night,4,1,1.0,3,2,49
202400053384,2024-07-11,Night,4,8,6.0,3,1,27
202400053385,2024-05-02,Morning,4,1,3.0,1,2,49
202400053386,2024-06-08,Afternoon,3,1,6.0,1,2,45
202400053387,2024-12-01,Afternoon,3,1,6.0,1,2,57
202400053388,2024-02-13,Morning,4,1,3.0,1,2,34
202400053389,2024-01-01,Evening,4,3,4.0,3,1,35
202400053390,2024-08-14,Evening,4,1,7.0,1,2,64
202400053392,2024-03-02,Morning,4,3,5.0,1,2,93
202400053393,2024-09-20,Morning,2,1,6.0,1,1,12
202400053394,2024-12-01,Morning,2,1,6.0,1,1,03
202400053395,2024-06-07,Afternoon,3,1,3.0,1,2,44
202400053396,2024-05-02,Morning,4,1,3.0,1,1,49
202400053397,2024-01-01,Afternoon,4,1,6.0,1,2,35
202400053399,2024-09-20,Evening,3,1,6.0,3,1,42
202400053400,2024-02-12,Afternoon,4,2,4.0,1,2,34
202400053401,2024-07-11,Afternoon,4,8,3.0,1,1,28
202400053402,2024-08-14,Morning,4,2,5.0,2,2,64
202400053403,2024-03-23,Night,4,1,3.0,5,2,92
202400053404,2024-09-21,Afternoon,3,1,7.0,1,1,39
202400053405,2024-11-30,Evening,3,1,3.0,5,2,38
202400053407,2024-06-07,Afternoon,4,1,1.0,1,2,42
202400053408,2024-07-11,Afternoon,3,1,7.0,1,1,52
202400053409,2024-02-14,Evening,4,1,2.0,5,2,33
202400053410,2024-05-02,Morning,4,1,3.0,2,2,49
202400053411,2024-01-01,Morning,4,1,3.0,5,2,35
202400053412,2024-03-25,Afternoon,4,1,2.0,1,2,92
202400053413,2024-09-21,Morning,4,1,6.0,1,1,39
202400053414,2024-04-14,Morning,4,2,5.0,2,2,64
202400053417,2024-12-02,Morning,3,1,3.0,3,2,01
202400053418,2024-06-08,Evening,4,1,3.0,2,1,41
202400053419,2024-09-20,Afternoon,3,1,7.0,1,1,25
202400053420,2024-05-02,Afternoon,4,2,3.0,1,2,38
202400053421,2024-08-11,Afternoon,4,7,6.0,1,2,62
202400053422,2024-01-01,Night,4,1,2.0,5,2,34
202400053423,2024-10-29,Afternoon,3,1,7.0,1,1,69
202400053424,2024-03-25,Evening,4,1,2.0,2,2,92
202400053426,2024-06-08,Afternoon,3,1,6.0,1,2,38
202400053427,2024-08-10,Afternoon,4,7,6.0,1,2,62
202400053428,2024-02-10,Afternoon,3,2,3.0,1,1,31
202400053429,2024-01-01,Night,4,2,7.0,5,1,33
202400053430,2024-07-11,Afternoon,4,1,2.0,1,1,18
202400053431,2024-08-14,Night,4,1,6.0,5,2,60
202400053432,2024-05-01,Morning,3,2,6.0,2,2,34
202400053433,2024-09-20,Afternoon,4,1,3.0,2,2,25
202400053435,2024-12-01,Afternoon,3,1,1.0,1,1,17
202400053436,2024-03-26,Night,4,2,3.0,5,2,92
202400053437,2024-02-13,Evening,4,1,3.0,5,2,30
202400053438,2024-06-08,Afternoon,4,1,2.0,1,2,38
202400053439,2024-05-01,Night,3,2,7.0,5,2,34
202400053440,2024-03-26,Evening,4,3,7.0,5,2,92
202400053441,2024-01-01,Night,4,2,3.0,5,2,33
202400053442,2024-02-13,Morning,4,2,6.0,1,2,29
202400053443,2024-12-02,Afternoon,4,1,2.0,1,1,85
202400053444,2024-07-12,Morning,4,1,6.0,2,1,69
202400053446,2024-05-02,Afternoon,3,1,6.0,1,2,31
202400053447,2024-09-19,Morning,4,1,3.0,1,1,44
202400053448,2024-06-08,Night,3,1,2.0,4,2,37
202400053450,2024-03-26,Afternoon,4,2,3.0,1,2,92
202400053451,2024-01-01,Night,4,1,1.0,5,2,31
202400053452,2024-09-21,Night,2,1,6.0,3,1,29
202400053453,2024-12-02,Morning,4,1,3.0,1,1,44
202400053454,2024-05-02,Evening,4,1,1.0,1,2,29
202400053455,2024-02-12,Morning,4,1,4.0,1,1,26
202400053456,2024-07-11,Afternoon,4,1,2.0,1,1,86
202400053457,2024-08-14,Evening,3,1,1.0,1,2,59
202400053459,2024-03-26,Morning,4,2,3.0,1,2,92
202400053460,2024-09-20,Afternoon,3,1,7.0,1,1,38
202400053461,2024-06-08,Afternoon,3,1,3.0,1,2,35
202400053462,2024-01-01,Afternoon,2,1,7.0,1,2,18
202400053463,2024-12-02,Morning,4,2,5.0,2,1,50
202400053464,2024-05-02,Morning,4,1,3.0,1,2,29
202400053465,2024-08-13,Night,4,1,6.0,5,2,57
202400053466,2024-02-13,Morning,4,1,3.0,1,2,26