Num_Acc,date,time_of_day,max_severity,weather,collision_type,lighting,urban_area,department
202400053467,2024-10-24,Morning,4,1,3.0,1,2,69
202400053470,2024-11-30,Evening,2,1,7.0,3,2,14
202400053471,2024-05-02,Morning,4,1,6.0,1,2,26
202400053472,2024-06-08,Afternoon,4,1,3.0,1,2,35
202400053473,2024-01-01,Evening,4,2,1.0,5,2,17
202400053474,2024-08-14,Afternoon,3,1,3.0,1,2,56
202400053476,2024-02-12,Afternoon,4,1,3.0,1,2,19
202400053477,2024-12-02,Morning,3,1,7.0,2,2,14
202400053478,2024-03-26,Evening,4,3,3.0,2,1,01
202400053479,2024-01-01,Morning,4,1,1.0,5,2,13
202400053480,2024-06-08,Morning,4,8,3.0,1,2,34
202400053481,2024-08-14,Night,4,1,6.0,4,2,56
202400053482,2024-09-20,Evening,4,1,3.0,2,1,72
202400053483,2024-05-02,Afternoon,4,2,3.0,1,2,24
202400053484,2024-02-13,Morning,4,9,6.0,1,1,15
202400053487,2024-11-30,Evening,4,2,2.0,3,1,29
202400053488,2024-07-11,Afternoon,4,3,7.0,1,2,29
202400053489,2024-03-25,Morning,3,1,1.0,1,2,67
202400053490,2024-05-02,Morning,4,1,3.0,1,2,22
202400053491,2024-08-13,Afternoon,4,1,3.0,1,2,56
202400053492,2024-06-08,Night,3,1,6.0,5,2,34
202400053493,2024-02-13,Afternoon,4,1,2.0,1,2,13
202400053494,2024-09-21,Night,3,1,3.0,5,2,72
202400053495,2024-10-24,Afternoon,3,1,1.0,1,2,69
202400053496,2024-01-01,Evening,4,1,2.0,5,2,06
202400053497,2024-08-13,Afternoon,4,1,6.0,1,2,56
202400053498,2024-07-09,Night,3,1,6.0,3,1,78
202400053499,2024-12-02,Afternoon,2,7,5.0,2,2,22
202400053500,2024-05-02,Evening,3,1,3.0,1,2,18
202400053501,2024-03-25,Afternoon,4,1,3.0,1,2,06
202400053502,2024-09-20,Evening,4,1,1.0,1,1,72
202400053503,2024-02-13,Afternoon,4,1,3.0,1,2,13
202400053504,2024-10-24,Afternoon,4,1,6.0,1,2,69
202400053505,2024-06-08,Morning,4,1,7.0,1,2,34
202400053506,2024-07-08,Night,3,1,7.0,3,1,34
202400053507,2024-12-01,Afternoon,4,1,6.0,1,1,13
202400053508,2024-08-14,Afternoon,4,1,6.0,1,2,50
202400053509,2024-10-24,Afternoon,4,1,2.0,1,2,91
202400053510,2024-01-01,Night,4,1,1.0,5,1,06
202400053511,2024-03-27,Night,2,1,6.0,3,1,44
202400053512,2024-09-21,Morning,4,2,3.0,1,1,14
202400053513,2024-02-13,Morning,4,5,1.0,1,1,12
202400053514,2024-11-30,Afternoon,3,1,4.0,3,1,13
202400053515,2024-07-11,Afternoon,4,1,3.0,1,1,83
202400053516,2024-08-12,Afternoon,4,1,2.0,1,2,50
202400053517,2024-06-07,Afternoon,4,1,2.0,1,2,34
202400053518,2024-10-24,Morning,4,1,3.0,2,2,91
202400053519,2024-02-12,Evening,4,8,6.0,3,1,10
202400053520,2024-04-27,Afternoon,4,1,6.0,1,2,15
202400053521,2024-01-01,Evening,4,1,3.0,5,2,75
202400053522,2024-11-29,Morning,4,1,3.0,1,1,13
202400053523,2024-08-14,Evening,4,1,7.0,1,1,49
202400053524,2024-03-27,Afternoon,3,1,3.0,1,2,10
202400053525,2024-06-09,Night,3,1,6.0,5,2,29
202400053526,2024-07-12,Morning,4,1,1.0,1,2,83
202400053527,2024-02-12,Afternoon,2,1,6.0,1,2,10
202400053528,2024-01-01,Evening,4,1,6.0,5,2,75
202400053529,2024-03-26,Afternoon,3,2,6.0,1,1,71
202400053530,2024-09-20,Morning,4,1,3.0,2,1,14
202400053531,2024-05-02,Afternoon,3,2,3.0,1,2,13
202400053532,2024-10-23,Morning,4,1,3.0,1,2,88
202400053533,2024-06-08,Afternoon,4,1,7.0,1,2,27
202400053534,2024-08-14,Evening,4,1,2.0,1,2,49
202400053535,2024-11-30,Evening,4,1,2.0,3,1,13
202400053536,2024-03-27,Night,3,1,6.0,3,1,76
202400053537,2024-09-21,Night,3,1,6.0,3,1,50
202400053538,2024-02-12,Afternoon,4,1,6.0,1,2,10
202400053539,2024-05-02,Morning,4,2,3.0,1,2,13
202400053540,2024-01-01,Afternoon,4,1,2.0,1,2,75
202400053541,2024-11-30,Night,4,1,3.0,3,1,13
202400053542,2024-06-08,Night,4,1,3.0,5,2,22
202400053543,2024-07-11,Morning,4,1,4.0,1,2,05
202400053544,2024-09-21,Morning,3,1,6.0,1,2,90
202400053545,2024-05-02,Morning,4,2,6.0,1,2,13
202400053546,2024-02-13,Evening,3,1,6.0,3,1,09
202400053547,2024-10-23,Afternoon,4,1,3.0,1,2,87
202400053548,2024-11-29,Evening,4,1,7.0,3,1,13
202400053549,2024-08-14,Afternoon,4,2,4.0,1,2,47
202400053550,2024-01-01,Night,4,1,2.0,5,2,75
202400053551,2024-03-25,Morning,4,7,1.0,1,2,42
202400053552,2024-07-10,Afternoon,3,1,3.0,1,1,13
202400053553,2024-09-20,Evening,4,1,6.0,3,1,36
202400053554,2024-05-02,Night,3,2,6.0,5,2,13
202400053555,2024-10-23,Afternoon,4,1,3.0,1,2,87
202400053556,2024-11-29,Morning,4,5,2.0,2,1,67
202400053557,2024-08-14,Night,4,1,3.0,5,2,44
202400053558,2024-03-25,Afternoon,3,1,3.0,1,1,86
202400053559,2024-09-20,Afternoon,3,1,7.0,1,1,07
202400053560,2024-07-12,Afternoon,4,1,1.0,1,1,13
202400053561,2024-02-13,Night,4,1,3.0,5,2,06
202400053562,2024-05-02,Night,4,8,1.0,3,1,13
202400053563,2024-10-23,Morning,4,8,3.0,5,2,83
202400053564,2024-06-07,Evening,4,1,4.0,1,1,18
202400053565,2024-01-01,Night,4,1,3.0,4,2,75
202400053566,2024-12-01,Night,4,1,6.0,5,1,33
202400053567,2024-05-02,Morning,4,2,6.0,1,2,11
202400053568,2024-02-12,Morning,4,1,6.0,5,2,06
202400053569,2024-09-20,Evening,4,1,6.0,2,2,27
202400053570,2024-10-24,Morning,4,1,7.0,1,1,82
202400053571,2024-06-09,Night,4,1,6.0,5,2,13
202400053572,2024-08-14,Evening,4,1,3.0,1,2,38
202400053573,2024-07-11,Afternoon,3,1,3.0,1,2,25
202400053574,2024-03-25,Afternoon,4,1,2.0,1,1,68
202400053575,2024-01-01,Morning,4,1,6.0,5,2,75
202400053576,2024-06-05,Night,4,1,1.0,2,2,13
202400053577,2024-12-01,Evening,4,1,2.0,3,1,91
202400053578,2024-02-13,Morning,4,1,3.0,1,2,06
202400053579,2024-03-26,Night,3,1,6.0,5,2,25
202400053580,2024-06-21,Evening,3,8,6.0,3,1,52
202400053581,2024-09-21,Morning,3,1,3.0,1,1,30
202400053582,2024-10-24,Morning,4,1,2.0,1,2,81
202400053583,2024-05-01,Evening,4,1,3.0,1,2,10
202400053584,2024-08-14,Morning,4,1,2.0,1,2,37
202400053585,2024-01-01,Evening,3,2,3.0,5,2,94
202400053586,2024-06-08,Evening,4,1,7.0,2,1,13
202400053587,2024-02-12,Morning,4,1,3.0,1,2,05
202400053588,2024-07-12,Evening,4,2,7.0,2,1,51
202400053589,2024-03-26,Afternoon,3,1,1.0,1,1,29
202400053590,2024-11-30,Afternoon,4,2,4.0,3,1,94
202400053591,2024-08-14,Afternoon,3,1,3.0,1,2,36
202400053592,2024-09-21,Afternoon,4,1,1.0,1,2,88
202400053593,2024-02-12,Afternoon,4,1,6.0,1,2,01
202400053594,2024-06-07,Afternoon,3,1,3.0,1,2,13
202400053595,2024-05-01,Afternoon,4,1,3.0,1,2,10
202400053596,2024-07-09,Evening,3,1,6.0,1,1,88
202400053597,2024-01-01,Night,4,1,2.0,5,2,94
202400053598,2024-10-24,Morning,4,1,4.0,1,2,78
202400053599,2024-02-13,Evening,4,1,7.0,5,2,75
202400053600,2024-07-12,Night,4,2,7.0,3,1,42
202400053601,2024-08-14,Afternoon,4,1,3.0,1,2,36
202400053602,2024-12-01,Evening,4,1,2.0,5,1,93
202400053603,2024-06-07,Afternoon,4,1,2.0,1,2,13
202400053604,2024-05-02,Morning,3,1,6.0,1,2,75
202400053606,2024-03-27,Evening,4,1,2.0,1,1,31
202400053607,2024-01-01,Evening,4,3,6.0,5,2,94
202400053608,2024-10-24,Afternoon,2,7,3.0,1,2,77
202400053609,2024-02-13,Morning,4,1,2.0,1,2,75
202400053610,2024-06-03,Afternoon,4,1,6.0,1,2,10
202400053611,2024-07-11,Morning,4,1,3.0,1,2,07
202400053612,2024-03-27,Morning,2,1,6.0,1,1,31
202400053613,2024-05-02,Evening,4,2,6.0,2,2,75
202400053614,2024-12-01,Evening,4,1,2.0,3,1,93
202400053615,2024-01-01,Evening,4,1,6.0,5,2,93
202400053616,2024-08-15,Night,4,1,3.0,5,2,35
202400053617,2024-10-23,Morning,4,1,6.0,1,2,77
202400053618,2024-02-12,Afternoon,4,1,2.0,1,2,75
202400053619,2024-03-25,Afternoon,4,1,2.0,1,2,58
202400053620,2024-07-12,Afternoon,4,1,2.0,1,2,01
202400053621,2024-06-08,Night,4,1,1.0,3,2,09
202400053622,2024-05-02,Evening,4,1,2.0,5,2,75
202400053623,2024-12-01,Morning,4,1,2.0,2,1,95
202400053624,2024-10-23,Afternoon,4,1,6.0,1,2,77
202400053625,2024-03-02,Afternoon,3,1,7.0,1,1,14
202400053626,2024-08-14,Afternoon,4,1,3.0,1,2,34
202400053627,2024-02-13,Afternoon,3,1,3.0,1,2,75
202400053628,2024-07-11,Afternoon,3,1,3.0,1,1,69
202400053629,2024-01-01,Morning,4,1,5.0,5,2,93
202400053630,2024-06-08,Evening,4,1,3.0,1,2,06
202400053631,2024-12-01,Night,4,1,2.0,5,1,93
202400053632,2024-03-26,Evening,3,2,6.0,1,1,09
202400053633,2024-08-15,Night,3,1,7.0,3,1,22
202400053634,2024-05-02,Night,4,2,3.0,5,2,75
202400053635,2024-02-11,Night,4,2,6.0,5,2,75
202400053636,2024-07-11,Evening,4,8,3.0,1,2,69
202400053637,2024-12-01,Night,4,1,2.0,3,1,94
202400053638,2024-01-01,Evening,4,2,3.0,5,2,92
202400053639,2024-06-08,Night,4,1,6.0,5,2,75
202400053640,2024-08-04,Evening,4,1,6.0,1,2,14
202400053641,2024-05-02,Afternoon,4,2,6.0,1,2,75
202400053642,2024-10-23,Morning,4,1,5.0,1,2,77
202400053643,2024-02-13,Evening,4,2,3.0,5,2,75
202400053644,2024-07-13,Night,4,2,7.0,3,1,55
202400053645,2024-07-10,Evening,4,1,2.0,1,2,69
202400053646,2024-03-26,Afternoon,4,3,3.0,2,1,21
202400053647,2024-06-07,Evening,4,1,2.0,1,2,75
202400053648,2024-07-11,Night,3,1,7.0,3,1,79
202400053649,2024-09-26,Evening,4,2,6.0,1,1,43
202400053650,2024-10-24,Morning,4,1,1.0,2,2,76
202400053651,2024-01-01,Evening,4,2,4.0,3,2,92
202400053652,2024-03-27,Afternoon,3,1,3.0,1,1,40
202400053653,2024-08-14,Evening,4,1,2.0,1,2,13
202400053654,2024-02-13,Afternoon,4,1,3.0,2,2,75
202400053655,2024-05-02,Afternoon,4,1,2.0,1,2,75
202400053656,2024-09-10,Afternoon,3,1,6.0,1,1,43
202400053657,2024-10-23,Afternoon,4,1,1.0,1,2,76
202400053658,2024-07-09,Afternoon,4,9,3.0,1,1,33
202400053659,2024-06-07,Afternoon,4,1,2.0,1,2,75
202400053660,2024-03-26,Evening,3,1,6.0,2,1,40
202400053661,2024-08-14,Afternoon,4,1,3.0,1,2,13
202400053662,2024-01-02,Afternoon,2,1,3.0,1,1,81
202400053663,2024-02-13,Evening,4,2,6.0,2,2,75
202400053664,2024-09-08,Afternoon,4,3,7.0,1,1,43
202400053665,2024-05-02,Afternoon,4,2,3.0,1,2,75
202400053666,2024-10-24,Afternoon,4,1,3.0,1,2,72
202400053667,2024-06-07,Morning,3,1,2.0,1,2,75
202400053668,2024-07-11,Afternoon,4,1,2.0,1,1,13
202400053669,2024-09-21,Afternoon,4,1,2.0,1,1,21
202400053670,2024-03-19,Evening,4,1,3.0,2,2,28
202400053671,2024-09-04,Afternoon,4,2,1.0,1,1,43
202400053672,2024-01-02,Evening,4,1,3.0,5,2,2A
202400053673,2024-02-13,Afternoon,4,8,6.0,1,2,75
202400053674,2024-05-02,Afternoon,4,1,2.0,1,2,94
202400053675,2024-10-22,Afternoon,4,8,6.0,1,2,67
202400053676,2024-07-26,Night,3,2,6.0,5,2,28
202400053677,2024-07-11,Morning,4,1,6.0,1,1,13
202400053678,2024-08-14,Morning,4,1,3.0,1,2,13
202400053679,2024-01-01,Night,4,1,7.0,3,1,51
202400053680,2024-02-13,Evening,4,2,7.0,5,2,75
202400053681,2024-03-27,Morning,4,1,6.0,1,1,03
202400053682,2024-03-01,Evening,4,1,2.0,1,1,77
202400053683,2024-05-02,Morning,4,1,6.0,1,2,94
202400053684,2024-06-07,Night,4,1,3.0,5,2,75
202400053685,2024-08-14,Night,2,1,3.0,5,2,13
202400053686,2024-07-11,Afternoon,4,1,2.0,1,1,91
202400053687,2024-03-27,Morning,4,2,2.0,1,1,38
202400053688,2024-10-24,Evening,4,1,6.0,5,2,64
202400053689,2024-02-13,Morning,4,1,6.0,1,2,75
202400053690,2024-01-01,Afternoon,4,1,1.0,1,1,01
202400053691,2024-05-01,Night,4,2,6.0,5,2,94
202400053692,2024-07-22,Afternoon,4,1,4.0,1,1,28
202400053693,2024-09-20,Evening,3,8,1.0,3,1,78
202400053694,2024-07-11,Night,4,1,6.0,3,1,94
202400053695,2024-06-07,Afternoon,4,1,3.0,1,2,75
202400053696,2024-08-13,Evening,3,1,3.0,1,2,13
202400053697,2024-05-02,Night,4,8,6.0,5,2,94
202400053698,2024-10-24,Afternoon,4,1,6.0,1,2,64
202400053699,2024-02-13,Morning,4,1,3.0,1,2,75
202400053700,2024-01-01,Evening,3,1,2.0,3,1,34
202400053701,2024-03-27,Evening,4,1,3.0,1,2,84
202400053702,2024-06-08,Night,4,1,7.0,5,2,75
202400053703,2024-07-20,Evening,4,1,3.0,1,1,28
202400053704,2024-02-13,Afternoon,4,1,7.0,1,2,75
202400053705,2024-03-27,Night,4,2,7.0,3,1,08
202400053706,2024-09-20,Evening,3,1,3.0,1,1,38
202400053707,2024-08-08,Evening,3,1,1.0,1,1,12
202400053708,2024-07-11,Afternoon,4,1,2.0,1,1,95
202400053709,2024-05-02,Evening,4,2,6.0,1,2,94
202400053710,2024-01-01,Afternoon,3,1,7.0,1,1,38
202400053711,2024-06-07,Evening,3,1,6.0,1,2,75
202400053712,2024-07-16,Morning,4,1,2.0,1,1,28
202400053713,2024-10-23,Evening,4,1,2.0,3,1,63
202400053714,2024-03-27,Morning,4,8,1.0,1,1,03
202400053715,2024-08-14,Morning,4,1,6.0,1,2,11
202400053716,2024-01-01,Night,3,8,6.0,3,1,89
202400053717,2024-02-13,Morning,4,1,1.0,1,2,75
202400053718,2024-09-18,Evening,3,1,3.0,1,1,44
202400053719,2024-07-11,Afternoon,4,1,2.0,1,1,93
202400053720,2024-05-02,Afternoon,4,3,6.0,1,2,94
202400053721,2024-07-15,Afternoon,4,1,3.0,1,1,28
202400053722,2024-06-08,Afternoon,4,1,3.0,1,2,75
202400053723,2024-10-24,Morning,4,1,6.0,1,2,63
202400053724,2024-03-24,Evening,4,1,6.0,2,2,42
202400053725,2024-08-14,Night,4,2,1.0,5,2,06
202400053726,2024-02-10,Afternoon,4,1,1.0,1,2,94
202400053727,2024-07-11,Afternoon,4,1,2.0,1,1,93
202400053728,2024-01-01,Morning,3,6,3.0,1,1,56
202400053729,2024-09-19,Evening,3,1,3.0,2,1,44
202400053730,2024-07-14,Evening,4,1,1.0,1,2,28
202400053731,2024-05-02,Night,4,1,7.0,2,2,93
202400053732,2024-08-13,Afternoon,3,1,3.0,1,2,06
202400053733,2024-10-23,Morning,3,8,6.0,3,2,62
202400053734,2024-06-08,Night,4,1,6.0,3,2,75
202400053735,2024-02-13,Evening,4,2,6.0,5,2,94
202400053736,2024-07-11,Afternoon,4,1,7.0,1,1,93
202400053737,2024-10-23,Afternoon,4,1,7.0,1,2,62
202400053738,2024-01-02,Morning,4,3,6.0,1,2,77
202400053739,2024-08-14,Evening,4,1,1.0,1,2,75
202400053740,2024-06-16,Evening,4,8,6.0,2,2,28
202400053741,2024-07-11,Morning,4,1,7.0,1,1,95
202400053742,2024-06-08,Evening,4,1,1.0,1,2,75
202400053743,2024-05-02,Night,4,2,1.0,3,1,93
202400053744,2024-02-12,Afternoon,4,1,2.0,1,2,94
202400053745,2024-09-20,Night,3,1,1.0,3,2,76
202400053746,2024-03-25,Afternoon,3,1,1.0,1,2,38
202400053747,2024-10-23,Morning,2,1,6.0,1,1,62
202400053748,2024-01-01,Evening,4,2,6.0,3,1,76
202400053749,2024-06-08,Afternoon,3,1,7.0,1,2,28
202400053750,2024-06-07,Afternoon,4,1,6.0,1,2,75
202400053751,2024-08-14,Morning,4,1,3.0,1,2,75
202400053752,2024-07-11,Night,4,1,2.0,3,1,93
202400053753,2024-10-24,Morning,3,1,6.0,2,2,59
202400053754,2024-09-21,Afternoon,4,1,2.0,1,1,80
202400053755,2024-01-01,Evening,3,1,7.0,5,2,32
202400053756,2024-02-12,Evening,4,9,3.0,5,2,93
202400053757,2024-03-26,Afternoon,4,1,1.0,1,2,38
202400053758,2024-05-02,Afternoon,3,2,6.0,1,2,93
202400053759,2024-07-15,Evening,2,1,2.0,1,1,28
202400053760,2024-08-14,Evening,4,1,6.0,1,2,75
202400053761,2024-06-08,Afternoon,4,1,1.0,1,2,75
202400053762,2024-02-13,Night,4,1,1.0,3,2,93
202400053763,2024-05-29,Evening,4,1,3.0,2,1,93
202400053765,2024-01-01,Night,3,1,7.0,3,1,89
202400053766,2024-02-13,Morning,4,1,3.0,1,2,93
202400053767,2024-05-02,Afternoon,3,2,2.0,1,2,93
202400053768,2024-03-22,Afternoon,4,1,1.0,1,1,46
202400053769,2024-10-24,Afternoon,2,1,6.0,1,2,53
202400053770,2024-08-14,Morning,4,1,6.0,1,2,94
202400053771,2024-09-17,Afternoon,4,8,5.0,1,1,13
202400053772,2024-06-08,Evening,4,1,3.0,1,2,75
202400053773,2024-07-02,Afternoon,4,8,2.0,1,2,44
202400053775,2024-01-01,Afternoon,4,1,6.0,2,1,63
202400053776,2024-08-12,Evening,4,1,7.0,1,2,94
202400053777,2024-02-12,Afternoon,4,1,3.0,1,2,93
202400053778,2024-03-27,Night,4,1,3.0,5,2,72
202400053779,2024-09-20,Night,3,1,6.0,3,1,13
202400053781,2024-06-08,Night,4,1,6.0,5,2,75
202400053782,2024-10-15,Afternoon,3,1,3.0,1,2,52
202400053783,2024-05-02,Morning,4,1,3.0,1,2,93
202400053784,2024-06-18,Evening,4,8,3.0,5,2,44
202400053785,2024-02-13,Morning,4,8,3.0,1,2,92
202400053786,2024-01-01,Afternoon,3,2,1.0,1,2,49
202400053787,2024-08-13,Night,4,1,3.0,5,2,94
202400053789,2024-09-20,Afternoon,3,1,2.0,1,1,59
202400053790,2024-06-08,Afternoon,4,1,3.0,1,2,94
202400053791,2024-10-24,Morning,4,1,3.0,1,1,47
202400053792,2024-02-08,Afternoon,4,1,6.0,1,2,92
202400053794,2024-05-01,Evening,4,1,3.0,1,2,93
202400053796,2024-08-14,Afternoon,4,1,6.0,1,2,94
202400053797,2024-01-01,Night,3,2,7.0,3,1,25
202400053798,2024-10-23,Afternoon,4,7,2.0,1,1,47
202400053799,2024-06-08,Afternoon,4,1,6.0,1,2,94
202400053800,2024-03-26,Afternoon,4,2,2.0,1,1,13
202400053801,2024-09-20,Afternoon,4,1,4.0,1,1,91
202400053803,2024-02-13,Evening,4,2,3.0,5,2,92
202400053804,2024-11-30,Afternoon,3,1,6.0,1,2,69
202400053805,2024-05-02,Afternoon,3,1,3.0,1,2,93
202400053806,2024-08-14,Afternoon,4,1,2.0,1,2,94
202400053807,2024-06-08,Night,3,1,3.0,5,2,94
202400053808,2024-10-23,Evening,4,1,3.0,1,2,44
202400053809,2024-07-10,Evening,4,2,7.0,1,2,69
202400053810,2024-03-25,Morning,4,1,5.0,1,1,13
202400053812,2024-05-02,Afternoon,4,3,6.0,1,2,92
202400053813,2024-01-01,Afternoon,2,2,1.0,1,1,44
202400053814,2024-09-19,Afternoon,4,1,4.0,1,1,92
202400053815,2024-02-13,Evening,4,2,3.0,5,2,92
202400053816,2024-08-14,Evening,4,1,3.0,1,2,93
202400053818,2024-10-24,Morning,4,1,3.0,5,2,41
202400053819,2024-07-10,Afternoon,4,1,3.0,1,2,2A
202400053820,2024-01-01,Morning,3,1,6.0,1,1,44
202400053821,2024-05-02,Evening,4,2,2.0,1,2,75
202400053822,2024-03-26,Morning,4,2,2.0,1,1,83
202400053823,2024-06-08,Evening,4,1,5.0,1,2,94
202400053824,2024-08-14,Afternoon,4,1,6.0,1,2,93
202400053825,2024-09-20,Afternoon,4,1,3.0,1,1,93
202400053826,2024-02-13,Evening,4,2,3.0,5,2,92
202400053827,2024-11-29,Afternoon,4,1,4.0,1,1,2A
202400053828,2024-07-10,Morning,4,1,6.0,1,2,95
202400053829,2024-10-24,Night,4,1,3.0,3,2,41
202400053830,2024-06-08,Night,4,1,7.0,5,2,93
202400053831,2024-05-02,Afternoon,4,2,6.0,1,2,92
202400053832,2024-01-01,Evening,3,1,2.0,3,1,38
202400053833,2024-03-26,Afternoon,4,2,2.0,1,1,69
202400053834,2024-02-13,Evening,3,1,7.0,5,2,33
202400053835,2024-08-14,Afternoon,4,1,3.0,1,2,93
202400053836,2024-11-30,Morning,4,1,2.0,1,2,95
202400053837,2024-09-20,Morning,4,1,4.0,1,1,95
202400053838,2024-07-10,Night,3,1,2.0,3,2,91
202400053839,2024-03-25,Afternoon,4,1,6.0,1,1,67
202400053840,2024-06-08,Morning,4,1,3.0,1,2,93
202400053841,2024-10-25,Night,4,1,1.0,5,2,38
202400053842,2024-02-13,Morning,3,1,7.0,1,1,30
202400053843,2024-07-09,Afternoon,3,1,6.0,1,1,87
202400053844,2024-05-02,Afternoon,4,1,3.0,1,2,92
202400053845,2024-09-19,Evening,2,1,6.0,3,1,93
202400053846,2024-01-02,Morning,3,2,3.0,1,2,58
202400053847,2024-08-14,Night,4,1,3.0,5,2,93
202400053848,2024-11-30,Night,4,1,3.0,5,2,91
202400053849,2024-06-08,Afternoon,4,1,6.0,1,2,93
202400053850,2024-01-01,Night,3,1,6.0,3,2,83
202400053851,2024-10-24,Evening,4,1,3.0,5,2,37
202400053852,2024-05-02,Morning,4,8,3.0,1,2,92
202400053853,2024-02-13,Evening,4,1,5.0,3,1,19
202400053854,2024-07-06,Afternoon,4,1,3.0,1,2,87
202400053855,2024-03-26,Morning,4,2,4.0,1,1,91
202400053856,2024-06-08,Afternoon,4,1,3.0,1,2,93
202400053857,2024-11-30,Morning,4,1,2.0,5,2,91
202400053858,2024-09-19,Evening,4,1,4.0,3,1,92
202400053859,2024-08-14,Afternoon,4,1,3.0,1,2,93
202400053860,2024-01-02,Afternoon,2,6,1.0,1,1,45
202400053861,2024-02-07,Afternoon,4,1,3.0,1,2,2A
202400053862,2024-03-26,Morning,4,2,3.0,1,1,91
202400053863,2024-09-19,Afternoon,4,1,7.0,1,1,93
202400053864,2024-10-24,Morning,4,1,3.0,2,2,35
202400053865,2024-12-01,Night,4,5,1.0,3,1,91
202400053866,2024-05-01,Afternoon,4,1,6.0,1,2,92
202400053867,2024-06-08,Morning,4,1,3.0,1,2,93
202400053868,2024-01-01,Morning,4,8,1.0,1,1,17
202400053869,2024-07-10,Night,4,1,4.0,3,2,84
202400053870,2024-02-11,Morning,4,2,6.0,3,1,11
202400053871,2024-03-26,Morning,4,2,3.0,1,1,91
202400053872,2024-08-14,Afternoon,4,1,3.0,1,2,93
202400053873,2024-05-03,Afternoon,3,2,7.0,1,1,22
202400053874,2024-09-19,Afternoon,4,1,2.0,1,1,93
202400053876,2024-06-08,Morning,4,1,2.0,1,2,93
202400053877,2024-10-24,Evening,4,1,3.0,3,2,33
202400053878,2024-02-14,Afternoon,3,1,3.0,1,1,49
202400053879,2024-07-10,Night,4,1,3.0,5,2,83
202400053880,2024-03-26,Morning,4,3,2.0,1,1,91
202400053882,2024-05-01,Night,3,3,7.0,3,2,40
202400053883,2024-09-19,Morning,4,1,3.0,1,2,95
202400053884,2024-08-14,Afternoon,4,1,2.0,1,2,92
202400053885,2024-02-14,Afternoon,3,1,7.0,1,1,12
202400053886,2024-06-08,Night,4,1,6.0,5,2,93
202400053887,2024-03-26,Morning,4,2,7.0,1,1,91
202400053888,2024-11-30,Evening,3,1,5.0,5,2,83
202400053889,2024-07-10,Evening,4,1,3.0,1,2,81
202400053890,2024-10-24,Evening,4,1,6.0,5,2,33
202400053892,2024-02-14,Morning,2,1,6.0,1,1,68
202400053893,2024-09-19,Morning,4,1,3.0,1,1,93
202400053894,2024-04-24,Morning,4,8,3.0,1,2,31
202400053895,2024-11-30,Night,4,5,6.0,3,2,81
202400053896,2024-06-08,Evening,3,1,6.0,1,2,93
202400053897,2024-08-14,Morning,4,1,3.0,2,2,92
202400053898,2024-03-26,Morning,4,2,2.0,1,1,92
202400053899,2024-01-02,Afternoon,4,2,6.0,1,2,33
202400053900,2024-10-24,Evening,4,1,6.0,1,2,33
202400053901,2024-09-20,Night,4,1,6.0,3,1,94
202400053902,2024-05-02,Morning,3,8,7.0,1,1,76
202400053903,2024-02-14,Afternoon,4,1,3.0,1,1,03
202400053904,2024-06-08,Morning,4,1,6.0,1,2,93
202400053905,2024-03-26,Afternoon,4,2,6.0,1,1,93
202400053906,2024-01-01,Morning,4,1,6.0,1,2,95
202400053907,2024-08-14,Night,4,1,3.0,5,2,92
202400053908,2024-11-29,Afternoon,4,1,3.0,2,2,81
202400053909,2024-10-24,Afternoon,3,1,2.0,1,2,31
202400053910,2024-09-20,Evening,4,1,5.0,3,1,94
202400053911,2024-05-02,Afternoon,3,2,5.0,1,1,01
202400053912,2024-03-26,Morning,4,2,3.0,1,1,93
202400053913,2024-01-26,Morning,4,1,1.0,3,1,03
202400053914,2024-01-02,Morning,4,1,1.0,3,1,13
202400053915,2024-08-14,Afternoon,4,1,2.0,1,2,92
202400053916,2024-06-08,Morning,4,1,3.0,1,2,93
202400053917,2024-11-30,Evening,4,1,1.0,5,2,80
202400053918,2024-10-24,Afternoon,4,1,3.0,1,2,27
202400053919,2024-05-02,Evening,3,1,6.0,2,1,86
202400053920,2024-07-10,Morning,3,1,1.0,2,1,77
202400053921,2024-02-14,Afternoon,2,7,6.0,1,1,15
202400053922,2024-09-20,Evening,4,2,2.0,1,1,93
202400053923,2024-08-14,Night,4,1,6.0,5,2,92
202400053924,2024-06-08,Morning,4,1,6.0,1,2,93
202400053925,2024-01-01,Night,3,2,6.0,3,1,68
202400053926,2024-11-30,Morning,4,1,7.0,1,1,77
202400053927,2024-07-10,Morning,4,1,7.0,1,2,77
202400053928,2024-03-25,Morning,4,1,4.0,1,1,93
202400053929,2024-09-20,Afternoon,4,1,3.0,1,1,77
202400053930,2024-06-08,Afternoon,4,1,7.0,1,1,92
202400053931,2024-10-24,Morning,4,1,2.0,1,1,25
202400053932,2024-01-01,Night,4,1,7.0,3,1,38
202400053933,2024-05-02,Afternoon,4,2,2.0,1,1,21
202400053934,2024-02-14,Night,2,2,6.0,3,1,72
202400053935,2024-03-25,Afternoon,4,1,7.0,1,1,95
202400053936,2024-08-11,Afternoon,4,1,3.0,1,1,14