Num_Acc,date,time_of_day,max_severity,weather,collision_type,lighting,urban_area,department
202400053937,2024-11-29,Afternoon,4,1,7.0,5,2,77
202400053938,2024-06-08,Afternoon,4,1,7.0,1,2,92
202400053939,2024-07-09,Evening,4,1,3.0,1,2,76
202400053940,2024-10-25,Night,4,1,6.0,5,2,22
202400053941,2024-02-14,Morning,2,8,6.0,1,1,14
202400053942,2024-09-20,Afternoon,4,1,2.0,1,1,77
202400053943,2024-03-25,Morning,4,1,3.0,1,1,92
202400053944,2024-08-10,Night,3,1,6.0,3,1,62
202400053945,2024-11-30,Morning,4,1,3.0,1,2,72
202400053946,2024-05-03,Evening,3,1,1.0,1,1,30
202400053947,2024-01-02,Afternoon,4,1,1.0,1,1,81
202400053948,2024-05-03,Evening,4,1,3.0,1,2,92
202400053949,2024-10-24,Afternoon,4,1,2.0,1,2,17
202400053950,2024-05-03,Afternoon,3,2,6.0,1,1,19
202400053951,2024-03-25,Morning,4,1,3.0,1,1,93
202400053952,2024-02-10,Afternoon,4,1,2.0,1,2,50
202400053953,2024-07-09,Evening,4,1,4.0,1,2,72
202400053954,2024-09-20,Morning,4,1,2.0,1,1,77
202400053955,2024-08-14,Afternoon,4,1,6.0,1,1,73
202400053956,2024-10-24,Night,2,5,7.0,3,1,17
202400053957,2024-01-01,Afternoon,3,7,3.0,1,2,31
202400053958,2024-06-08,Afternoon,4,1,2.0,1,2,92
202400053959,2024-11-27,Afternoon,4,2,3.0,1,2,72
202400053960,2024-05-03,Afternoon,2,1,6.0,1,2,56
202400053961,2024-02-13,Morning,4,1,2.0,1,2,83
202400053962,2024-03-24,Night,4,8,2.0,3,1,93
202400053963,2024-08-15,Afternoon,4,1,1.0,1,2,41
202400053964,2024-06-08,Evening,4,1,7.0,1,2,92
202400053965,2024-09-18,Night,4,1,3.0,5,1,94
202400053966,2024-02-02,Morning,4,1,6.0,1,1,10
202400053967,2024-07-09,Afternoon,4,2,5.0,1,1,72
202400053968,2024-11-12,Afternoon,4,1,1.0,1,1,69
202400053969,2024-05-03,Morning,3,9,1.0,1,1,76
202400053970,2024-01-02,Night,4,6,1.0,3,1,56
202400053971,2024-03-24,Night,4,1,2.0,3,1,93
202400053972,2024-11-30,Night,4,1,6.0,5,2,64
202400053973,2024-08-13,Evening,4,1,1.0,5,1,28
202400053974,2024-06-07,Afternoon,3,1,3.0,1,2,37
202400053975,2024-10-24,Morning,4,1,3.0,2,2,14
202400053976,2024-05-25,Evening,2,1,3.0,1,1,59
202400053977,2024-07-10,Evening,4,2,6.0,1,2,69
202400053978,2024-05-02,Evening,3,1,1.0,1,1,79
202400053979,2024-02-12,Afternoon,4,1,5.0,1,1,21
202400053980,2024-06-08,Night,4,1,6.0,3,1,54
202400053981,2024-03-23,Evening,4,2,2.0,3,1,93
202400053982,2024-01-02,Morning,4,3,2.0,1,1,80
202400053984,2024-11-29,Afternoon,4,1,6.0,5,2,64
202400053986,2024-10-23,Afternoon,2,1,3.0,1,2,13
202400053987,2024-06-08,Afternoon,3,1,6.0,1,1,72
202400053988,2024-07-10,Night,4,2,1.0,5,2,69
202400053989,2024-02-11,Afternoon,4,2,1.0,1,2,85
202400053990,2024-03-23,Evening,4,2,6.0,3,1,93
202400053991,2024-05-02,Afternoon,4,1,1.0,1,2,2A
202400053992,2024-11-29,Afternoon,4,1,6.0,1,2,64
202400053993,2024-10-23,Afternoon,4,1,6.0,1,2,10
202400053994,2024-08-15,Evening,3,1,2.0,1,1,14
202400053995,2024-02-13,Evening,2,1,7.0,1,2,30
202400053996,2024-09-19,Evening,4,1,1.0,1,2,69
202400053997,2024-07-09,Morning,3,1,3.0,1,2,67
202400053998,2024-06-09,Afternoon,4,1,3.0,1,2,06
202400053999,2024-03-22,Afternoon,4,1,5.0,1,1,95
202400054000,2024-08-15,Morning,2,1,7.0,1,1,56
202400054001,2024-11-30,Afternoon,4,1,3.0,1,2,64
202400054002,2024-05-02,Afternoon,3,2,3.0,1,1,82
202400054003,2024-09-19,Morning,4,1,3.0,1,2,69
202400054004,2024-02-14,Morning,2,7,1.0,1,2,13
202400054005,2024-10-22,Evening,4,1,7.0,1,2,10
202400054006,2024-01-01,Night,4,8,7.0,3,1,54
202400054007,2024-03-26,Afternoon,4,2,2.0,1,1,77
202400054008,2024-06-09,Night,4,1,2.0,3,1,49
202400054009,2024-07-10,Night,4,1,3.0,5,1,66
202400054010,2024-11-30,Morning,4,1,2.0,1,2,64
202400054011,2024-02-14,Morning,2,1,6.0,1,2,85
202400054012,2024-05-02,Afternoon,2,3,6.0,1,1,69
202400054013,2024-09-19,Morning,4,1,3.0,1,2,69
202400054014,2024-01-01,Night,4,1,6.0,5,1,33
202400054015,2024-03-26,Morning,4,2,5.0,1,1,94
202400054016,2024-11-30,Night,4,5,6.0,3,1,63
202400054018,2024-05-02,Afternoon,3,2,6.0,1,1,42
202400054019,2024-06-09,Afternoon,3,1,3.0,1,2,74
202400054020,2024-07-09,Night,4,1,3.0,5,2,64
202400054021,2024-10-23,Evening,4,1,5.0,5,2,08
202400054022,2024-02-14,Morning,2,1,2.0,2,1,67
202400054023,2024-11-26,Morning,3,2,6.0,1,2,62
202400054024,2024-08-15,Afternoon,3,7,5.0,1,1,80
202400054025,2024-06-09,Evening,3,7,6.0,1,1,77
202400054026,2024-05-02,Morning,3,1,3.0,1,2,47
202400054027,2024-10-23,Afternoon,4,1,6.0,1,2,07
202400054028,2024-09-19,Night,4,1,6.0,5,2,2B
202400054030,2024-01-01,Afternoon,4,1,4.0,2,1,91
202400054031,2024-06-06,Afternoon,3,1,7.0,1,1,62
202400054032,2024-02-14,Afternoon,3,1,3.0,1,2,31
202400054033,2024-05-30,Afternoon,3,1,3.0,1,2,62
202400054034,2024-10-24,Morning,4,1,6.0,1,2,06
202400054035,2024-11-29,Afternoon,4,1,3.0,5,2,61
202400054036,2024-08-14,Afternoon,3,1,3.0,1,1,41
202400054037,2024-01-01,Morning,4,1,6.0,1,1,91
202400054038,2024-05-02,Morning,3,1,7.0,1,1,68
202400054039,2024-06-09,Night,2,1,6.0,3,1,35
202400054040,2024-03-25,Afternoon,4,1,3.0,1,2,69
202400054042,2024-10-24,Afternoon,3,1,6.0,1,2,06
202400054043,2024-11-29,Afternoon,4,1,1.0,3,2,59
202400054045,2024-07-09,Evening,4,2,3.0,1,2,56
202400054046,2024-03-25,Morning,4,1,6.0,1,2,69
202400054047,2024-07-07,Afternoon,3,1,3.0,1,1,69
202400054048,2024-04-11,Night,4,1,1.0,3,1,22
202400054049,2024-05-20,Afternoon,4,1,2.0,1,1,01
202400054050,2024-11-30,Afternoon,4,8,6.0,1,2,56
202400054051,2024-01-01,Night,4,1,5.0,3,1,95
202400054053,2024-08-14,Evening,3,1,6.0,3,1,32
202400054054,2024-03-25,Evening,4,2,6.0,1,2,2B
202400054055,2024-06-08,Afternoon,4,1,6.0,1,1,22
202400054056,2024-07-09,Afternoon,4,8,2.0,1,2,56
202400054057,2024-10-23,Afternoon,4,1,5.0,1,1,06
202400054058,2024-11-30,Evening,4,5,6.0,5,2,54
202400054059,2024-05-02,Evening,4,2,3.0,1,1,25
202400054060,2024-07-18,Night,3,1,6.0,3,1,61
202400054061,2024-09-19,Evening,4,1,3.0,5,2,2A
202400054062,2024-02-14,Morning,3,2,6.0,1,2,57
202400054064,2024-06-07,Evening,2,1,6.0,1,2,06
202400054065,2024-07-09,Morning,4,2,7.0,1,2,56
202400054066,2024-05-03,Morning,4,7,3.0,1,1,29
202400054067,2024-08-15,Evening,4,8,6.0,2,1,39
202400054069,2024-11-30,Morning,4,5,4.0,1,1,54
202400054070,2024-07-09,Afternoon,4,2,7.0,1,2,56
202400054071,2024-02-14,Evening,3,1,1.0,1,1,26
202400054072,2024-06-09,Night,4,1,6.0,3,1,2B
202400054073,2024-01-01,Night,4,3,6.0,5,2,59
202400054074,2024-09-19,Afternoon,4,1,3.0,1,2,91
202400054075,2024-08-14,Evening,2,1,6.0,2,1,44
202400054076,2024-10-24,Evening,4,1,4.0,5,2,75
202400054077,2024-05-03,Afternoon,3,1,3.0,1,1,31
202400054078,2024-06-08,Evening,2,1,6.0,1,1,62
202400054079,2024-01-01,Morning,3,1,6.0,1,1,63
202400054080,2024-02-14,Night,4,2,7.0,3,2,79
202400054081,2024-01-27,Night,4,1,3.0,5,2,2A
202400054082,2024-07-09,Evening,4,7,1.0,1,1,54
202400054083,2024-09-19,Morning,4,1,3.0,1,2,89
202400054084,2024-11-29,Afternoon,4,1,3.0,1,2,53
202400054085,2024-07-14,Evening,4,1,7.0,1,2,29
202400054086,2024-01-01,Night,3,2,6.0,3,1,33
202400054087,2024-10-24,Morning,4,1,2.0,1,2,75
202400054088,2024-05-01,Afternoon,4,2,6.0,1,1,31
202400054089,2024-06-09,Afternoon,3,1,3.0,1,1,67
202400054090,2024-03-24,Night,4,2,6.0,4,1,91
202400054091,2024-02-12,Afternoon,4,1,2.0,1,2,62
202400054092,2024-07-09,Afternoon,4,1,3.0,1,2,54
202400054093,2024-09-15,Evening,4,1,3.0,1,2,85
202400054094,2024-12-01,Night,4,1,1.0,5,2,49
202400054095,2024-10-23,Afternoon,4,1,6.0,1,2,75
202400054096,2024-06-09,Night,3,1,6.0,3,1,79
202400054097,2024-05-03,Morning,4,1,3.0,1,1,01
202400054098,2024-07-16,Afternoon,4,1,3.0,1,1,29
202400054099,2024-01-01,Morning,4,2,6.0,5,2,68
202400054100,2024-07-10,Evening,4,1,6.0,1,2,54
202400054101,2024-03-24,Morning,4,1,3.0,2,2,91
202400054102,2024-06-09,Night,3,1,6.0,3,1,2B
202400054103,2024-09-19,Evening,4,1,6.0,1,2,84
202400054104,2024-11-30,Evening,4,1,6.0,5,2,49
202400054105,2024-02-14,Morning,4,2,3.0,1,1,59
202400054106,2024-08-14,Morning,3,1,7.0,1,2,29
202400054107,2024-10-23,Evening,3,1,1.0,5,2,75
202400054108,2024-07-10,Afternoon,3,1,7.0,1,1,51
202400054109,2024-01-01,Morning,4,1,6.0,1,2,38
202400054110,2024-08-15,Morning,2,8,6.0,2,1,31
202400054111,2024-05-03,Morning,4,2,3.0,1,1,85
202400054112,2024-06-08,Evening,3,1,3.0,1,2,82
202400054113,2024-03-21,Afternoon,4,1,3.0,1,2,88
202400054114,2024-07-08,Night,3,1,6.0,3,1,47
202400054115,2024-09-19,Evening,4,1,3.0,5,2,84
202400054116,2024-11-30,Afternoon,4,8,3.0,1,2,49
202400054117,2024-01-01,Night,4,2,6.0,3,1,15
202400054118,2024-02-12,Afternoon,4,1,3.0,1,1,13
202400054119,2024-10-24,Afternoon,4,1,3.0,1,2,75
202400054120,2024-08-15,Night,2,8,6.0,4,1,38
202400054121,2024-07-10,Morning,4,1,6.0,1,1,45
202400054122,2024-03-22,Afternoon,4,1,2.0,1,1,87
202400054123,2024-05-03,Afternoon,4,1,3.0,1,1,26
202400054124,2024-09-19,Afternoon,3,1,1.0,1,1,84
202400054125,2024-01-01,Night,4,2,7.0,3,1,24
202400054126,2024-11-30,Afternoon,4,1,2.0,1,1,47
202400054127,2024-06-09,Afternoon,4,1,3.0,1,1,65
202400054128,2024-02-12,Morning,4,1,3.0,1,1,83
202400054129,2024-05-02,Evening,4,1,6.0,3,1,66
202400054130,2024-10-23,Night,3,1,3.0,5,2,75
202400054131,2024-03-24,Night,3,1,6.0,3,2,86
202400054132,2024-08-15,Afternoon,4,1,1.0,1,1,66
202400054133,2024-06-08,Evening,3,2,6.0,2,1,71
202400054134,2024-01-01,Night,4,1,6.0,3,2,34
202400054135,2024-11-30,Morning,4,8,4.0,1,2,45
202400054136,2024-09-19,Morning,4,1,3.0,1,2,84
202400054137,2024-07-09,Night,4,1,5.0,5,2,42
202400054138,2024-04-30,Morning,3,1,3.0,1,2,06
202400054139,2024-08-13,Afternoon,3,1,7.0,1,2,54
202400054140,2024-03-24,Afternoon,2,1,3.0,1,1,85
202400054142,2024-10-24,Morning,4,1,2.0,1,2,75
202400054143,2024-11-30,Morning,3,1,6.0,5,2,34
202400054144,2024-09-18,Afternoon,3,1,2.0,1,2,84
202400054145,2024-08-15,Afternoon,2,1,3.0,1,2,72
202400054146,2024-06-08,Afternoon,4,8,1.0,1,1,71
202400054148,2024-05-02,Afternoon,4,2,1.0,1,2,60
202400054149,2024-03-21,Afternoon,4,7,3.0,1,2,77
202400054150,2024-11-29,Afternoon,4,1,6.0,2,2,33
202400054151,2024-08-13,Afternoon,3,1,6.0,1,1,06
202400054152,2024-10-24,Morning,4,1,2.0,1,2,75
202400054153,2024-03-25,Morning,2,1,6.0,1,1,77
202400054154,2024-05-03,Morning,3,1,2.0,1,2,53
202400054155,2024-05-30,Morning,4,1,3.0,1,1,89
202400054156,2024-07-10,Morning,4,1,3.0,2,2,37
202400054157,2024-08-14,Morning,3,1,3.0,1,1,14
202400054158,2024-11-30,Afternoon,4,1,2.0,1,1,31
202400054159,2024-09-19,Morning,4,1,5.0,1,1,83
202400054160,2024-10-24,Afternoon,4,1,3.0,1,2,75
202400054161,2024-07-10,Night,4,1,6.0,3,2,37
202400054162,2024-06-08,Afternoon,3,1,7.0,1,1,63
202400054163,2024-03-25,Afternoon,4,1,6.0,1,2,77
202400054164,2024-08-14,Afternoon,3,1,7.0,1,1,05
202400054165,2024-01-01,Afternoon,4,1,5.0,1,1,05
202400054166,2024-09-19,Morning,4,1,6.0,1,2,81
202400054167,2024-05-02,Evening,4,1,3.0,1,2,27
202400054168,2024-11-30,Morning,3,1,1.0,4,2,31
202400054169,2024-06-07,Evening,3,1,6.0,1,2,63
202400054170,2024-03-23,Morning,3,1,6.0,1,2,76
202400054171,2024-10-24,Morning,4,1,3.0,1,2,75
202400054172,2024-08-15,Morning,3,1,2.0,1,2,50
202400054173,2024-11-29,Morning,4,1,6.0,5,2,29
202400054174,2024-07-10,Morning,4,1,3.0,1,2,35
202400054175,2024-09-19,Afternoon,4,1,3.0,1,2,81
202400054176,2024-04-12,Morning,3,1,3.0,1,1,27
202400054177,2024-01-01,Evening,4,1,1.0,5,2,38
202400054178,2024-10-23,Evening,4,1,6.0,5,2,75
202400054179,2024-03-22,Night,4,1,3.0,5,2,76
202400054180,2024-08-15,Night,3,1,6.0,4,1,50
202400054181,2024-09-19,Evening,4,1,7.0,5,2,80
202400054182,2024-07-10,Afternoon,4,1,2.0,1,2,34
202400054183,2024-05-01,Night,3,1,7.0,3,1,37
202400054184,2024-11-30,Night,4,1,3.0,5,2,14
202400054185,2024-06-08,Evening,3,1,7.0,2,1,55
202400054186,2024-01-01,Night,3,1,6.0,3,1,81
202400054187,2024-10-24,Afternoon,4,1,2.0,1,2,75
202400054188,2024-09-19,Evening,4,1,3.0,1,2,80
202400054189,2024-07-10,Evening,4,1,7.0,1,2,34
202400054190,2024-11-30,Afternoon,4,1,2.0,1,2,13
202400054191,2024-04-30,Morning,3,2,1.0,1,1,30
202400054192,2024-03-25,Morning,4,1,2.0,1,2,74
202400054193,2024-06-09,Afternoon,3,1,2.0,1,2,39
202400054194,2024-01-01,Afternoon,3,2,3.0,1,2,19
202400054195,2024-08-15,Afternoon,4,1,3.0,1,1,50
202400054196,2024-10-23,Evening,4,1,6.0,5,2,75
202400054197,2024-09-18,Morning,4,1,7.0,1,2,80
202400054198,2024-11-29,Afternoon,4,1,6.0,1,2,13
202400054199,2024-07-10,Afternoon,4,1,6.0,1,2,34
202400054200,2024-05-03,Afternoon,3,1,6.0,1,1,48
202400054201,2024-03-25,Morning,3,1,6.0,1,2,72
202400054202,2024-08-14,Night,2,8,6.0,3,1,64
202400054203,2024-06-03,Evening,3,1,7.0,1,1,44
202400054204,2024-11-29,Morning,4,1,7.0,1,1,10
202400054205,2024-09-19,Evening,4,1,1.0,1,2,78
202400054206,2024-10-22,Morning,4,1,3.0,1,2,75
202400054207,2024-08-11,Evening,3,1,7.0,3,1,64
202400054208,2024-01-01,Afternoon,4,1,1.0,1,1,27
202400054209,2024-07-08,Morning,3,1,3.0,1,1,34
202400054210,2024-03-23,Afternoon,4,2,4.0,1,1,72
202400054211,2024-05-03,Afternoon,4,1,1.0,1,1,18
202400054212,2024-09-19,Afternoon,4,1,6.0,1,2,78
202400054213,2024-08-15,Night,4,1,6.0,5,2,21
202400054214,2024-06-08,Morning,3,1,1.0,1,1,35
202400054215,2024-11-29,Afternoon,4,1,1.0,5,2,08
202400054216,2024-07-10,Night,3,1,6.0,3,2,34
202400054217,2024-10-24,Afternoon,4,1,1.0,1,2,75
202400054218,2024-07-28,Afternoon,2,1,7.0,1,2,04
202400054219,2024-09-19,Morning,4,1,6.0,1,2,78
202400054220,2024-06-09,Morning,3,1,6.0,2,1,29
202400054221,2024-01-08,Afternoon,4,1,2.0,1,1,06
202400054222,2024-03-25,Morning,4,1,4.0,1,1,64
202400054223,2024-10-23,Evening,4,1,6.0,1,2,75
202400054224,2024-11-20,Evening,4,1,6.0,3,2,07
202400054225,2024-07-10,Morning,4,1,6.0,1,1,33
202400054226,2024-06-09,Night,3,1,6.0,2,2,29
202400054227,2024-08-14,Morning,3,1,3.0,1,1,37
202400054229,2024-09-19,Morning,4,1,2.0,2,2,78
202400054230,2024-10-24,Afternoon,4,1,6.0,1,2,75
202400054231,2024-03-25,Night,4,3,3.0,5,2,64
202400054232,2024-11-29,Afternoon,4,1,2.0,1,2,06
202400054233,2024-07-10,Night,4,1,6.0,5,2,33
202400054234,2024-06-08,Evening,4,1,7.0,1,1,29
202400054235,2024-08-14,Afternoon,3,1,6.0,1,2,91
202400054236,2024-09-19,Morning,3,1,6.0,1,2,78
202400054237,2024-04-30,Morning,3,1,6.0,1,1,83
202400054238,2024-07-10,Night,4,1,7.0,5,2,32
202400054239,2024-03-25,Afternoon,4,1,3.0,1,2,59
202400054240,2024-06-09,Morning,3,7,7.0,1,1,70
202400054241,2024-10-24,Evening,4,1,4.0,5,2,94
202400054242,2024-11-30,Evening,4,1,2.0,3,1,06
202400054243,2024-09-19,Morning,3,1,6.0,1,2,77
202400054244,2024-05-03,Morning,4,1,6.0,1,1,05
202400054245,2024-07-10,Morning,3,1,6.0,1,2,31
202400054246,2024-03-24,Afternoon,4,1,2.0,1,2,59
202400054247,2024-09-19,Morning,4,1,6.0,1,2,77
202400054248,2024-06-08,Morning,4,1,1.0,1,2,70
202400054249,2024-11-29,Evening,3,1,1.0,5,2,04
202400054250,2024-08-14,Night,4,1,5.0,3,1,72
202400054251,2024-10-23,Morning,4,1,4.0,1,2,94
202400054252,2024-07-06,Night,3,1,3.0,5,2,29
202400054253,2024-09-19,Afternoon,4,1,6.0,1,2,73
202400054254,2024-03-25,Evening,4,1,3.0,1,2,51
202400054255,2024-10-24,Morning,4,7,6.0,1,2,94
202400054256,2024-08-15,Morning,3,1,3.0,1,1,73
202400054257,2024-11-29,Morning,4,1,7.0,1,1,04
202400054258,2024-07-05,Evening,3,2,7.0,1,1,29
202400054259,2024-05-03,Afternoon,4,1,5.0,1,1,26
202400054260,2024-09-18,Afternoon,4,1,3.0,1,1,72
202400054261,2024-10-24,Morning,4,1,3.0,2,2,94
202400054262,2024-03-25,Afternoon,4,1,3.0,1,2,51
202400054263,2024-08-15,Morning,4,1,7.0,1,1,45
202400054264,2024-06-08,Morning,4,1,1.0,1,1,26
202400054265,2024-07-09,Afternoon,3,3,7.0,1,1,27
202400054266,2024-11-29,Morning,4,1,3.0,1,2,01
202400054267,2024-09-18,Night,4,1,2.0,5,2,72
202400054268,2024-06-09,Afternoon,2,2,6.0,1,2,58
202400054269,2024-07-09,Afternoon,3,2,6.0,1,2,14
202400054270,2024-10-23,Night,4,1,2.0,5,2,93
202400054271,2024-03-25,Morning,4,1,3.0,1,2,51
202400054272,2024-05-02,Morning,4,1,3.0,2,2,68
202400054273,2024-08-15,Night,4,1,3.0,5,2,83
202400054274,2024-09-18,Afternoon,4,1,3.0,1,2,68
202400054275,2024-11-30,Afternoon,4,1,2.0,5,2,75
202400054276,2024-07-11,Night,4,1,4.0,3,1,13
202400054277,2024-06-09,Morning,4,1,7.0,1,1,54
202400054278,2024-10-24,Morning,4,1,3.0,1,2,93
202400054279,2024-03-23,Morning,4,1,3.0,1,2,50
202400054280,2024-09-18,Morning,4,1,2.0,1,2,67
202400054281,2024-08-15,Afternoon,3,1,6.0,1,2,89
202400054282,2024-05-01,Evening,4,1,7.0,2,1,57
202400054283,2024-11-29,Evening,3,1,3.0,5,2,75
202400054284,2024-03-23,Afternoon,4,1,7.0,1,1,49
202400054285,2024-06-09,Morning,4,1,7.0,3,1,06
202400054286,2024-02-17,Morning,3,1,3.0,1,2,13
202400054287,2024-10-23,Afternoon,4,1,2.0,1,2,93
202400054288,2024-06-09,Morning,3,1,6.0,1,1,06
202400054289,2024-05-02,Night,4,2,6.0,5,1,42
202400054290,2024-09-18,Afternoon,4,1,6.0,1,2,67
202400054291,2024-11-29,Night,3,1,7.0,5,2,75
202400054292,2024-03-25,Afternoon,4,1,3.0,1,2,47
202400054293,2024-08-14,Evening,3,1,3.0,1,1,57
202400054294,2024-07-10,Night,4,1,3.0,5,2,13
202400054295,2024-09-19,Morning,4,1,6.0,1,2,64
202400054296,2024-10-23,Evening,4,1,3.0,1,2,93
202400054297,2024-08-13,Evening,3,2,7.0,3,2,63
202400054298,2024-05-03,Afternoon,3,1,6.0,1,1,38
202400054299,2024-03-25,Afternoon,4,1,2.0,1,2,44
202400054300,2024-11-30,Afternoon,4,1,2.0,5,2,75
202400054301,2024-07-10,Evening,4,1,2.0,2,2,13
202400054302,2024-06-08,Afternoon,4,1,2.0,1,2,14
202400054303,2024-08-15,Afternoon,4,1,2.0,1,1,73
202400054304,2024-10-24,Evening,4,1,1.0,5,2,93
202400054305,2024-09-18,Afternoon,4,1,2.0,1,2,64
202400054306,2024-03-24,Afternoon,3,1,3.0,1,2,44
202400054307,2024-11-30,Morning,4,1,3.0,5,2,75
202400054308,2024-06-09,Night,3,1,7.0,3,1,05
202400054309,2024-05-02,Afternoon,3,1,5.0,1,1,31
202400054310,2024-08-14,Afternoon,4,1,7.0,1,1,69
202400054311,2024-07-10,Night,4,1,3.0,5,2,13
202400054312,2024-09-18,Morning,4,1,3.0,5,2,64
202400054313,2024-10-24,Afternoon,4,1,6.0,1,2,93
202400054314,2024-03-25,Afternoon,4,1,6.0,1,2,33
202400054315,2024-05-03,Night,3,1,6.0,3,2,33
202400054316,2024-06-09,Afternoon,3,1,3.0,1,2,07
202400054317,2024-11-30,Afternoon,4,1,3.0,1,2,75
202400054318,2024-07-09,Afternoon,3,1,2.0,1,2,13
202400054319,2024-09-19,Morning,4,7,3.0,1,2,63
202400054320,2024-03-24,Evening,3,1,6.0,5,2,33
202400054321,2024-10-23,Evening,4,1,3.0,3,2,93
202400054322,2024-07-10,Afternoon,4,1,3.0,1,2,13
202400054323,2024-09-18,Afternoon,3,1,6.0,1,2,62
202400054324,2024-06-08,Afternoon,3,1,3.0,1,2,85
202400054325,2024-03-22,Morning,3,7,6.0,1,2,85
202400054326,2024-11-30,Morning,4,1,3.0,1,2,75
202400054327,2024-10-24,Afternoon,4,1,3.0,1,2,93
202400054328,2024-07-10,Afternoon,3,1,6.0,1,2,06
202400054329,2024-09-19,Morning,3,1,7.0,3,1,62
202400054330,2024-06-07,Afternoon,3,1,2.0,1,1,27
202400054331,2024-07-09,Afternoon,3,1,7.0,1,2,06
202400054332,2024-09-18,Evening,4,1,3.0,3,1,61
202400054333,2024-11-30,Morning,4,1,2.0,2,2,75
202400054334,2024-10-24,Evening,4,1,6.0,1,2,93
202400054335,2024-06-08,Night,4,1,6.0,3,1,01
202400054336,2024-05-02,Evening,4,1,3.0,1,1,72
202400054337,2024-09-18,Afternoon,4,1,7.0,1,2,61
202400054338,2024-07-08,Afternoon,4,1,3.0,1,2,06
202400054339,2024-06-08,Afternoon,2,1,6.0,1,2,91
202400054340,2024-09-19,Evening,4,1,1.0,1,1,59
202400054341,2024-11-30,Night,4,1,2.0,5,2,75
202400054342,2024-07-10,Evening,4,1,2.0,1,2,75
202400054343,2024-10-24,Morning,4,1,3.0,1,2,93
202400054344,2024-05-03,Night,3,1,7.0,3,1,53
202400054345,2024-06-07,Afternoon,3,1,2.0,1,1,49
202400054346,2024-11-30,Evening,4,1,1.0,5,2,75
202400054347,2024-09-18,Night,2,1,1.0,5,2,57
202400054348,2024-06-09,Afternoon,4,1,7.0,1,1,13
202400054349,2024-07-09,Night,4,1,5.0,5,2,75
202400054350,2024-10-24,Morning,3,1,3.0,2,2,47
202400054351,2024-11-30,Morning,4,1,3.0,1,2,75
202400054352,2024-09-18,Evening,4,1,2.0,1,2,56
202400054353,2024-06-09,Night,4,1,4.0,3,1,34
202400054354,2024-07-10,Afternoon,4,1,6.0,1,2,75
202400054355,2024-11-30,Morning,4,1,6.0,1,2,75
202400054356,2024-06-09,Afternoon,4,1,7.0,1,2,60
202400054357,2024-10-24,Afternoon,3,1,5.0,1,1,39
202400054358,2024-07-10,Morning,4,1,1.0,1,2,75
202400054359,2024-11-30,Afternoon,4,1,3.0,1,2,75
202400054360,2024-09-18,Afternoon,4,1,4.0,1,2,51
202400054362,2024-07-10,Morning,4,1,3.0,1,2,75
202400054363,2024-10-24,Afternoon,3,1,3.0,1,1,51
202400054364,2024-11-30,Morning,4,1,6.0,1,2,75
202400054365,2024-06-08,Evening,4,1,2.0,1,1,28
202400054366,2024-10-25,Night,2,1,6.0,3,1,38
202400054367,2024-07-10,Night,4,2,6.0,5,2,75
202400054368,2024-11-30,Night,4,1,2.0,5,2,75
202400054369,2024-10-23,Afternoon,3,1,7.0,1,1,17
202400054370,2024-07-09,Evening,4,1,3.0,1,2,75
202400054371,2024-06-08,Afternoon,4,1,5.0,1,1,77
202400054372,2024-10-25,Morning,3,1,2.0,1,2,49
202400054373,2024-06-09,Morning,3,2,6.0,1,2,11
202400054374,2024-11-29,Night,4,1,3.0,5,2,94
202400054375,2024-07-10,Night,4,1,3.0,5,2,75
202400054376,2024-10-24,Afternoon,3,7,1.0,1,1,23
202400054377,2024-06-08,Morning,3,1,6.0,1,2,84
202400054378,2024-11-30,Morning,4,1,6.0,1,2,93
202400054379,2024-07-10,Evening,4,1,6.0,1,2,75
202400054380,2024-11-29,Night,4,1,6.0,5,2,93
202400054381,2024-06-09,Night,3,1,1.0,5,1,83
202400054382,2024-10-25,Afternoon,3,1,1.0,1,1,63
202400054383,2024-11-30,Night,4,1,6.0,5,2,93
202400054384,2024-07-10,Morning,4,1,3.0,1,2,75
202400054385,2024-07-10,Evening,4,1,1.0,1,2,75
202400054386,2024-10-24,Evening,4,1,3.0,1,1,63
202400054387,2024-11-30,Evening,4,1,3.0,5,2,93
202400054388,2024-07-10,Night,3,1,2.0,5,2,75
202400054389,2024-11-30,Evening,4,1,6.0,5,2,93
202400054390,2024-10-24,Evening,3,1,4.0,3,1,76
202400054391,2024-07-10,Night,3,2,2.0,5,2,94
202400054392,2024-11-30,Afternoon,3,1,6.0,1,2,93
202400054393,2024-07-09,Evening,4,1,3.0,1,2,94
202400054394,2024-07-10,Afternoon,4,1,3.0,1,2,94
202400054395,2024-07-10,Morning,4,1,2.0,1,1,94
202400054396,2024-11-30,Morning,4,1,3.0,1,2,92
202400054397,2024-10-16,Afternoon,4,1,5.0,1,1,54
202400054398,2024-07-10,Night,4,2,6.0,5,2,94
202400054399,2024-11-30,Afternoon,4,1,6.0,1,2,92
202400054400,2024-10-24,Evening,3,1,1.0,3,1,29
202400054401,2024-11-30,Afternoon,4,1,3.0,1,2,92
202400054402,2024-07-10,Morning,4,1,4.0,1,2,94